menusfile version 1
 410
menu_start_game_0 18374686479671624192 Anno_Domini_1429,_^_The_war_over_the_right_to_rule_over_France_opposing_the_French_House_of_Valois_and_the_English_House_of_Plantagenet_has_been_raging_for_nearly_a_century._The_recent_English_victory_at_Agincourt_resulted_in_the_death_and_imprisonment_of_several_proeminent_French_lords_yet_those_that_remain_carry_on_fighting_for_Charles_VII_and_gather_up_to_break_the_siege_of_Orléans... none 0 4
 mno_continue_lord_or_king  0  Start_as_a_historical_character...  3 2133 2 144115188075857150 -1 2133 2 144115188075856172 2 900 1 1513209474796486722  .  mno_continue_vassal  0  Start_as_a_vassal...  2 2133 2 144115188075856172 1 2060 1 864691128455135507  .  mno_continue  0  Start_as_an_adventurer...  16 2133 2 144115188075856172 0 2133 2 144115188075856173 0 4 0 1073741894 1 42 70 1 54 2133 2 144115188075856199 4 2136 3 144115188075856162 0 2 1505 2 360287970189639680 144115188075856162 2136 3 144115188075856171 1 5 2133 2 144115188075856172 0 2133 2 144115188075856163 1 2060 1 864691128455135511 5 0 2133 2 144115188075856172 0 2060 1 864691128455135507 3 0  .  mno_go_back  0  Go_back  1 2055 0  . 
menu_start_phase_2 512 You_hear_about_France,_a_land_torn_between_rival_kingdoms_battling_each_other_for_supremacy,_a_haven_for_knights_and_mercenaries,_cutthroats_and_adventurers,_all_willing_to_risk_their_lives_in_pursuit_of_fortune,_power,_or_glory..._In_this_land_which_holds_great_dangers_and_even_greater_opportunities,_you_believe_you_may_leave_your_past_behind_and_start_a_new_life._You_feel_that_finally,_you_hold_the_key_of_your_destiny_in_your_hands,_free_to_choose_as_you_will,_and_that_whatever_course_you_take,_great_adventures_will_await_you._Drawn_by_the_stories_you_hear_about_France_and_its_kingdoms,_you... none 76 2133 2 1224979098644774912 0 1540 2 1224979098644774913 360287970189639680 2133 2 1224979098644774914 -1 2133 2 1224979098644774915 -1 2133 2 1224979098644774916 -1 2133 2 1224979098644774917 -1 2133 2 1224979098644774918 -1 6 3 1224979098644774919 0 1224979098644774913 1541 3 1224979098644774920 360287970189639680 1224979098644774919 30 2 1224979098644774920 0 1570 2 1224979098644774921 1224979098644774920 1073741855 2 1224979098644774921 7 33 3 1224979098644774921 12 16 1542 3 1224979098644774922 360287970189639680 1224979098644774919 1 4 936748722493063778 360287970189639680 1224979098644774920 1224979098644774922 31 2 72057594037927936 1 1 3 936748722493063780 1224979098644774920 1224979098644774922 2133 2 1224979098644774923 72057594037927936 4 0 31 2 1224979098644774921 12 32 2 1224979098644774923 1224979098644774914 2133 2 1224979098644774914 1224979098644774923 5 0 31 2 1224979098644774921 13 32 2 1224979098644774923 1224979098644774916 2133 2 1224979098644774916 1224979098644774923 5 0 31 2 1224979098644774921 14 32 2 1224979098644774923 1224979098644774917 2133 2 1224979098644774917 1224979098644774923 5 0 31 2 1224979098644774921 15 32 2 1224979098644774923 1224979098644774918 2133 2 1224979098644774918 1224979098644774923 5 0 31 2 1224979098644774921 7 32 2 1224979098644774923 1224979098644774915 2133 2 1224979098644774915 1224979098644774923 3 0 3 0 6 3 1224979098644774919 0 1224979098644774913 1541 3 1224979098644774920 360287970189639680 1224979098644774919 30 2 1224979098644774920 0 1570 2 1224979098644774921 1224979098644774920 33 3 1224979098644774921 12 16 1542 3 1224979098644774922 360287970189639680 1224979098644774919 1 3 936748722493063780 1224979098644774920 1224979098644774922 2133 2 1224979098644774923 72057594037927936 4 0 31 2 1224979098644774921 12 2147483678 2 1224979098644774923 1224979098644774914 2133 2 1224979098644774923 -1 5 0 31 2 1224979098644774921 13 2147483678 2 1224979098644774923 1224979098644774916 2133 2 1224979098644774923 -1 5 0 31 2 1224979098644774921 14 2147483678 2 1224979098644774923 1224979098644774917 2133 2 1224979098644774923 -1 5 0 31 2 1224979098644774921 15 2147483678 2 1224979098644774923 1224979098644774918 2133 2 1224979098644774923 -1 5 0 31 2 1224979098644774921 7 2147483678 2 1224979098644774923 1224979098644774915 2133 2 1224979098644774923 -1 3 0 31 2 1224979098644774923 -1 1543 3 360287970189639680 1224979098644774919 -1 1 3 936748722493063779 1224979098644774920 1224979098644774922 2105 2 1224979098644774912 72057594037927936 3 0 2108 2 1224979098644774912 2 1528 2 360287970189639680 1224979098644774912 2
 mno_town_none  0  Start_your_adventure..  7 4 0 31 2 144115188075856172 0 1 1 936748722493063173 5 0 1672 2 648518346341351424 100 3 0 2060 1 864691128455135512  .  mno_tutorial_cheat  1 31 2 1 0  {!}CHEAT!  13 2040 0 2133 2 144115188075856163 1 1107 1 0 1062 2 15000 360287970189639680 1521 3 360287970189639680 1 7 1521 3 360287970189639680 2 5 1521 3 360287970189639680 12 10 1107 1 1 6 3 1224979098644774912 720575940379279441 720575940379280033 503 3 1224979098644774912 0 1 3 0 1 1 936748722493063469 1672 2 648518346341351424 72057594037927936  . 
menu_start_game_3 512 Choose_your_scenario: none 2 2133 2 144115188075856164 0 2133 2 144115188075856164 144115188075856164 1
 mno_go_back  0  Go_back  1 2055 0  . 
menu_tutorial 512 You_approach_a_field_where_the_locals_are_training_with_weapons._You_can_practice_here_to_improve_your_combat_skills. none 7 4 0 31 2 144115188075856917 1 2055 0 5 0 1304 1 864691128455135235 2133 2 144115188075856917 1 3 0 2
 mno_continue  0  Continue...  42 1261 1 720575940379280637 1262 1 0 47 1 360287970189639680 2133 2 144115188075856169 360287970189639680 1520 3 144115188075856169 0 12 1520 3 144115188075856169 1 9 1520 3 144115188075856169 3 5 1521 3 144115188075856169 26 3 1521 3 144115188075856169 25 2 1521 3 144115188075856169 24 3 1521 3 144115188075856169 35 1 1521 3 144115188075856169 33 5 1521 3 144115188075856169 27 4 1521 3 144115188075856169 36 1 1521 3 144115188075856169 23 6 1523 3 144115188075856169 0 70 1523 3 144115188075856169 1 70 1523 3 144115188075856169 2 70 1523 3 144115188075856169 4 70 1523 3 144115188075856169 5 70 1532 1 144115188075856169 1530 3 144115188075856169 288230376151712587 0 1530 3 144115188075856169 288230376151712424 0 1530 3 144115188075856169 288230376151711761 0 1530 3 144115188075856169 288230376151711769 0 1533 1 144115188075856169 1263 2 0 360287970189639680 1263 2 32 360287970189641408 1263 2 33 360287970189641409 1263 2 34 360287970189641410 1263 2 35 360287970189641411 1263 2 40 360287970189641413 1263 2 41 360287970189641412 1263 2 42 360287970189641412 1263 2 60 360287970189641416 1263 2 61 360287970189641414 1263 2 62 360287970189641414 1263 2 63 360287970189641415 1263 2 64 360287970189641415 1911 1 792633534417207325 1910 1 720575940379280637 2048 0  .  mno_go_back_dot  0  Go_back.  1 2055 0  . 
menu_reports 256 Character_Renown:_{reg5}^Honor_Rating:_{reg6}^Party_Morale:_{reg8}^Party_Size_Limit:_{reg7}^ none 18 1 1 936748722493063200 2133 2 1224979098644774912 72057594037927936 520 3 1224979098644774913 360287970189639680 7 2133 2 72057594037927941 1224979098644774913 2133 2 72057594037927942 144115188075856180 2133 2 72057594037927943 1224979098644774912 1671 2 72057594037927944 648518346341351424 2319 1 1 4 0 32 2 144115188075857156 0 2340 2 1 144115188075857156 2320 2 1 1585267068834416171 3 0 4 0 33 3 144115188075857092 360287970189639999 360287970189640294 2322 2 5 144115188075857092 2320 2 1 1585267068834416172 3 0 14
 mno_cheat_faction_orders  1 30 2 144115188075856163 1  {!}Cheat:_Faction_orders.  1 2060 1 864691128455135243  .  mno_view_troop_trees  0  Review_Troop_Trees.  1 900 1 1513209474796486714  .  mno_view_character_report  0  View_character_report.  1 2060 1 864691128455135244  .  mno_view_party_size_report  0  View_party_size_report.  1 2060 1 864691128455135245  .  mno_view_npc_mission_report  0  View_companion_mission_report.  2 2060 1 864691128455135242 2133 2 144115188075856169 360287970189639680  .  mno_view_weekly_budget_report  0  View_weekly_budget_report.  2 2133 2 144115188075856167 0 900 1 1513209474796486697  .  mno_view_morale_report  0  View_party_morale_report.  1 2060 1 864691128455135239  .  mno_lord_relations  0  View_list_of_known_lords_by_relation.  3 2133 2 144115188075857098 1 2133 2 144115188075857099 1 900 1 1513209474796486707  .  mno_view_affiliated_family_report  2 1073741854 2 144115188075856163 1 33 3 144115188075857092 432345564227567630 432345564227567635  View_affiliated_family_member_/_spouse_report.  1 2060 1 864691128455135490  .  mno_courtship_relations  0  View_courtship_relations.  1 2060 1 864691128455135240  .  mno_status_check  1 31 2 144115188075856163 1  {!}NPC_status_check.  10 6 3 1224979098644774912 360287970189639979 360287970189639995 110 1 1224979098644774912 2322 2 4 1224979098644774912 520 3 72057594037927939 1224979098644774912 61 520 3 72057594037927940 1224979098644774912 65 520 3 72057594037927941 1224979098644774912 72 520 3 72057594037927942 1224979098644774912 74 520 3 72057594037927943 1224979098644774912 76 1106 1 1585267068834416173 3 0  .  mno_view_faction_relations_report  0  View_faction_relations_report.  1 900 1 1513209474796486703  .  mno_dplmc_show_economic_report  0  View_prosperity_report.  1 2060 1 864691128455135492  .  mno_resume_travelling  0  Resume_travelling.  1 2040 0  . 
menu_custom_battle_scene 18374686479671624192 (NO_TRANS) none 0 6
 mno_quick_battle_scene_1  0  {!}quick_battle_scene_1  3 1911 1 792633534417207319 1910 1 720575940379280631 2048 0  .  mno_quick_battle_scene_2  0  {!}quick_battle_scene_2  3 1911 1 792633534417207319 1910 1 720575940379280632 2048 0  .  mno_quick_battle_scene_3  0  {!}quick_battle_scene_3  3 1911 1 792633534417207319 1910 1 720575940379280633 2048 0  .  mno_quick_battle_scene_4  0  {!}quick_battle_scene_4  3 1911 1 792633534417207319 1910 1 720575940379280634 2048 0  .  mno_quick_battle_scene_5  0  {!}quick_battle_scene_5  3 1911 1 792633534417207319 1910 1 720575940379280635 2048 0  .  mno_go_back  0  {!}Go_back  1 2055 0  . 
menu_custom_battle_end 512 The_battle_is_over._{s1}_Your_side_killed_{reg5}_enemies_and_lost_{reg6}_troops_over_the_battle._You_personally_slew_{reg7}_men_in_the_fighting. none 16 603 1 0 2133 2 72057594037927941 144115188075856870 2133 2 72057594037927942 144115188075856869 1701 1 1224979098644774912 1701 2 1224979098644774913 1 2120 3 72057594037927943 1224979098644774912 1224979098644774913 4 0 31 2 144115188075856168 1 2320 2 1 216172782113783957 5 0 2320 2 1 216172782113783958 3 0 4 0 30 2 144115188075856870 100 372 1 4 3 0 1
 mno_continue  0  Continue...  1 2055 0  . 
menu_morale_report 0 {s1} none 94 1 1 936748722493063469 2133 2 1224979098644774912 72057594037927936 2133 2 72057594037927937 144115188075856824 4 0 32 2 72057594037927937 0 2320 2 2 1585267068834416174 5 0 2320 2 2 216172782113785643 3 0 2133 2 72057594037927938 144115188075856825 4 0 32 2 72057594037927938 0 2320 2 3 1585267068834416175 5 0 2320 2 3 216172782113785643 3 0 4 0 32 2 144115188075856827 0 2133 2 72057594037927943 144115188075856827 2320 2 5 1585267068834416176 5 0 2320 2 5 216172782113785643 3 0 2133 2 72057594037927939 144115188075856826 4 0 32 2 72057594037927939 0 2320 2 4 1585267068834416175 5 0 2320 2 4 216172782113785643 3 0 4 0 32 2 144115188075856828 0 2133 2 72057594037927942 144115188075856828 2320 2 6 1585267068834416177 5 0 2320 2 6 216172782113785643 3 0 1650 2 1224979098644774913 648518346341351424 2133 2 1224979098644774914 0 6 3 1224979098644774915 1 1224979098644774913 1652 3 1224979098644774916 648518346341351424 1224979098644774915 540 3 1224979098644774916 170 1 1653 3 1224979098644774917 648518346341351424 1224979098644774915 2105 2 1224979098644774914 1224979098644774917 3 0 4 0 33 3 1224979098644774914 1 6 2122 3 72057594037928004 1224979098644774914 3 2320 2 66 1585267068834416178 5 0 32 2 1224979098644774914 5 2122 3 72057594037928004 1224979098644774914 3 2110 2 72057594037928004 15 2320 2 66 1585267068834416179 5 0 2320 2 66 216172782113785643 3 0 2172 3 1224979098644774918 360287970189639680 3 2122 3 72057594037928005 1224979098644774918 5 2320 2 67 1585267068834416180 1671 2 72057594037927941 648518346341351424 2121 3 72057594037927940 72057594037927941 1224979098644774912 4 0 32 2 72057594037927940 0 2320 2 7 1585267068834416175 5 0 2320 2 7 216172782113785643 3 0 4 0 31 2 144115188075857183 10 2133 2 72057594037927942 70 5 0 31 2 144115188075856171 7 2133 2 72057594037927942 60 5 0 1073741855 2 144115188075857183 14 31 2 144115188075857183 15 2133 2 72057594037927942 35 5 0 2133 2 72057594037927942 50 3 0 2320 2 1 216172782113786289 6 3 1224979098644774919 432345564227567631 432345564227567635 522 3 1224979098644774920 1224979098644774919 99 2123 3 1224979098644774921 1224979098644774920 100 2147483679 2 1224979098644774921 0 2133 2 72057594037927942 1224979098644774921 2119 3 72057594037927943 1224979098644774920 100 2113 1 72057594037927943 2335 2 9 1224979098644774919 2320 2 1 216172782113786290 2121 3 1224979098644774922 1224979098644774919 432345564227567630 1092 4 8 1224979098644774922 1585267068834414943 0 3 0 1
 mno_continue  0  Continue...  1 2060 1 864691128455135236  . 
menu_courtship_relations 0 {s1} none 35 2320 2 1 216172782113786291 6 3 1224979098644774912 360287970189640147 360287970189640294 540 3 1224979098644774912 5 2 1 3 936748722493063710 360287970189639680 1224979098644774912 32 2 72057594037927936 0 2133 2 72057594037927939 72057594037927936 2322 2 2 1224979098644774912 2270 1 1224979098644774913 520 3 1224979098644774914 1224979098644774912 4 2106 2 1224979098644774913 1224979098644774914 2123 3 1224979098644774915 1224979098644774913 24 2133 2 72057594037927940 1224979098644774915 2320 2 1 216172782113786292 3 0 2320 2 1 216172782113786293 4 0 32 2 144115188075856122 0 2320 2 1 216172782113786294 3 0 4 0 32 2 144115188075856124 0 2320 2 1 216172782113786295 3 0 4 0 32 2 144115188075856126 0 2320 2 1 216172782113786296 3 0 4 0 32 2 144115188075856125 0 2320 2 1 216172782113786297 3 0 4 0 32 2 144115188075856123 0 2320 2 1 216172782113786298 3 0 1
 mno_continue  0  Continue...  1 2060 1 864691128455135236  . 
menu_lord_relations 0 {s1} none 27 2133 2 1224979098644774912 0 6 3 1224979098644774913 360287970189639979 360287970189640294 540 3 1224979098644774913 2 2 560 3 1224979098644774913 5 1 2105 2 1224979098644774912 1 500 3 1224979098644774913 46 0 3 0 2319 1 1 6 3 1224979098644774914 0 1224979098644774912 2133 2 1224979098644774915 -100 2133 2 1224979098644774916 -1 6 3 1224979098644774913 360287970189639979 360287970189640294 540 3 1224979098644774913 46 0 540 3 1224979098644774913 2 2 560 3 1224979098644774913 5 1 1 2 936748722493063457 1224979098644774913 2133 2 1224979098644774917 72057594037927936 30 2 1224979098644774917 1224979098644774915 2133 2 1224979098644774915 1224979098644774917 2133 2 1224979098644774916 1224979098644774913 3 0 32 2 1224979098644774916 -1 2341 2 4 1224979098644774916 2133 2 72057594037927940 1224979098644774915 2320 2 1 1585267068834416181 500 3 1224979098644774916 46 1 3 0 1
 mno_continue  0  Continue...  1 2060 1 864691128455135236  . 
menu_companion_report 0 {s7}{s2} none 63 2319 1 1 2319 1 2 2320 2 7 216172782113786299 4 0 520 3 1224979098644774912 360287970189639680 30 4 0 1 2 936748722493063828 360287970189639680 2320 2 8 216172782113785769 5 0 2320 2 8 216172782113785768 3 0 4 0 2147483680 2 1224979098644774912 0 520 3 1224979098644774912 360287970189639680 34 2320 2 8 216172782113785872 3 0 32 2 1224979098644774912 0 2322 2 4 1224979098644774912 520 3 1224979098644774913 1224979098644774912 12 4 0 110 1 1224979098644774912 2320 2 5 216172782113786308 5 0 2310 2 1224979098644774914 576460752303423551 32 2 1224979098644774914 0 2320 2 5 216172782113786301 5 0 33 3 1224979098644774913 648518346341351445 648518346341351873 2330 2 5 1224979098644774913 5 0 540 3 1224979098644774912 2 2 2320 2 5 216172782113786948 5 0 2320 2 5 216172782113786705 3 0 2320 2 3 216172782113786309 2320 2 2 216172782113786310 3 0 4 0 30 2 144115188075856163 1 32 2 144115188075855986 0 2322 2 5 144115188075855986 2320 2 1 2 2320 2 2 1585267068834416182 3 0 6 3 1224979098644774915 360287970189639979 360287970189639995 2319 1 3 4 0 540 3 1224979098644774915 2 5 1 2 936748722493063901 1224979098644774915 4 0 30 2 144115188075856163 1 520 3 72057594037927938 1224979098644774915 151 520 3 72057594037927939 1224979098644774915 150 520 3 72057594037927940 1224979098644774915 8 520 3 72057594037927940 1224979098644774915 82 1106 1 1585267068834416183 3 0 2321 2 3 0 2320 2 2 216172782113786310 2319 1 7 3 0 3 0 2
 mno_start  0  Companion_Overview...  5 6 3 1224979098644774912 360287970189639978 360287970189639995 500 3 1224979098644774912 164 0 3 0 500 3 360287970189639680 164 0 900 1 1513209474796486709  .  mno_continue  0  Continue...  3 2060 1 864691128455135236 2133 2 144115188075856169 360287970189639680 47 1 144115188075856169  . 
menu_faction_orders 0 {!}{s9} none 138 2319 1 9 2270 1 1224979098644774912 6 3 1224979098644774913 432345564227567630 432345564227567635 542 3 1224979098644774913 21 0 2147483679 2 1224979098644774913 432345564227567630 522 3 1224979098644774914 1224979098644774913 4 4 0 522 3 1224979098644774915 1224979098644774913 8 32 2 1224979098644774915 -1 2133 2 1224979098644774916 1224979098644774915 5 0 522 3 1224979098644774916 1224979098644774913 11 3 0 1 2 936748722493063762 1224979098644774916 2133 2 1224979098644774917 72057594037927936 2320 2 26 14 522 3 1224979098644774918 1224979098644774913 4 522 3 1224979098644774919 1224979098644774913 5 522 3 1224979098644774920 1224979098644774913 8 522 3 1224979098644774921 1224979098644774913 9 2335 2 10 1224979098644774913 4 0 522 3 1224979098644774922 1224979098644774913 64 4 0 31 2 1224979098644774922 1 2320 2 11 1585267068834416184 5 0 33 3 1224979098644774922 648518346341351445 648518346341351873 2330 2 12 1224979098644774922 2320 2 11 1585267068834416185 5 0 31 2 1224979098644774922 0 2320 2 11 216172782113787002 5 0 2133 2 72057594037927939 1224979098644774922 2320 2 11 1585267068834416186 3 0 2270 1 72057594037927940 522 3 1224979098644774923 1224979098644774913 65 2106 2 72057594037927940 1224979098644774923 2320 2 10 1585267068834416187 4 0 562 3 1224979098644774913 64 1 2320 2 10 1585267068834416188 3 0 3 0 2133 2 72057594037927938 1224979098644774921 4 0 31 2 1224979098644774918 0 2320 2 11 1585267068834416189 5 0 31 2 1224979098644774918 1 2320 2 11 1585267068834416190 5 0 31 2 1224979098644774918 2 2330 2 11 1224979098644774919 2320 2 11 1585267068834416191 5 0 31 2 1224979098644774918 3 2330 2 11 1224979098644774919 2320 2 11 1585267068834416192 5 0 31 2 1224979098644774918 4 2330 2 11 1224979098644774919 2320 2 11 216172782113786311 5 0 31 2 1224979098644774918 6 2330 2 11 1224979098644774919 2320 2 11 216172782113786312 5 0 31 2 1224979098644774918 5 2330 2 11 1224979098644774919 2320 2 11 1585267068834416193 5 0 2133 2 72057594037927940 1224979098644774918 2320 2 11 216172782113786313 3 0 4 0 2147483678 2 1224979098644774920 0 2320 2 12 1585267068834416194 5 0 2322 2 12 1224979098644774920 520 3 72057594037927957 1224979098644774920 150 2320 2 12 1585267068834416195 3 0 11 1 1224979098644774924 541 3 1224979098644774924 4 12 2204 2 1224979098644774925 1224979098644774924 31 2 1224979098644774925 1224979098644774913 2330 2 38 1224979098644774924 2320 2 12 1585267068834416196 3 0 4 0 1073741855 2 1224979098644774917 0 31 2 1224979098644774917 6 2270 1 1224979098644774926 522 3 1224979098644774927 1224979098644774913 97 2106 2 1224979098644774926 1224979098644774927 30 2 1224979098644774926 18 2270 1 1224979098644774928 502 3 1224979098644774913 96 1224979098644774928 3 0 4 0 2147483679 2 1224979098644774917 1224979098644774914 2270 1 1224979098644774928 502 3 1224979098644774913 97 1224979098644774928 3 0 1 2 936748722493063704 1224979098644774913 2133 2 1224979098644774929 72057594037927936 2133 2 1224979098644774930 72057594037927937 522 3 1224979098644774931 1224979098644774913 94 2121 3 1224979098644774932 1224979098644774912 1224979098644774931 2106 2 1224979098644774932 72 522 3 1224979098644774927 1224979098644774913 97 2121 3 1224979098644774926 1224979098644774912 1224979098644774927 522 3 1224979098644774933 1224979098644774913 95 2121 3 1224979098644774934 1224979098644774912 1224979098644774933 522 3 1224979098644774935 1224979098644774913 96 2121 3 1224979098644774936 1224979098644774912 1224979098644774935 522 3 1224979098644774937 1224979098644774913 98 2121 3 1224979098644774938 1224979098644774912 1224979098644774937 2133 2 72057594037927939 1224979098644774926 2133 2 72057594037927940 1224979098644774934 2133 2 72057594037927941 1224979098644774932 2133 2 72057594037927943 1224979098644774929 2133 2 72057594037927944 1224979098644774930 2133 2 72057594037927945 1224979098644774936 2133 2 72057594037927946 1224979098644774938 2320 2 14 26 2320 2 9 216172782113786314 3 0 4 0 2147483681 3 144115188075856176 432345564227567630 432345564227567635 1 2 936748722493063679 432345564227567635 2133 2 144115188075856176 72057594037927936 3 0 2335 2 10 144115188075856176 2320 2 9 1585267068834416197 13
 mno_faction_orders_next_faction  0  {!}Select_next_faction.  3 1 2 936748722493063679 144115188075856176 2133 2 144115188075856176 72057594037927936 2060 1 864691128455135243  .  mno_faction_orders_slots  0  {!}Debug_slots.  3 2133 2 144115188075856622 1 2133 2 144115188075856480 0 900 1 1513209474796486710  .  mno_faction_orders_political_collapse  0  {!}CHEAT_-_Cause_all_lords_in_faction_to_fall_out_with_their_liege.  7 6 3 1224979098644774912 360287970189639979 360287970189640147 540 3 1224979098644774912 2 2 2173 2 1224979098644774913 1224979098644774912 31 2 1224979098644774913 144115188075856176 522 3 1224979098644774914 1224979098644774913 11 1 4 936748722493063709 1224979098644774912 1224979098644774914 -200 3 0  .  mno_faction_orders_defend  0  {!}Force_defend.  3 502 3 144115188075856176 4 0 502 3 144115188075856176 5 -1 2060 1 864691128455135243  .  mno_faction_orders_feast  0  {!}Force_feast.  25 2133 2 1224979098644774912 0 6 3 1224979098644774913 648518346341351445 648518346341351621 2147484209 3 1224979098644774913 54 1 2204 2 1224979098644774914 1224979098644774913 31 2 1224979098644774914 144115188075856176 521 3 1224979098644774915 1224979098644774913 7 520 3 1224979098644774916 1224979098644774915 7 2136 3 1224979098644774917 0 1000 2105 2 1224979098644774916 1224979098644774917 32 2 1224979098644774916 1224979098644774912 2133 2 1224979098644774912 1224979098644774916 2133 2 1224979098644774918 1224979098644774913 3 0 4 0 32 2 1224979098644774918 648518346341351445 502 3 144115188075856176 4 6 502 3 144115188075856176 5 1224979098644774918 4 0 31 2 144115188075856177 1224979098644774918 2133 2 144115188075856177 -1 3 0 2270 1 1224979098644774919 502 3 144115188075856176 94 1224979098644774919 3 0 2060 1 864691128455135243  .  mno_faction_orders_gather  0  {!}Force_gather_army.  6 2270 1 1224979098644774912 502 3 144115188075856176 4 1 502 3 144115188075856176 95 1224979098644774912 502 3 144115188075856176 9 1 502 3 144115188075856176 5 -1 2060 1 864691128455135243  .  mno_faction_orders_increase_time  0  {!}Increase_last_offensive_time_by_24_hours.  4 522 3 1224979098644774912 144115188075856176 95 2106 2 1224979098644774912 24 502 3 144115188075856176 95 1224979098644774912 2060 1 864691128455135243  .  mno_faction_orders_rethink  0  {!}Force_rethink.  3 1 1 936748722493063473 1 2 936748722493063455 144115188075856176 2060 1 864691128455135243  .  mno_faction_orders_rethink_all  0  {!}Force_rethink_for_all_factions.  2 1 1 936748722493063474 2060 1 864691128455135243  .  mno_faction_orders_pretend  0  {!}Restore_pretender.  36 2121 3 144115188075856013 144115188075856176 432345564227567631 2105 2 144115188075856013 360287970189640145 2133 2 144115188075855987 144115188075856013 1610 3 648518346341351424 144115188075856013 1 2133 2 144115188075856074 144115188075856176 1550 2 144115188075855987 432345564227567630 502 3 432345564227567630 11 144115188075856013 2133 2 144115188075855989 432345564227567630 506 3 504403158265495598 6 144115188075856013 506 3 504403158265495598 3 144115188075856074 2343 2 14 144115188075856074 2341 2 13 144115188075856013 1290 1 504403158265495598 2320 2 2 1585267068834415192 1 3 936748722493063577 504403158265495598 144115188075856013 4 0 31 2 144115188075856287 432345564227567630 1 1 936748722493063574 6 3 1224979098644774912 360287970189639979 360287970189640147 2173 2 1224979098644774913 1224979098644774912 31 2 1224979098644774913 432345564227567630 540 3 1224979098644774912 2 2 1 3 936748722493063413 1224979098644774912 144115188075855989 3 0 3 0 4 0 33 3 144115188075856287 432345564227567630 432345564227567635 2147483679 2 144115188075856287 432345564227567630 2147483679 2 144115188075856287 144115188075855989 522 3 1224979098644774914 144115188075856287 11 1 6 936748722493063683 23 360287970189639680 -1 1224979098644774914 144115188075856287 1 2 936748722493063575 144115188075855987 3 0 1 2 936748722493063572 144115188075855989 1 4 936748722493063480 864691128455135444 144115188075856176 0 2040 0  .  mno_faction_orders_init_econ  0  {!}Initialize_economic_stats.  2 1 1 936748722493063233 2060 1 864691128455135243  .  mno_action_change_policies  0  {!}Change_kingdom_policies  2 2133 2 144115188075856018 144115188075856176 900 1 1513209474796486701  .  mno_go_back_dot  0  {!}Go_back.  1 2060 1 864691128455135236  . 
menu_character_report 0 {s9} none 108 4 0 32 2 144115188075856179 0 150 1 144115188075856179 2325 2 8 144115188075856179 2320 2 9 1585267068834416198 5 0 2133 2 144115188075856179 0 2320 2 9 1585267068834416199 3 0 2133 2 1224979098644774912 0 2133 2 1224979098644774913 0 2320 2 6 216172782113787002 2320 2 8 216172782113787002 6 3 1224979098644774914 360287970189639979 360287970189640147 1073742364 3 1224979098644774914 2 2 540 3 1224979098644774914 2 9 1 2 936748722493063457 1224979098644774914 2133 2 1224979098644774915 72057594037927936 4 0 32 2 1224979098644774915 20 4 0 31 2 1224979098644774912 0 2322 2 8 1224979098644774914 5 0 31 2 1224979098644774912 1 2322 2 7 1224979098644774914 2320 2 8 1585267068834415162 5 0 2322 2 7 1224979098644774914 2320 2 8 1585267068834415163 3 0 2105 2 1224979098644774912 1 5 0 2147483678 2 1224979098644774915 -20 4 0 31 2 1224979098644774913 0 2322 2 6 1224979098644774914 5 0 31 2 1224979098644774913 1 2322 2 5 1224979098644774914 2320 2 6 1585267068834416200 5 0 2322 2 5 1224979098644774914 2320 2 6 1585267068834416201 3 0 2105 2 1224979098644774913 1 3 0 3 0 2319 1 12 4 0 32 2 144115188075856031 0 2133 2 72057594037927948 144115188075856031 2320 2 12 216172782113786315 3 0 2319 1 15 4 0 1073741856 2 144115188075856052 0 1073741856 2 144115188075856054 0 1073741856 2 144115188075856056 0 1073741856 2 144115188075856055 0 31 2 1 0 2133 2 72057594037927939 144115188075856052 2133 2 72057594037927940 144115188075856054 2133 2 72057594037927941 144115188075856056 2133 2 72057594037927942 144115188075856055 2133 2 72057594037927943 144115188075856057 2320 2 15 216172782113786316 3 0 2133 2 72057594037927939 144115188075856180 520 3 72057594037927938 360287970189639680 7 2320 2 9 216172782113786317 1 2 936748722493063416 360287970189639680 2133 2 1224979098644774916 72057594037927936 4 0 32 2 1224979098644774916 0 6 3 1224979098644774917 0 1224979098644774916 1 3 936748722493063513 360287970189639680 1224979098644774917 2133 2 1224979098644774918 72057594037927936 4 0 31 2 1224979098644774917 0 2330 2 8 1224979098644774918 5 0 31 2 1224979098644774917 1 2330 2 7 1224979098644774918 2320 2 8 1585267068834415162 5 0 2330 2 7 1224979098644774918 2320 2 8 1585267068834415163 3 0 3 0 2320 2 9 1585267068834416202 3 0 4 0 32 2 144115188075856287 0 2335 2 8 144115188075856287 4 0 33 3 144115188075856287 432345564227567631 432345564227567635 1 3 936748722493063852 360287970189639680 144115188075856287 30 2 72057594037927936 50 2320 2 9 216172782113786988 5 0 1073741857 3 144115188075856287 432345564227567631 432345564227567635 2147484190 3 432345564227567630 11 360287970189639680 2320 2 9 216172782113786987 5 0 2320 2 9 216172782113786988 3 0 3 0 7
 mno_continue  1 31 2 144115188075856163 1  {!}CHEAT!_-_increase_Right_to_Rule  2 2105 2 144115188075856031 10 2060 1 864691128455135244  .  mno_continue  2 31 2 144115188075856163 1 2322 2 14 144115188075855987  {!}CHEAT!_-_increase_your_relation_with_{s14}  2 1 3 936748722493063459 144115188075855987 10 2060 1 864691128455135244  .  mno_cheat_slots  2 31 2 144115188075856163 1 2322 2 14 144115188075855987  {!}CHEAT!_-_Access_{s14}_troop_slots  1 2060 1 864691128455135499  .  mno_continue  1 31 2 144115188075856163 1  {!}CHEAT!_-_increase_honor  2 2105 2 144115188075856180 10 2060 1 864691128455135244  .  mno_continue  1 31 2 144115188075856163 1  {!}CHEAT!_-_increase_renown  4 520 3 1224979098644774912 360287970189639680 7 2105 2 1224979098644774912 50 500 3 360287970189639680 7 1224979098644774912 2060 1 864691128455135244  .  mno_continue  1 31 2 144115188075856163 1  {!}CHEAT!_-_increase_persuasion  2 1521 3 360287970189639680 1369094286720630791 1 2060 1 864691128455135244  .  mno_continue  0  Continue...  1 2060 1 864691128455135236  . 
menu_party_size_report 0 {s1} none 123 1 1 936748722493063200 2133 2 1224979098644774912 72057594037927936 2170 3 1224979098644774913 1369094286720630785 360287970189639680 2107 2 1224979098644774913 5 2172 3 1224979098644774914 360287970189639680 3 520 3 1224979098644774915 360287970189639680 7 2108 2 1224979098644774915 25 4 0 32 2 1224979098644774913 0 2320 2 2 1585267068834416175 5 0 2320 2 2 216172782113785643 3 0 4 0 32 2 1224979098644774914 0 2320 2 3 1585267068834416175 5 0 2320 2 3 216172782113785643 3 0 4 0 32 2 1224979098644774915 0 2320 2 4 1585267068834416175 5 0 2320 2 4 216172782113785643 3 0 6 3 1224979098644774916 6 10 2319 1 1224979098644774916 3 0 4 0 33 3 144115188075856287 432345564227567630 432345564227567635 4 0 542 3 144115188075856287 11 360287970189639680 2122 3 1224979098644774917 5 144115188075856031 2112 3 1224979098644774917 20 101 2133 2 72057594037927942 1224979098644774917 2320 2 8 1585267068834416203 5 0 2133 2 1224979098644774917 0 3 0 4 0 542 3 144115188075856287 8 360287970189639680 2133 2 1224979098644774918 20 2133 2 72057594037927942 1224979098644774918 2320 2 7 1585267068834416204 5 0 2133 2 1224979098644774918 0 3 0 2133 2 1224979098644774919 144115188075856287 2133 2 1224979098644774920 100 2133 2 1224979098644774921 -3 2133 2 1224979098644774922 4 4 0 1073741855 2 1224979098644774919 432345564227567630 542 3 1224979098644774919 11 360287970189639680 522 3 1224979098644774922 1224979098644774919 82 522 3 72057594037927936 1224979098644774919 81 2105 2 1224979098644774922 72057594037927936 2112 3 1224979098644774922 0 4 2122 3 1224979098644774921 1224979098644774922 -1 2105 2 1224979098644774922 1 3 0 4 0 32 2 1224979098644774917 0 4 0 522 3 1224979098644774923 1224979098644774919 201 2112 3 1224979098644774923 1224979098644774921 1224979098644774922 2107 2 1224979098644774923 10 2105 2 1224979098644774920 1224979098644774923 3 0 5 0 4 0 522 3 1224979098644774923 1224979098644774919 201 2112 3 1224979098644774923 1224979098644774921 1224979098644774922 2107 2 1224979098644774923 -3 2105 2 1224979098644774920 1224979098644774923 3 0 4 0 522 3 1224979098644774924 1224979098644774919 202 2112 3 1224979098644774924 1224979098644774921 1224979098644774922 2107 2 1224979098644774924 3 2105 2 1224979098644774920 1224979098644774924 3 0 4 0 522 3 1224979098644774925 1224979098644774919 204 2112 3 1224979098644774925 1224979098644774921 1224979098644774922 2107 2 1224979098644774925 -4 2105 2 1224979098644774920 1224979098644774925 3 0 3 0 4 0 522 3 1224979098644774926 1224979098644774919 203 2112 3 1224979098644774926 1224979098644774921 1224979098644774922 2107 2 1224979098644774926 2 2105 2 1224979098644774920 1224979098644774926 3 0 4 0 31 2 1224979098644774920 100 2133 2 1224979098644774920 0 5 0 2133 2 72057594037927942 1224979098644774920 2320 2 9 1585267068834416205 3 0 5 0 2133 2 1224979098644774917 0 2133 2 1224979098644774918 0 2133 2 1224979098644774920 0 3 0 2133 2 1224979098644774927 0 6 3 1224979098644774928 648518346341351519 648518346341351621 541 3 1224979098644774928 7 360287970189639680 2105 2 1224979098644774927 20 3 0 4 0 32 2 1224979098644774927 0 2133 2 72057594037927942 1224979098644774927 2320 2 6 1585267068834416206 3 0 2133 2 72057594037927941 1224979098644774912 2133 2 72057594037927937 1224979098644774913 2133 2 72057594037927938 1224979098644774914 2133 2 72057594037927939 1224979098644774915 1601 2 72057594037927946 648518346341351424 2320 2 1 1585267068834416207 1
 mno_continue  0  Continue...  1 2060 1 864691128455135236  . 
menu_faction_relations_report 0 {s1} none 12 2319 1 2 6 3 1224979098644774912 432345564227567630 432345564227567635 542 3 1224979098644774912 21 0 2147483679 2 1224979098644774912 432345564227567630 2190 3 1224979098644774913 432345564227567630 1224979098644774912 1 2 936748722493063531 1224979098644774913 2321 2 3 63 2335 2 4 1224979098644774912 2133 2 72057594037927937 1224979098644774913 2320 2 2 1585267068834416208 3 0 2320 2 1 1585267068834416209 1
 mno_continue  0  Continue...  1 2060 1 864691128455135236  . 
menu_camp 4352 You_set_up_camp._What_do_you_want_to_do? none 19 2133 2 144115188075856181 0 2031 1 1441151880758558728 520 3 72057594037927936 360287970189641427 165 1 1 936748722493063929 2319 1 0 4 0 2147483679 2 72057594037927936 0 2119 3 1224979098644774912 72057594037927936 128 3221225502 2 72057594037927936 0 2147483679 2 1224979098644774912 68 1106 1 1585267068834416210 5 0 30 2 144115188075856163 1 2108 2 72057594037927936 128 3 0 4 0 31 2 144115188075856617 1513209474796486708 900 1 144115188075856617 3 0 10
 mno_dac_test_menu  1 31 2 144115188075856163 1  DAC_Test_Menu  1 2060 1 864691128455135251  .  mno_camp_action_1  1 31 2 144115188075856163 1  {!}Cheat:_Walk_around.  3 1911 1 792633534417207319 1 1 936748722493063484 2048 0  .  mno_camp_troop  6 1601 2 72057594037927946 648518346341351424 2106 2 72057594037927946 1 1602 2 72057594037927947 648518346341351424 1073741856 2 72057594037927946 0 32 2 72057594037927947 0 2122 3 72057594037927948 72057594037927946 72057594037927947  Review{reg10?_troops:}{reg12?_and:}{reg11?_prisoners:}.  3 1 1 936748722493063484 1911 1 792633534417207347 2048 0  .  mno_dplmc_camp_manage_inventory  1 1 1 936748722493063856  Manage_auto-loot_settings.  10 4 0 1 2 936748722493063851 0 3 0 1532 1 360287970189639683 2133 2 144115188075857100 360287970189639683 2133 2 144115188075857101 864691128455135247 2133 2 144115188075857102 0 2133 2 144115188075856023 360287970189639680 2319 1 30 2060 1 864691128455135457  .  mno_dplmc_camp_manage_inventory_disabled  5 4 0 1 1 936748722493063856 3 0 31 2 72057594037927936 0 2061 0  Auto-loot_requires_Inv._Management_or_Looting_at_rank_2.  0  .  mno_dplmc_camp_preferences  0  DAC_Mod_Options.  2 900 1 1513209474796486712 2133 2 144115188075856617 -1  .  mno_camp_action  0  Take_an_action.  1 2060 1 864691128455135259  .  mno_camp_wait_here  0  Wait_here_for_some_time.  13 2133 2 144115188075856182 1 2133 2 144115188075856183 0 2133 2 144115188075856181 1 4 0 132 1 648518346341351424 1608 2 1224979098644774912 648518346341351424 4 0 31 2 1224979098644774912 5 372 1 28 3 0 3 0 1031 3 8760 5 1 2040 0  .  mno_camp_cheat  1 30 2 144115188075856163 1  CHEAT_MENU!  1 2060 1 864691128455135248  .  mno_resume_travelling  0  Resume_travelling.  1 2040 0  . 
menu_camp_cheat 0 Select_a_cheat: none 0 15
 mno_camp_cheat_find_item  0  Find_an_item...  1 2060 1 864691128455135249  .  mno_camp_cheat_weather  0  Change_weather..  1 2060 1 864691128455135250  .  mno_camp_cheat_0  0  {!}Increase_player_RTR.  7 4 0 1073741894 1 42 70 1 54 1 2 936748722493063769 25 5 0 1 2 936748722493063769 3 3 0  .  mno_camp_cheat_1  0  {!}Increase_player_renown.  7 4 0 1073741894 1 42 70 1 54 1 3 936748722493063458 360287970189639680 500 5 0 1 3 936748722493063458 360287970189639680 100 3 0  .  mno_camp_cheat_2  0  {!}Increase_player_honor.  7 4 0 1073741894 1 42 70 1 54 1 2 936748722493063466 50 5 0 1 2 936748722493063466 5 3 0  .  mno_camp_cheat_3  0  {!}Update_political_notes.  7 6 3 1224979098644774912 360287970189639979 360287970189640147 540 3 1224979098644774912 2 2 1 2 936748722493063605 1224979098644774912 3 0 6 3 1224979098644774913 432345564227567630 432345564227567635 1 2 936748722493063600 1224979098644774913 3 0  .  mno_camp_cheat_4  0  {!}Update_troop_notes.  9 6 3 1224979098644774912 360287970189639979 360287970189640147 540 3 1224979098644774912 2 2 1 2 936748722493063602 1224979098644774912 3 0 6 3 1224979098644774913 360287970189640147 360287970189640294 1 2 936748722493063602 1224979098644774913 1 2 936748722493063605 1224979098644774913 1 3 936748722493063603 1224979098644774913 0 3 0  .  mno_camp_cheat_5  0  {!}Scramble_taverngoers.  51 6 3 1224979098644774912 95 100 2147483679 2 1224979098644774912 97 6 3 1224979098644774913 648518346341351445 648518346341351519 501 3 1224979098644774913 1224979098644774912 -1 3 0 4 0 31 2 1224979098644774912 95 2133 2 1224979098644774914 360287970189639932 2133 2 1224979098644774915 360287970189639950 5 0 31 2 1224979098644774912 96 2133 2 1224979098644774914 360287970189639950 2133 2 1224979098644774915 360287970189639960 5 0 31 2 1224979098644774912 99 2133 2 1224979098644774914 360287970189639962 2133 2 1224979098644774915 360287970189639967 5 0 31 2 1224979098644774912 98 2133 2 1224979098644774914 360287970189639960 2133 2 1224979098644774915 360287970189639962 5 0 31 2 1224979098644774912 100 2133 2 1224979098644774914 360287970189639967 2133 2 1224979098644774915 360287970189639974 3 0 2133 2 1224979098644774916 0 2320 2 51 1585267068834416211 6 3 1224979098644774917 1224979098644774914 1224979098644774915 500 3 1224979098644774917 12 -1 2136 3 1224979098644774918 648518346341351445 648518346341351519 4 0 561 3 1224979098644774918 1224979098644774912 1224979098644774914 5 0 2105 2 1224979098644774916 1 2342 2 50 1224979098644774918 501 3 1224979098644774918 1224979098644774912 1224979098644774917 500 3 1224979098644774917 12 1224979098644774918 4 0 31 2 1224979098644774916 1 2320 2 51 50 5 0 2320 2 51 216172782113783818 3 0 3 0 3 0 2323 2 10 1224979098644774914 2321 2 11 51 1106 1 1585267068834415803 3 0 1 1 936748722493063585  .  mno_camp_cheat_6  0  {!}Infinite_camp  5 2133 2 144115188075856182 1 2133 2 144115188075856183 1 2133 2 144115188075856181 1 1031 2 87600 20 2040 0  .  mno_camp_cheat_7  1 560 3 360287970189639680 30 1  {!}Divorce_player_spouse  13 520 3 1224979098644774912 360287970189639680 30 500 3 1224979098644774912 30 -1 500 3 360287970189639680 30 -1 1 3 936748722493063459 1224979098644774912 -40 6 3 1224979098644774913 360287970189639979 360287970189640294 2147483679 2 1224979098644774913 1224979098644774912 1 3 936748722493063857 1224979098644774912 1224979098644774913 32 2 72057594037927936 0 2107 2 72057594037927936 -2 2108 2 72057594037927936 3 2110 2 72057594037927936 -1 1 3 936748722493063459 1224979098644774913 72057594037927936 3 0  .  mno_cheat_faction_orders  14 2147483679 2 144115188075856163 0 4 0 31 2 144115188075856163 1 2320 2 1 1585267068834416212 5 0 31 2 144115188075856163 2 2320 2 1 1585267068834416213 5 0 31 2 144115188075856163 3 2320 2 1 1585267068834416214 5 0 31 2 144115188075856163 4 2320 2 1 1585267068834416215 3 0  {!}Debug_messages_to_{s1}.  3 2105 2 144115188075856163 1 2109 2 144115188075856163 5 2060 1 864691128455135248  .  mno_camp_cheat_heal  0  Heal_party.  1 1225 1 648518346341351424  .  mno_camp_cheat_xp  0  Add_xp_to_party.  43 1107 1 0 1650 2 1224979098644774912 648518346341351424 6 3 1224979098644774913 0 1224979098644774912 1652 3 1224979098644774914 648518346341351424 1224979098644774913 4 0 1653 3 1224979098644774915 648518346341351424 1224979098644774913 1 2 936748722493063190 1224979098644774914 2122 3 1224979098644774916 72057594037927936 1224979098644774915 4 0 1507 1 1224979098644774914 2171 2 1224979098644774917 1224979098644774914 2133 2 1224979098644774918 100 4 0 2147483680 2 1224979098644774917 10 2133 2 1224979098644774916 100 5 0 2147483680 2 1224979098644774917 25 2133 2 1224979098644774916 1000 5 0 2147483680 2 1224979098644774917 35 2133 2 1224979098644774916 10000 5 0 2147483680 2 1224979098644774917 50 2133 2 1224979098644774916 30000 5 0 2147483680 2 1224979098644774917 60 2133 2 1224979098644774916 1000000 5 0 2133 2 1224979098644774916 10000000 3 0 6 3 1224979098644774919 0 1224979098644774918 1670 3 648518346341351424 1224979098644774913 1224979098644774916 1062 2 1 1224979098644774914 2171 2 1224979098644774920 1224979098644774914 2147483678 2 1224979098644774917 1224979098644774920 2133 2 1224979098644774918 0 3 0 5 0 1670 3 648518346341351424 1224979098644774913 1224979098644774916 3 0 3 0 3 0 1107 1 1  .  mno_camp_cheat_prisoner  8 1651 2 1224979098644774912 648518346341351424 32 2 1224979098644774912 0 6 3 1224979098644774913 0 1224979098644774912 1656 3 1224979098644774914 648518346341351424 1224979098644774913 2147485155 1 1224979098644774914 2133 2 1224979098644774912 0 3 0 31 2 1224979098644774912 0  Recruit_all_prisoners.  9 1651 2 1224979098644774912 648518346341351424 7 3 1224979098644774913 0 1224979098644774912 1656 3 1224979098644774914 648518346341351424 1224979098644774913 2147485155 1 1224979098644774914 32 2 1224979098644774914 0 1657 3 1224979098644774915 648518346341351424 1224979098644774913 1616 3 648518346341351424 1224979098644774914 1224979098644774915 1610 3 648518346341351424 1224979098644774914 1224979098644774915 3 0  .  mno_back_to_camp_menu  0  {!}Back_to_camp_menu.  1 2060 1 864691128455135247  . 
menu_cheat_find_item 0 {!}Current_item_range:_{reg5}_to_{reg6} none 4 2133 2 72057594037927941 144115188075856184 2120 3 72057594037927942 144115188075856184 96 2110 2 72057594037927942 288230376151713380 2106 2 72057594037927942 1 4
 mno_cheat_find_item_prev_range  0  {!}Move_to_previous_range.  6 2106 2 144115188075856184 96 4 0 2147483678 2 144115188075856184 0 2121 3 144115188075856184 288230376151713380 96 3 0 2060 1 864691128455135249  .  mno_cheat_find_item_next_range  0  {!}Move_to_next_item_range.  6 2105 2 144115188075856184 96 4 0 30 2 144115188075856184 288230376151713380 2133 2 144115188075856184 0 3 0 2060 1 864691128455135249  .  mno_cheat_find_item_choose_this  0  {!}Choose_from_this_range.  33 1532 1 360287970189639684 2120 3 1224979098644774912 144115188075856184 96 2110 2 1224979098644774912 288230376151713380 2121 3 1224979098644774913 1224979098644774912 144115188075856184 4 0 1073741894 1 42 70 1 54 6 3 1224979098644774914 0 1224979098644774913 2120 3 1224979098644774915 144115188075856184 1224979098644774914 1570 2 1224979098644774916 1224979098644774915 4 0 31 2 1224979098644774916 1 1530 3 360287970189639684 1224979098644774915 36 5 0 1073741855 2 1224979098644774916 7 33 3 1224979098644774916 12 16 1530 3 360287970189639684 1224979098644774915 29 5 0 1073741857 3 1224979098644774916 2 11 33 3 1224979098644774916 16 19 1530 3 360287970189639684 1224979098644774915 17 5 0 1530 3 360287970189639684 1224979098644774915 0 3 0 3 0 2041 1 360287970189639684 5 0 6 3 1224979098644774914 0 1224979098644774913 2120 3 1224979098644774915 144115188075856184 1224979098644774914 1535 3 360287970189639684 1224979098644774915 1 3 0 2042 1 360287970189639684 3 0  .  mno_camp_action_4  0  {!}Back_to_camp_menu.  1 2060 1 864691128455135247  . 
menu_cheat_change_weather 0 {!}Current_cloud_amount:_{reg5}^Current_Fog_Strength:_{reg6} none 2 90 1 72057594037927941 92 1 72057594037927942 5
 mno_cheat_increase_cloud  0  {!}Increase_Cloud_Amount.  4 90 1 1224979098644774912 2105 2 1224979098644774912 5 2110 2 1224979098644774912 100 91 1 1224979098644774912  .  mno_cheat_decrease_cloud  0  {!}Decrease_Cloud_Amount.  4 90 1 1224979098644774912 2106 2 1224979098644774912 5 2111 2 1224979098644774912 0 91 1 1224979098644774912  .  mno_cheat_increase_fog  0  {!}Increase_Fog_Amount.  4 92 1 1224979098644774912 2105 2 1224979098644774912 5 2110 2 1224979098644774912 100 93 1 1224979098644774912  .  mno_cheat_decrease_fog  0  {!}Decrease_Fog_Amount.  4 92 1 1224979098644774912 2106 2 1224979098644774912 5 2111 2 1224979098644774912 0 93 1 1224979098644774912  .  mno_camp_action_4  0  {!}Back_to_camp_menu.  1 2060 1 864691128455135247  . 
menu_dac_test_menu 0 DAC_Test_Menu._Use_at_your_own_Risk none 0 12
 mno_dac_test_view_all_items  0  View_All_Items  1 900 1 1513209474796486716  .  mno_dac_test_infinite_camp  0  Infinite_Camp  5 2133 2 144115188075856182 1 2133 2 144115188075856183 1 2133 2 144115188075856181 1 1031 2 87600 20 2040 0  .  mno_dac_test_print_aristocracy  0  Aristocracy_Debug_Menu  1 2060 1 864691128455135258  .  mno_camp_troops_cheat  0  Give_Troops  1 2060 1 864691128455135255  .  mno_camp_test_sieges  0  Test_Sieges  1 2060 1 864691128455135256  .  mno_camp_scene_test  0  Test_Scene  1 2060 1 864691128455135253  .  mno_spawn_enemy_horde  0  Spawn_Enemy_Horde  11 1103 1 3 1100 2 648518346341351424 576460752303423531 2133 2 1224979098644774912 72057594037927936 1669 2 1224979098644774912 1585267068834416216 1620 2 1224979098644774912 432345564227567643 6 3 1224979098644774913 0 11 6 3 1224979098644774914 576460752303423531 576460752303423536 1675 2 1224979098644774912 1224979098644774914 3 0 3 0 1106 1 1585267068834416217  .  mno_give_player_horde  0  Give_yourself_a_horde_(and_some_stats)  9 1521 3 360287970189639680 1 10 1520 3 360287970189639680 3 80 500 3 360287970189639680 7 5000 6 3 1224979098644774912 0 11 6 3 1224979098644774913 576460752303423537 576460752303423541 1675 2 648518346341351424 1224979098644774913 3 0 3 0 1106 1 1585267068834416218  .  mno_test_give_troops  0  Give_yourself_mercenaries  1 2060 1 864691128455135252  .  mno_enable_armor_progression  1 2147483680 2 144115188075857184 1  Enable_Armour_Progression  1 2060 1 864691128455135501  .  mno_disable_armor_progression  1 31 2 144115188075857184 2  Disable_Armour_Progression  1 2133 2 144115188075857184 1  .  mno_dac_test_back  0  Back  1 2060 1 864691128455135247  . 
menu_receive_mercs 0 Select_Troops none 0 9
 mno_genoese  0  Genoese_Crossbowmen  2 1610 3 648518346341351424 360287970189639734 20 1106 1 1585267068834416219  .  mno_italian  0  Lombard_Troops  2 1610 3 648518346341351424 360287970189639731 20 1106 1 1585267068834416220  .  mno_germans  0  German_Knights  2 1610 3 648518346341351424 360287970189639730 20 1106 1 1585267068834416221  .  mno_italian_knights  0  Milanese_Knights  2 1610 3 648518346341351424 360287970189639737 20 1106 1 1585267068834416539  .  mno_scottish_knights  0  Scottish_Knights  2 1610 3 648518346341351424 360287970189639744 20 1106 1 1585267068834416755  .  mno_scottish_archers  0  Scottish_Archers  2 1610 3 648518346341351424 360287970189639738 20 1106 1 1585267068834416756  .  mno_scottish_infantry  0  Scottish_Infantry  2 1610 3 648518346341351424 360287970189639741 20 1106 1 1585267068834416758  .  mno_mercs  0  Watchmen  2 1610 3 648518346341351424 360287970189639707 20 1106 1 1585267068834416759  .  mno_return  0  Go_back.  1 2060 1 864691128455135251  . 
menu_camp_test_scene 0 Test_scene_for_the_skyboxes_or_convenience none 0 8
 mno_skybox_test  0  Test_Skyboxes  4 1912 1 1 1911 1 792633534417207351 1910 1 720575940379280666 2048 0  .  mno_routier_test  0  Test_Routier_Bandit_Scene  4 1912 1 1 1911 1 792633534417207351 1910 1 720575940379280670 2048 0  .  mno_flayer_test  0  Test_Flayer_Bandit_Scene  4 1912 1 1 1911 1 792633534417207351 1910 1 720575940379280671 2048 0  .  mno_retondeur_test  0  Test_Retondeur_Bandit_Scene  4 1912 1 1 1911 1 792633534417207351 1910 1 720575940379280672 2048 0  .  mno_tard_venu_test  0  Test_Tard-Venu_Bandit_Scene  4 1912 1 1 1911 1 792633534417207351 1910 1 720575940379280673 2048 0  .  mno_peasants_test  0  Test_Rebellious_Peasants_Scene  4 1912 1 1 1911 1 792633534417207351 1910 1 720575940379280674 2048 0  .  mno_battlefield_road_5  0  Test_Road_5  4 1912 1 1 1911 1 792633534417207351 1910 1 720575940379280681 2048 0  .  mno_return  0  Go_back.  1 2060 1 864691128455135251  . 
menu_auto_dac_test_menu 0 This_menu_automatically_returns_to_caller. none 1 2060 1 864691128455135251 0

menu_camp_give_troops 0 Troops_to_receive: none 0 5
 mno_give_troops_france  0  Give_French_Troops  5 1675 2 648518346341351424 576460752303423531 1675 2 648518346341351424 576460752303423532 1675 2 648518346341351424 576460752303423533 1675 2 648518346341351424 576460752303423534 1675 2 648518346341351424 576460752303423535  .  mno_give_troops_england  0  Give_English_Troops  5 1675 2 648518346341351424 576460752303423536 1675 2 648518346341351424 576460752303423537 1675 2 648518346341351424 576460752303423538 1675 2 648518346341351424 576460752303423539 1675 2 648518346341351424 576460752303423540  .  mno_give_troops_burgundy  0  Give_Burgundian_Troops  5 1675 2 648518346341351424 576460752303423541 1675 2 648518346341351424 576460752303423542 1675 2 648518346341351424 576460752303423543 1675 2 648518346341351424 576460752303423544 1675 2 648518346341351424 576460752303423545  .  mno_give_troops_brittany  0  Give_Breton_Troops  5 1675 2 648518346341351424 576460752303423546 1675 2 648518346341351424 576460752303423547 1675 2 648518346341351424 576460752303423548 1675 2 648518346341351424 576460752303423549 1675 2 648518346341351424 576460752303423550  .  mno_resume_travelling  0  Resume_travelling.  1 2040 0  . 
menu_dac_camp_test_sieges 0 Test_Sieges:_Join_a_faction_first_so_you_can_actually_join_sieges.^_When_Ordering_a_Faction_to_siege_a_center,_make_sure_you_are_close_to_the_faction_you_want_to_do_the_besieging. none 0 6
 mno_dac_test_join_faction  0  Join_Faction:_France  1 1 2 936748722493063572 432345564227567631  .  mno_dac_test_join_faction_eng  0  Join_Faction:_English  1 1 2 936748722493063572 432345564227567632  .  mno_dac_test_join_faction_burg  0  Join_Faction:_Burgundy  1 1 2 936748722493063572 432345564227567633  .  mno_dac_test_join_faction_brit  0  Join_Faction:_Breton  1 1 2 936748722493063572 432345564227567634  .  mno_dac_order_siege_list  0  Order_Closest_Faction_to_Besiege...  1 2060 1 864691128455135257  .  mno_test_siege_resume_travelling  0  Resume_travelling.  1 2040 0  . 
menu_dac_test_sieges_france 0 Order_{s1}_to_besiege... none 4 1 2 936748722493063398 648518346341351424 2133 2 1224979098644774912 72057594037927936 2204 2 1224979098644774913 1224979098644774912 2335 2 1 1224979098644774913 75
 mno_test_siege_resume_travelling2  0  Back_to_siege_menu.  1 2060 1 864691128455135256  .  mno_siege_town  12 132 1 21 1 2 936748722493063398 648518346341351424 2133 2 1224979098644774912 72057594037927936 2204 2 1224979098644774913 1224979098644774912 522 3 1224979098644774914 1224979098644774913 11 520 3 1224979098644774915 1224979098644774914 10 132 1 1224979098644774915 2204 2 1224979098644774916 21 2190 3 1224979098644774917 1224979098644774916 1224979098644774913 2147483678 2 1224979098644774917 0 541 3 21 54 -1 2330 2 10 21  {s10}.  17 1 2 936748722493063398 648518346341351424 2133 2 1224979098644774912 72057594037927936 2204 2 1224979098644774913 1224979098644774912 522 3 1224979098644774914 1224979098644774913 11 520 3 1224979098644774915 1224979098644774914 10 1661 1 1224979098644774915 1623 3 1224979098644774915 21 0 501 3 21 54 1224979098644774915 1 4 936748722493063446 1224979098644774915 1 21 1640 2 1224979098644774915 4 1641 2 1224979098644774915 21 1603 3 1224979098644774915 65536 1 501 3 1224979098644774915 8 1 2330 2 10 21 1106 2 1585267068834416222 3211208 1623 3 648518346341351424 21 3 2052 0  .  mno_siege_town  12 132 1 22 1 2 936748722493063398 648518346341351424 2133 2 1224979098644774912 72057594037927936 2204 2 1224979098644774913 1224979098644774912 522 3 1224979098644774914 1224979098644774913 11 520 3 1224979098644774915 1224979098644774914 10 132 1 1224979098644774915 2204 2 1224979098644774916 22 2190 3 1224979098644774917 1224979098644774916 1224979098644774913 2147483678 2 1224979098644774917 0 541 3 22 54 -1 2330 2 10 22  {s10}.  17 1 2 936748722493063398 648518346341351424 2133 2 1224979098644774912 72057594037927936 2204 2 1224979098644774913 1224979098644774912 522 3 1224979098644774914 1224979098644774913 11 520 3 1224979098644774915 1224979098644774914 10 1661 1 1224979098644774915 1623 3 1224979098644774915 22 0 501 3 22 54 1224979098644774915 1 4 936748722493063446 1224979098644774915 1 22 1640 2 1224979098644774915 4 1641 2 1224979098644774915 22 1603 3 1224979098644774915 65536 1 501 3 1224979098644774915 8 1 2330 2 10 22 1106 2 1585267068834416222 3211208 1623 3 648518346341351424 22 3 2052 0  .  mno_siege_town  12 132 1 23 1 2 936748722493063398 648518346341351424 2133 2 1224979098644774912 72057594037927936 2204 2 1224979098644774913 1224979098644774912 522 3 1224979098644774914 1224979098644774913 11 520 3 1224979098644774915 1224979098644774914 10 132 1 1224979098644774915 2204 2 1224979098644774916 23 2190 3 1224979098644774917 1224979098644774916 1224979098644774913 2147483678 2 1224979098644774917 0 541 3 23 54 -1 2330 2 10 23  {s10}.  17 1 2 936748722493063398 648518346341351424 2133 2 1224979098644774912 72057594037927936 2204 2 1224979098644774913 1224979098644774912 522 3 1224979098644774914 1224979098644774913 11 520 3 1224979098644774915 1224979098644774914 10 1661 1 1224979098644774915 1623 3 1224979098644774915 23 0 501 3 23 54 1224979098644774915 1 4 936748722493063446 1224979098644774915 1 23 1640 2 1224979098644774915 4 1641 2 1224979098644774915 23 1603 3 1224979098644774915 65536 1 501 3 1224979098644774915 8 1 2330 2 10 23 1106 2 1585267068834416222 3211208 1623 3 648518346341351424 23 3 2052 0  .  mno_siege_town  12 132 1 24 1 2 936748722493063398 648518346341351424 2133 2 1224979098644774912 72057594037927936 2204 2 1224979098644774913 1224979098644774912 522 3 1224979098644774914 1224979098644774913 11 520 3 1224979098644774915 1224979098644774914 10 132 1 1224979098644774915 2204 2 1224979098644774916 24 2190 3 1224979098644774917 1224979098644774916 1224979098644774913 2147483678 2 1224979098644774917 0 541 3 24 54 -1 2330 2 10 24  {s10}.  17 1 2 936748722493063398 648518346341351424 2133 2 1224979098644774912 72057594037927936 2204 2 1224979098644774913 1224979098644774912 522 3 1224979098644774914 1224979098644774913 11 520 3 1224979098644774915 1224979098644774914 10 1661 1 1224979098644774915 1623 3 1224979098644774915 24 0 501 3 24 54 1224979098644774915 1 4 936748722493063446 1224979098644774915 1 24 1640 2 1224979098644774915 4 1641 2 1224979098644774915 24 1603 3 1224979098644774915 65536 1 501 3 1224979098644774915 8 1 2330 2 10 24 1106 2 1585267068834416222 3211208 1623 3 648518346341351424 24 3 2052 0  .  mno_siege_town  12 132 1 25 1 2 936748722493063398 648518346341351424 2133 2 1224979098644774912 72057594037927936 2204 2 1224979098644774913 1224979098644774912 522 3 1224979098644774914 1224979098644774913 11 520 3 1224979098644774915 1224979098644774914 10 132 1 1224979098644774915 2204 2 1224979098644774916 25 2190 3 1224979098644774917 1224979098644774916 1224979098644774913 2147483678 2 1224979098644774917 0 541 3 25 54 -1 2330 2 10 25  {s10}.  17 1 2 936748722493063398 648518346341351424 2133 2 1224979098644774912 72057594037927936 2204 2 1224979098644774913 1224979098644774912 522 3 1224979098644774914 1224979098644774913 11 520 3 1224979098644774915 1224979098644774914 10 1661 1 1224979098644774915 1623 3 1224979098644774915 25 0 501 3 25 54 1224979098644774915 1 4 936748722493063446 1224979098644774915 1 25 1640 2 1224979098644774915 4 1641 2 1224979098644774915 25 1603 3 1224979098644774915 65536 1 501 3 1224979098644774915 8 1 2330 2 10 25 1106 2 1585267068834416222 3211208 1623 3 648518346341351424 25 3 2052 0  .  mno_siege_town  12 132 1 26 1 2 936748722493063398 648518346341351424 2133 2 1224979098644774912 72057594037927936 2204 2 1224979098644774913 1224979098644774912 522 3 1224979098644774914 1224979098644774913 11 520 3 1224979098644774915 1224979098644774914 10 132 1 1224979098644774915 2204 2 1224979098644774916 26 2190 3 1224979098644774917 1224979098644774916 1224979098644774913 2147483678 2 1224979098644774917 0 541 3 26 54 -1 2330 2 10 26  {s10}.  17 1 2 936748722493063398 648518346341351424 2133 2 1224979098644774912 72057594037927936 2204 2 1224979098644774913 1224979098644774912 522 3 1224979098644774914 1224979098644774913 11 520 3 1224979098644774915 1224979098644774914 10 1661 1 1224979098644774915 1623 3 1224979098644774915 26 0 501 3 26 54 1224979098644774915 1 4 936748722493063446 1224979098644774915 1 26 1640 2 1224979098644774915 4 1641 2 1224979098644774915 26 1603 3 1224979098644774915 65536 1 501 3 1224979098644774915 8 1 2330 2 10 26 1106 2 1585267068834416222 3211208 1623 3 648518346341351424 26 3 2052 0  .  mno_siege_town  12 132 1 27 1 2 936748722493063398 648518346341351424 2133 2 1224979098644774912 72057594037927936 2204 2 1224979098644774913 1224979098644774912 522 3 1224979098644774914 1224979098644774913 11 520 3 1224979098644774915 1224979098644774914 10 132 1 1224979098644774915 2204 2 1224979098644774916 27 2190 3 1224979098644774917 1224979098644774916 1224979098644774913 2147483678 2 1224979098644774917 0 541 3 27 54 -1 2330 2 10 27  {s10}.  17 1 2 936748722493063398 648518346341351424 2133 2 1224979098644774912 72057594037927936 2204 2 1224979098644774913 1224979098644774912 522 3 1224979098644774914 1224979098644774913 11 520 3 1224979098644774915 1224979098644774914 10 1661 1 1224979098644774915 1623 3 1224979098644774915 27 0 501 3 27 54 1224979098644774915 1 4 936748722493063446 1224979098644774915 1 27 1640 2 1224979098644774915 4 1641 2 1224979098644774915 27 1603 3 1224979098644774915 65536 1 501 3 1224979098644774915 8 1 2330 2 10 27 1106 2 1585267068834416222 3211208 1623 3 648518346341351424 27 3 2052 0  .  mno_siege_town  12 132 1 28 1 2 936748722493063398 648518346341351424 2133 2 1224979098644774912 72057594037927936 2204 2 1224979098644774913 1224979098644774912 522 3 1224979098644774914 1224979098644774913 11 520 3 1224979098644774915 1224979098644774914 10 132 1 1224979098644774915 2204 2 1224979098644774916 28 2190 3 1224979098644774917 1224979098644774916 1224979098644774913 2147483678 2 1224979098644774917 0 541 3 28 54 -1 2330 2 10 28  {s10}.  17 1 2 936748722493063398 648518346341351424 2133 2 1224979098644774912 72057594037927936 2204 2 1224979098644774913 1224979098644774912 522 3 1224979098644774914 1224979098644774913 11 520 3 1224979098644774915 1224979098644774914 10 1661 1 1224979098644774915 1623 3 1224979098644774915 28 0 501 3 28 54 1224979098644774915 1 4 936748722493063446 1224979098644774915 1 28 1640 2 1224979098644774915 4 1641 2 1224979098644774915 28 1603 3 1224979098644774915 65536 1 501 3 1224979098644774915 8 1 2330 2 10 28 1106 2 1585267068834416222 3211208 1623 3 648518346341351424 28 3 2052 0  .  mno_siege_town  12 132 1 29 1 2 936748722493063398 648518346341351424 2133 2 1224979098644774912 72057594037927936 2204 2 1224979098644774913 1224979098644774912 522 3 1224979098644774914 1224979098644774913 11 520 3 1224979098644774915 1224979098644774914 10 132 1 1224979098644774915 2204 2 1224979098644774916 29 2190 3 1224979098644774917 1224979098644774916 1224979098644774913 2147483678 2 1224979098644774917 0 541 3 29 54 -1 2330 2 10 29  {s10}.  17 1 2 936748722493063398 648518346341351424 2133 2 1224979098644774912 72057594037927936 2204 2 1224979098644774913 1224979098644774912 522 3 1224979098644774914 1224979098644774913 11 520 3 1224979098644774915 1224979098644774914 10 1661 1 1224979098644774915 1623 3 1224979098644774915 29 0 501 3 29 54 1224979098644774915 1 4 936748722493063446 1224979098644774915 1 29 1640 2 1224979098644774915 4 1641 2 1224979098644774915 29 1603 3 1224979098644774915 65536 1 501 3 1224979098644774915 8 1 2330 2 10 29 1106 2 1585267068834416222 3211208 1623 3 648518346341351424 29 3 2052 0  .  mno_siege_town  12 132 1 30 1 2 936748722493063398 648518346341351424 2133 2 1224979098644774912 72057594037927936 2204 2 1224979098644774913 1224979098644774912 522 3 1224979098644774914 1224979098644774913 11 520 3 1224979098644774915 1224979098644774914 10 132 1 1224979098644774915 2204 2 1224979098644774916 30 2190 3 1224979098644774917 1224979098644774916 1224979098644774913 2147483678 2 1224979098644774917 0 541 3 30 54 -1 2330 2 10 30  {s10}.  17 1 2 936748722493063398 648518346341351424 2133 2 1224979098644774912 72057594037927936 2204 2 1224979098644774913 1224979098644774912 522 3 1224979098644774914 1224979098644774913 11 520 3 1224979098644774915 1224979098644774914 10 1661 1 1224979098644774915 1623 3 1224979098644774915 30 0 501 3 30 54 1224979098644774915 1 4 936748722493063446 1224979098644774915 1 30 1640 2 1224979098644774915 4 1641 2 1224979098644774915 30 1603 3 1224979098644774915 65536 1 501 3 1224979098644774915 8 1 2330 2 10 30 1106 2 1585267068834416222 3211208 1623 3 648518346341351424 30 3 2052 0  .  mno_siege_town  12 132 1 31 1 2 936748722493063398 648518346341351424 2133 2 1224979098644774912 72057594037927936 2204 2 1224979098644774913 1224979098644774912 522 3 1224979098644774914 1224979098644774913 11 520 3 1224979098644774915 1224979098644774914 10 132 1 1224979098644774915 2204 2 1224979098644774916 31 2190 3 1224979098644774917 1224979098644774916 1224979098644774913 2147483678 2 1224979098644774917 0 541 3 31 54 -1 2330 2 10 31  {s10}.  17 1 2 936748722493063398 648518346341351424 2133 2 1224979098644774912 72057594037927936 2204 2 1224979098644774913 1224979098644774912 522 3 1224979098644774914 1224979098644774913 11 520 3 1224979098644774915 1224979098644774914 10 1661 1 1224979098644774915 1623 3 1224979098644774915 31 0 501 3 31 54 1224979098644774915 1 4 936748722493063446 1224979098644774915 1 31 1640 2 1224979098644774915 4 1641 2 1224979098644774915 31 1603 3 1224979098644774915 65536 1 501 3 1224979098644774915 8 1 2330 2 10 31 1106 2 1585267068834416222 3211208 1623 3 648518346341351424 31 3 2052 0  .  mno_siege_town  12 132 1 32 1 2 936748722493063398 648518346341351424 2133 2 1224979098644774912 72057594037927936 2204 2 1224979098644774913 1224979098644774912 522 3 1224979098644774914 1224979098644774913 11 520 3 1224979098644774915 1224979098644774914 10 132 1 1224979098644774915 2204 2 1224979098644774916 32 2190 3 1224979098644774917 1224979098644774916 1224979098644774913 2147483678 2 1224979098644774917 0 541 3 32 54 -1 2330 2 10 32  {s10}.  17 1 2 936748722493063398 648518346341351424 2133 2 1224979098644774912 72057594037927936 2204 2 1224979098644774913 1224979098644774912 522 3 1224979098644774914 1224979098644774913 11 520 3 1224979098644774915 1224979098644774914 10 1661 1 1224979098644774915 1623 3 1224979098644774915 32 0 501 3 32 54 1224979098644774915 1 4 936748722493063446 1224979098644774915 1 32 1640 2 1224979098644774915 4 1641 2 1224979098644774915 32 1603 3 1224979098644774915 65536 1 501 3 1224979098644774915 8 1 2330 2 10 32 1106 2 1585267068834416222 3211208 1623 3 648518346341351424 32 3 2052 0  .  mno_siege_town  12 132 1 33 1 2 936748722493063398 648518346341351424 2133 2 1224979098644774912 72057594037927936 2204 2 1224979098644774913 1224979098644774912 522 3 1224979098644774914 1224979098644774913 11 520 3 1224979098644774915 1224979098644774914 10 132 1 1224979098644774915 2204 2 1224979098644774916 33 2190 3 1224979098644774917 1224979098644774916 1224979098644774913 2147483678 2 1224979098644774917 0 541 3 33 54 -1 2330 2 10 33  {s10}.  17 1 2 936748722493063398 648518346341351424 2133 2 1224979098644774912 72057594037927936 2204 2 1224979098644774913 1224979098644774912 522 3 1224979098644774914 1224979098644774913 11 520 3 1224979098644774915 1224979098644774914 10 1661 1 1224979098644774915 1623 3 1224979098644774915 33 0 501 3 33 54 1224979098644774915 1 4 936748722493063446 1224979098644774915 1 33 1640 2 1224979098644774915 4 1641 2 1224979098644774915 33 1603 3 1224979098644774915 65536 1 501 3 1224979098644774915 8 1 2330 2 10 33 1106 2 1585267068834416222 3211208 1623 3 648518346341351424 33 3 2052 0  .  mno_siege_town  12 132 1 34 1 2 936748722493063398 648518346341351424 2133 2 1224979098644774912 72057594037927936 2204 2 1224979098644774913 1224979098644774912 522 3 1224979098644774914 1224979098644774913 11 520 3 1224979098644774915 1224979098644774914 10 132 1 1224979098644774915 2204 2 1224979098644774916 34 2190 3 1224979098644774917 1224979098644774916 1224979098644774913 2147483678 2 1224979098644774917 0 541 3 34 54 -1 2330 2 10 34  {s10}.  17 1 2 936748722493063398 648518346341351424 2133 2 1224979098644774912 72057594037927936 2204 2 1224979098644774913 1224979098644774912 522 3 1224979098644774914 1224979098644774913 11 520 3 1224979098644774915 1224979098644774914 10 1661 1 1224979098644774915 1623 3 1224979098644774915 34 0 501 3 34 54 1224979098644774915 1 4 936748722493063446 1224979098644774915 1 34 1640 2 1224979098644774915 4 1641 2 1224979098644774915 34 1603 3 1224979098644774915 65536 1 501 3 1224979098644774915 8 1 2330 2 10 34 1106 2 1585267068834416222 3211208 1623 3 648518346341351424 34 3 2052 0  .  mno_siege_town  12 132 1 35 1 2 936748722493063398 648518346341351424 2133 2 1224979098644774912 72057594037927936 2204 2 1224979098644774913 1224979098644774912 522 3 1224979098644774914 1224979098644774913 11 520 3 1224979098644774915 1224979098644774914 10 132 1 1224979098644774915 2204 2 1224979098644774916 35 2190 3 1224979098644774917 1224979098644774916 1224979098644774913 2147483678 2 1224979098644774917 0 541 3 35 54 -1 2330 2 10 35  {s10}.  17 1 2 936748722493063398 648518346341351424 2133 2 1224979098644774912 72057594037927936 2204 2 1224979098644774913 1224979098644774912 522 3 1224979098644774914 1224979098644774913 11 520 3 1224979098644774915 1224979098644774914 10 1661 1 1224979098644774915 1623 3 1224979098644774915 35 0 501 3 35 54 1224979098644774915 1 4 936748722493063446 1224979098644774915 1 35 1640 2 1224979098644774915 4 1641 2 1224979098644774915 35 1603 3 1224979098644774915 65536 1 501 3 1224979098644774915 8 1 2330 2 10 35 1106 2 1585267068834416222 3211208 1623 3 648518346341351424 35 3 2052 0  .  mno_siege_town  12 132 1 36 1 2 936748722493063398 648518346341351424 2133 2 1224979098644774912 72057594037927936 2204 2 1224979098644774913 1224979098644774912 522 3 1224979098644774914 1224979098644774913 11 520 3 1224979098644774915 1224979098644774914 10 132 1 1224979098644774915 2204 2 1224979098644774916 36 2190 3 1224979098644774917 1224979098644774916 1224979098644774913 2147483678 2 1224979098644774917 0 541 3 36 54 -1 2330 2 10 36  {s10}.  17 1 2 936748722493063398 648518346341351424 2133 2 1224979098644774912 72057594037927936 2204 2 1224979098644774913 1224979098644774912 522 3 1224979098644774914 1224979098644774913 11 520 3 1224979098644774915 1224979098644774914 10 1661 1 1224979098644774915 1623 3 1224979098644774915 36 0 501 3 36 54 1224979098644774915 1 4 936748722493063446 1224979098644774915 1 36 1640 2 1224979098644774915 4 1641 2 1224979098644774915 36 1603 3 1224979098644774915 65536 1 501 3 1224979098644774915 8 1 2330 2 10 36 1106 2 1585267068834416222 3211208 1623 3 648518346341351424 36 3 2052 0  .  mno_siege_town  12 132 1 37 1 2 936748722493063398 648518346341351424 2133 2 1224979098644774912 72057594037927936 2204 2 1224979098644774913 1224979098644774912 522 3 1224979098644774914 1224979098644774913 11 520 3 1224979098644774915 1224979098644774914 10 132 1 1224979098644774915 2204 2 1224979098644774916 37 2190 3 1224979098644774917 1224979098644774916 1224979098644774913 2147483678 2 1224979098644774917 0 541 3 37 54 -1 2330 2 10 37  {s10}.  17 1 2 936748722493063398 648518346341351424 2133 2 1224979098644774912 72057594037927936 2204 2 1224979098644774913 1224979098644774912 522 3 1224979098644774914 1224979098644774913 11 520 3 1224979098644774915 1224979098644774914 10 1661 1 1224979098644774915 1623 3 1224979098644774915 37 0 501 3 37 54 1224979098644774915 1 4 936748722493063446 1224979098644774915 1 37 1640 2 1224979098644774915 4 1641 2 1224979098644774915 37 1603 3 1224979098644774915 65536 1 501 3 1224979098644774915 8 1 2330 2 10 37 1106 2 1585267068834416222 3211208 1623 3 648518346341351424 37 3 2052 0  .  mno_siege_town  12 132 1 38 1 2 936748722493063398 648518346341351424 2133 2 1224979098644774912 72057594037927936 2204 2 1224979098644774913 1224979098644774912 522 3 1224979098644774914 1224979098644774913 11 520 3 1224979098644774915 1224979098644774914 10 132 1 1224979098644774915 2204 2 1224979098644774916 38 2190 3 1224979098644774917 1224979098644774916 1224979098644774913 2147483678 2 1224979098644774917 0 541 3 38 54 -1 2330 2 10 38  {s10}.  17 1 2 936748722493063398 648518346341351424 2133 2 1224979098644774912 72057594037927936 2204 2 1224979098644774913 1224979098644774912 522 3 1224979098644774914 1224979098644774913 11 520 3 1224979098644774915 1224979098644774914 10 1661 1 1224979098644774915 1623 3 1224979098644774915 38 0 501 3 38 54 1224979098644774915 1 4 936748722493063446 1224979098644774915 1 38 1640 2 1224979098644774915 4 1641 2 1224979098644774915 38 1603 3 1224979098644774915 65536 1 501 3 1224979098644774915 8 1 2330 2 10 38 1106 2 1585267068834416222 3211208 1623 3 648518346341351424 38 3 2052 0  .  mno_siege_town  12 132 1 39 1 2 936748722493063398 648518346341351424 2133 2 1224979098644774912 72057594037927936 2204 2 1224979098644774913 1224979098644774912 522 3 1224979098644774914 1224979098644774913 11 520 3 1224979098644774915 1224979098644774914 10 132 1 1224979098644774915 2204 2 1224979098644774916 39 2190 3 1224979098644774917 1224979098644774916 1224979098644774913 2147483678 2 1224979098644774917 0 541 3 39 54 -1 2330 2 10 39  {s10}.  17 1 2 936748722493063398 648518346341351424 2133 2 1224979098644774912 72057594037927936 2204 2 1224979098644774913 1224979098644774912 522 3 1224979098644774914 1224979098644774913 11 520 3 1224979098644774915 1224979098644774914 10 1661 1 1224979098644774915 1623 3 1224979098644774915 39 0 501 3 39 54 1224979098644774915 1 4 936748722493063446 1224979098644774915 1 39 1640 2 1224979098644774915 4 1641 2 1224979098644774915 39 1603 3 1224979098644774915 65536 1 501 3 1224979098644774915 8 1 2330 2 10 39 1106 2 1585267068834416222 3211208 1623 3 648518346341351424 39 3 2052 0  .  mno_siege_town  12 132 1 40 1 2 936748722493063398 648518346341351424 2133 2 1224979098644774912 72057594037927936 2204 2 1224979098644774913 1224979098644774912 522 3 1224979098644774914 1224979098644774913 11 520 3 1224979098644774915 1224979098644774914 10 132 1 1224979098644774915 2204 2 1224979098644774916 40 2190 3 1224979098644774917 1224979098644774916 1224979098644774913 2147483678 2 1224979098644774917 0 541 3 40 54 -1 2330 2 10 40  {s10}.  17 1 2 936748722493063398 648518346341351424 2133 2 1224979098644774912 72057594037927936 2204 2 1224979098644774913 1224979098644774912 522 3 1224979098644774914 1224979098644774913 11 520 3 1224979098644774915 1224979098644774914 10 1661 1 1224979098644774915 1623 3 1224979098644774915 40 0 501 3 40 54 1224979098644774915 1 4 936748722493063446 1224979098644774915 1 40 1640 2 1224979098644774915 4 1641 2 1224979098644774915 40 1603 3 1224979098644774915 65536 1 501 3 1224979098644774915 8 1 2330 2 10 40 1106 2 1585267068834416222 3211208 1623 3 648518346341351424 40 3 2052 0  .  mno_siege_town  12 132 1 41 1 2 936748722493063398 648518346341351424 2133 2 1224979098644774912 72057594037927936 2204 2 1224979098644774913 1224979098644774912 522 3 1224979098644774914 1224979098644774913 11 520 3 1224979098644774915 1224979098644774914 10 132 1 1224979098644774915 2204 2 1224979098644774916 41 2190 3 1224979098644774917 1224979098644774916 1224979098644774913 2147483678 2 1224979098644774917 0 541 3 41 54 -1 2330 2 10 41  {s10}.  17 1 2 936748722493063398 648518346341351424 2133 2 1224979098644774912 72057594037927936 2204 2 1224979098644774913 1224979098644774912 522 3 1224979098644774914 1224979098644774913 11 520 3 1224979098644774915 1224979098644774914 10 1661 1 1224979098644774915 1623 3 1224979098644774915 41 0 501 3 41 54 1224979098644774915 1 4 936748722493063446 1224979098644774915 1 41 1640 2 1224979098644774915 4 1641 2 1224979098644774915 41 1603 3 1224979098644774915 65536 1 501 3 1224979098644774915 8 1 2330 2 10 41 1106 2 1585267068834416222 3211208 1623 3 648518346341351424 41 3 2052 0  .  mno_siege_town  12 132 1 42 1 2 936748722493063398 648518346341351424 2133 2 1224979098644774912 72057594037927936 2204 2 1224979098644774913 1224979098644774912 522 3 1224979098644774914 1224979098644774913 11 520 3 1224979098644774915 1224979098644774914 10 132 1 1224979098644774915 2204 2 1224979098644774916 42 2190 3 1224979098644774917 1224979098644774916 1224979098644774913 2147483678 2 1224979098644774917 0 541 3 42 54 -1 2330 2 10 42  {s10}.  17 1 2 936748722493063398 648518346341351424 2133 2 1224979098644774912 72057594037927936 2204 2 1224979098644774913 1224979098644774912 522 3 1224979098644774914 1224979098644774913 11 520 3 1224979098644774915 1224979098644774914 10 1661 1 1224979098644774915 1623 3 1224979098644774915 42 0 501 3 42 54 1224979098644774915 1 4 936748722493063446 1224979098644774915 1 42 1640 2 1224979098644774915 4 1641 2 1224979098644774915 42 1603 3 1224979098644774915 65536 1 501 3 1224979098644774915 8 1 2330 2 10 42 1106 2 1585267068834416222 3211208 1623 3 648518346341351424 42 3 2052 0  .  mno_siege_town  12 132 1 43 1 2 936748722493063398 648518346341351424 2133 2 1224979098644774912 72057594037927936 2204 2 1224979098644774913 1224979098644774912 522 3 1224979098644774914 1224979098644774913 11 520 3 1224979098644774915 1224979098644774914 10 132 1 1224979098644774915 2204 2 1224979098644774916 43 2190 3 1224979098644774917 1224979098644774916 1224979098644774913 2147483678 2 1224979098644774917 0 541 3 43 54 -1 2330 2 10 43  {s10}.  17 1 2 936748722493063398 648518346341351424 2133 2 1224979098644774912 72057594037927936 2204 2 1224979098644774913 1224979098644774912 522 3 1224979098644774914 1224979098644774913 11 520 3 1224979098644774915 1224979098644774914 10 1661 1 1224979098644774915 1623 3 1224979098644774915 43 0 501 3 43 54 1224979098644774915 1 4 936748722493063446 1224979098644774915 1 43 1640 2 1224979098644774915 4 1641 2 1224979098644774915 43 1603 3 1224979098644774915 65536 1 501 3 1224979098644774915 8 1 2330 2 10 43 1106 2 1585267068834416222 3211208 1623 3 648518346341351424 43 3 2052 0  .  mno_siege_town  12 132 1 44 1 2 936748722493063398 648518346341351424 2133 2 1224979098644774912 72057594037927936 2204 2 1224979098644774913 1224979098644774912 522 3 1224979098644774914 1224979098644774913 11 520 3 1224979098644774915 1224979098644774914 10 132 1 1224979098644774915 2204 2 1224979098644774916 44 2190 3 1224979098644774917 1224979098644774916 1224979098644774913 2147483678 2 1224979098644774917 0 541 3 44 54 -1 2330 2 10 44  {s10}.  17 1 2 936748722493063398 648518346341351424 2133 2 1224979098644774912 72057594037927936 2204 2 1224979098644774913 1224979098644774912 522 3 1224979098644774914 1224979098644774913 11 520 3 1224979098644774915 1224979098644774914 10 1661 1 1224979098644774915 1623 3 1224979098644774915 44 0 501 3 44 54 1224979098644774915 1 4 936748722493063446 1224979098644774915 1 44 1640 2 1224979098644774915 4 1641 2 1224979098644774915 44 1603 3 1224979098644774915 65536 1 501 3 1224979098644774915 8 1 2330 2 10 44 1106 2 1585267068834416222 3211208 1623 3 648518346341351424 44 3 2052 0  .  mno_siege_town  12 132 1 45 1 2 936748722493063398 648518346341351424 2133 2 1224979098644774912 72057594037927936 2204 2 1224979098644774913 1224979098644774912 522 3 1224979098644774914 1224979098644774913 11 520 3 1224979098644774915 1224979098644774914 10 132 1 1224979098644774915 2204 2 1224979098644774916 45 2190 3 1224979098644774917 1224979098644774916 1224979098644774913 2147483678 2 1224979098644774917 0 541 3 45 54 -1 2330 2 10 45  {s10}.  17 1 2 936748722493063398 648518346341351424 2133 2 1224979098644774912 72057594037927936 2204 2 1224979098644774913 1224979098644774912 522 3 1224979098644774914 1224979098644774913 11 520 3 1224979098644774915 1224979098644774914 10 1661 1 1224979098644774915 1623 3 1224979098644774915 45 0 501 3 45 54 1224979098644774915 1 4 936748722493063446 1224979098644774915 1 45 1640 2 1224979098644774915 4 1641 2 1224979098644774915 45 1603 3 1224979098644774915 65536 1 501 3 1224979098644774915 8 1 2330 2 10 45 1106 2 1585267068834416222 3211208 1623 3 648518346341351424 45 3 2052 0  .  mno_siege_town  12 132 1 46 1 2 936748722493063398 648518346341351424 2133 2 1224979098644774912 72057594037927936 2204 2 1224979098644774913 1224979098644774912 522 3 1224979098644774914 1224979098644774913 11 520 3 1224979098644774915 1224979098644774914 10 132 1 1224979098644774915 2204 2 1224979098644774916 46 2190 3 1224979098644774917 1224979098644774916 1224979098644774913 2147483678 2 1224979098644774917 0 541 3 46 54 -1 2330 2 10 46  {s10}.  17 1 2 936748722493063398 648518346341351424 2133 2 1224979098644774912 72057594037927936 2204 2 1224979098644774913 1224979098644774912 522 3 1224979098644774914 1224979098644774913 11 520 3 1224979098644774915 1224979098644774914 10 1661 1 1224979098644774915 1623 3 1224979098644774915 46 0 501 3 46 54 1224979098644774915 1 4 936748722493063446 1224979098644774915 1 46 1640 2 1224979098644774915 4 1641 2 1224979098644774915 46 1603 3 1224979098644774915 65536 1 501 3 1224979098644774915 8 1 2330 2 10 46 1106 2 1585267068834416222 3211208 1623 3 648518346341351424 46 3 2052 0  .  mno_siege_town  12 132 1 47 1 2 936748722493063398 648518346341351424 2133 2 1224979098644774912 72057594037927936 2204 2 1224979098644774913 1224979098644774912 522 3 1224979098644774914 1224979098644774913 11 520 3 1224979098644774915 1224979098644774914 10 132 1 1224979098644774915 2204 2 1224979098644774916 47 2190 3 1224979098644774917 1224979098644774916 1224979098644774913 2147483678 2 1224979098644774917 0 541 3 47 54 -1 2330 2 10 47  {s10}.  17 1 2 936748722493063398 648518346341351424 2133 2 1224979098644774912 72057594037927936 2204 2 1224979098644774913 1224979098644774912 522 3 1224979098644774914 1224979098644774913 11 520 3 1224979098644774915 1224979098644774914 10 1661 1 1224979098644774915 1623 3 1224979098644774915 47 0 501 3 47 54 1224979098644774915 1 4 936748722493063446 1224979098644774915 1 47 1640 2 1224979098644774915 4 1641 2 1224979098644774915 47 1603 3 1224979098644774915 65536 1 501 3 1224979098644774915 8 1 2330 2 10 47 1106 2 1585267068834416222 3211208 1623 3 648518346341351424 47 3 2052 0  .  mno_siege_town  12 132 1 48 1 2 936748722493063398 648518346341351424 2133 2 1224979098644774912 72057594037927936 2204 2 1224979098644774913 1224979098644774912 522 3 1224979098644774914 1224979098644774913 11 520 3 1224979098644774915 1224979098644774914 10 132 1 1224979098644774915 2204 2 1224979098644774916 48 2190 3 1224979098644774917 1224979098644774916 1224979098644774913 2147483678 2 1224979098644774917 0 541 3 48 54 -1 2330 2 10 48  {s10}.  17 1 2 936748722493063398 648518346341351424 2133 2 1224979098644774912 72057594037927936 2204 2 1224979098644774913 1224979098644774912 522 3 1224979098644774914 1224979098644774913 11 520 3 1224979098644774915 1224979098644774914 10 1661 1 1224979098644774915 1623 3 1224979098644774915 48 0 501 3 48 54 1224979098644774915 1 4 936748722493063446 1224979098644774915 1 48 1640 2 1224979098644774915 4 1641 2 1224979098644774915 48 1603 3 1224979098644774915 65536 1 501 3 1224979098644774915 8 1 2330 2 10 48 1106 2 1585267068834416222 3211208 1623 3 648518346341351424 48 3 2052 0  .  mno_siege_town  12 132 1 49 1 2 936748722493063398 648518346341351424 2133 2 1224979098644774912 72057594037927936 2204 2 1224979098644774913 1224979098644774912 522 3 1224979098644774914 1224979098644774913 11 520 3 1224979098644774915 1224979098644774914 10 132 1 1224979098644774915 2204 2 1224979098644774916 49 2190 3 1224979098644774917 1224979098644774916 1224979098644774913 2147483678 2 1224979098644774917 0 541 3 49 54 -1 2330 2 10 49  {s10}.  17 1 2 936748722493063398 648518346341351424 2133 2 1224979098644774912 72057594037927936 2204 2 1224979098644774913 1224979098644774912 522 3 1224979098644774914 1224979098644774913 11 520 3 1224979098644774915 1224979098644774914 10 1661 1 1224979098644774915 1623 3 1224979098644774915 49 0 501 3 49 54 1224979098644774915 1 4 936748722493063446 1224979098644774915 1 49 1640 2 1224979098644774915 4 1641 2 1224979098644774915 49 1603 3 1224979098644774915 65536 1 501 3 1224979098644774915 8 1 2330 2 10 49 1106 2 1585267068834416222 3211208 1623 3 648518346341351424 49 3 2052 0  .  mno_siege_town  12 132 1 50 1 2 936748722493063398 648518346341351424 2133 2 1224979098644774912 72057594037927936 2204 2 1224979098644774913 1224979098644774912 522 3 1224979098644774914 1224979098644774913 11 520 3 1224979098644774915 1224979098644774914 10 132 1 1224979098644774915 2204 2 1224979098644774916 50 2190 3 1224979098644774917 1224979098644774916 1224979098644774913 2147483678 2 1224979098644774917 0 541 3 50 54 -1 2330 2 10 50  {s10}.  17 1 2 936748722493063398 648518346341351424 2133 2 1224979098644774912 72057594037927936 2204 2 1224979098644774913 1224979098644774912 522 3 1224979098644774914 1224979098644774913 11 520 3 1224979098644774915 1224979098644774914 10 1661 1 1224979098644774915 1623 3 1224979098644774915 50 0 501 3 50 54 1224979098644774915 1 4 936748722493063446 1224979098644774915 1 50 1640 2 1224979098644774915 4 1641 2 1224979098644774915 50 1603 3 1224979098644774915 65536 1 501 3 1224979098644774915 8 1 2330 2 10 50 1106 2 1585267068834416222 3211208 1623 3 648518346341351424 50 3 2052 0  .  mno_siege_town  12 132 1 51 1 2 936748722493063398 648518346341351424 2133 2 1224979098644774912 72057594037927936 2204 2 1224979098644774913 1224979098644774912 522 3 1224979098644774914 1224979098644774913 11 520 3 1224979098644774915 1224979098644774914 10 132 1 1224979098644774915 2204 2 1224979098644774916 51 2190 3 1224979098644774917 1224979098644774916 1224979098644774913 2147483678 2 1224979098644774917 0 541 3 51 54 -1 2330 2 10 51  {s10}.  17 1 2 936748722493063398 648518346341351424 2133 2 1224979098644774912 72057594037927936 2204 2 1224979098644774913 1224979098644774912 522 3 1224979098644774914 1224979098644774913 11 520 3 1224979098644774915 1224979098644774914 10 1661 1 1224979098644774915 1623 3 1224979098644774915 51 0 501 3 51 54 1224979098644774915 1 4 936748722493063446 1224979098644774915 1 51 1640 2 1224979098644774915 4 1641 2 1224979098644774915 51 1603 3 1224979098644774915 65536 1 501 3 1224979098644774915 8 1 2330 2 10 51 1106 2 1585267068834416222 3211208 1623 3 648518346341351424 51 3 2052 0  .  mno_siege_town  12 132 1 52 1 2 936748722493063398 648518346341351424 2133 2 1224979098644774912 72057594037927936 2204 2 1224979098644774913 1224979098644774912 522 3 1224979098644774914 1224979098644774913 11 520 3 1224979098644774915 1224979098644774914 10 132 1 1224979098644774915 2204 2 1224979098644774916 52 2190 3 1224979098644774917 1224979098644774916 1224979098644774913 2147483678 2 1224979098644774917 0 541 3 52 54 -1 2330 2 10 52  {s10}.  17 1 2 936748722493063398 648518346341351424 2133 2 1224979098644774912 72057594037927936 2204 2 1224979098644774913 1224979098644774912 522 3 1224979098644774914 1224979098644774913 11 520 3 1224979098644774915 1224979098644774914 10 1661 1 1224979098644774915 1623 3 1224979098644774915 52 0 501 3 52 54 1224979098644774915 1 4 936748722493063446 1224979098644774915 1 52 1640 2 1224979098644774915 4 1641 2 1224979098644774915 52 1603 3 1224979098644774915 65536 1 501 3 1224979098644774915 8 1 2330 2 10 52 1106 2 1585267068834416222 3211208 1623 3 648518346341351424 52 3 2052 0  .  mno_siege_town  12 132 1 53 1 2 936748722493063398 648518346341351424 2133 2 1224979098644774912 72057594037927936 2204 2 1224979098644774913 1224979098644774912 522 3 1224979098644774914 1224979098644774913 11 520 3 1224979098644774915 1224979098644774914 10 132 1 1224979098644774915 2204 2 1224979098644774916 53 2190 3 1224979098644774917 1224979098644774916 1224979098644774913 2147483678 2 1224979098644774917 0 541 3 53 54 -1 2330 2 10 53  {s10}.  17 1 2 936748722493063398 648518346341351424 2133 2 1224979098644774912 72057594037927936 2204 2 1224979098644774913 1224979098644774912 522 3 1224979098644774914 1224979098644774913 11 520 3 1224979098644774915 1224979098644774914 10 1661 1 1224979098644774915 1623 3 1224979098644774915 53 0 501 3 53 54 1224979098644774915 1 4 936748722493063446 1224979098644774915 1 53 1640 2 1224979098644774915 4 1641 2 1224979098644774915 53 1603 3 1224979098644774915 65536 1 501 3 1224979098644774915 8 1 2330 2 10 53 1106 2 1585267068834416222 3211208 1623 3 648518346341351424 53 3 2052 0  .  mno_siege_town  12 132 1 54 1 2 936748722493063398 648518346341351424 2133 2 1224979098644774912 72057594037927936 2204 2 1224979098644774913 1224979098644774912 522 3 1224979098644774914 1224979098644774913 11 520 3 1224979098644774915 1224979098644774914 10 132 1 1224979098644774915 2204 2 1224979098644774916 54 2190 3 1224979098644774917 1224979098644774916 1224979098644774913 2147483678 2 1224979098644774917 0 541 3 54 54 -1 2330 2 10 54  {s10}.  17 1 2 936748722493063398 648518346341351424 2133 2 1224979098644774912 72057594037927936 2204 2 1224979098644774913 1224979098644774912 522 3 1224979098644774914 1224979098644774913 11 520 3 1224979098644774915 1224979098644774914 10 1661 1 1224979098644774915 1623 3 1224979098644774915 54 0 501 3 54 54 1224979098644774915 1 4 936748722493063446 1224979098644774915 1 54 1640 2 1224979098644774915 4 1641 2 1224979098644774915 54 1603 3 1224979098644774915 65536 1 501 3 1224979098644774915 8 1 2330 2 10 54 1106 2 1585267068834416222 3211208 1623 3 648518346341351424 54 3 2052 0  .  mno_siege_town  12 132 1 55 1 2 936748722493063398 648518346341351424 2133 2 1224979098644774912 72057594037927936 2204 2 1224979098644774913 1224979098644774912 522 3 1224979098644774914 1224979098644774913 11 520 3 1224979098644774915 1224979098644774914 10 132 1 1224979098644774915 2204 2 1224979098644774916 55 2190 3 1224979098644774917 1224979098644774916 1224979098644774913 2147483678 2 1224979098644774917 0 541 3 55 54 -1 2330 2 10 55  {s10}.  17 1 2 936748722493063398 648518346341351424 2133 2 1224979098644774912 72057594037927936 2204 2 1224979098644774913 1224979098644774912 522 3 1224979098644774914 1224979098644774913 11 520 3 1224979098644774915 1224979098644774914 10 1661 1 1224979098644774915 1623 3 1224979098644774915 55 0 501 3 55 54 1224979098644774915 1 4 936748722493063446 1224979098644774915 1 55 1640 2 1224979098644774915 4 1641 2 1224979098644774915 55 1603 3 1224979098644774915 65536 1 501 3 1224979098644774915 8 1 2330 2 10 55 1106 2 1585267068834416222 3211208 1623 3 648518346341351424 55 3 2052 0  .  mno_siege_town  12 132 1 56 1 2 936748722493063398 648518346341351424 2133 2 1224979098644774912 72057594037927936 2204 2 1224979098644774913 1224979098644774912 522 3 1224979098644774914 1224979098644774913 11 520 3 1224979098644774915 1224979098644774914 10 132 1 1224979098644774915 2204 2 1224979098644774916 56 2190 3 1224979098644774917 1224979098644774916 1224979098644774913 2147483678 2 1224979098644774917 0 541 3 56 54 -1 2330 2 10 56  {s10}.  17 1 2 936748722493063398 648518346341351424 2133 2 1224979098644774912 72057594037927936 2204 2 1224979098644774913 1224979098644774912 522 3 1224979098644774914 1224979098644774913 11 520 3 1224979098644774915 1224979098644774914 10 1661 1 1224979098644774915 1623 3 1224979098644774915 56 0 501 3 56 54 1224979098644774915 1 4 936748722493063446 1224979098644774915 1 56 1640 2 1224979098644774915 4 1641 2 1224979098644774915 56 1603 3 1224979098644774915 65536 1 501 3 1224979098644774915 8 1 2330 2 10 56 1106 2 1585267068834416222 3211208 1623 3 648518346341351424 56 3 2052 0  .  mno_siege_town  12 132 1 57 1 2 936748722493063398 648518346341351424 2133 2 1224979098644774912 72057594037927936 2204 2 1224979098644774913 1224979098644774912 522 3 1224979098644774914 1224979098644774913 11 520 3 1224979098644774915 1224979098644774914 10 132 1 1224979098644774915 2204 2 1224979098644774916 57 2190 3 1224979098644774917 1224979098644774916 1224979098644774913 2147483678 2 1224979098644774917 0 541 3 57 54 -1 2330 2 10 57  {s10}.  17 1 2 936748722493063398 648518346341351424 2133 2 1224979098644774912 72057594037927936 2204 2 1224979098644774913 1224979098644774912 522 3 1224979098644774914 1224979098644774913 11 520 3 1224979098644774915 1224979098644774914 10 1661 1 1224979098644774915 1623 3 1224979098644774915 57 0 501 3 57 54 1224979098644774915 1 4 936748722493063446 1224979098644774915 1 57 1640 2 1224979098644774915 4 1641 2 1224979098644774915 57 1603 3 1224979098644774915 65536 1 501 3 1224979098644774915 8 1 2330 2 10 57 1106 2 1585267068834416222 3211208 1623 3 648518346341351424 57 3 2052 0  .  mno_siege_town  12 132 1 58 1 2 936748722493063398 648518346341351424 2133 2 1224979098644774912 72057594037927936 2204 2 1224979098644774913 1224979098644774912 522 3 1224979098644774914 1224979098644774913 11 520 3 1224979098644774915 1224979098644774914 10 132 1 1224979098644774915 2204 2 1224979098644774916 58 2190 3 1224979098644774917 1224979098644774916 1224979098644774913 2147483678 2 1224979098644774917 0 541 3 58 54 -1 2330 2 10 58  {s10}.  17 1 2 936748722493063398 648518346341351424 2133 2 1224979098644774912 72057594037927936 2204 2 1224979098644774913 1224979098644774912 522 3 1224979098644774914 1224979098644774913 11 520 3 1224979098644774915 1224979098644774914 10 1661 1 1224979098644774915 1623 3 1224979098644774915 58 0 501 3 58 54 1224979098644774915 1 4 936748722493063446 1224979098644774915 1 58 1640 2 1224979098644774915 4 1641 2 1224979098644774915 58 1603 3 1224979098644774915 65536 1 501 3 1224979098644774915 8 1 2330 2 10 58 1106 2 1585267068834416222 3211208 1623 3 648518346341351424 58 3 2052 0  .  mno_siege_town  12 132 1 59 1 2 936748722493063398 648518346341351424 2133 2 1224979098644774912 72057594037927936 2204 2 1224979098644774913 1224979098644774912 522 3 1224979098644774914 1224979098644774913 11 520 3 1224979098644774915 1224979098644774914 10 132 1 1224979098644774915 2204 2 1224979098644774916 59 2190 3 1224979098644774917 1224979098644774916 1224979098644774913 2147483678 2 1224979098644774917 0 541 3 59 54 -1 2330 2 10 59  {s10}.  17 1 2 936748722493063398 648518346341351424 2133 2 1224979098644774912 72057594037927936 2204 2 1224979098644774913 1224979098644774912 522 3 1224979098644774914 1224979098644774913 11 520 3 1224979098644774915 1224979098644774914 10 1661 1 1224979098644774915 1623 3 1224979098644774915 59 0 501 3 59 54 1224979098644774915 1 4 936748722493063446 1224979098644774915 1 59 1640 2 1224979098644774915 4 1641 2 1224979098644774915 59 1603 3 1224979098644774915 65536 1 501 3 1224979098644774915 8 1 2330 2 10 59 1106 2 1585267068834416222 3211208 1623 3 648518346341351424 59 3 2052 0  .  mno_siege_town  12 132 1 60 1 2 936748722493063398 648518346341351424 2133 2 1224979098644774912 72057594037927936 2204 2 1224979098644774913 1224979098644774912 522 3 1224979098644774914 1224979098644774913 11 520 3 1224979098644774915 1224979098644774914 10 132 1 1224979098644774915 2204 2 1224979098644774916 60 2190 3 1224979098644774917 1224979098644774916 1224979098644774913 2147483678 2 1224979098644774917 0 541 3 60 54 -1 2330 2 10 60  {s10}.  17 1 2 936748722493063398 648518346341351424 2133 2 1224979098644774912 72057594037927936 2204 2 1224979098644774913 1224979098644774912 522 3 1224979098644774914 1224979098644774913 11 520 3 1224979098644774915 1224979098644774914 10 1661 1 1224979098644774915 1623 3 1224979098644774915 60 0 501 3 60 54 1224979098644774915 1 4 936748722493063446 1224979098644774915 1 60 1640 2 1224979098644774915 4 1641 2 1224979098644774915 60 1603 3 1224979098644774915 65536 1 501 3 1224979098644774915 8 1 2330 2 10 60 1106 2 1585267068834416222 3211208 1623 3 648518346341351424 60 3 2052 0  .  mno_siege_town  12 132 1 61 1 2 936748722493063398 648518346341351424 2133 2 1224979098644774912 72057594037927936 2204 2 1224979098644774913 1224979098644774912 522 3 1224979098644774914 1224979098644774913 11 520 3 1224979098644774915 1224979098644774914 10 132 1 1224979098644774915 2204 2 1224979098644774916 61 2190 3 1224979098644774917 1224979098644774916 1224979098644774913 2147483678 2 1224979098644774917 0 541 3 61 54 -1 2330 2 10 61  {s10}.  17 1 2 936748722493063398 648518346341351424 2133 2 1224979098644774912 72057594037927936 2204 2 1224979098644774913 1224979098644774912 522 3 1224979098644774914 1224979098644774913 11 520 3 1224979098644774915 1224979098644774914 10 1661 1 1224979098644774915 1623 3 1224979098644774915 61 0 501 3 61 54 1224979098644774915 1 4 936748722493063446 1224979098644774915 1 61 1640 2 1224979098644774915 4 1641 2 1224979098644774915 61 1603 3 1224979098644774915 65536 1 501 3 1224979098644774915 8 1 2330 2 10 61 1106 2 1585267068834416222 3211208 1623 3 648518346341351424 61 3 2052 0  .  mno_siege_town  12 132 1 62 1 2 936748722493063398 648518346341351424 2133 2 1224979098644774912 72057594037927936 2204 2 1224979098644774913 1224979098644774912 522 3 1224979098644774914 1224979098644774913 11 520 3 1224979098644774915 1224979098644774914 10 132 1 1224979098644774915 2204 2 1224979098644774916 62 2190 3 1224979098644774917 1224979098644774916 1224979098644774913 2147483678 2 1224979098644774917 0 541 3 62 54 -1 2330 2 10 62  {s10}.  17 1 2 936748722493063398 648518346341351424 2133 2 1224979098644774912 72057594037927936 2204 2 1224979098644774913 1224979098644774912 522 3 1224979098644774914 1224979098644774913 11 520 3 1224979098644774915 1224979098644774914 10 1661 1 1224979098644774915 1623 3 1224979098644774915 62 0 501 3 62 54 1224979098644774915 1 4 936748722493063446 1224979098644774915 1 62 1640 2 1224979098644774915 4 1641 2 1224979098644774915 62 1603 3 1224979098644774915 65536 1 501 3 1224979098644774915 8 1 2330 2 10 62 1106 2 1585267068834416222 3211208 1623 3 648518346341351424 62 3 2052 0  .  mno_siege_town  12 132 1 63 1 2 936748722493063398 648518346341351424 2133 2 1224979098644774912 72057594037927936 2204 2 1224979098644774913 1224979098644774912 522 3 1224979098644774914 1224979098644774913 11 520 3 1224979098644774915 1224979098644774914 10 132 1 1224979098644774915 2204 2 1224979098644774916 63 2190 3 1224979098644774917 1224979098644774916 1224979098644774913 2147483678 2 1224979098644774917 0 541 3 63 54 -1 2330 2 10 63  {s10}.  17 1 2 936748722493063398 648518346341351424 2133 2 1224979098644774912 72057594037927936 2204 2 1224979098644774913 1224979098644774912 522 3 1224979098644774914 1224979098644774913 11 520 3 1224979098644774915 1224979098644774914 10 1661 1 1224979098644774915 1623 3 1224979098644774915 63 0 501 3 63 54 1224979098644774915 1 4 936748722493063446 1224979098644774915 1 63 1640 2 1224979098644774915 4 1641 2 1224979098644774915 63 1603 3 1224979098644774915 65536 1 501 3 1224979098644774915 8 1 2330 2 10 63 1106 2 1585267068834416222 3211208 1623 3 648518346341351424 63 3 2052 0  .  mno_siege_town  12 132 1 64 1 2 936748722493063398 648518346341351424 2133 2 1224979098644774912 72057594037927936 2204 2 1224979098644774913 1224979098644774912 522 3 1224979098644774914 1224979098644774913 11 520 3 1224979098644774915 1224979098644774914 10 132 1 1224979098644774915 2204 2 1224979098644774916 64 2190 3 1224979098644774917 1224979098644774916 1224979098644774913 2147483678 2 1224979098644774917 0 541 3 64 54 -1 2330 2 10 64  {s10}.  17 1 2 936748722493063398 648518346341351424 2133 2 1224979098644774912 72057594037927936 2204 2 1224979098644774913 1224979098644774912 522 3 1224979098644774914 1224979098644774913 11 520 3 1224979098644774915 1224979098644774914 10 1661 1 1224979098644774915 1623 3 1224979098644774915 64 0 501 3 64 54 1224979098644774915 1 4 936748722493063446 1224979098644774915 1 64 1640 2 1224979098644774915 4 1641 2 1224979098644774915 64 1603 3 1224979098644774915 65536 1 501 3 1224979098644774915 8 1 2330 2 10 64 1106 2 1585267068834416222 3211208 1623 3 648518346341351424 64 3 2052 0  .  mno_siege_town  12 132 1 65 1 2 936748722493063398 648518346341351424 2133 2 1224979098644774912 72057594037927936 2204 2 1224979098644774913 1224979098644774912 522 3 1224979098644774914 1224979098644774913 11 520 3 1224979098644774915 1224979098644774914 10 132 1 1224979098644774915 2204 2 1224979098644774916 65 2190 3 1224979098644774917 1224979098644774916 1224979098644774913 2147483678 2 1224979098644774917 0 541 3 65 54 -1 2330 2 10 65  {s10}.  17 1 2 936748722493063398 648518346341351424 2133 2 1224979098644774912 72057594037927936 2204 2 1224979098644774913 1224979098644774912 522 3 1224979098644774914 1224979098644774913 11 520 3 1224979098644774915 1224979098644774914 10 1661 1 1224979098644774915 1623 3 1224979098644774915 65 0 501 3 65 54 1224979098644774915 1 4 936748722493063446 1224979098644774915 1 65 1640 2 1224979098644774915 4 1641 2 1224979098644774915 65 1603 3 1224979098644774915 65536 1 501 3 1224979098644774915 8 1 2330 2 10 65 1106 2 1585267068834416222 3211208 1623 3 648518346341351424 65 3 2052 0  .  mno_siege_town  12 132 1 66 1 2 936748722493063398 648518346341351424 2133 2 1224979098644774912 72057594037927936 2204 2 1224979098644774913 1224979098644774912 522 3 1224979098644774914 1224979098644774913 11 520 3 1224979098644774915 1224979098644774914 10 132 1 1224979098644774915 2204 2 1224979098644774916 66 2190 3 1224979098644774917 1224979098644774916 1224979098644774913 2147483678 2 1224979098644774917 0 541 3 66 54 -1 2330 2 10 66  {s10}.  17 1 2 936748722493063398 648518346341351424 2133 2 1224979098644774912 72057594037927936 2204 2 1224979098644774913 1224979098644774912 522 3 1224979098644774914 1224979098644774913 11 520 3 1224979098644774915 1224979098644774914 10 1661 1 1224979098644774915 1623 3 1224979098644774915 66 0 501 3 66 54 1224979098644774915 1 4 936748722493063446 1224979098644774915 1 66 1640 2 1224979098644774915 4 1641 2 1224979098644774915 66 1603 3 1224979098644774915 65536 1 501 3 1224979098644774915 8 1 2330 2 10 66 1106 2 1585267068834416222 3211208 1623 3 648518346341351424 66 3 2052 0  .  mno_siege_town  12 132 1 67 1 2 936748722493063398 648518346341351424 2133 2 1224979098644774912 72057594037927936 2204 2 1224979098644774913 1224979098644774912 522 3 1224979098644774914 1224979098644774913 11 520 3 1224979098644774915 1224979098644774914 10 132 1 1224979098644774915 2204 2 1224979098644774916 67 2190 3 1224979098644774917 1224979098644774916 1224979098644774913 2147483678 2 1224979098644774917 0 541 3 67 54 -1 2330 2 10 67  {s10}.  17 1 2 936748722493063398 648518346341351424 2133 2 1224979098644774912 72057594037927936 2204 2 1224979098644774913 1224979098644774912 522 3 1224979098644774914 1224979098644774913 11 520 3 1224979098644774915 1224979098644774914 10 1661 1 1224979098644774915 1623 3 1224979098644774915 67 0 501 3 67 54 1224979098644774915 1 4 936748722493063446 1224979098644774915 1 67 1640 2 1224979098644774915 4 1641 2 1224979098644774915 67 1603 3 1224979098644774915 65536 1 501 3 1224979098644774915 8 1 2330 2 10 67 1106 2 1585267068834416222 3211208 1623 3 648518346341351424 67 3 2052 0  .  mno_siege_town  12 132 1 68 1 2 936748722493063398 648518346341351424 2133 2 1224979098644774912 72057594037927936 2204 2 1224979098644774913 1224979098644774912 522 3 1224979098644774914 1224979098644774913 11 520 3 1224979098644774915 1224979098644774914 10 132 1 1224979098644774915 2204 2 1224979098644774916 68 2190 3 1224979098644774917 1224979098644774916 1224979098644774913 2147483678 2 1224979098644774917 0 541 3 68 54 -1 2330 2 10 68  {s10}.  17 1 2 936748722493063398 648518346341351424 2133 2 1224979098644774912 72057594037927936 2204 2 1224979098644774913 1224979098644774912 522 3 1224979098644774914 1224979098644774913 11 520 3 1224979098644774915 1224979098644774914 10 1661 1 1224979098644774915 1623 3 1224979098644774915 68 0 501 3 68 54 1224979098644774915 1 4 936748722493063446 1224979098644774915 1 68 1640 2 1224979098644774915 4 1641 2 1224979098644774915 68 1603 3 1224979098644774915 65536 1 501 3 1224979098644774915 8 1 2330 2 10 68 1106 2 1585267068834416222 3211208 1623 3 648518346341351424 68 3 2052 0  .  mno_siege_town  12 132 1 69 1 2 936748722493063398 648518346341351424 2133 2 1224979098644774912 72057594037927936 2204 2 1224979098644774913 1224979098644774912 522 3 1224979098644774914 1224979098644774913 11 520 3 1224979098644774915 1224979098644774914 10 132 1 1224979098644774915 2204 2 1224979098644774916 69 2190 3 1224979098644774917 1224979098644774916 1224979098644774913 2147483678 2 1224979098644774917 0 541 3 69 54 -1 2330 2 10 69  {s10}.  17 1 2 936748722493063398 648518346341351424 2133 2 1224979098644774912 72057594037927936 2204 2 1224979098644774913 1224979098644774912 522 3 1224979098644774914 1224979098644774913 11 520 3 1224979098644774915 1224979098644774914 10 1661 1 1224979098644774915 1623 3 1224979098644774915 69 0 501 3 69 54 1224979098644774915 1 4 936748722493063446 1224979098644774915 1 69 1640 2 1224979098644774915 4 1641 2 1224979098644774915 69 1603 3 1224979098644774915 65536 1 501 3 1224979098644774915 8 1 2330 2 10 69 1106 2 1585267068834416222 3211208 1623 3 648518346341351424 69 3 2052 0  .  mno_siege_town  12 132 1 70 1 2 936748722493063398 648518346341351424 2133 2 1224979098644774912 72057594037927936 2204 2 1224979098644774913 1224979098644774912 522 3 1224979098644774914 1224979098644774913 11 520 3 1224979098644774915 1224979098644774914 10 132 1 1224979098644774915 2204 2 1224979098644774916 70 2190 3 1224979098644774917 1224979098644774916 1224979098644774913 2147483678 2 1224979098644774917 0 541 3 70 54 -1 2330 2 10 70  {s10}.  17 1 2 936748722493063398 648518346341351424 2133 2 1224979098644774912 72057594037927936 2204 2 1224979098644774913 1224979098644774912 522 3 1224979098644774914 1224979098644774913 11 520 3 1224979098644774915 1224979098644774914 10 1661 1 1224979098644774915 1623 3 1224979098644774915 70 0 501 3 70 54 1224979098644774915 1 4 936748722493063446 1224979098644774915 1 70 1640 2 1224979098644774915 4 1641 2 1224979098644774915 70 1603 3 1224979098644774915 65536 1 501 3 1224979098644774915 8 1 2330 2 10 70 1106 2 1585267068834416222 3211208 1623 3 648518346341351424 70 3 2052 0  .  mno_siege_town  12 132 1 71 1 2 936748722493063398 648518346341351424 2133 2 1224979098644774912 72057594037927936 2204 2 1224979098644774913 1224979098644774912 522 3 1224979098644774914 1224979098644774913 11 520 3 1224979098644774915 1224979098644774914 10 132 1 1224979098644774915 2204 2 1224979098644774916 71 2190 3 1224979098644774917 1224979098644774916 1224979098644774913 2147483678 2 1224979098644774917 0 541 3 71 54 -1 2330 2 10 71  {s10}.  17 1 2 936748722493063398 648518346341351424 2133 2 1224979098644774912 72057594037927936 2204 2 1224979098644774913 1224979098644774912 522 3 1224979098644774914 1224979098644774913 11 520 3 1224979098644774915 1224979098644774914 10 1661 1 1224979098644774915 1623 3 1224979098644774915 71 0 501 3 71 54 1224979098644774915 1 4 936748722493063446 1224979098644774915 1 71 1640 2 1224979098644774915 4 1641 2 1224979098644774915 71 1603 3 1224979098644774915 65536 1 501 3 1224979098644774915 8 1 2330 2 10 71 1106 2 1585267068834416222 3211208 1623 3 648518346341351424 71 3 2052 0  .  mno_siege_town  12 132 1 72 1 2 936748722493063398 648518346341351424 2133 2 1224979098644774912 72057594037927936 2204 2 1224979098644774913 1224979098644774912 522 3 1224979098644774914 1224979098644774913 11 520 3 1224979098644774915 1224979098644774914 10 132 1 1224979098644774915 2204 2 1224979098644774916 72 2190 3 1224979098644774917 1224979098644774916 1224979098644774913 2147483678 2 1224979098644774917 0 541 3 72 54 -1 2330 2 10 72  {s10}.  17 1 2 936748722493063398 648518346341351424 2133 2 1224979098644774912 72057594037927936 2204 2 1224979098644774913 1224979098644774912 522 3 1224979098644774914 1224979098644774913 11 520 3 1224979098644774915 1224979098644774914 10 1661 1 1224979098644774915 1623 3 1224979098644774915 72 0 501 3 72 54 1224979098644774915 1 4 936748722493063446 1224979098644774915 1 72 1640 2 1224979098644774915 4 1641 2 1224979098644774915 72 1603 3 1224979098644774915 65536 1 501 3 1224979098644774915 8 1 2330 2 10 72 1106 2 1585267068834416222 3211208 1623 3 648518346341351424 72 3 2052 0  .  mno_siege_town  12 132 1 73 1 2 936748722493063398 648518346341351424 2133 2 1224979098644774912 72057594037927936 2204 2 1224979098644774913 1224979098644774912 522 3 1224979098644774914 1224979098644774913 11 520 3 1224979098644774915 1224979098644774914 10 132 1 1224979098644774915 2204 2 1224979098644774916 73 2190 3 1224979098644774917 1224979098644774916 1224979098644774913 2147483678 2 1224979098644774917 0 541 3 73 54 -1 2330 2 10 73  {s10}.  17 1 2 936748722493063398 648518346341351424 2133 2 1224979098644774912 72057594037927936 2204 2 1224979098644774913 1224979098644774912 522 3 1224979098644774914 1224979098644774913 11 520 3 1224979098644774915 1224979098644774914 10 1661 1 1224979098644774915 1623 3 1224979098644774915 73 0 501 3 73 54 1224979098644774915 1 4 936748722493063446 1224979098644774915 1 73 1640 2 1224979098644774915 4 1641 2 1224979098644774915 73 1603 3 1224979098644774915 65536 1 501 3 1224979098644774915 8 1 2330 2 10 73 1106 2 1585267068834416222 3211208 1623 3 648518346341351424 73 3 2052 0  .  mno_siege_town  12 132 1 74 1 2 936748722493063398 648518346341351424 2133 2 1224979098644774912 72057594037927936 2204 2 1224979098644774913 1224979098644774912 522 3 1224979098644774914 1224979098644774913 11 520 3 1224979098644774915 1224979098644774914 10 132 1 1224979098644774915 2204 2 1224979098644774916 74 2190 3 1224979098644774917 1224979098644774916 1224979098644774913 2147483678 2 1224979098644774917 0 541 3 74 54 -1 2330 2 10 74  {s10}.  17 1 2 936748722493063398 648518346341351424 2133 2 1224979098644774912 72057594037927936 2204 2 1224979098644774913 1224979098644774912 522 3 1224979098644774914 1224979098644774913 11 520 3 1224979098644774915 1224979098644774914 10 1661 1 1224979098644774915 1623 3 1224979098644774915 74 0 501 3 74 54 1224979098644774915 1 4 936748722493063446 1224979098644774915 1 74 1640 2 1224979098644774915 4 1641 2 1224979098644774915 74 1603 3 1224979098644774915 65536 1 501 3 1224979098644774915 8 1 2330 2 10 74 1106 2 1585267068834416222 3211208 1623 3 648518346341351424 74 3 2052 0  .  mno_siege_town  12 132 1 75 1 2 936748722493063398 648518346341351424 2133 2 1224979098644774912 72057594037927936 2204 2 1224979098644774913 1224979098644774912 522 3 1224979098644774914 1224979098644774913 11 520 3 1224979098644774915 1224979098644774914 10 132 1 1224979098644774915 2204 2 1224979098644774916 75 2190 3 1224979098644774917 1224979098644774916 1224979098644774913 2147483678 2 1224979098644774917 0 541 3 75 54 -1 2330 2 10 75  {s10}.  17 1 2 936748722493063398 648518346341351424 2133 2 1224979098644774912 72057594037927936 2204 2 1224979098644774913 1224979098644774912 522 3 1224979098644774914 1224979098644774913 11 520 3 1224979098644774915 1224979098644774914 10 1661 1 1224979098644774915 1623 3 1224979098644774915 75 0 501 3 75 54 1224979098644774915 1 4 936748722493063446 1224979098644774915 1 75 1640 2 1224979098644774915 4 1641 2 1224979098644774915 75 1603 3 1224979098644774915 65536 1 501 3 1224979098644774915 8 1 2330 2 10 75 1106 2 1585267068834416222 3211208 1623 3 648518346341351424 75 3 2052 0  .  mno_siege_town  12 132 1 76 1 2 936748722493063398 648518346341351424 2133 2 1224979098644774912 72057594037927936 2204 2 1224979098644774913 1224979098644774912 522 3 1224979098644774914 1224979098644774913 11 520 3 1224979098644774915 1224979098644774914 10 132 1 1224979098644774915 2204 2 1224979098644774916 76 2190 3 1224979098644774917 1224979098644774916 1224979098644774913 2147483678 2 1224979098644774917 0 541 3 76 54 -1 2330 2 10 76  {s10}.  17 1 2 936748722493063398 648518346341351424 2133 2 1224979098644774912 72057594037927936 2204 2 1224979098644774913 1224979098644774912 522 3 1224979098644774914 1224979098644774913 11 520 3 1224979098644774915 1224979098644774914 10 1661 1 1224979098644774915 1623 3 1224979098644774915 76 0 501 3 76 54 1224979098644774915 1 4 936748722493063446 1224979098644774915 1 76 1640 2 1224979098644774915 4 1641 2 1224979098644774915 76 1603 3 1224979098644774915 65536 1 501 3 1224979098644774915 8 1 2330 2 10 76 1106 2 1585267068834416222 3211208 1623 3 648518346341351424 76 3 2052 0  .  mno_siege_town  12 132 1 77 1 2 936748722493063398 648518346341351424 2133 2 1224979098644774912 72057594037927936 2204 2 1224979098644774913 1224979098644774912 522 3 1224979098644774914 1224979098644774913 11 520 3 1224979098644774915 1224979098644774914 10 132 1 1224979098644774915 2204 2 1224979098644774916 77 2190 3 1224979098644774917 1224979098644774916 1224979098644774913 2147483678 2 1224979098644774917 0 541 3 77 54 -1 2330 2 10 77  {s10}.  17 1 2 936748722493063398 648518346341351424 2133 2 1224979098644774912 72057594037927936 2204 2 1224979098644774913 1224979098644774912 522 3 1224979098644774914 1224979098644774913 11 520 3 1224979098644774915 1224979098644774914 10 1661 1 1224979098644774915 1623 3 1224979098644774915 77 0 501 3 77 54 1224979098644774915 1 4 936748722493063446 1224979098644774915 1 77 1640 2 1224979098644774915 4 1641 2 1224979098644774915 77 1603 3 1224979098644774915 65536 1 501 3 1224979098644774915 8 1 2330 2 10 77 1106 2 1585267068834416222 3211208 1623 3 648518346341351424 77 3 2052 0  .  mno_siege_town  12 132 1 78 1 2 936748722493063398 648518346341351424 2133 2 1224979098644774912 72057594037927936 2204 2 1224979098644774913 1224979098644774912 522 3 1224979098644774914 1224979098644774913 11 520 3 1224979098644774915 1224979098644774914 10 132 1 1224979098644774915 2204 2 1224979098644774916 78 2190 3 1224979098644774917 1224979098644774916 1224979098644774913 2147483678 2 1224979098644774917 0 541 3 78 54 -1 2330 2 10 78  {s10}.  17 1 2 936748722493063398 648518346341351424 2133 2 1224979098644774912 72057594037927936 2204 2 1224979098644774913 1224979098644774912 522 3 1224979098644774914 1224979098644774913 11 520 3 1224979098644774915 1224979098644774914 10 1661 1 1224979098644774915 1623 3 1224979098644774915 78 0 501 3 78 54 1224979098644774915 1 4 936748722493063446 1224979098644774915 1 78 1640 2 1224979098644774915 4 1641 2 1224979098644774915 78 1603 3 1224979098644774915 65536 1 501 3 1224979098644774915 8 1 2330 2 10 78 1106 2 1585267068834416222 3211208 1623 3 648518346341351424 78 3 2052 0  .  mno_siege_town  12 132 1 79 1 2 936748722493063398 648518346341351424 2133 2 1224979098644774912 72057594037927936 2204 2 1224979098644774913 1224979098644774912 522 3 1224979098644774914 1224979098644774913 11 520 3 1224979098644774915 1224979098644774914 10 132 1 1224979098644774915 2204 2 1224979098644774916 79 2190 3 1224979098644774917 1224979098644774916 1224979098644774913 2147483678 2 1224979098644774917 0 541 3 79 54 -1 2330 2 10 79  {s10}.  17 1 2 936748722493063398 648518346341351424 2133 2 1224979098644774912 72057594037927936 2204 2 1224979098644774913 1224979098644774912 522 3 1224979098644774914 1224979098644774913 11 520 3 1224979098644774915 1224979098644774914 10 1661 1 1224979098644774915 1623 3 1224979098644774915 79 0 501 3 79 54 1224979098644774915 1 4 936748722493063446 1224979098644774915 1 79 1640 2 1224979098644774915 4 1641 2 1224979098644774915 79 1603 3 1224979098644774915 65536 1 501 3 1224979098644774915 8 1 2330 2 10 79 1106 2 1585267068834416222 3211208 1623 3 648518346341351424 79 3 2052 0  .  mno_siege_town  12 132 1 80 1 2 936748722493063398 648518346341351424 2133 2 1224979098644774912 72057594037927936 2204 2 1224979098644774913 1224979098644774912 522 3 1224979098644774914 1224979098644774913 11 520 3 1224979098644774915 1224979098644774914 10 132 1 1224979098644774915 2204 2 1224979098644774916 80 2190 3 1224979098644774917 1224979098644774916 1224979098644774913 2147483678 2 1224979098644774917 0 541 3 80 54 -1 2330 2 10 80  {s10}.  17 1 2 936748722493063398 648518346341351424 2133 2 1224979098644774912 72057594037927936 2204 2 1224979098644774913 1224979098644774912 522 3 1224979098644774914 1224979098644774913 11 520 3 1224979098644774915 1224979098644774914 10 1661 1 1224979098644774915 1623 3 1224979098644774915 80 0 501 3 80 54 1224979098644774915 1 4 936748722493063446 1224979098644774915 1 80 1640 2 1224979098644774915 4 1641 2 1224979098644774915 80 1603 3 1224979098644774915 65536 1 501 3 1224979098644774915 8 1 2330 2 10 80 1106 2 1585267068834416222 3211208 1623 3 648518346341351424 80 3 2052 0  .  mno_siege_town  12 132 1 81 1 2 936748722493063398 648518346341351424 2133 2 1224979098644774912 72057594037927936 2204 2 1224979098644774913 1224979098644774912 522 3 1224979098644774914 1224979098644774913 11 520 3 1224979098644774915 1224979098644774914 10 132 1 1224979098644774915 2204 2 1224979098644774916 81 2190 3 1224979098644774917 1224979098644774916 1224979098644774913 2147483678 2 1224979098644774917 0 541 3 81 54 -1 2330 2 10 81  {s10}.  17 1 2 936748722493063398 648518346341351424 2133 2 1224979098644774912 72057594037927936 2204 2 1224979098644774913 1224979098644774912 522 3 1224979098644774914 1224979098644774913 11 520 3 1224979098644774915 1224979098644774914 10 1661 1 1224979098644774915 1623 3 1224979098644774915 81 0 501 3 81 54 1224979098644774915 1 4 936748722493063446 1224979098644774915 1 81 1640 2 1224979098644774915 4 1641 2 1224979098644774915 81 1603 3 1224979098644774915 65536 1 501 3 1224979098644774915 8 1 2330 2 10 81 1106 2 1585267068834416222 3211208 1623 3 648518346341351424 81 3 2052 0  .  mno_siege_town  12 132 1 82 1 2 936748722493063398 648518346341351424 2133 2 1224979098644774912 72057594037927936 2204 2 1224979098644774913 1224979098644774912 522 3 1224979098644774914 1224979098644774913 11 520 3 1224979098644774915 1224979098644774914 10 132 1 1224979098644774915 2204 2 1224979098644774916 82 2190 3 1224979098644774917 1224979098644774916 1224979098644774913 2147483678 2 1224979098644774917 0 541 3 82 54 -1 2330 2 10 82  {s10}.  17 1 2 936748722493063398 648518346341351424 2133 2 1224979098644774912 72057594037927936 2204 2 1224979098644774913 1224979098644774912 522 3 1224979098644774914 1224979098644774913 11 520 3 1224979098644774915 1224979098644774914 10 1661 1 1224979098644774915 1623 3 1224979098644774915 82 0 501 3 82 54 1224979098644774915 1 4 936748722493063446 1224979098644774915 1 82 1640 2 1224979098644774915 4 1641 2 1224979098644774915 82 1603 3 1224979098644774915 65536 1 501 3 1224979098644774915 8 1 2330 2 10 82 1106 2 1585267068834416222 3211208 1623 3 648518346341351424 82 3 2052 0  .  mno_siege_town  12 132 1 83 1 2 936748722493063398 648518346341351424 2133 2 1224979098644774912 72057594037927936 2204 2 1224979098644774913 1224979098644774912 522 3 1224979098644774914 1224979098644774913 11 520 3 1224979098644774915 1224979098644774914 10 132 1 1224979098644774915 2204 2 1224979098644774916 83 2190 3 1224979098644774917 1224979098644774916 1224979098644774913 2147483678 2 1224979098644774917 0 541 3 83 54 -1 2330 2 10 83  {s10}.  17 1 2 936748722493063398 648518346341351424 2133 2 1224979098644774912 72057594037927936 2204 2 1224979098644774913 1224979098644774912 522 3 1224979098644774914 1224979098644774913 11 520 3 1224979098644774915 1224979098644774914 10 1661 1 1224979098644774915 1623 3 1224979098644774915 83 0 501 3 83 54 1224979098644774915 1 4 936748722493063446 1224979098644774915 1 83 1640 2 1224979098644774915 4 1641 2 1224979098644774915 83 1603 3 1224979098644774915 65536 1 501 3 1224979098644774915 8 1 2330 2 10 83 1106 2 1585267068834416222 3211208 1623 3 648518346341351424 83 3 2052 0  .  mno_siege_town  12 132 1 84 1 2 936748722493063398 648518346341351424 2133 2 1224979098644774912 72057594037927936 2204 2 1224979098644774913 1224979098644774912 522 3 1224979098644774914 1224979098644774913 11 520 3 1224979098644774915 1224979098644774914 10 132 1 1224979098644774915 2204 2 1224979098644774916 84 2190 3 1224979098644774917 1224979098644774916 1224979098644774913 2147483678 2 1224979098644774917 0 541 3 84 54 -1 2330 2 10 84  {s10}.  17 1 2 936748722493063398 648518346341351424 2133 2 1224979098644774912 72057594037927936 2204 2 1224979098644774913 1224979098644774912 522 3 1224979098644774914 1224979098644774913 11 520 3 1224979098644774915 1224979098644774914 10 1661 1 1224979098644774915 1623 3 1224979098644774915 84 0 501 3 84 54 1224979098644774915 1 4 936748722493063446 1224979098644774915 1 84 1640 2 1224979098644774915 4 1641 2 1224979098644774915 84 1603 3 1224979098644774915 65536 1 501 3 1224979098644774915 8 1 2330 2 10 84 1106 2 1585267068834416222 3211208 1623 3 648518346341351424 84 3 2052 0  .  mno_siege_town  12 132 1 85 1 2 936748722493063398 648518346341351424 2133 2 1224979098644774912 72057594037927936 2204 2 1224979098644774913 1224979098644774912 522 3 1224979098644774914 1224979098644774913 11 520 3 1224979098644774915 1224979098644774914 10 132 1 1224979098644774915 2204 2 1224979098644774916 85 2190 3 1224979098644774917 1224979098644774916 1224979098644774913 2147483678 2 1224979098644774917 0 541 3 85 54 -1 2330 2 10 85  {s10}.  17 1 2 936748722493063398 648518346341351424 2133 2 1224979098644774912 72057594037927936 2204 2 1224979098644774913 1224979098644774912 522 3 1224979098644774914 1224979098644774913 11 520 3 1224979098644774915 1224979098644774914 10 1661 1 1224979098644774915 1623 3 1224979098644774915 85 0 501 3 85 54 1224979098644774915 1 4 936748722493063446 1224979098644774915 1 85 1640 2 1224979098644774915 4 1641 2 1224979098644774915 85 1603 3 1224979098644774915 65536 1 501 3 1224979098644774915 8 1 2330 2 10 85 1106 2 1585267068834416222 3211208 1623 3 648518346341351424 85 3 2052 0  .  mno_siege_town  12 132 1 86 1 2 936748722493063398 648518346341351424 2133 2 1224979098644774912 72057594037927936 2204 2 1224979098644774913 1224979098644774912 522 3 1224979098644774914 1224979098644774913 11 520 3 1224979098644774915 1224979098644774914 10 132 1 1224979098644774915 2204 2 1224979098644774916 86 2190 3 1224979098644774917 1224979098644774916 1224979098644774913 2147483678 2 1224979098644774917 0 541 3 86 54 -1 2330 2 10 86  {s10}.  17 1 2 936748722493063398 648518346341351424 2133 2 1224979098644774912 72057594037927936 2204 2 1224979098644774913 1224979098644774912 522 3 1224979098644774914 1224979098644774913 11 520 3 1224979098644774915 1224979098644774914 10 1661 1 1224979098644774915 1623 3 1224979098644774915 86 0 501 3 86 54 1224979098644774915 1 4 936748722493063446 1224979098644774915 1 86 1640 2 1224979098644774915 4 1641 2 1224979098644774915 86 1603 3 1224979098644774915 65536 1 501 3 1224979098644774915 8 1 2330 2 10 86 1106 2 1585267068834416222 3211208 1623 3 648518346341351424 86 3 2052 0  .  mno_siege_town  12 132 1 87 1 2 936748722493063398 648518346341351424 2133 2 1224979098644774912 72057594037927936 2204 2 1224979098644774913 1224979098644774912 522 3 1224979098644774914 1224979098644774913 11 520 3 1224979098644774915 1224979098644774914 10 132 1 1224979098644774915 2204 2 1224979098644774916 87 2190 3 1224979098644774917 1224979098644774916 1224979098644774913 2147483678 2 1224979098644774917 0 541 3 87 54 -1 2330 2 10 87  {s10}.  17 1 2 936748722493063398 648518346341351424 2133 2 1224979098644774912 72057594037927936 2204 2 1224979098644774913 1224979098644774912 522 3 1224979098644774914 1224979098644774913 11 520 3 1224979098644774915 1224979098644774914 10 1661 1 1224979098644774915 1623 3 1224979098644774915 87 0 501 3 87 54 1224979098644774915 1 4 936748722493063446 1224979098644774915 1 87 1640 2 1224979098644774915 4 1641 2 1224979098644774915 87 1603 3 1224979098644774915 65536 1 501 3 1224979098644774915 8 1 2330 2 10 87 1106 2 1585267068834416222 3211208 1623 3 648518346341351424 87 3 2052 0  .  mno_siege_town  12 132 1 88 1 2 936748722493063398 648518346341351424 2133 2 1224979098644774912 72057594037927936 2204 2 1224979098644774913 1224979098644774912 522 3 1224979098644774914 1224979098644774913 11 520 3 1224979098644774915 1224979098644774914 10 132 1 1224979098644774915 2204 2 1224979098644774916 88 2190 3 1224979098644774917 1224979098644774916 1224979098644774913 2147483678 2 1224979098644774917 0 541 3 88 54 -1 2330 2 10 88  {s10}.  17 1 2 936748722493063398 648518346341351424 2133 2 1224979098644774912 72057594037927936 2204 2 1224979098644774913 1224979098644774912 522 3 1224979098644774914 1224979098644774913 11 520 3 1224979098644774915 1224979098644774914 10 1661 1 1224979098644774915 1623 3 1224979098644774915 88 0 501 3 88 54 1224979098644774915 1 4 936748722493063446 1224979098644774915 1 88 1640 2 1224979098644774915 4 1641 2 1224979098644774915 88 1603 3 1224979098644774915 65536 1 501 3 1224979098644774915 8 1 2330 2 10 88 1106 2 1585267068834416222 3211208 1623 3 648518346341351424 88 3 2052 0  .  mno_siege_town  12 132 1 89 1 2 936748722493063398 648518346341351424 2133 2 1224979098644774912 72057594037927936 2204 2 1224979098644774913 1224979098644774912 522 3 1224979098644774914 1224979098644774913 11 520 3 1224979098644774915 1224979098644774914 10 132 1 1224979098644774915 2204 2 1224979098644774916 89 2190 3 1224979098644774917 1224979098644774916 1224979098644774913 2147483678 2 1224979098644774917 0 541 3 89 54 -1 2330 2 10 89  {s10}.  17 1 2 936748722493063398 648518346341351424 2133 2 1224979098644774912 72057594037927936 2204 2 1224979098644774913 1224979098644774912 522 3 1224979098644774914 1224979098644774913 11 520 3 1224979098644774915 1224979098644774914 10 1661 1 1224979098644774915 1623 3 1224979098644774915 89 0 501 3 89 54 1224979098644774915 1 4 936748722493063446 1224979098644774915 1 89 1640 2 1224979098644774915 4 1641 2 1224979098644774915 89 1603 3 1224979098644774915 65536 1 501 3 1224979098644774915 8 1 2330 2 10 89 1106 2 1585267068834416222 3211208 1623 3 648518346341351424 89 3 2052 0  .  mno_siege_town  12 132 1 90 1 2 936748722493063398 648518346341351424 2133 2 1224979098644774912 72057594037927936 2204 2 1224979098644774913 1224979098644774912 522 3 1224979098644774914 1224979098644774913 11 520 3 1224979098644774915 1224979098644774914 10 132 1 1224979098644774915 2204 2 1224979098644774916 90 2190 3 1224979098644774917 1224979098644774916 1224979098644774913 2147483678 2 1224979098644774917 0 541 3 90 54 -1 2330 2 10 90  {s10}.  17 1 2 936748722493063398 648518346341351424 2133 2 1224979098644774912 72057594037927936 2204 2 1224979098644774913 1224979098644774912 522 3 1224979098644774914 1224979098644774913 11 520 3 1224979098644774915 1224979098644774914 10 1661 1 1224979098644774915 1623 3 1224979098644774915 90 0 501 3 90 54 1224979098644774915 1 4 936748722493063446 1224979098644774915 1 90 1640 2 1224979098644774915 4 1641 2 1224979098644774915 90 1603 3 1224979098644774915 65536 1 501 3 1224979098644774915 8 1 2330 2 10 90 1106 2 1585267068834416222 3211208 1623 3 648518346341351424 90 3 2052 0  .  mno_siege_town  12 132 1 91 1 2 936748722493063398 648518346341351424 2133 2 1224979098644774912 72057594037927936 2204 2 1224979098644774913 1224979098644774912 522 3 1224979098644774914 1224979098644774913 11 520 3 1224979098644774915 1224979098644774914 10 132 1 1224979098644774915 2204 2 1224979098644774916 91 2190 3 1224979098644774917 1224979098644774916 1224979098644774913 2147483678 2 1224979098644774917 0 541 3 91 54 -1 2330 2 10 91  {s10}.  17 1 2 936748722493063398 648518346341351424 2133 2 1224979098644774912 72057594037927936 2204 2 1224979098644774913 1224979098644774912 522 3 1224979098644774914 1224979098644774913 11 520 3 1224979098644774915 1224979098644774914 10 1661 1 1224979098644774915 1623 3 1224979098644774915 91 0 501 3 91 54 1224979098644774915 1 4 936748722493063446 1224979098644774915 1 91 1640 2 1224979098644774915 4 1641 2 1224979098644774915 91 1603 3 1224979098644774915 65536 1 501 3 1224979098644774915 8 1 2330 2 10 91 1106 2 1585267068834416222 3211208 1623 3 648518346341351424 91 3 2052 0  .  mno_siege_town  12 132 1 92 1 2 936748722493063398 648518346341351424 2133 2 1224979098644774912 72057594037927936 2204 2 1224979098644774913 1224979098644774912 522 3 1224979098644774914 1224979098644774913 11 520 3 1224979098644774915 1224979098644774914 10 132 1 1224979098644774915 2204 2 1224979098644774916 92 2190 3 1224979098644774917 1224979098644774916 1224979098644774913 2147483678 2 1224979098644774917 0 541 3 92 54 -1 2330 2 10 92  {s10}.  17 1 2 936748722493063398 648518346341351424 2133 2 1224979098644774912 72057594037927936 2204 2 1224979098644774913 1224979098644774912 522 3 1224979098644774914 1224979098644774913 11 520 3 1224979098644774915 1224979098644774914 10 1661 1 1224979098644774915 1623 3 1224979098644774915 92 0 501 3 92 54 1224979098644774915 1 4 936748722493063446 1224979098644774915 1 92 1640 2 1224979098644774915 4 1641 2 1224979098644774915 92 1603 3 1224979098644774915 65536 1 501 3 1224979098644774915 8 1 2330 2 10 92 1106 2 1585267068834416222 3211208 1623 3 648518346341351424 92 3 2052 0  .  mno_siege_town  12 132 1 93 1 2 936748722493063398 648518346341351424 2133 2 1224979098644774912 72057594037927936 2204 2 1224979098644774913 1224979098644774912 522 3 1224979098644774914 1224979098644774913 11 520 3 1224979098644774915 1224979098644774914 10 132 1 1224979098644774915 2204 2 1224979098644774916 93 2190 3 1224979098644774917 1224979098644774916 1224979098644774913 2147483678 2 1224979098644774917 0 541 3 93 54 -1 2330 2 10 93  {s10}.  17 1 2 936748722493063398 648518346341351424 2133 2 1224979098644774912 72057594037927936 2204 2 1224979098644774913 1224979098644774912 522 3 1224979098644774914 1224979098644774913 11 520 3 1224979098644774915 1224979098644774914 10 1661 1 1224979098644774915 1623 3 1224979098644774915 93 0 501 3 93 54 1224979098644774915 1 4 936748722493063446 1224979098644774915 1 93 1640 2 1224979098644774915 4 1641 2 1224979098644774915 93 1603 3 1224979098644774915 65536 1 501 3 1224979098644774915 8 1 2330 2 10 93 1106 2 1585267068834416222 3211208 1623 3 648518346341351424 93 3 2052 0  .  mno_siege_town  12 132 1 94 1 2 936748722493063398 648518346341351424 2133 2 1224979098644774912 72057594037927936 2204 2 1224979098644774913 1224979098644774912 522 3 1224979098644774914 1224979098644774913 11 520 3 1224979098644774915 1224979098644774914 10 132 1 1224979098644774915 2204 2 1224979098644774916 94 2190 3 1224979098644774917 1224979098644774916 1224979098644774913 2147483678 2 1224979098644774917 0 541 3 94 54 -1 2330 2 10 94  {s10}.  17 1 2 936748722493063398 648518346341351424 2133 2 1224979098644774912 72057594037927936 2204 2 1224979098644774913 1224979098644774912 522 3 1224979098644774914 1224979098644774913 11 520 3 1224979098644774915 1224979098644774914 10 1661 1 1224979098644774915 1623 3 1224979098644774915 94 0 501 3 94 54 1224979098644774915 1 4 936748722493063446 1224979098644774915 1 94 1640 2 1224979098644774915 4 1641 2 1224979098644774915 94 1603 3 1224979098644774915 65536 1 501 3 1224979098644774915 8 1 2330 2 10 94 1106 2 1585267068834416222 3211208 1623 3 648518346341351424 94 3 2052 0  . 
menu_camp_print_aristocracy 0 DEBUG_for_Aristocracy_Scripts none 0 9
 mno_dac_print_french_lord_ages  0  Print_French_Lords_Ages  5 6 3 1224979098644774912 360287970189639999 360287970189640053 520 3 72057594037927991 1224979098644774912 18 2322 2 2 1224979098644774912 1106 2 1585267068834416223 5308240 3 0  .  mno_dac_print_french_lady_ages  0  Print_French_Lady_Ages  5 6 3 1224979098644774912 360287970189640148 360287970189640202 520 3 72057594037927991 1224979098644774912 18 2322 2 2 1224979098644774912 1106 2 1585267068834416223 5308240 3 0  .  mno_dac_print_english_lord_ages  0  Print_English_Lords_Ages  5 6 3 1224979098644774912 360287970189640053 360287970189640105 520 3 72057594037927991 1224979098644774912 18 2322 2 2 1224979098644774912 1106 2 1585267068834416223 5308240 3 0  .  mno_dac_print_english_lady_ages  0  Print_English_Lady_Ages  5 6 3 1224979098644774912 360287970189640202 360287970189640255 520 3 72057594037927991 1224979098644774912 18 2322 2 2 1224979098644774912 1106 2 1585267068834416223 5308240 3 0  .  mno_dac_print_burg_lord_ages  0  Print_Burgandian_Lords_Ages  5 6 3 1224979098644774912 360287970189640105 360287970189640127 520 3 72057594037927991 1224979098644774912 18 2322 2 2 1224979098644774912 1106 2 1585267068834416223 5308240 3 0  .  mno_dac_print_burg_lady_ages  0  Print_Burgandian_Lady_Ages  5 6 3 1224979098644774912 360287970189640255 360287970189640276 520 3 72057594037927991 1224979098644774912 18 2322 2 2 1224979098644774912 1106 2 1585267068834416223 5308240 3 0  .  mno_dac_print_breton_lord_ages  0  Print_Breton_Lords_Ages  5 6 3 1224979098644774912 360287970189640127 360287970189640145 520 3 72057594037927991 1224979098644774912 18 2322 2 2 1224979098644774912 1106 2 1585267068834416223 5308240 3 0  .  mno_dac_print_breton_lady_ages  0  Print_Breton_Lady_Ages  5 6 3 1224979098644774912 360287970189640276 360287970189640294 520 3 72057594037927991 1224979098644774912 18 2322 2 2 1224979098644774912 1106 2 1585267068834416223 5308240 3 0  .  mno_debug_aristocracy_resume_travelling  0  Resume_travelling.  1 2040 0  . 
menu_camp_action 0 Choose_an_action: none 0 18
 mno_action_create_camp_cheat  2 31 2 144115188075857172 0 30 2 144115188075856163 1  Cheat:_Instantly_build_the_Camp.  14 1623 2 648518346341352011 648518346341351424 1231 1 648518346341352011 501 3 648518346341352011 356 1 2133 2 144115188075857172 1 1 1 936748722493064168 1 1 936748722493064165 2133 2 144115188075856075 1 1097 2 648518346341352011 1 2319 1 1 2342 2 1 648518346341352011 1 2 936748722493063829 360287970189639680 2133 2 72057594037927937 72057594037927936 1117 3 360287970189639680 2 216172782113787968 2040 0  .  mno_action_create_camp  2 31 2 144115188075857172 0 31 2 144115188075857321 1  Set_up_an_encampment_here.  1 2060 1 864691128455135534  .  mno_action_relocate_camp  15 31 2 144115188075857172 1 2133 2 72057594037927942 0 4 0 521 3 1224979098644774912 648518346341352011 124 32 2 1224979098644774912 0 1 2 936748722493064167 1224979098644774912 2320 2 7 0 2133 2 72057594037927942 1 2270 1 1224979098644774913 521 3 1224979098644774914 648518346341352011 125 2106 2 1224979098644774914 1224979098644774913 2123 3 72057594037927944 1224979098644774914 24 2111 2 72057594037927944 1 2121 3 72057594037927945 72057594037927944 1 3 0  Relocate_the_encampment_here.  7 4 0 31 2 72057594037927942 0 2060 1 864691128455135539 5 0 1106 2 1585267068834416224 16732240 1106 2 1585267068834416225 16732240 3 0  .  mno_action_relocate_hideout  15 31 2 144115188075857181 1 2133 2 72057594037927942 0 4 0 521 3 1224979098644774912 648518346341352012 124 32 2 1224979098644774912 0 1 2 936748722493064167 1224979098644774912 2320 2 7 0 2133 2 72057594037927942 1 2270 1 1224979098644774913 521 3 1224979098644774914 648518346341352012 125 2106 2 1224979098644774914 1224979098644774913 2123 3 72057594037927944 1224979098644774914 24 2111 2 72057594037927944 1 2121 3 72057594037927945 72057594037927944 1 3 0  Relocate_the_hideout_here.  7 4 0 31 2 72057594037927942 0 2060 1 864691128455135517 5 0 1106 2 1585267068834416224 16732240 1106 2 1585267068834416225 16732240 3 0  .  mno_class_disable_feature  15 31 2 144115188075857158 1 1073741855 2 144115188075856171 4 1073741855 2 144115188075857183 3 31 2 144115188075857183 7 2319 1 3 4 0 31 2 144115188075857183 3 2320 2 3 216172782113788151 5 0 31 2 144115188075857183 7 2320 2 3 216172782113788153 5 0 31 2 144115188075856171 4 2320 2 3 216172782113788155 3 0  {s3}  1 2133 2 144115188075857158 0  .  mno_class_enable_feature  15 31 2 144115188075857158 0 1073741855 2 144115188075856171 4 1073741855 2 144115188075857183 3 31 2 144115188075857183 7 2319 1 3 4 0 31 2 144115188075857183 3 2320 2 3 216172782113788150 5 0 31 2 144115188075857183 7 2320 2 3 216172782113788152 5 0 31 2 144115188075856171 4 2320 2 3 216172782113788154 3 0  {s3}  1 2133 2 144115188075857158 1  .  mno_access_hidden_chest  9 1073741855 2 144115188075857183 4 31 2 144115188075857183 8 2319 1 3 4 0 31 2 144115188075857183 8 2320 2 3 216172782113788112 5 0 2320 2 3 216172782113788108 3 0  [{s3}]_Access_your_hidden_stash...  1 2060 1 864691128455135513  .  mno_camp_recruit_prisoners  10 105 1 1 2270 1 1224979098644774912 2106 2 1224979098644774912 24 32 2 1224979098644774912 144115188075856187 4 0 32 2 144115188075856187 0 2133 2 144115188075856185 0 2133 2 144115188075856186 0 2133 2 144115188075856187 0 3 0  Recruit_some_of_your_prisoners_to_your_party.  1 2060 1 864691128455135260  .  mno_action_read_book  0  Select_a_book_to_read.  1 2060 1 864691128455135262  .  mno_camp_change_name  0  Change_the_name_of_your_party.  3 2133 2 144115188075856480 3 2133 2 144115188075856273 648518346341351424 900 1 1513209474796486683  .  mno_camp_second_outfit  0  Set_up_your_second_outfit.  4 1505 2 360287970189641324 144115188075856162 2750 2 1 360287970189639680 2751 2 360287970189641324 1 2051 1 360287970189641324  .  mno_action_rename_kingdom  12 2133 2 1224979098644774912 0 4 0 2117 3 1224979098644774913 144115188075856576 1 31 2 1224979098644774913 1 542 3 144115188075856287 21 0 542 3 144115188075856287 11 360287970189639680 2133 2 1224979098644774912 1 5 0 30 2 144115188075856163 1 2133 2 1224979098644774912 1 3 0 31 2 1224979098644774912 1  Rename_your_kingdom.  2 2133 2 144115188075856480 1 900 1 1513209474796486683  .  mno_action_change_vassal_title  14 2133 2 1224979098644774912 -1 4 0 2117 3 1224979098644774913 144115188075856576 1 31 2 1224979098644774913 1 542 3 432345564227567630 21 0 542 3 432345564227567630 11 360287970189639680 2133 2 1224979098644774912 1 5 0 33 3 144115188075856287 432345564227567631 432345564227567635 1 3 936748722493063852 360287970189639680 144115188075856287 30 2 72057594037927936 50 2133 2 1224979098644774912 1 3 0 31 2 1224979098644774912 1  Change_titles_of_nobility.  1 900 1 1513209474796486704  .  mno_action_change_policies  5 32 2 144115188075856163 0 2117 3 1224979098644774912 144115188075856576 1 31 2 1224979098644774912 1 542 3 144115188075856287 21 0 542 3 144115188075856287 11 360287970189639680  {!}Cheat:_Change_kingdom_policies  2 2133 2 144115188075856018 144115188075856287 900 1 1513209474796486701  .  mno_action_modify_banner  2 1073741856 2 144115188075856163 0 30 2 144115188075856075 1  Modify_your_banner_(Shift_to_change_back_colour).  10 4 0 1073741894 1 42 70 1 54 31 2 144115188075856075 1 2133 2 144115188075856480 1 2133 2 144115188075856169 360287970189639680 900 1 1513209474796486684 5 0 900 1 1513209474796486685 3 0  .  mno_trigger_armour_progression  1 31 2 144115188075857184 3  Trigger_Armour_Progression.  1 2060 1 864691128455135501  .  mno_action_retire  0  Retire_from_adventuring.  1 2060 1 864691128455135264  .  mno_camp_action_4  0  Back_to_camp_menu.  1 2060 1 864691128455135247  . 
menu_camp_recruit_prisoners 0 You_offer_your_prisoners_freedom_if_they_agree_to_join_you_as_soldiers._{s18} none 59 2133 2 1224979098644774912 0 2320 2 18 1585267068834416226 1651 2 1224979098644774913 648518346341351424 6 3 1224979098644774914 0 1224979098644774913 1656 3 1224979098644774915 648518346341351424 1224979098644774914 1 2 936748722493063193 1224979098644774915 31 2 72057594037927936 1 2105 2 1224979098644774912 1 3 0 4 0 31 2 1224979098644774912 0 2060 1 864691128455135261 5 0 31 2 144115188075856185 0 2270 1 144115188075856187 1 3 936748722493063977 0 100 2133 2 1224979098644774916 72057594037927936 2170 3 1224979098644774917 1369094286720630791 360287970189639680 2121 3 1224979098644774918 15 1224979098644774917 4 0 31 2 144115188075857183 9 2107 2 1224979098644774918 2 5 0 2107 2 1224979098644774918 4 3 0 4 0 2147483678 2 1224979098644774916 1224979098644774918 2133 2 144115188075856185 -7 5 0 2136 3 1224979098644774919 0 1224979098644774912 6 3 1224979098644774914 0 1224979098644774913 1656 3 1224979098644774915 648518346341351424 1224979098644774914 1 2 936748722493063193 1224979098644774915 31 2 72057594037927936 1 2106 2 1224979098644774919 1 2147483678 2 1224979098644774919 0 2133 2 1224979098644774913 0 2133 2 144115188075856185 1224979098644774915 1657 3 144115188075856186 648518346341351424 1224979098644774914 3 0 3 0 4 0 32 2 144115188075856185 0 1633 2 1224979098644774920 648518346341351424 2110 2 144115188075856186 1224979098644774920 2133 2 72057594037927937 144115188075856186 32 2 144115188075856186 0 4 0 32 2 144115188075856186 1 2133 2 72057594037927938 1 5 0 2133 2 72057594037927938 0 3 0 2324 3 1 144115188075856185 144115188075856186 2320 2 18 1585267068834416227 5 0 2320 2 18 1585267068834416226 3 0 3 0 3
 mno_camp_recruit_prisoners_accept  1 32 2 144115188075856185 0  Take_them.  49 1216 2 144115188075856185 144115188075856186 1610 3 648518346341351424 144115188075856185 144115188075856186 266 1 1224979098644774912 2106 2 1224979098644774912 4 2122 3 1224979098644774913 1224979098644774912 144115188075856186 2173 2 1224979098644774914 144115188075856185 2171 2 1224979098644774915 144115188075856185 6 3 1224979098644774916 432345564227567630 432345564227567635 502 3 1224979098644774916 12 0 3 0 4 0 1073741855 2 1224979098644774914 432345564227567618 31 2 1224979098644774914 432345564227567640 1 3 936748722493063645 1 216172782113787173 5 0 33 3 1224979098644774914 432345564227567631 432345564227567635 4 0 31 2 144115188075856287 432345564227567630 33 3 144115188075857083 432345564227567631 432345564227567635 31 2 144115188075857083 1224979098644774914 2133 2 1224979098644774914 144115188075856287 3 0 4 0 31 2 1224979098644774914 144115188075856287 2133 2 1224979098644774913 0 2133 2 144115188075856185 0 2133 2 144115188075856186 0 5 0 1650 2 1224979098644774917 648518346341351424 6 3 1224979098644774918 1 1224979098644774917 1652 3 1224979098644774919 648518346341351424 1224979098644774918 2173 2 1224979098644774920 1224979098644774919 2190 3 1224979098644774921 1224979098644774914 1224979098644774920 2147483678 2 1224979098644774921 0 522 3 1224979098644774922 1224979098644774920 12 1653 3 1224979098644774912 648518346341351424 1224979098644774918 2106 2 1224979098644774922 1224979098644774912 502 3 1224979098644774920 12 1224979098644774922 3 0 3 0 3 0 1 2 936748722493063467 1224979098644774913 6 3 1224979098644774916 432345564227567630 432345564227567635 522 3 1224979098644774923 1224979098644774916 12 2147483679 2 1224979098644774923 0 2106 2 1224979098644774923 1224979098644774915 1 4 936748722493063914 1224979098644774916 1224979098644774923 1 3 0 2060 1 864691128455135247  .  mno_camp_recruit_prisoners_reject  1 32 2 144115188075856185 0  Reject_them.  3 2060 1 864691128455135247 2133 2 144115188075856185 0 2133 2 144115188075856186 0  .  mno_continue  1 2147483680 2 144115188075856185 0  Go_back.  1 2060 1 864691128455135247  . 
menu_camp_no_prisoners 0 You_have_no_prisoners_to_recruit_from. none 0 1
 mno_continue  0  Continue...  1 2060 1 864691128455135247  . 
menu_camp_action_read_book 0 Choose_a_book_to_read: none 0 15
 mno_action_read_book_1  3 150 1 288230376151711826 547 3 288230376151711826 3 0 2325 2 1 288230376151711826  {s1}.  2 2133 2 144115188075856007 288230376151711826 2060 1 864691128455135263  .  mno_action_read_book_2  3 150 1 288230376151711827 547 3 288230376151711827 3 0 2325 2 1 288230376151711827  {s1}.  2 2133 2 144115188075856007 288230376151711827 2060 1 864691128455135263  .  mno_action_read_book_3  3 150 1 288230376151711828 547 3 288230376151711828 3 0 2325 2 1 288230376151711828  {s1}.  2 2133 2 144115188075856007 288230376151711828 2060 1 864691128455135263  .  mno_action_read_book_4  3 150 1 288230376151711829 547 3 288230376151711829 3 0 2325 2 1 288230376151711829  {s1}.  2 2133 2 144115188075856007 288230376151711829 2060 1 864691128455135263  .  mno_action_read_book_5  3 150 1 288230376151711830 547 3 288230376151711830 3 0 2325 2 1 288230376151711830  {s1}.  2 2133 2 144115188075856007 288230376151711830 2060 1 864691128455135263  .  mno_action_read_book_6  3 150 1 288230376151711831 547 3 288230376151711831 3 0 2325 2 1 288230376151711831  {s1}.  2 2133 2 144115188075856007 288230376151711831 2060 1 864691128455135263  .  mno_action_read_book_7  3 150 1 288230376151711832 547 3 288230376151711832 3 0 2325 2 1 288230376151711832  {s1}.  2 2133 2 144115188075856007 288230376151711832 2060 1 864691128455135263  .  mno_action_read_book_8  3 150 1 288230376151711833 547 3 288230376151711833 3 0 2325 2 1 288230376151711833  {s1}.  2 2133 2 144115188075856007 288230376151711833 2060 1 864691128455135263  .  mno_action_read_book_9  3 150 1 288230376151711834 547 3 288230376151711834 3 0 2325 2 1 288230376151711834  {s1}.  2 2133 2 144115188075856007 288230376151711834 2060 1 864691128455135263  .  mno_action_read_book_10  3 150 1 288230376151711835 547 3 288230376151711835 3 0 2325 2 1 288230376151711835  {s1}.  2 2133 2 144115188075856007 288230376151711835 2060 1 864691128455135263  .  mno_action_read_book_11  3 150 1 288230376151711836 547 3 288230376151711836 3 0 2325 2 1 288230376151711836  {s1}.  2 2133 2 144115188075856007 288230376151711836 2060 1 864691128455135263  .  mno_action_read_book_12  3 150 1 288230376151711837 547 3 288230376151711837 3 0 2325 2 1 288230376151711837  {s1}.  2 2133 2 144115188075856007 288230376151711837 2060 1 864691128455135263  .  mno_action_read_book_13  3 150 1 288230376151711838 547 3 288230376151711838 3 0 2325 2 1 288230376151711838  {s1}.  2 2133 2 144115188075856007 288230376151711838 2060 1 864691128455135263  .  mno_action_read_book_14  3 150 1 288230376151711839 547 3 288230376151711839 3 0 2325 2 1 288230376151711839  {s1}.  2 2133 2 144115188075856007 288230376151711839 2060 1 864691128455135263  .  mno_camp_action_4  0  Back_to_camp_menu.  1 2060 1 864691128455135247  . 
menu_camp_action_read_book_start 0 {s1} none 11 2133 2 1224979098644774912 144115188075856007 2325 2 2 1224979098644774912 4 0 2172 3 1224979098644774913 360287970189639680 2 527 3 1224979098644774914 1224979098644774912 4 2147483680 2 1224979098644774914 1224979098644774913 2320 2 1 1585267068834416228 2133 2 144115188075856179 1224979098644774912 5 0 2320 2 1 1585267068834416229 3 0 1
 mno_continue  0  Continue...  1 2060 1 864691128455135247  . 
menu_retirement_verify 0 You_are_at_day_{reg0}._Your_current_luck_is_{reg1}._Are_you_sure_you_want_to_retire? none 2 2272 1 72057594037927936 2133 2 72057594037927937 144115188075856755 2
 mno_retire_yes  0  Yes.  1 900 1 1513209474796486696  .  mno_retire_no  0  No.  1 2060 1 864691128455135247  . 
menu_end_game 0 The_decision_is_made,_and_you_resolve_to_give_up_your_adventurer's_life_and_settle_down._You_sell_off_your_weapons_and_armour,_gather_up_all_your_money,_and_ride_off_into_the_sunset.... none 0 1
 mno_end_game_bye  0  Farewell.  1 2055 0  . 
menu_cattle_herd 4096 You_encounter_a_herd_of_cattle. none 2 600 1 1152921504606847139 2031 1 1441151880758558741 4
 mno_cattle_drag_with  0  Drag_the_cattle_with_you.  5 501 3 144115188075856273 7 1 1640 2 144115188075856273 10 1641 2 144115188075856273 648518346341351424 1605 2 144115188075856273 216172782113787196 2040 0  .  mno_cattle_stop  0  Bring_the_herd_to_a_stop.  4 501 3 144115188075856273 7 0 1640 2 144115188075856273 0 1605 2 144115188075856273 1585267068834416230 2040 0  .  mno_cattle_kill  7 2133 2 1224979098644774912 1 4 0 200 1 504403158265495580 546 3 504403158265495580 8 144115188075856273 2133 2 1224979098644774912 0 3 0 31 2 1224979098644774912 1  Slaughter_some_of_the_animals.  1 2060 1 864691128455135267  .  mno_leave  0  Leave.  1 2040 0  . 
menu_cattle_herd_kill 0 How_many_animals_do_you_want_to_slaughter? none 1 1601 2 72057594037927941 144115188075856273 6
 mno_cattle_kill_1  1 30 2 72057594037927941 1  One.  4 1 3 936748722493063431 144115188075856273 1 2060 1 864691128455135268 2041 1 360287970189639683 600 1 1152921504606847140  .  mno_cattle_kill_2  1 30 2 72057594037927941 2  Two.  4 1 3 936748722493063431 144115188075856273 2 2060 1 864691128455135268 2041 1 360287970189639683 600 1 1152921504606847140  .  mno_cattle_kill_3  1 30 2 72057594037927941 3  Three.  4 1 3 936748722493063431 144115188075856273 3 2060 1 864691128455135268 2041 1 360287970189639683 600 1 1152921504606847140  .  mno_cattle_kill_4  1 30 2 72057594037927941 4  Four.  4 1 3 936748722493063431 144115188075856273 4 2060 1 864691128455135268 2041 1 360287970189639683 600 1 1152921504606847140  .  mno_cattle_kill_5  1 30 2 72057594037927941 5  Five.  4 1 3 936748722493063431 144115188075856273 5 2060 1 864691128455135268 2041 1 360287970189639683 600 1 1152921504606847140  .  mno_go_back_dot  0  Go_back.  1 2060 1 864691128455135266  . 
menu_cattle_herd_kill_end 0 {!}You_shouldn't_be_reading_this. none 1 2040 0 0

menu_arena_duel_fight 0 You_and_your_opponent_prepare_to_duel. none 14 520 3 1224979098644774912 144115188075856875 14 4 0 31 2 1224979098644774912 15 2031 1 1441151880758558762 5 0 31 2 1224979098644774912 16 2031 1 1441151880758558767 5 0 31 2 1224979098644774912 17 2031 1 1441151880758558757 5 0 31 2 1224979098644774912 18 2031 1 1441151880758558758 3 0 1
 mno_continue  0  Continue...  69 2133 2 144115188075856011 0 2133 2 1224979098644774912 144115188075856273 4 0 2147483681 3 1224979098644774912 648518346341351445 648518346341351621 33 3 144115188075856922 648518346341351445 648518346341351621 2133 2 1224979098644774912 144115188075856922 2133 2 144115188075856922 0 3 0 4 0 33 3 1224979098644774912 648518346341351445 648518346341351519 521 3 1224979098644774913 1224979098644774912 16 5 0 33 3 1224979098644774912 648518346341351519 648518346341351621 521 3 1224979098644774913 1224979098644774912 10 5 0 1608 2 1224979098644774914 648518346341351424 31 2 1224979098644774914 4 2133 2 1224979098644774913 720575940379279433 5 0 1073741855 2 1224979098644774914 5 31 2 1224979098644774914 2 2133 2 1224979098644774913 720575940379279436 5 0 2133 2 1224979098644774913 720575940379279433 3 0 1261 1 1224979098644774913 1262 0 500 3 360287970189639686 0 360287970189639680 500 3 360287970189639686 1 144115188075856875 1911 1 792633534417207323 4 0 1507 1 144115188075856875 520 3 1224979098644774915 360287970189639680 7 560 3 144115188075856875 7 1224979098644774915 500 3 360287970189639686 1 360287970189639680 500 3 360287970189639686 0 144115188075856875 3 0 520 3 1224979098644774916 144115188075856875 14 4 0 31 2 1224979098644774916 432345564227567631 2136 3 1224979098644774917 288230376151712664 288230376151712694 5 0 31 2 1224979098644774916 432345564227567633 2133 2 1224979098644774917 288230376151712696 5 0 1073741855 2 1224979098644774916 432345564227567632 31 2 1224979098644774916 432345564227567634 2136 3 1224979098644774917 288230376151712664 288230376151712694 5 0 2133 2 1224979098644774917 288230376151711766 3 0 6 3 1224979098644774918 0 2 520 3 1224979098644774919 360287970189639686 1224979098644774918 4 0 33 3 1224979098644774912 648518346341351519 648518346341351621 2105 2 1224979098644774918 2 3 0 1941 2 792633534417207323 1224979098644774918 1942 3 792633534417207323 1224979098644774918 1224979098644774917 520 3 1224979098644774920 1224979098644774919 7 2110 2 1224979098644774920 1999 2123 3 1224979098644774921 1224979098644774920 500 2105 2 1224979098644774921 288230376151712587 1942 3 792633534417207323 1224979098644774918 1224979098644774921 1263 2 1224979098644774918 1224979098644774919 3 0 1910 1 1224979098644774913 2060 1 864691128455135270 2048 0  . 
menu_arena_duel_conclusion 0 {!}{s11} none 21 4 0 31 2 144115188075856011 1 2040 0 3 0 2322 2 10 144115188075856875 2120 3 1224979098644774912 504403158265495580 2 6 3 1224979098644774913 504403158265495577 1224979098644774912 4 0 31 2 1224979098644774913 504403158265495580 2133 2 1224979098644774913 504403158265495603 3 0 546 3 1224979098644774913 2 144115188075856875 1 3 936748722493063830 144115188075855987 65 4 0 202 1 1224979098644774913 2320 2 11 216172782113786319 5 0 203 1 1224979098644774913 2320 2 11 216172782113786318 3 0 3 0 1
 mno_continue  0  Continue...  7 2133 2 144115188075856110 17 4 0 33 3 144115188075856273 648518346341351445 648518346341351873 1 3 936748722493063900 144115188075856875 144115188075856273 5 0 1 3 936748722493063341 144115188075856875 -1 3 0  . 
menu_simple_encounter 4352 {s2}_^You_have_{reg10}_troops_fit_for_battle_against_their_{reg11}._^^The_battle_will_take_place_on_a_{s3}{s4}. none 213 1608 2 1224979098644774912 648518346341351424 2133 2 1224979098644774913 -1 4 0 2133 2 1224979098644774914 0 6 3 1224979098644774915 648518346341351621 648518346341351873 2147483679 2 1224979098644774914 1 541 3 1224979098644774915 35 2 2281 3 1224979098644774916 1224979098644774915 648518346341351424 2147483678 2 1224979098644774916 3 2133 2 1224979098644774914 1 3 0 31 2 1224979098644774914 1 2320 2 4 1585267068834416520 5 0 31 2 1224979098644774912 2 2320 2 4 1585267068834416519 5 0 33 3 1224979098644774912 9 12 2133 2 1224979098644774913 144115188075857241 2320 2 4 1585267068834416231 5 0 2133 2 1224979098644774913 144115188075857242 2320 2 4 1585267068834415246 3 0 4 0 31 2 1224979098644774913 0 2320 2 3 1585267068834416232 5 0 31 2 1224979098644774913 1 2320 2 3 1585267068834416233 5 0 31 2 1224979098644774913 2 2320 2 3 1585267068834416234 5 0 31 2 1224979098644774913 3 2320 2 3 1585267068834416235 5 0 2320 2 3 1585267068834416236 3 0 2133 2 144115188075856188 144115188075856273 2133 2 144115188075856189 -1 1 1 936748722493063520 4 0 31 2 144115188075856190 1 2133 2 144115188075856190 0 2133 2 144115188075856191 0 2133 2 144115188075856192 0 4 0 541 3 144115188075856188 4 5 521 3 1224979098644774917 144115188075856188 5 2281 3 1224979098644774916 1224979098644774917 144115188075856188 4 0 2147483678 2 1224979098644774916 4 2133 2 144115188075856191 1224979098644774917 2133 2 144115188075856192 1 3 0 3 0 4 0 32 2 144115188075856240 0 2133 2 144115188075856191 144115188075856240 2133 2 144115188075856192 2 1663 2 144115188075856191 1 2320 2 1 1585267068834416237 1106 2 216172782113783953 16724787 5 0 31 2 144115188075856192 1 1663 2 144115188075856191 0 2320 2 1 1585267068834416237 1106 2 216172782113783954 3407667 3 0 1 3 936748722493063402 0 0 1 1 936748722493063521 2133 2 144115188075856073 0 2133 2 144115188075856050 0 4 0 32 2 144115188075856788 0 4 0 200 1 504403158265495609 2147483852 1 504403158265495609 546 3 504403158265495609 3 144115188075856787 541 3 144115188075856273 0 11 2133 2 144115188075856050 0 5 0 2133 2 144115188075856050 1 3 0 3 0 4 0 2147483678 2 144115188075856788 0 2133 2 144115188075856073 1 4 0 39 0 2133 2 144115188075856049 1 3 0 3 0 2133 2 144115188075856110 2 1 2 936748722493063342 144115188075856273 5 0 4 0 31 2 144115188075856049 1 1 2 936748722493063371 648518346341351433 2133 2 1224979098644774918 72057594037927936 1 2 936748722493063371 648518346341351434 2105 2 1224979098644774918 72057594037927936 1 2 936748722493063371 648518346341351424 2133 2 1224979098644774919 72057594037927936 1 2 936748722493063371 648518346341351439 2105 2 1224979098644774919 72057594037927936 2121 3 1224979098644774920 1224979098644774918 10 2147483678 2 1224979098644774919 1224979098644774920 2133 2 144115188075856049 0 3 0 31 2 144115188075856011 1 2040 0 3 0 4 0 132 1 144115188075856273 2330 2 1 144115188075856273 4 0 31 2 144115188075856192 0 2320 2 2 1585267068834416238 5 0 31 2 144115188075856192 1 2330 2 3 144115188075856191 2320 2 2 1585267068834416239 5 0 31 2 144115188075856192 2 2330 2 3 144115188075856191 2320 2 2 1585267068834416240 3 0 3 0 4 0 1 2 936748722493063371 648518346341351439 2133 2 1224979098644774921 72057594037927936 2133 2 1224979098644774922 0 4 0 31 2 144115188075856168 1 3221225504 2 1224979098644774921 0 2147483680 2 1224979098644774921 144115188075856843 2133 2 1224979098644774922 1 5 0 31 2 144115188075856194 1 3221225504 2 1224979098644774921 0 2147483680 2 144115188075856837 144115188075856843 30 2 144115188075856836 1 2133 2 1224979098644774922 1 3 0 1073741855 2 1224979098644774922 1 31 2 144115188075856035 1 2133 2 144115188075856193 -1 2060 1 864691128455135277 5 0 1 2 936748722493063371 648518346341351424 2133 2 1224979098644774923 72057594037927936 2133 2 1224979098644774924 0 4 0 31 2 144115188075856168 -1 2147483680 2 1224979098644774923 144115188075856841 2133 2 1224979098644774924 1 5 0 31 2 144115188075856194 1 30 2 144115188075856837 1 2147483680 2 144115188075856836 0 2133 2 1224979098644774924 1 3 0 1073741855 2 1224979098644774924 1 31 2 144115188075856038 1 2133 2 144115188075856193 864691128455135388 2060 1 864691128455135279 3 0 4 0 31 2 144115188075856790 576460752303423494 2031 1 1441151880758558720 5 0 31 2 144115188075856790 576460752303423495 2031 1 1441151880758558762 5 0 31 2 144115188075856790 576460752303423496 2031 1 1441151880758558760 5 0 31 2 144115188075856790 576460752303423497 2031 1 1441151880758558725 5 0 31 2 144115188075856790 576460752303423498 2031 1 1441151880758558739 5 0 31 2 144115188075856790 576460752303423499 2031 1 1441151880758558768 5 0 1073741855 2 144115188075856790 576460752303423500 31 2 144115188075856790 576460752303423511 2031 1 1441151880758558739 5 0 31 2 144115188075856790 576460752303423530 2031 1 1441151880758558746 5 0 31 2 144115188075856790 576460752303423529 1652 3 1224979098644774925 144115188075856273 0 30 2 1224979098644774925 1 520 3 1224979098644774926 1224979098644774925 14 4 0 31 2 1224979098644774926 15 2031 1 1441151880758558762 5 0 31 2 1224979098644774926 16 2031 1 1441151880758558762 5 0 31 2 1224979098644774926 17 2031 1 1441151880758558762 5 0 31 2 1224979098644774926 18 2031 1 1441151880758558762 3 0 3 0 6
 mno_encounter_attack  11 31 2 144115188075856050 0 2147485156 1 360287970189639680 2319 1 50 4 0 2170 3 1224979098644774912 15 360287970189639680 32 2 1224979098644774912 1 2133 2 144115188075857173 1 2320 2 50 1585267068834416241 5 0 2320 2 50 1585267068834416242 3 0  {s50}  61 2133 2 144115188075856168 0 2133 2 144115188075856194 1 1609 2 1224979098644774912 144115188075856273 4 0 31 2 1224979098644774912 576460752303423519 372 1 27 3 0 1 1 936748722493063522 4 0 31 2 144115188075857106 0 2133 2 1224979098644774913 -1 4 0 1073741855 2 144115188075856192 1 31 2 144115188075856192 2 2133 2 1224979098644774913 -3 5 0 39 0 1 3 936748722493063837 144115188075856273 648518346341351424 2133 2 1224979098644774913 72057594037927936 5 0 1 3 936748722493063837 648518346341351424 144115188075856273 2133 2 1224979098644774913 72057594037927936 3 0 2147483679 2 1224979098644774913 -1 1 5 936748722493063838 648518346341351424 1224979098644774913 0 1 1 5 936748722493063838 144115188075856273 1224979098644774913 0 1 3 0 1 1 936748722493063405 1691 1 72057594037927936 1020 0 4 0 31 2 144115188075856192 1 2133 2 144115188075856195 0 1911 1 792633534417207307 521 3 1224979098644774914 144115188075856191 10 1910 1 1224979098644774914 5 0 31 2 144115188075856192 2 2133 2 144115188075856195 1 1911 1 792633534417207307 521 3 1224979098644774914 144115188075856191 10 1910 1 1224979098644774914 5 0 2133 2 1224979098644774915 0 6 3 1224979098644774916 648518346341351621 648518346341351873 2147483679 2 1224979098644774915 1 541 3 1224979098644774916 35 2 2281 3 1224979098644774917 1224979098644774916 648518346341351424 2147483678 2 1224979098644774917 3 2133 2 1224979098644774915 1 3 0 31 2 1224979098644774915 1 1911 1 792633534417207305 1910 1 720575940379280676 5 0 1911 1 792633534417207305 1 1 936748722493063484 3 0 2133 2 144115188075856193 864691128455135271 2060 1 864691128455135276 2048 0  .  mno_encounter_order_attack  3 31 2 144115188075856050 0 1 2 936748722493063371 648518346341351424 30 2 72057594037927936 4  Order_your_troops_to_attack_without_you.  1 2060 1 864691128455135274  .  mno_encounter_select_options  0  Change_your_options_or_field_of_battle.  1 900 1 1513209474796486712  .  mno_encounter_leave  1 31 2 144115188075856049 0  Leave.  18 4 0 31 2 144115188075856050 0 39 0 1 3 936748722493063645 1 216172782113784228 3 0 4 0 31 2 144115188075856050 0 1650 2 1224979098644774912 648518346341351434 6 3 1224979098644774913 0 1224979098644774912 1652 3 1224979098644774914 648518346341351434 1224979098644774913 33 3 1224979098644774914 360287970189639979 360287970189640147 540 3 1224979098644774914 2 2 2173 2 1224979098644774915 1224979098644774914 1 6 936748722493063683 15 360287970189639680 -1 1224979098644774914 1224979098644774915 3 0 3 0 1301 0 2040 0  .  mno_encounter_retreat  12 31 2 144115188075856049 1 1 2 936748722493063625 1369094286720630799 2133 2 1224979098644774912 72057594037927936 2105 2 1224979098644774912 4 1 3 936748722493063371 648518346341351439 0 2133 2 1224979098644774913 72057594037927936 2108 2 1224979098644774913 2 2108 2 1224979098644774913 1224979098644774912 2111 2 1224979098644774913 1 1 2 936748722493063369 648518346341351424 2133 2 1224979098644774914 72057594037927936 30 2 1224979098644774914 1224979098644774913  Pull_back,_leaving_some_soldiers_behind_to_cover_your_retreat.  1 2060 1 864691128455135272  .  mno_encounter_surrender  1 31 2 144115188075856049 1  Surrender.  7 4 0 1609 2 1224979098644774912 144115188075856273 31 2 1224979098644774912 576460752303423559 2060 1 864691128455135526 5 0 2133 2 144115188075856038 1 3 0  . 
menu_encounter_retreat_confirm 0 As_the_party_member_with_the_highest_tactics_skill,_({reg2}),_{reg3?you_devise:{s3}_devises}_a_plan_that_will_allow_you_and_your_men_to_escape_with_your_lives,_but_you'll_have_to_leave_{reg4}_soldiers_behind_to_stop_the_enemy_from_giving_chase. none 22 1 2 936748722493063625 1369094286720630799 2133 2 1224979098644774912 72057594037927936 2133 2 1224979098644774913 72057594037927937 2133 2 72057594037927938 1224979098644774912 2105 2 1224979098644774912 4 1 3 936748722493063371 648518346341351439 0 2133 2 1224979098644774914 72057594037927936 2108 2 1224979098644774914 2 2123 3 72057594037927940 1224979098644774914 1224979098644774912 2111 2 72057594037927940 1 4 0 31 2 1224979098644774913 360287970189639680 2133 2 72057594037927939 1 5 0 2133 2 72057594037927939 0 2322 2 3 1224979098644774913 3 0 2124 1 100 729 2 0 70 730 2 0 5 731 2 0 75 2032 3 1729382256910270490 1224979098644774913 0 2
 mno_leave_behind  0  Go_on._The_sacrifice_of_these_men_will_save_the_rest.  23 2133 2 1224979098644774912 72057594037927940 6 3 1224979098644774913 0 1224979098644774912 1 2 936748722493063656 648518346341351424 2133 2 1224979098644774914 72057594037927936 2136 3 1224979098644774915 0 100 30 2 1224979098644774915 30 1611 3 144115188075856273 1224979098644774914 1 3 0 4 0 1073741855 2 144115188075857183 14 31 2 144115188075857183 15 1 2 936748722493063467 -50 1 3 936748722493063458 360287970189639680 -10 5 0 1 2 936748722493063467 -20 1 3 936748722493063458 360287970189639680 -7 3 0 4 0 1 2 936748722493063625 1369094286720630799 33 3 72057594037927937 360287970189639979 360287970189639995 1 3 936748722493063458 72057594037927937 1 3 0 2060 1 864691128455135273  .  mno_dont_leave_behind  0  No._We_leave_no_one_behind.  1 2060 1 864691128455135271  . 
menu_encounter_retreat 0 You_tell_{reg4}_of_your_troops_to_hold_the_enemy_while_you_retreat_with_the_rest_of_your_party. none 0 1
 mno_continue  0  Continue...  13 1 3 936748722493063645 1 216172782113784228 1650 2 1224979098644774912 648518346341351434 6 3 1224979098644774913 0 1224979098644774912 1652 3 1224979098644774914 648518346341351434 1224979098644774913 33 3 1224979098644774914 360287970189639979 360287970189640147 540 3 1224979098644774914 2 2 2173 2 1224979098644774915 1224979098644774914 1 6 936748722493063683 16 360287970189639680 -1 1224979098644774914 1224979098644774915 3 0 1644 2 144115188075856273 1 1301 0 2040 0 2133 2 144115188075857081 1  . 
menu_order_attack_begin 0 Your_troops_prepare_to_attack_the_enemy. none 0 2
 mno_order_attack_begin  0  Order_the_attack_to_begin.  7 1609 2 1224979098644774912 144115188075856273 4 0 31 2 1224979098644774912 576460752303423519 372 1 27 3 0 2133 2 144115188075856194 1 2060 1 864691128455135275  .  mno_call_back  0  Call_them_back.  1 2060 1 864691128455135271  . 
menu_order_attack_2 512 {s4}^^Your_casualties:_{s8}^^Enemy_casualties:_{s9} none 126 2031 1 1441151880758558756 1 3 936748722493063334 648518346341351424 1 2133 2 1224979098644774912 72057594037927936 1 3 936748722493063334 648518346341351439 0 2133 2 1224979098644774913 72057594037927936 1662 2 648518346341351424 648518346341351440 1 3 936748722493063334 648518346341351440 1 2133 2 1224979098644774914 72057594037927936 4 0 2147483680 2 1224979098644774914 1224979098644774913 2133 2 1224979098644774915 1224979098644774914 5 0 2133 2 1224979098644774915 1224979098644774913 3 0 4 0 2147483680 2 1224979098644774915 25 2133 2 1224979098644774916 1 5 0 2147483680 2 1224979098644774915 50 2133 2 1224979098644774916 2 5 0 2147483680 2 1224979098644774915 75 2133 2 1224979098644774916 3 5 0 2147483680 2 1224979098644774915 125 2133 2 1224979098644774916 4 5 0 2147483680 2 1224979098644774915 200 2133 2 1224979098644774916 5 5 0 2147483680 2 1224979098644774915 400 2133 2 1224979098644774916 6 5 0 2147483680 2 1224979098644774915 800 2133 2 1224979098644774916 7 5 0 2147483680 2 1224979098644774915 1600 2133 2 1224979098644774916 8 5 0 2147483680 2 1224979098644774915 3200 2133 2 1224979098644774916 9 5 0 2147483680 2 1224979098644774915 6400 2133 2 1224979098644774916 10 5 0 2147483680 2 1224979098644774915 12800 2133 2 1224979098644774916 11 5 0 2147483680 2 1224979098644774915 25600 2133 2 1224979098644774916 12 5 0 2147483680 2 1224979098644774915 51200 2133 2 1224979098644774916 13 5 0 2147483680 2 1224979098644774915 102400 2133 2 1224979098644774916 14 5 0 2133 2 1224979098644774916 15 3 0 2108 2 1224979098644774912 1224979098644774916 2111 2 1224979098644774912 1 2108 2 1224979098644774913 1224979098644774916 2111 2 1224979098644774913 1 2108 2 1224979098644774914 1224979098644774916 2111 2 1224979098644774914 1 2122 3 144115188075856246 1224979098644774912 100 2108 2 144115188075856246 1224979098644774914 1697 3 648518346341351424 1224979098644774913 648518346341351428 1 3 936748722493063358 648518346341351428 0 2321 2 8 0 4 0 30 2 144115188075856189 0 1697 3 144115188075856189 1224979098644774913 648518346341351428 2321 2 8 0 3 0 1697 3 144115188075856273 1224979098644774914 648518346341351428 1650 2 1224979098644774917 648518346341351428 6 3 1224979098644774918 0 1224979098644774917 1652 3 1224979098644774919 648518346341351428 1224979098644774918 4 0 1653 3 1224979098644774920 648518346341351428 1224979098644774918 32 2 1224979098644774920 0 1610 3 648518346341351442 1224979098644774919 1224979098644774920 1654 3 1224979098644774921 648518346341351428 1224979098644774918 32 2 1224979098644774921 0 1618 3 648518346341351442 1224979098644774919 1224979098644774921 3 0 3 0 1 3 936748722493063358 648518346341351428 0 2321 2 9 0 1662 2 144115188075856273 648518346341351439 2133 2 144115188075856196 0 4 0 1 2 936748722493063371 648518346341351424 2133 2 1224979098644774922 72057594037927936 2120 3 1224979098644774923 144115188075856841 1 2147483680 2 1224979098644774922 1224979098644774923 2133 2 144115188075856196 1 2320 2 4 216172782113783963 5 0 1 2 936748722493063371 648518346341351439 2133 2 1224979098644774924 72057594037927936 3221225504 2 1224979098644774924 0 2147483680 2 1224979098644774924 144115188075856843 2133 2 1224979098644774925 0 1650 2 1224979098644774926 648518346341351439 4 0 31 2 1224979098644774926 0 2133 2 1224979098644774925 1 5 0 1652 3 1224979098644774927 648518346341351439 0 4 0 2147485155 1 1224979098644774927 2133 2 1224979098644774925 1 5 0 1508 1 1224979098644774927 2133 2 1224979098644774925 1 3 0 3 0 31 2 1224979098644774925 1 2133 2 144115188075856168 1 2133 2 144115188075856196 1 2320 2 4 216172782113783962 5 0 2320 2 4 216172782113783964 3 0 3
 mno_order_attack_continue  1 31 2 144115188075856196 0  Order_your_soldiers_to_continue_the_attack.  1 2060 1 864691128455135275  .  mno_order_retreat  1 31 2 144115188075856196 0  Call_your_soldiers_back.  1 2060 1 864691128455135271  .  mno_continue  1 31 2 144115188075856196 1  Continue...  1 2060 1 864691128455135271  . 
menu_battle_debrief 4608 {s11}^^Your_Casualties:{s8}{s10}^^Enemy_Casualties:{s9} none 153 1 1 936748722493063485 4 0 31 2 144115188075857176 1 2133 2 144115188075857174 0 1 3 936748722493064062 360287970189641434 144115188075857175 2133 2 144115188075857175 -1 1617 1 648518346341351430 2133 2 144115188075857176 0 3 0 4 0 31 2 144115188075856168 1 1 3 936748722493063458 360287970189639680 144115188075856844 2133 2 1224979098644774912 0 6 3 1224979098644774913 360287970189639979 360287970189639995 110 1 1224979098644774913 2105 2 1224979098644774912 1 3 0 4 0 32 2 1224979098644774912 0 2123 3 1224979098644774912 144115188075856844 1224979098644774912 2111 2 1224979098644774912 1 6 3 1224979098644774913 360287970189639979 360287970189639995 110 1 1224979098644774913 1 3 936748722493063458 1224979098644774913 1224979098644774912 3 0 3 0 4 0 30 2 144115188075856273 0 132 1 144115188075856273 1609 2 1224979098644774914 144115188075856273 31 2 1224979098644774914 576460752303423526 370 3 1224979098644774915 30 0 370 3 1224979098644774916 30 1 2105 2 1224979098644774916 1 371 3 30 1 1224979098644774916 4 0 30 2 1224979098644774915 3 30 2 1224979098644774916 3 372 1 30 3 0 3 0 4 0 1608 2 1224979098644774917 648518346341351424 31 2 1224979098644774917 4 370 3 1224979098644774918 8 0 2105 2 1224979098644774918 1 371 3 8 0 1224979098644774918 4 0 31 2 1224979098644774918 10 372 1 8 3 0 3 0 4 0 30 2 144115188075856188 0 132 1 144115188075856188 1652 3 1224979098644774919 144115188075856188 0 31 2 1224979098644774919 360287970189639883 370 3 1224979098644774920 13 0 2105 2 1224979098644774920 1 371 3 13 0 1224979098644774920 4 0 31 2 1224979098644774920 10 372 1 13 3 0 3 0 4 0 33 3 144115188075856189 648518346341351445 648518346341351621 372 1 1 3 0 4 0 31 2 144115188075857069 1 372 1 34 3 0 3 0 2133 2 144115188075857069 0 1 1 936748722493063357 1 1 936748722493063520 1 2 936748722493063369 648518346341351424 2133 2 144115188075856197 72057594037927936 4 0 31 2 144115188075856168 1 31 2 144115188075856837 0 2320 2 11 1585267068834416243 4 0 1609 2 1224979098644774914 144115188075856273 31 2 1224979098644774914 576460752303423559 2133 2 144115188075856193 864691128455135525 3 0 4 0 32 2 144115188075856836 1 2031 1 1441151880758558732 3 0 5 0 31 2 144115188075856168 -1 30 2 144115188075856837 1 3221225504 2 144115188075856836 0 2147483680 2 144115188075856197 0 2320 2 11 1585267068834416244 2031 1 1441151880758558733 4 0 1609 2 1224979098644774914 144115188075856273 31 2 1224979098644774914 576460752303423559 2133 2 144115188075856193 864691128455135526 3 0 5 0 31 2 144115188075856168 -1 2320 2 11 1585267068834416245 4 0 31 2 1 144115188075856162 2031 1 1441151880758558735 5 0 2031 1 1441151880758558734 3 0 5 0 31 2 144115188075856168 1 2320 2 11 1585267068834416246 4 0 32 2 144115188075856836 1 2031 1 1441151880758558732 3 0 4 0 1609 2 1224979098644774914 144115188075856273 31 2 1224979098644774914 576460752303423559 2133 2 144115188075856193 864691128455135525 3 0 5 0 31 2 144115188075856168 0 2320 2 11 1585267068834416247 3 0 4 0 32 2 144115188075856791 9 2120 3 1224979098644774921 3 144115188075856168 2123 3 1224979098644774922 144115188075856791 1224979098644774921 2147483678 2 144115188075856197 1224979098644774922 1 3 936748722493063645 2 216172782113784226 3 0 4 0 31 2 144115188075857183 12 1609 2 1224979098644774923 144115188075856273 33 3 1224979098644774923 576460752303423494 576460752303423501 1601 2 1224979098644774924 648518346341351437 2105 2 144115188075857162 1224979098644774924 3 0 1 3 936748722493063358 648518346341351436 0 2321 2 8 0 1 3 936748722493063358 648518346341351437 0 2321 2 9 0 2319 1 10 4 0 31 2 144115188075856857 1 1 3 936748722493063358 648518346341351438 0 2320 2 10 1585267068834416248 3 0 1
 mno_continue  0  Continue...  1 2060 1 144115188075856193  . 
menu_total_victory 0 You_shouldn't_be_reading_this..._{s9} none 374 2133 2 1224979098644774912 0 4 0 31 2 144115188075856198 0 2133 2 144115188075856198 1 1 1 936748722493063362 3 0 4 0 200 1 504403158265495605 2147483850 1 504403158265495605 2147483851 1 504403158265495605 526 3 1224979098644774913 504403158265495605 8 132 1 1224979098644774913 1694 1 1224979098644774914 1073741855 2 1224979098644774913 144115188075856188 31 2 1224979098644774914 144115188075856188 1 2 936748722493063579 504403158265495605 3 0 4 0 200 1 504403158265495584 546 3 504403158265495584 11 2 526 3 1224979098644774915 504403158265495584 10 32 2 1224979098644774915 0 526 3 1224979098644774913 504403158265495584 8 1694 1 1224979098644774914 1073741855 2 1224979098644774913 144115188075856188 31 2 1224979098644774914 144115188075856188 1 3 936748722493063643 360287970189639680 1224979098644774915 506 3 504403158265495584 10 0 3 0 4 0 32 2 144115188075856048 0 540 3 144115188075856048 10 144115188075856273 2133 2 144115188075856048 0 4 0 31 2 144115188075856199 0 2133 2 144115188075856199 1 5 0 31 2 144115188075856199 2 2133 2 144115188075856199 3 3 0 3 0 1650 2 1224979098644774916 648518346341351439 6 3 1224979098644774917 0 1224979098644774916 1652 3 1224979098644774918 648518346341351439 1224979098644774917 33 3 1224979098644774918 360287970189639999 360287970189640145 1508 1 1224979098644774918 1610 3 648518346341351442 1224979098644774918 1 3 0 4 0 31 2 144115188075856200 0 2133 2 144115188075856200 1 32 2 144115188075856189 0 2120 3 1224979098644774919 144115188075856840 144115188075856839 2106 2 1224979098644774919 144115188075856838 2121 3 1224979098644774920 144115188075856840 144115188075856838 2122 3 1224979098644774921 1224979098644774920 100 2105 2 1224979098644774919 1 2108 2 1224979098644774921 1224979098644774919 2121 3 1224979098644774922 100 1224979098644774921 2122 3 1224979098644774923 1224979098644774922 144115188075856839 2108 2 1224979098644774923 3000 2110 2 1224979098644774923 4 2122 3 144115188075856201 1224979098644774922 1224979098644774922 2108 2 144115188075856201 700 2112 3 144115188075856201 0 20 1650 2 1224979098644774924 144115188075856189 32 2 1224979098644774924 0 2204 2 1224979098644774925 144115188075856189 1 3 936748722493063461 1224979098644774925 1224979098644774923 1652 2 1224979098644774926 144115188075856189 1655 3 1224979098644774927 144115188075856189 0 4 0 1507 1 1224979098644774926 520 3 1224979098644774928 1224979098644774926 22 2133 2 1224979098644774929 144115188075856201 4 0 2147483678 2 1224979098644774928 -5 2108 2 1224979098644774929 3 3 0 1 3 936748722493063459 1224979098644774926 1224979098644774929 3 0 4 0 541 3 144115188075856189 0 15 521 3 1224979098644774930 144115188075856189 123 33 3 1224979098644774930 648518346341351621 648518346341351873 2120 3 1224979098644774931 1224979098644774923 1 1 3 936748722493063460 1224979098644774930 1224979098644774931 3 0 2133 2 144115188075856110 13 1 3 936748722493063341 1224979098644774926 1224979098644774927 5 0 2133 2 1224979098644774912 0 1650 2 1224979098644774916 648518346341351442 6 3 1224979098644774932 144115188075856202 1224979098644774916 31 2 1224979098644774912 0 1652 3 1224979098644774918 648518346341351442 1224979098644774932 1655 3 1224979098644774933 648518346341351442 1224979098644774932 1507 1 1224979098644774918 2173 2 1224979098644774934 1224979098644774918 4 0 2190 3 1224979098644774935 1224979098644774934 432345564227567629 30 2 1224979098644774935 0 2322 2 4 1224979098644774918 4 0 31 2 144115188075856163 1 1106 1 1585267068834416249 3 0 5 0 4 0 1652 3 1224979098644774936 144115188075856273 0 33 3 1224979098644774936 360287970189639979 360287970189640147 540 3 1224979098644774936 2 2 2121 3 1224979098644774937 1224979098644774936 360287970189639979 370 3 1224979098644774938 7 1224979098644774937 31 2 1224979098644774938 1 372 1 7 3 0 2120 3 144115188075856202 1224979098644774932 1 1 2 936748722493063696 1224979098644774918 500 3 1224979098644774918 10 -1 1 2 936748722493063655 1224979098644774918 2322 2 1 1224979098644774918 2335 2 3 1224979098644774934 1277 2 1224979098644774939 1224979098644774934 2320 2 17 1585267068834416250 1105 2 1585267068834416251 1224979098644774939 2060 1 864691128455135278 2133 2 1224979098644774912 1 5 0 2120 3 144115188075856202 1224979098644774932 1 1 2 936748722493063696 1224979098644774918 500 3 1224979098644774918 10 -1 2133 2 144115188075856110 9 1 3 936748722493063458 1224979098644774918 -5 1 3 936748722493063341 1224979098644774918 1224979098644774933 2133 2 1224979098644774912 1 3 0 3 0 31 2 1224979098644774912 1 5 0 2133 2 1224979098644774912 0 1651 2 1224979098644774940 648518346341351439 6 3 1224979098644774932 144115188075856203 1224979098644774940 31 2 1224979098644774912 0 1656 3 1224979098644774918 648518346341351439 1224979098644774932 1507 1 1224979098644774918 1658 3 1224979098644774933 648518346341351439 1224979098644774932 2120 3 144115188075856203 1224979098644774932 1 2133 2 144115188075856110 8 1 3 936748722493063341 1224979098644774918 1224979098644774933 2133 2 1224979098644774912 1 3 0 31 2 1224979098644774912 1 5 0 31 2 144115188075856204 0 2133 2 144115188075856204 1 1617 1 648518346341351425 2133 2 144115188075856012 0 1 3 936748722493063353 648518346341351425 648518346341351442 1 3 936748722493063347 648518346341351425 648518346341351439 4 0 1 3 936748722493063334 648518346341351435 0 2133 2 1224979098644774941 72057594037927936 32 2 1224979098644774941 0 1 3 936748722493063334 648518346341351433 0 2133 2 1224979098644774942 72057594037927936 2121 3 1224979098644774943 1224979098644774941 1224979098644774942 2122 3 1224979098644774944 1224979098644774943 1000 2108 2 1224979098644774944 1224979098644774941 2133 2 144115188075856205 1224979098644774944 1617 1 648518346341351427 1 3 936748722493063374 648518346341351425 648518346341351427 4 0 32 2 144115188075856189 0 1698 2 648518346341351427 144115188075856189 3 0 3 0 1601 2 1224979098644774945 648518346341351425 1602 2 1224979098644774946 648518346341351425 2120 3 1224979098644774947 1224979098644774945 1224979098644774946 32 2 1224979098644774947 0 2050 1 648518346341351425 5 0 31 2 144115188075856206 0 2133 2 144115188075856206 1 1532 1 360287970189639683 1 2 936748722493063336 648518346341351442 32 2 72057594037927936 0 1511 1 360287970189639683 4 0 1 1 936748722493063856 2133 2 144115188075857101 864691128455135277 2133 2 144115188075856023 360287970189639680 2060 1 864691128455135457 5 0 2041 1 360287970189639683 3 0 5 0 4 0 2147483680 2 144115188075856189 0 1307 0 3 0 1 2 936748722493063340 648518346341351442 4 0 31 2 144115188075856188 0 1106 1 216172782113783813 3 0 4 0 132 1 144115188075856189 1 3 936748722493063705 144115188075856188 144115188075856189 5 0 1 3 936748722493063705 144115188075856188 648518346341351424 3 0 1 2 936748722493063647 144115188075856188 1 2 936748722493063352 144115188075856188 4 0 31 2 144115188075856193 -1 1 1 936748722493063646 1652 3 1224979098644774948 648518346341351434 0 4 0 33 3 1224979098644774948 360287970189639979 360287970189640147 2147483681 3 144115188075856273 648518346341351445 648518346341351873 2173 2 1224979098644774949 1224979098644774948 4 0 31 2 144115188075856189 0 1 6 936748722493063683 11 360287970189639680 -1 1224979098644774948 1224979098644774949 4 0 31 2 144115188075856163 1 1106 1 1585267068834416252 3 0 5 0 30 2 144115188075856246 40 1 6 936748722493063683 11 360287970189639680 -1 1224979098644774948 1224979098644774949 4 0 31 2 144115188075856163 1 1106 1 1585267068834416253 3 0 5 0 32 2 144115188075856839 1000 1 2 936748722493063399 648518346341351424 2133 2 1224979098644774950 72057594037927936 1 6 936748722493063683 19 360287970189639680 1224979098644774950 -1 1224979098644774949 4 0 31 2 144115188075856163 1 1106 1 1585267068834416254 3 0 5 0 31 2 144115188075856163 1 1106 1 1585267068834416255 3 0 3 0 2105 2 144115188075856207 1 1301 0 2040 0 5 0 4 0 31 2 144115188075856193 864691128455135474 2060 1 144115188075856193 5 0 31 2 144115188075856193 864691128455135307 1 6 936748722493063683 10 360287970189639680 144115188075856273 -1 144115188075856787 2270 1 1224979098644774951 502 3 144115188075856287 98 1224979098644774951 4 0 2133 2 1224979098644774952 0 33 3 144115188075856287 432345564227567631 432345564227567635 1 3 936748722493063852 360287970189639680 144115188075856287 30 2 72057594037927936 50 2133 2 1224979098644774952 1 2133 2 144115188075856008 144115188075856273 522 3 1224979098644774953 432345564227567630 11 4 0 31 2 1224979098644774953 360287970189639680 2133 2 1224979098644774953 360287970189640294 6 3 1224979098644774954 360287970189639979 1224979098644774953 1073742364 2 30 360287970189639680 540 3 360287970189639680 30 1224979098644774954 2147484208 3 1224979098644774953 8 0 2147484208 3 1224979098644774953 2 11 2133 2 1224979098644774953 1224979098644774954 3 0 3 0 33 3 1224979098644774953 360287970189639979 360287970189640294 2147484208 3 1224979098644774953 8 0 2147484208 3 1224979098644774953 2 11 2040 0 1025 2 1224979098644774953 -1 5 0 2147483679 2 1224979098644774952 1 33 3 144115188075856287 432345564227567631 432345564227567635 2060 1 144115188075856193 5 0 31 2 144115188075856287 432345564227567630 2133 2 144115188075856008 144115188075856273 2147484190 3 432345564227567630 11 360287970189639680 522 3 1224979098644774953 432345564227567630 11 2040 0 2133 2 144115188075856110 20 1 3 936748722493063900 1224979098644774953 144115188075856213 5 0 1073741855 2 1224979098644774952 1 2147483681 3 144115188075856287 432345564227567631 432345564227567635 2133 2 144115188075856008 144115188075856273 2133 2 144115188075856110 20 2040 0 2133 2 1224979098644774955 360287970189639710 2133 2 1224979098644774956 144115188075856287 4 0 2147483681 3 144115188075856287 432345564227567631 432345564227567635 2133 2 1224979098644774956 144115188075857083 1073741857 3 1224979098644774956 432345564227567631 432345564227567635 33 3 1224979098644774956 432345564227567623 432345564227567629 5 0 2147483681 3 144115188075856287 432345564227567631 432345564227567635 33 3 144115188075856285 648518346341351445 648518346341351873 561 3 144115188075856285 61 1 521 3 1224979098644774956 144115188075856285 61 3 0 4 0 33 3 1224979098644774956 432345564227567630 432345564227567635 522 3 1224979098644774956 1224979098644774956 10 3 0 4 0 33 3 1224979098644774956 432345564227567623 432345564227567629 522 3 72057594037927936 1224979098644774956 49 30 2 72057594037927936 360287970189639705 2133 2 1224979098644774955 72057594037927936 3 0 4 0 2147483679 2 1224979098644774955 360287970189639710 2171 2 1224979098644774957 1224979098644774955 5 0 2133 2 1224979098644774957 0 3 0 1650 2 1224979098644774916 648518346341351424 6 3 1224979098644774932 0 1224979098644774916 1652 3 1224979098644774918 648518346341351424 1224979098644774932 2147483679 2 1224979098644774918 360287970189639680 1653 3 1224979098644774958 648518346341351424 1224979098644774932 1654 3 1224979098644774959 648518346341351424 1224979098644774932 520 3 1224979098644774960 648518346341351424 146 2133 2 1224979098644774961 0 4 0 2147485155 1 1224979098644774918 2120 3 1224979098644774962 1224979098644774959 1224979098644774960 32 2 1224979098644774958 1224979098644774962 2133 2 1224979098644774961 1 5 0 1507 1 1224979098644774918 2147485156 1 1224979098644774918 2133 2 1224979098644774961 1 3 0 31 2 1224979098644774961 1 4 0 1507 1 1224979098644774918 520 3 1224979098644774963 1224979098644774918 7 2122 3 1224979098644774964 1224979098644774963 100 2105 2 1224979098644774964 1000 5 0 2171 2 1224979098644774965 1224979098644774918 2133 2 1224979098644774964 1224979098644774965 3 0 4 0 32 2 1224979098644774964 1224979098644774957 2133 2 1224979098644774957 1224979098644774964 2133 2 1224979098644774955 1224979098644774918 1655 3 1224979098644774966 648518346341351424 1224979098644774932 3 0 3 0 1 4 936748722493063900 1224979098644774955 144115188075856213 1224979098644774966 3 0 3 0 3 0 3 0 1
 mno_continue  0  Victory!  0  . 
menu_enemy_slipped_away 0 {s17} none 0 1
 mno_continue  0  Continue...  1 2060 1 864691128455135277  . 
menu_total_defeat 0 {!}You_shouldn't_be_reading_this... none 54 601 2 1657324662872342674 1 1651 2 1224979098644774912 648518346341351424 6 3 1224979098644774913 0 1224979098644774912 1656 3 1224979098644774914 648518346341351424 1224979098644774913 1507 1 1224979098644774914 1 2 936748722493063696 1224979098644774914 3 0 4 0 132 1 144115188075856189 1 3 936748722493063705 144115188075856189 144115188075856188 5 0 1 3 936748722493063705 648518346341351424 144115188075856188 3 0 4 0 2147483679 2 144115188075857183 21 1 2 936748722493063335 144115188075856188 3 0 2133 2 144115188075856012 0 1617 1 648518346341351425 1 3 936748722493063347 648518346341351425 648518346341351424 1 3 936748722493063348 648518346341351425 648518346341351424 1698 2 648518346341351425 144115188075856188 2133 2 144115188075856208 1 1 2 936748722493063344 648518346341351424 2133 2 144115188075856208 0 2133 2 144115188075856012 1 1 2 936748722493063345 648518346341351424 2105 2 144115188075856209 1 4 0 2147483679 2 144115188075856038 1 2136 3 1224979098644774915 0 100 30 2 1224979098644774915 144115188075856755 2060 1 864691128455135280 5 0 4 0 31 2 144115188075856193 -1 1301 0 2040 0 5 0 2060 1 144115188075856193 3 0 3 0 4 0 32 2 144115188075856189 0 1 2 936748722493063404 144115188075856189 3 0 1650 2 1224979098644774916 648518346341351434 6 3 1224979098644774913 0 1224979098644774916 1652 3 1224979098644774914 648518346341351434 1224979098644774913 33 3 1224979098644774914 360287970189639979 360287970189640147 540 3 1224979098644774914 2 2 2173 2 1224979098644774917 1224979098644774914 1 6 936748722493063683 14 360287970189639680 -1 1224979098644774914 1224979098644774917 3 0 0

menu_permanent_damage 512 {s0} none 33 2133 2 1224979098644774912 1 6 3 1224979098644774913 0 1224979098644774912 2136 3 1224979098644774914 0 4 2172 3 1224979098644774915 360287970189639680 1224979098644774914 4 0 32 2 1224979098644774915 3 2147483679 2 1224979098644774914 3 4 0 31 2 1224979098644774914 0 2320 2 0 1585267068834416256 5 0 31 2 1224979098644774914 1 2320 2 0 1585267068834416257 5 0 2320 2 0 1585267068834416258 3 0 5 0 2147483678 2 1224979098644774912 200 2105 2 1224979098644774912 1 3 0 3 0 4 0 31 2 1224979098644774912 200 4 0 31 2 144115188075856193 -1 1301 0 2040 0 5 0 2060 1 144115188075856193 3 0 5 0 1520 3 360287970189639680 1224979098644774914 -1 3 0 1
 mno_s0  19 2136 3 1224979098644774912 0 4 4 0 31 2 1224979098644774912 0 2320 2 0 1585267068834416259 5 0 31 2 1224979098644774912 1 2320 2 0 1585267068834416260 5 0 31 2 1224979098644774912 2 2320 2 0 1585267068834416261 5 0 31 2 1224979098644774912 3 4 0 31 2 144115188075856162 1 2320 2 0 1585267068834416262 5 0 2320 2 0 1585267068834416263 3 0 3 0  {s0}  7 4 0 31 2 144115188075856193 -1 1301 0 2040 0 5 0 2060 1 144115188075856193 3 0  . 
menu_pre_join 0 You_come_across_a_battle_between_{s2}_and_{s1}._You_decide_to... none 2 2330 2 1 144115188075856273 2330 2 2 144115188075856786 3
 mno_pre_join_help_attackers  6 2204 2 1224979098644774912 144115188075856786 2190 3 1224979098644774913 1224979098644774912 432345564227567630 2204 2 1224979098644774914 144115188075856273 2190 3 1224979098644774915 1224979098644774914 432345564227567630 30 2 1224979098644774913 0 2147483678 2 1224979098644774915 0  Move_in_to_help_the_{s2}.  4 1303 1 0 2133 2 144115188075856188 144115188075856273 2133 2 144115188075856189 144115188075856786 2060 1 864691128455135282  .  mno_pre_join_help_defenders  6 2204 2 1224979098644774912 144115188075856786 2190 3 1224979098644774913 1224979098644774912 432345564227567630 2204 2 1224979098644774914 144115188075856273 2190 3 1224979098644774915 1224979098644774914 432345564227567630 30 2 1224979098644774915 0 2147483678 2 1224979098644774913 0  Rush_to_the_aid_of_the_{s1}.  4 1303 1 1 2133 2 144115188075856188 144115188075856786 2133 2 144115188075856189 144115188075856273 2060 1 864691128455135282  .  mno_pre_join_leave  0  Don't_get_involved.  2 1301 0 2040 0  . 
menu_join_battle 256 You_are_helping_the_{s2}_against_the_{s1}._You_have_{reg10}_troops_fit_for_battle_against_the_enemy's_{reg11}._^^The_battle_will_take_place_on_a_{s3}{s4}. none 70 4 0 1608 2 1224979098644774912 648518346341351424 33 3 1224979098644774912 9 12 2133 2 1224979098644774913 144115188075857241 2320 2 4 1585267068834416231 5 0 2133 2 1224979098644774913 144115188075857242 2320 2 4 1585267068834415246 3 0 4 0 31 2 1224979098644774913 0 2320 2 3 1585267068834416232 5 0 31 2 1224979098644774913 1 2320 2 3 1585267068834416233 5 0 31 2 1224979098644774913 2 2320 2 3 1585267068834416234 5 0 31 2 1224979098644774913 3 2320 2 3 1585267068834416235 5 0 2320 2 3 1585267068834416236 3 0 2330 2 1 144115188075856188 2330 2 2 144115188075856189 1 1 936748722493063520 4 0 31 2 144115188075856190 1 2133 2 144115188075856190 0 1 1 936748722493063521 5 0 31 2 144115188075856011 1 2040 0 3 0 4 0 1 2 936748722493063371 648518346341351439 2133 2 1224979098644774914 72057594037927936 2133 2 1224979098644774915 0 4 0 31 2 144115188075856168 1 3221225504 2 1224979098644774914 0 2147483680 2 1224979098644774914 144115188075856843 2133 2 1224979098644774915 1 5 0 31 2 144115188075856194 1 2147483680 2 144115188075856837 0 30 2 144115188075856836 1 2133 2 1224979098644774915 1 3 0 1073741855 2 1224979098644774915 1 31 2 144115188075856035 1 2133 2 144115188075856193 -1 2060 1 864691128455135277 5 0 1 2 936748722493063371 648518346341351441 2133 2 1224979098644774916 72057594037927936 2133 2 1224979098644774917 0 4 0 31 2 144115188075856168 -1 2147483680 2 1224979098644774916 144115188075856842 2133 2 1224979098644774917 1 3 0 1073741855 2 1224979098644774917 1 31 2 144115188075856038 1 1301 0 2040 0 3 0 2330 2 1 144115188075856188 2330 2 2 144115188075856189 4
 mno_join_attack  10 2147485156 1 360287970189639680 2319 1 50 4 0 2170 3 1224979098644774912 15 360287970189639680 32 2 1224979098644774912 1 2133 2 144115188075857173 1 2320 2 50 1585267068834416241 5 0 2320 2 50 1585267068834416242 3 0  {s50}  12 2133 2 144115188075857069 1 1667 2 144115188075856273 -1 2133 2 144115188075856168 0 1 1 936748722493063522 1 1 936748722493063405 1691 1 72057594037927936 1020 0 1911 1 792633534417207305 1 1 936748722493063484 2133 2 144115188075856193 864691128455135282 2060 1 864691128455135276 2048 0  .  mno_join_order_attack  2 1 2 936748722493063371 648518346341351424 30 2 72057594037927936 3  Order_your_troops_to_attack_with_your_allies_while_you_stay_back.  3 2133 2 144115188075857069 1 1667 2 144115188075856273 -1 2060 1 864691128455135283  .  mno_encounter_select_options  0  Change_your_options_or_field_of_battle.  1 900 1 1513209474796486712  .  mno_join_leave  0  Leave.  9 4 0 2147485156 1 360287970189639680 1 3 936748722493063645 1 216172782113784228 1652 3 1224979098644774912 144115188075856188 0 33 3 1224979098644774912 360287970189639979 360287970189640147 1 6 936748722493063683 15 360287970189639680 -1 1224979098644774912 -1 3 0 1301 0 2040 0  . 
menu_join_order_attack 512 {s4}^^Your_casualties:_{s8}^^Allies'_casualties:_{s9}^^Enemy_casualties:_{s10} none 59 1 3 936748722493063334 648518346341351424 1 2133 2 1224979098644774912 72057594037927936 2108 2 1224979098644774912 5 1 3 936748722493063334 648518346341351441 0 2133 2 1224979098644774913 72057594037927936 2108 2 1224979098644774913 5 1 3 936748722493063334 648518346341351439 0 2133 2 1224979098644774914 72057594037927936 2108 2 1224979098644774914 5 4 0 31 2 1224979098644774913 0 2123 3 1224979098644774915 1224979098644774914 2 5 0 2133 2 1224979098644774915 1224979098644774914 2107 2 1224979098644774915 1224979098644774912 2108 2 1224979098644774915 1224979098644774913 3 0 2106 2 1224979098644774914 1224979098644774915 1697 3 648518346341351424 1224979098644774915 648518346341351428 1 3 936748722493063358 648518346341351428 0 2321 2 8 0 1697 3 144115188075856188 1224979098644774913 648518346341351428 1650 2 1224979098644774916 648518346341351428 6 3 1224979098644774917 0 1224979098644774916 1652 3 1224979098644774918 648518346341351428 1224979098644774917 4 0 1653 3 1224979098644774919 648518346341351428 1224979098644774917 32 2 1224979098644774919 0 1610 3 648518346341351442 1224979098644774918 1224979098644774919 1654 3 1224979098644774920 648518346341351428 1224979098644774917 32 2 1224979098644774920 0 1618 3 648518346341351442 1224979098644774918 1224979098644774920 3 0 3 0 1 3 936748722493063358 648518346341351428 0 2321 2 10 0 1 1 936748722493063519 1697 3 144115188075856189 1224979098644774914 648518346341351428 1 3 936748722493063358 648518346341351428 0 2321 2 9 0 1662 2 144115188075856188 648518346341351439 2133 2 144115188075856196 0 4 0 1 2 936748722493063371 648518346341351424 2133 2 1224979098644774921 72057594037927936 2147483680 2 1224979098644774921 144115188075856841 2133 2 144115188075856196 1 2320 2 4 216172782113783966 5 0 1 2 936748722493063371 648518346341351439 2133 2 1224979098644774922 72057594037927936 3221225504 2 1224979098644774922 0 2147483680 2 1224979098644774922 144115188075856843 2133 2 144115188075856168 1 2133 2 144115188075856196 1 2320 2 4 216172782113783965 5 0 2320 2 4 216172782113783967 3 0 1
 mno_continue  0  Continue...  1 2060 1 864691128455135282  . 
menu_zendar 16 You_enter_the_town_of_Zendar. none 3 1170 1 0 1171 2 288230376151711855 70 1171 2 288230376151711844 140 5
 mno_zendar_enter  0  _  3 1911 1 792633534417207296 1910 1 720575940379279438 2048 0  Door_to_the_town_center.  mno_zendar_tavern  0  _  3 1911 1 792633534417207296 1910 1 720575940379279439 2048 0  Door_to_the_tavern.  mno_zendar_merchant  0  _  3 1911 1 792633534417207296 1910 1 720575940379279440 2048 0  Door_to_the_merchant.  mno_zendar_arena  0  _  3 1911 1 792633534417207296 1910 1 720575940379279411 2048 0  Door_to_the_arena.  mno_town_1_leave  0  _  2 1301 0 2040 0  . 
menu_salt_mine 16 You_enter_the_salt_mine. none 2 1170 1 0 1171 2 288230376151711844 55 2
 mno_enter  0  Enter.  3 1911 1 792633534417207298 1910 1 720575940379279409 2048 0  .  mno_leave  0  Leave.  2 1301 0 2040 0  . 
menu_four_ways_inn 16 You_arrive_at_the_Four_Ways_Inn. none 0 2
 mno_enter  0  Enter.  3 1911 1 792633534417207319 1910 1 720575940379279400 2048 0  .  mno_leave  0  Leave.  2 1301 0 2040 0  . 
menu_test_scene 0 You_enter_the_test_scene. none 0 10
 mno_enter  0  Enter_1.  3 1911 1 792633534417207319 1910 1 720575940379280598 2048 0  .  mno_enter  0  Enter_2.  3 1911 1 792633534417207319 1910 1 720575940379280599 2048 0  .  mno_enter  0  Enter_3.  3 1911 1 792633534417207319 1910 1 720575940379280600 2048 0  .  mno_enter  0  Enter_4.  3 1911 1 792633534417207319 1910 1 720575940379280601 2048 0  .  mno_enter  0  Enter_5.  3 1911 1 792633534417207319 1910 1 720575940379280602 2048 0  .  mno_enter  0  Enter_6.  3 1911 1 792633534417207319 1910 1 720575940379280603 2048 0  .  mno_enter  0  Enter_7.  3 1911 1 792633534417207319 1910 1 720575940379280596 2048 0  .  mno_enter  0  Enter_8.  3 1911 1 792633534417207319 1910 1 720575940379280597 2048 0  .  mno_enter  0  Enter_9.  3 1911 1 792633534417207319 1910 1 720575940379280610 2048 0  .  mno_leave  0  Leave.  2 1301 0 2040 0  . 
menu_battlefields 0 {!}Select_a_field... none 0 6
 mno_enter_f1  0  {!}Field_1  3 1911 1 792633534417207319 1910 1 720575940379280591 2048 0  .  mno_enter_f2  0  {!}Field_2  3 1911 1 792633534417207319 1910 1 720575940379280592 2048 0  .  mno_enter_f3  0  {!}Field_3  3 1911 1 792633534417207319 1910 1 720575940379280593 2048 0  .  mno_enter_f4  0  {!}Field_4  3 1911 1 792633534417207319 1910 1 720575940379280594 2048 0  .  mno_enter_f5  0  {!}Field_5  3 1911 1 792633534417207319 1910 1 720575940379280595 2048 0  .  mno_leave  0  Leave.  2 1301 0 2040 0  . 
menu_dhorak_keep 0 You_enter_the_Dhorak_Keep none 0 2
 mno_enter  0  Enter.  3 1911 1 792633534417207298 1910 1 720575940379279412 2048 0  .  mno_leave  0  Leave.  2 1301 0 2040 0  . 
menu_join_siege_outside 4352 {s1}_has_come_under_siege_by_{s2}. none 8 2330 2 1 144115188075856273 2330 2 2 144115188075856786 4 0 31 2 144115188075856162 1 2031 1 1441151880758558727 5 0 2031 1 1441151880758558726 3 0 3
 mno_approach_besiegers  6 2204 2 1224979098644774912 144115188075856786 2190 3 1224979098644774913 1224979098644774912 432345564227567630 30 2 1224979098644774913 0 2204 2 1224979098644774912 144115188075856273 2190 3 1224979098644774913 1224979098644774912 432345564227567630 2147483678 2 1224979098644774913 0  Approach_the_siege_camp.  1 2060 1 864691128455135292  .  mno_pass_through_siege  3 2204 2 1224979098644774912 144115188075856273 2190 3 1224979098644774913 1224979098644774912 432345564227567630 30 2 1224979098644774913 0  Pass_through_the_siege_lines_and_enter_{s1}.  1 2060 1 864691128455135291  .  mno_leave  0  Leave.  2 1301 0 2040 0  . 
menu_cut_siege_without_fight 0 The_besiegers_let_you_approach_the_gates_without_challenge. none 0 1
 mno_continue  0  Continue...  7 4 0 1073741855 2 144115188075856787 432345564227567630 31 2 144115188075856787 144115188075856287 2060 1 864691128455135343 5 0 2060 1 864691128455135293 3 0  . 
menu_besiegers_camp_with_allies 256 {s1}_remains_under_siege._The_banners_of_{s2}_fly_above_the_camp_of_the_besiegers,_where_you_and_your_men_are_welcomed. none 83 2330 2 1 144115188075856273 2330 2 2 144115188075856786 2133 2 144115188075856188 144115188075856273 2133 2 144115188075856189 144115188075856786 1303 1 0 1 1 936748722493063520 4 0 31 2 144115188075856190 1 2133 2 144115188075856190 0 1 1 936748722493063521 3 0 4 0 31 2 144115188075856011 1 2040 0 5 0 2133 2 1224979098644774912 0 4 0 31 2 144115188075856168 1 2133 2 1224979098644774912 1 5 0 2147483680 2 144115188075856837 0 30 2 144115188075856836 1 2133 2 1224979098644774912 1 3 0 1073741855 2 1224979098644774912 1 31 2 144115188075856035 1 1651 2 1224979098644774913 144115188075856188 6 3 1224979098644774914 0 1224979098644774913 1656 3 1224979098644774915 648518346341351439 1224979098644774914 1507 1 1224979098644774915 4 0 200 1 504403158265495610 546 3 504403158265495610 2 1224979098644774915 1 2 936748722493063579 504403158265495610 5 0 200 1 504403158265495576 546 3 504403158265495576 2 1224979098644774915 1 2 936748722493063582 504403158265495576 3 0 3 0 4 0 2204 2 1224979098644774916 144115188075856189 1 3 936748722493063852 360287970189639680 1224979098644774916 30 2 72057594037927936 10 1652 3 1224979098644774917 144115188075856786 0 1 2 936748722493063457 1224979098644774917 1073742364 3 1224979098644774917 52 1 30 2 72057594037927936 -10 31 2 144115188075856204 0 2133 2 144115188075856204 1 1617 1 648518346341351425 2133 2 144115188075856012 0 2050 1 648518346341351425 5 0 31 2 144115188075856206 0 2133 2 144115188075856206 1 1532 1 360287970189639683 1 2 936748722493063336 648518346341351442 32 2 72057594037927936 0 1511 1 360287970189639683 4 0 1 1 936748722493063856 2133 2 144115188075857101 144115188075856210 2133 2 144115188075856023 360287970189639680 2060 1 864691128455135457 5 0 2041 1 360287970189639683 3 0 5 0 1 2 936748722493063340 648518346341351442 2105 2 144115188075856207 1 1 2 936748722493063404 144115188075856188 1301 0 2040 0 3 0 5 0 1 2 936748722493063371 648518346341351441 2133 2 1224979098644774918 72057594037927936 31 2 144115188075856168 -1 31 2 1224979098644774918 0 1301 0 2040 0 3 0 4
 mno_talk_to_siege_commander  0  _Request_a_meeting_with_the_commander.  12 1 1 936748722493063343 2133 2 1224979098644774912 72057594037927936 1261 1 1224979098644774912 1262 0 1263 2 0 360287970189639680 1652 3 1224979098644774913 144115188075856786 0 1655 3 1224979098644774914 144115188075856786 0 1263 3 17 1224979098644774913 1224979098644774914 1911 1 792633534417207297 1910 1 1224979098644774912 2133 2 144115188075856110 4 2049 1 1224979098644774913  .  mno_join_siege_with_allies  1 2147485156 1 360287970189639680  Join_the_next_assault.  38 2133 2 144115188075857069 1 1667 2 144115188075856273 -1 4 0 200 1 504403158265495572 546 3 504403158265495572 1 144115188075856273 1064 1 250 1 2 936748722493063582 504403158265495572 522 3 1224979098644774912 144115188075856287 8 2341 2 9 1224979098644774912 1290 1 504403158265495569 1 2 936748722493063829 1224979098644774912 2320 2 2 1585267068834416264 1 3 936748722493063577 504403158265495569 1224979098644774912 2133 2 144115188075856044 0 3 0 4 0 541 3 144115188075856273 0 3 521 3 1224979098644774913 144115188075856273 18 5 0 521 3 1224979098644774913 144115188075856273 10 3 0 1 1 936748722493063405 2107 2 72057594037927936 2 2108 2 72057594037927936 3 1691 1 72057594037927936 1020 0 4 0 541 3 144115188075856273 27 1 1911 1 792633534417207311 5 0 1911 1 792633534417207312 3 0 1910 1 1224979098644774913 2133 2 144115188075856210 864691128455135292 2133 2 144115188075856211 1 2133 2 144115188075856193 864691128455135301 2060 1 864691128455135276 2048 0  .  mno_join_siege_stay_back  2 1 2 936748722493063371 648518346341351424 30 2 72057594037927936 3  Order_your_soldiers_to_join_the_next_assault_without_you.  16 2133 2 144115188075857069 1 1667 2 144115188075856273 -1 4 0 200 1 504403158265495572 546 3 504403158265495572 1 144115188075856273 1064 1 100 1 2 936748722493063582 504403158265495572 522 3 1224979098644774912 144115188075856287 8 2341 2 9 1224979098644774912 1290 1 504403158265495569 1 2 936748722493063829 1224979098644774912 2320 2 2 1585267068834416264 1 3 936748722493063577 504403158265495569 1224979098644774912 2133 2 144115188075856044 0 3 0 2060 1 864691128455135305  .  mno_leave  0  Leave.  2 1301 0 2040 0  . 
menu_castle_outside 4096 You_are_outside_{s2}.{s11}_{s3}_{s4} none 300 2133 2 144115188075856188 144115188075856273 2133 2 144115188075856189 -1 2330 2 2 144115188075856273 1 1 936748722493063520 2133 2 144115188075856212 1 2133 2 144115188075856213 144115188075856273 4 0 31 2 144115188075856190 1 2133 2 144115188075856190 0 1 3 936748722493063402 1 0 1 1 936748722493063521 2133 2 144115188075856214 0 4 0 32 2 144115188075856215 0 31 2 144115188075857182 1 1106 2 1585267068834414939 15785267 4 0 31 2 144115188075857182 1 1107 1 0 6 3 1224979098644774912 0 10 1541 3 1224979098644774913 360287970189639680 1224979098644774912 2147483679 2 1224979098644774913 -1 1542 3 1224979098644774914 360287970189639680 1224979098644774912 1530 3 360287970189639685 1224979098644774913 1224979098644774914 3 0 1 4 936748722493063920 360287970189639680 360287970189639685 0 1 3 936748722493063819 360287970189639685 360287970189639680 1 4 936748722493063919 360287970189639685 360287970189639680 0 1107 1 1 3 0 3 0 2133 2 144115188075856215 0 2133 2 144115188075856216 0 2133 2 144115188075856073 0 2133 2 144115188075856050 0 4 0 32 2 144115188075856217 0 2147483679 2 144115188075856217 144115188075856273 541 3 144115188075856217 54 648518346341351424 1 3 936748722493063443 144115188075856217 0 2133 2 144115188075856217 -1 3 0 4 0 2147483678 2 144115188075856788 0 2133 2 144115188075856073 1 2133 2 144115188075856214 1 3 0 4 0 541 3 144115188075856273 39 360287970189639899 2133 2 144115188075856073 1 2133 2 144115188075856214 1 3 0 2133 2 144115188075856218 0 4 0 31 2 144115188075856213 144115188075856274 2270 1 72057594037927938 2106 2 72057594037927938 144115188075856275 2147483678 2 72057594037927938 12 2133 2 144115188075856218 1 3 0 5 0 31 2 144115188075856011 1 2040 0 3 0 2319 1 4 4 0 31 2 144115188075856214 1 4 0 31 2 144115188075856218 1 2320 2 4 216172782113783956 5 0 2320 2 4 216172782113783955 3 0 3 0 521 3 1224979098644774915 144115188075856213 7 2204 2 1224979098644774916 144115188075856213 2335 2 9 1224979098644774916 4 0 30 2 1224979098644774915 0 2322 2 8 1224979098644774915 2320 2 7 1585267068834416265 3 0 2133 2 1224979098644774917 0 4 0 31 2 144115188075856787 144115188075856287 33 3 144115188075856287 432345564227567631 432345564227567635 1 3 936748722493063852 360287970189639680 144115188075856287 30 2 72057594037927936 50 2133 2 1224979098644774917 1 3 0 2133 2 1224979098644774918 72057594037927936 2133 2 1224979098644774919 72057594037927940 2133 2 1224979098644774920 0 2133 2 72057594037927940 0 4 0 2147483678 2 1224979098644774915 1 5 0 1 3 936748722493063518 1224979098644774915 360287970189639680 30 2 1224979098644774920 1 5 0 31 2 1224979098644774916 144115188075856287 33 3 1224979098644774916 432345564227567630 432345564227567635 542 3 1224979098644774916 11 1224979098644774915 2320 2 11 1585267068834416266 2133 2 1224979098644774920 1 5 0 31 2 1224979098644774916 144115188075856853 33 3 1224979098644774916 432345564227567631 432345564227567635 542 3 1224979098644774916 11 1224979098644774915 2320 2 11 1585267068834416267 2133 2 1224979098644774920 1 5 0 3221226979 1 1224979098644774915 540 3 1224979098644774915 5 0 5 0 1 2 936748722493063814 1224979098644774915 30 2 72057594037927936 1 2133 2 1224979098644774920 1 4 0 30 2 144115188075856788 0 2320 2 11 216172782113787166 5 0 2320 2 11 1585267068834416268 3 0 5 0 1 2 936748722493063457 1224979098644774915 2133 2 1224979098644774920 72057594037927936 33 3 1224979098644774915 360287970189639979 360287970189639995 2147484188 3 1224979098644774915 82 8 4 0 30 2 144115188075856788 0 30 2 1224979098644774920 50 2320 2 11 216172782113787166 5 0 30 2 144115188075856788 0 30 2 1224979098644774920 20 2320 2 11 216172782113787165 5 0 2320 2 11 1585267068834416269 3 0 2133 2 1224979098644774920 1 5 0 2147483678 2 144115188075856788 0 2133 2 1224979098644774920 0 5 0 30 2 1224979098644774920 50 2320 2 11 216172782113787165 5 0 31 2 1224979098644774916 144115188075856287 542 3 1224979098644774916 8 1224979098644774915 2320 2 11 1585267068834416270 5 0 30 2 1224979098644774917 1 2320 2 11 1585267068834416271 2133 2 1224979098644774920 1 5 0 2133 2 1224979098644774920 0 3 0 4 0 541 3 144115188075856213 0 2 4 0 31 2 1224979098644774915 360287970189639680 2320 2 11 1585267068834416272 5 0 30 2 1224979098644774920 1 2320 2 11 1585267068834416273 5 0 30 2 1224979098644774915 0 2320 2 11 1585267068834416274 5 0 33 3 1224979098644774916 432345564227567630 432345564227567635 2320 2 11 216172782113786321 5 0 2320 2 11 216172782113786322 3 0 5 0 4 0 31 2 1224979098644774915 360287970189639680 2320 2 11 1585267068834416275 5 0 30 2 1224979098644774920 1 2320 2 11 1585267068834416276 5 0 30 2 1224979098644774915 0 2320 2 11 1585267068834416277 5 0 33 3 1224979098644774916 432345564227567630 432345564227567635 2320 2 11 216172782113786323 5 0 2320 2 11 216172782113786324 3 0 3 0 1601 2 1224979098644774921 648518346341351439 2133 2 144115188075856219 0 2319 1 3 4 0 31 2 1224979098644774921 0 2133 2 144115188075856219 1 2320 2 3 216172782113783943 5 0 541 3 144115188075856273 39 360287970189639899 2320 2 3 216172782113787049 5 0 1073741855 2 1224979098644774917 1 31 2 144115188075856787 432345564227567630 2320 2 3 216172782113783945 5 0 2147483678 2 144115188075856788 0 2320 2 3 216172782113783946 5 0 3 0 2133 2 72057594037927936 1224979098644774918 2133 2 72057594037927940 1224979098644774919 4 0 31 2 144115188075856067 1 2133 2 144115188075856067 0 2133 2 144115188075856111 0 2040 0 5 0 200 1 504403158265495555 546 3 504403158265495555 1 144115188075856273 526 3 1224979098644774922 504403158265495555 4 2133 2 144115188075856110 10 1 3 936748722493063341 1224979098644774922 -1 5 0 200 1 504403158265495584 546 3 504403158265495584 12 144115188075856273 546 3 504403158265495584 11 3 2133 2 144115188075856110 10 1 3 936748722493063341 360287970189639901 -1 5 0 200 1 504403158265495581 546 3 504403158265495581 11 1 526 3 1224979098644774923 504403158265495581 8 132 1 1224979098644774923 526 3 1224979098644774924 504403158265495581 1 31 2 144115188075856213 1224979098644774924 2281 3 1224979098644774925 1224979098644774924 1224979098644774923 2147483678 2 1224979098644774925 4 2133 2 144115188075856110 2 2133 2 144115188075856273 1224979098644774923 1652 3 1224979098644774926 1224979098644774923 0 1655 3 1224979098644774927 1224979098644774923 0 1 3 936748722493063341 1224979098644774926 1224979098644774927 5 0 31 2 144115188075855972 1 132 1 144115188075856108 31 2 144115188075856213 144115188075856107 2281 3 1224979098644774925 144115188075856107 144115188075856108 2147483678 2 1224979098644774925 5 2133 2 144115188075856110 2 2133 2 144115188075856273 144115188075856108 1652 3 1224979098644774926 144115188075856108 0 1655 3 1224979098644774927 144115188075856108 0 1 3 936748722493063341 1224979098644774926 1224979098644774927 5 0 31 2 144115188075856220 1 2133 2 144115188075856220 0 2060 1 864691128455135343 5 0 541 3 144115188075856273 39 360287970189639899 4 0 31 2 144115188075856217 144115188075856273 2060 1 864691128455135299 3 0 5 0 541 3 144115188075856273 0 2 2133 2 1224979098644774917 0 4 0 31 2 144115188075856787 144115188075856287 33 3 144115188075856287 432345564227567631 432345564227567635 1 3 936748722493063852 360287970189639680 144115188075856287 30 2 72057594037927936 50 2133 2 1224979098644774917 1 3 0 1073741855 2 1224979098644774917 1 1073742365 3 144115188075856273 7 360287970189639680 542 3 144115188075856787 11 360287970189639680 2060 1 864691128455135320 5 0 541 3 144115188075856273 0 2 30 2 144115188075856788 0 1073741855 2 144115188075856219 1 1073741855 2 144115188075856111 1 31 2 144115188075856787 144115188075856287 2060 1 864691128455135343 5 0 541 3 144115188075856273 0 3 30 2 144115188075856788 0 2060 1 864691128455135343 5 0 31 2 144115188075856217 144115188075856273 2060 1 864691128455135299 3 0 4 0 541 3 144115188075856273 39 360287970189639899 2031 1 1441151880758558765 5 0 1 1 936748722493063566 3 0 8
 mno_approach_gates  3 1073741855 2 144115188075856214 1 541 3 144115188075856273 0 2 2147484189 3 144115188075856273 39 360287970189639899  Approach_the_gates_and_hail_the_guard.  1 2060 1 864691128455135294  .  mno_town_sneak  9 4 0 541 3 144115188075856273 0 3 2320 2 7 216172782113786652 5 0 2320 2 7 216172782113786653 3 0 31 2 144115188075856214 1 31 2 144115188075856218 0 2147484189 3 144115188075856273 39 360287970189639899  Disguise_yourself_and_try_to_sneak_into_the_{s7}.  34 4 0 31 2 144115188075857182 1 520 3 1224979098644774912 360287970189639680 80 2111 2 1224979098644774912 1 500 3 360287970189639680 80 1224979098644774912 1532 1 360287970189639685 6 3 1224979098644774913 0 10 1543 3 360287970189639685 1224979098644774913 -1 3 0 2149 2 1224979098644774914 360287970189639685 1529 2 360287970189639685 1224979098644774914 2060 1 864691128455135500 5 0 522 3 1224979098644774915 144115188075856787 30 1601 2 1224979098644774916 648518346341351424 1602 2 1224979098644774917 648518346341351424 2105 2 1224979098644774916 1224979098644774917 2107 2 1224979098644774916 2 2108 2 1224979098644774916 3 2120 3 1224979098644774918 1224979098644774915 1224979098644774916 2136 3 1224979098644774919 0 100 4 0 1073741854 2 144115188075856163 1 1073741854 2 1224979098644774919 1224979098644774918 31 2 144115188075856221 144115188075856273 2133 2 144115188075856221 0 2133 2 144115188075856215 1 2133 2 144115188075856216 1 2060 1 864691128455135355 2133 2 144115188075856156 1 5 0 2060 1 864691128455135356 3 0 3 0  .  mno_dplmc_riot_start_siege  11 541 3 144115188075856273 54 -1 541 3 144115188075856273 39 360287970189639899 2147483678 2 144115188075856786 1 1 2 936748722493063370 648518346341351424 32 2 72057594037927936 5 4 0 541 3 144115188075856273 0 3 2133 2 72057594037927942 1 5 0 2133 2 72057594037927942 0 3 0  Besiege_the_{reg6?town:castle}_to_counter_the_insurgency.  2 2133 2 144115188075856217 144115188075856273 2060 1 864691128455135299  .  mno_dplmc_riot_negotiate  11 541 3 144115188075856273 54 -1 541 3 144115188075856273 39 360287970189639899 2147483678 2 144115188075856786 1 1 2 936748722493063370 648518346341351424 32 2 72057594037927936 5 4 0 541 3 144115188075856273 0 3 2133 2 72057594037927942 1 5 0 2133 2 72057594037927942 0 3 0  Begin_negotiations.  1 2060 1 864691128455135475  .  mno_castle_start_siege  14 2147484189 3 144115188075856273 39 360287970189639899 1073742365 3 144115188075856273 54 -1 541 3 144115188075856273 54 648518346341351424 2190 3 1224979098644774912 144115188075856787 432345564227567630 2147483678 2 1224979098644774912 0 2147483678 2 144115188075856786 1 1 2 936748722493063370 648518346341351424 32 2 72057594037927936 5 4 0 541 3 144115188075856273 0 3 2133 2 72057594037927942 1 5 0 2133 2 72057594037927942 0 3 0  Besiege_the_{reg6?town:castle}.  6 2133 2 144115188075856217 144115188075856273 2190 3 1224979098644774912 432345564227567630 144115188075856787 2110 2 1224979098644774912 -40 1 3 936748722493063462 144115188075856787 1224979098644774912 1 1 936748722493063608 2060 1 864691128455135299  .  mno_cheat_castle_start_siege  14 31 2 144115188075856163 1 1073742365 3 144115188075856273 54 -1 541 3 144115188075856273 54 648518346341351424 2190 3 1224979098644774912 144115188075856787 432345564227567630 30 2 1224979098644774912 0 2147483678 2 144115188075856786 1 1 2 936748722493063370 648518346341351424 32 2 72057594037927936 1 4 0 541 3 144115188075856273 0 3 2133 2 72057594037927942 1 5 0 2133 2 72057594037927942 0 3 0  {!}CHEAT:_Besiege_the_{reg6?town:castle}...  2 2133 2 144115188075856217 144115188075856273 2060 1 864691128455135299  .  mno_castle_leave  0  Leave.  1 2040 1 0  .  mno_castle_cheat  1 30 2 144115188075856163 1  {!}Use_Cheats  2 2133 2 144115188075856216 1 2060 1 864691128455135493  . 
menu_castle_guard 4096 You_approach_the_gate._The_men_on_the_walls_watch_you_closely. none 1 1 1 936748722493063566 3
 mno_request_shelter  2 541 3 144115188075856273 0 2 30 2 144115188075856788 0  Request_entry_to_the_castle.  14 521 3 1224979098644774912 144115188075856273 7 4 0 2147483678 2 1224979098644774912 0 2060 1 864691128455135295 5 0 1 2 936748722493063457 1224979098644774912 2133 2 1224979098644774913 72057594037927936 4 0 32 2 1224979098644774913 -15 2060 1 864691128455135295 5 0 2060 1 864691128455135296 3 0 3 0  .  mno_request_meeting_commander  0  Request_a_meeting_with_someone.  1 2060 1 864691128455135297  .  mno_guard_leave  0  Leave.  1 2040 1 0  . 
menu_castle_entry_granted 4096 After_a_brief_wait,_the_guards_open_the_gates_for_you_and_allow_your_party_inside. none 1 1 1 936748722493063566 1
 mno_continue  0  Continue...  1 2060 1 864691128455135343  . 
menu_castle_entry_denied 4096 The_lord_of_this_castle_has_forbidden_you_from_coming_inside_these_walls,_and_the_guard_sergeant_informs_you_that_his_men_will_fire_if_you_attempt_to_come_any_closer. none 1 1 1 936748722493063566 1
 mno_continue  0  Continue...  1 2060 1 864691128455135294  . 
menu_castle_meeting 4096 With_whom_do_you_want_to_meet? none 5 1617 1 648518346341351425 1 1 936748722493063566 1 3 936748722493063407 144115188075856273 648518346341351425 1650 2 144115188075856222 648518346341351425 2133 2 144115188075856110 3 9
 mno_guard_meet_0  4 32 2 144115188075856222 0 1652 3 1224979098644774912 648518346341351425 0 33 3 1224979098644774912 360287970189639979 360287970189640147 2322 2 5 1224979098644774912  {s5}.  2 1652 3 144115188075856223 648518346341351425 0 2060 1 864691128455135298  .  mno_guard_meet_1  4 32 2 144115188075856222 1 1652 3 1224979098644774912 648518346341351425 1 33 3 1224979098644774912 360287970189639979 360287970189640147 2322 2 5 1224979098644774912  {s5}.  2 1652 3 144115188075856223 648518346341351425 1 2060 1 864691128455135298  .  mno_guard_meet_2  4 32 2 144115188075856222 2 1652 3 1224979098644774912 648518346341351425 2 33 3 1224979098644774912 360287970189639979 360287970189640147 2322 2 5 1224979098644774912  {s5}.  2 1652 3 144115188075856223 648518346341351425 2 2060 1 864691128455135298  .  mno_guard_meet_3  4 32 2 144115188075856222 3 1652 3 1224979098644774912 648518346341351425 3 33 3 1224979098644774912 360287970189639979 360287970189640147 2322 2 5 1224979098644774912  {s5}.  2 1652 3 144115188075856223 648518346341351425 3 2060 1 864691128455135298  .  mno_guard_meet_4  4 32 2 144115188075856222 4 1652 3 1224979098644774912 648518346341351425 4 33 3 1224979098644774912 360287970189639979 360287970189640147 2322 2 5 1224979098644774912  {s5}.  2 1652 3 144115188075856223 648518346341351425 4 2060 1 864691128455135298  .  mno_guard_meet_5  4 32 2 144115188075856222 5 1652 3 1224979098644774912 648518346341351425 5 33 3 1224979098644774912 360287970189639979 360287970189640147 2322 2 5 1224979098644774912  {s5}.  2 1652 3 144115188075856223 648518346341351425 5 2060 1 864691128455135298  .  mno_guard_meet_6  4 32 2 144115188075856222 6 1652 3 1224979098644774912 648518346341351425 6 33 3 1224979098644774912 360287970189639979 360287970189640147 2322 2 5 1224979098644774912  {s5}.  2 1652 3 144115188075856223 648518346341351425 6 2060 1 864691128455135298  .  mno_guard_meet_7  4 32 2 144115188075856222 7 1652 3 1224979098644774912 648518346341351425 7 33 3 1224979098644774912 360287970189639979 360287970189640147 2322 2 5 1224979098644774912  {s5}.  2 1652 3 144115188075856223 648518346341351425 7 2060 1 864691128455135298  .  mno_forget_it  0  Forget_it.  1 2060 1 864691128455135294  . 
menu_castle_meeting_selected 0 Your_request_for_a_meeting_is_relayed_inside,_and_finally_{s6}_appears_in_the_courtyard_to_speak_with_you. none 5 4 0 31 2 144115188075856011 1 2040 0 3 0 2322 2 6 144115188075856223 1
 mno_continue  0  Continue...  2 2060 1 864691128455135293 1 3 936748722493063899 144115188075856223 144115188075856213  . 
menu_castle_besiege 4352 You_are_laying_siege_to_{s1}._{s2}_{s3} none 133 4 0 31 2 144115188075856162 1 2031 1 1441151880758558727 5 0 2031 1 1441151880758558726 3 0 2133 2 144115188075856224 0 4 0 541 3 144115188075856273 54 -1 501 3 144115188075856273 54 648518346341351424 2270 1 1224979098644774912 501 3 144115188075856273 64 1224979098644774912 2133 2 144115188075856225 0 2133 2 144115188075856226 0 2133 2 144115188075856274 144115188075856273 2133 2 144115188075856275 1224979098644774912 3 0 521 3 1224979098644774913 144115188075856273 53 1 2 936748722493063436 144115188075856273 2133 2 1224979098644774914 72057594037927936 2133 2 72057594037927943 1224979098644774914 2133 2 72057594037927944 1224979098644774913 2123 3 72057594037927939 1224979098644774913 1224979098644774914 4 0 541 3 144115188075856273 0 3 2133 2 72057594037927942 1 5 0 2133 2 72057594037927942 0 3 0 4 0 32 2 72057594037927939 0 2320 2 2 1585267068834416278 5 0 2320 2 2 1585267068834416279 3 0 2320 2 3 216172782113783809 4 0 30 2 144115188075856225 1 2270 1 1224979098644774912 4 0 2147483678 2 1224979098644774912 144115188075856229 2121 3 72057594037927945 144115188075856229 1224979098644774912 4 0 31 2 144115188075856225 1 2320 2 3 1585267068834416280 5 0 31 2 144115188075856225 2 2320 2 3 1585267068834416281 3 0 5 0 4 0 31 2 144115188075856225 1 2320 2 3 1585267068834416282 5 0 31 2 144115188075856225 2 2320 2 3 1585267068834416283 3 0 3 0 3 0 4 0 31 2 144115188075856036 1 2133 2 144115188075856036 0 2204 2 1224979098644774915 144115188075856273 1620 2 144115188075856273 432345564227567619 1695 2 1224979098644774916 144115188075856273 7 3 1224979098644774917 0 1224979098644774916 1696 3 1224979098644774918 144115188075856273 1224979098644774917 1661 1 1224979098644774918 521 3 1224979098644774919 1224979098644774918 0 31 2 1224979098644774919 13 2204 2 1224979098644774920 1224979098644774918 1 3 936748722493063401 1224979098644774918 1224979098644774920 4 0 32 2 72057594037927936 0 1 4 936748722493063446 1224979098644774918 7 72057594037927936 5 0 1 4 936748722493063446 1224979098644774918 4 144115188075856273 3 0 3 0 1 2 936748722493063344 144115188075856273 2040 0 1662 2 144115188075856273 648518346341351439 1 3 936748722493063351 648518346341351434 648518346341351439 1620 2 144115188075856273 1224979098644774915 3 0 2133 2 144115188075856188 144115188075856273 2133 2 144115188075856189 -1 2330 2 1 144115188075856273 1 1 936748722493063520 2133 2 72057594037927947 144115188075856837 2133 2 72057594037927946 144115188075856836 4 0 31 2 144115188075856011 1 2040 0 5 0 541 3 144115188075856273 39 360287970189639899 1 2 936748722493063369 648518346341351439 2133 2 1224979098644774921 0 4 0 31 2 144115188075856168 1 2133 2 1224979098644774921 1 5 0 2147483680 2 144115188075856837 0 30 2 144115188075856836 1 2133 2 1224979098644774921 1 3 0 1073741855 2 1224979098644774921 1 31 2 144115188075856035 1 2133 2 144115188075856193 864691128455135474 2060 1 864691128455135277 5 0 1 2 936748722493063369 648518346341351439 2133 2 1224979098644774921 0 4 0 31 2 144115188075856168 1 2133 2 1224979098644774921 1 5 0 2147483680 2 144115188075856837 0 30 2 144115188075856836 1 2133 2 1224979098644774921 1 3 0 1073741855 2 1224979098644774921 1 31 2 144115188075856035 1 2133 2 144115188075856193 864691128455135307 2060 1 864691128455135277 5 0 1 2 936748722493063371 648518346341351424 2133 2 1224979098644774922 72057594037927936 31 2 144115188075856168 -1 31 2 1224979098644774922 0 2133 2 144115188075856193 864691128455135392 2060 1 864691128455135279 3 0 9
 mno_siege_request_meeting  1 31 2 144115188075856227 0  Call_for_a_meeting_with_the_castle_commander.  13 2133 2 144115188075856227 1 2133 2 144115188075856035 0 2133 2 144115188075856036 0 2133 2 144115188075856110 7 1695 2 1224979098644774912 144115188075856273 4 0 32 2 1224979098644774912 0 1696 3 1224979098644774913 144115188075856273 0 1652 3 1224979098644774914 1224979098644774913 0 5 0 1652 3 1224979098644774914 144115188075856273 0 3 0 1 3 936748722493063899 1224979098644774914 144115188075856273  .  mno_wait_24_hours  0  Wait_until_tomorrow.  11 2133 2 144115188075856228 144115188075856273 2133 2 144115188075856224 1 2271 1 1224979098644774912 2105 2 1224979098644774912 1 2133 2 1224979098644774913 31 2106 2 1224979098644774913 1224979098644774912 2109 2 1224979098644774913 24 2105 2 1224979098644774913 1 1031 3 1224979098644774913 5 1 2133 2 144115188075856227 0 2040 0  .  mno_castle_lead_attack  5 2147485156 1 360287970189639680 30 2 144115188075856225 1 32 2 144115188075856836 3 2270 1 1224979098644774912 30 2 1224979098644774912 144115188075856229  Lead_your_soldiers_in_an_assault.  52 4 0 541 3 144115188075856273 0 3 521 3 1224979098644774912 144115188075856273 18 5 0 521 3 1224979098644774912 144115188075856273 10 3 0 1 1 936748722493063522 1 1 936748722493063405 2133 2 1224979098644774913 72057594037927936 2107 2 1224979098644774913 2 2108 2 1224979098644774913 3 1691 1 1224979098644774913 1020 0 2133 2 144115188075856211 1 2133 2 1224979098644774914 0 4 0 2147483680 2 1224979098644774913 -4 31 2 144115188075856226 0 1911 1 792633534417207310 2133 2 144115188075856211 0 2133 2 1224979098644774914 1 5 0 541 3 144115188075856213 27 1 1911 1 792633534417207311 5 0 1911 1 792633534417207312 3 0 2133 2 144115188075856227 0 2133 2 144115188075856210 864691128455135299 2133 2 144115188075856193 864691128455135301 2133 2 144115188075856225 0 4 0 31 2 144115188075856273 648518346341351535 2133 2 1224979098644774912 720575940379280667 1911 1 792633534417207313 5 0 31 2 144115188075856273 648518346341351572 2133 2 1224979098644774912 720575940379280668 1911 1 792633534417207313 5 0 31 2 144115188075856273 648518346341351617 2133 2 1224979098644774912 720575940379280669 1911 1 792633534417207313 3 0 1910 1 1224979098644774912 4 0 31 2 1224979098644774914 1 2060 1 864691128455135300 5 0 2060 1 864691128455135276 2048 0 3 0  .  mno_attack_stay_back  4 30 2 144115188075856225 1 32 2 144115188075856836 3 2270 1 1224979098644774912 30 2 1224979098644774912 144115188075856229  Order_your_soldiers_to_attack_while_you_stay_back...  3 2133 2 144115188075856227 0 2133 2 144115188075856210 864691128455135299 2060 1 864691128455135304  .  mno_build_ladders  2 541 3 144115188075856213 27 0 31 2 144115188075856225 0  Prepare_ladders_to_attack_the_walls.  1 2060 1 864691128455135302  .  mno_build_siege_tower  2 541 3 144115188075856213 27 1 31 2 144115188075856225 0  Build_siege_equipment.  1 2060 1 864691128455135303  .  mno_cheat_castle_lead_attack  2 31 2 144115188075856163 1 31 2 144115188075856225 0  {!}CHEAT:_Instant_build_equipments.  3 2133 2 144115188075856225 1 2133 2 144115188075856229 0 2060 1 864691128455135299  .  mno_cheat_conquer_castle  1 31 2 144115188075856163 1  {!}CHEAT:_Instant_conquer_castle.  2 2133 2 144115188075856193 864691128455135307 2060 1 864691128455135277  .  mno_lift_siege  0  Abandon_the_siege.  3 1 3 936748722493063443 144115188075856217 0 2133 2 144115188075856217 -1 2040 0  . 
menu_siege_attack_meets_sally 4096 The_defenders_sally_out_to_meet_your_assault. none 1 2031 1 1441151880758558760 1
 mno_continue  0  Continue...  2 2060 1 864691128455135276 2048 0  . 
menu_castle_besiege_inner_battle 4096 {s1} none 51 2031 1 1441151880758558760 2133 2 1224979098644774912 144115188075856168 1 1 936748722493063520 4 0 3221225503 2 1224979098644774912 1 3221225504 2 144115188075856836 0 2147483680 2 144115188075856837 0 2060 1 144115188075856210 5 0 1 1 936748722493063520 541 3 144115188075856273 0 3 4 0 31 2 144115188075856211 0 31 2 1224979098644774912 1 2133 2 144115188075856168 0 2060 1 144115188075856210 5 0 31 2 144115188075856211 1 31 2 1224979098644774912 1 4 0 31 2 144115188075856189 144115188075856273 2320 2 1 1585267068834416284 5 0 2320 2 1 1585267068834416285 3 0 5 0 31 2 144115188075856211 2 31 2 1224979098644774912 1 4 0 31 2 144115188075856189 144115188075856273 2320 2 1 1585267068834416286 5 0 2320 2 1 1585267068834416287 3 0 5 0 2060 1 144115188075856210 3 0 5 0 4 0 31 2 144115188075856211 0 31 2 1224979098644774912 1 2133 2 144115188075856168 0 2060 1 144115188075856210 5 0 31 2 144115188075856211 1 31 2 1224979098644774912 1 2320 2 1 1585267068834416288 5 0 2060 1 144115188075856210 3 0 3 0 1
 mno_continue  0  Continue...  20 4 0 541 3 144115188075856273 0 3 4 0 31 2 144115188075856211 1 521 3 1224979098644774912 144115188075856273 10 1911 1 792633534417207309 5 0 521 3 1224979098644774912 144115188075856273 11 1911 1 792633534417207308 3 0 5 0 521 3 1224979098644774912 144115188075856273 11 1911 1 792633534417207308 3 0 1020 0 1910 1 1224979098644774912 2105 2 144115188075856211 1 2133 2 144115188075856193 864691128455135301 2060 1 864691128455135276 2048 0  . 
menu_construct_ladders 0 As_the_party_member_with_the_highest_Engineer_skill_({reg2}),_{reg3?you_estimate:{s3}_estimates}_that_it_will_take_{reg4}_hours_to_build_enough_scaling_ladders_for_the_assault. none 19 1 2 936748722493063625 1369094286720630792 2133 2 1224979098644774912 72057594037927936 2133 2 1224979098644774913 72057594037927937 2133 2 72057594037927938 1224979098644774912 2121 3 72057594037927940 14 1224979098644774912 2107 2 72057594037927940 2 2108 2 72057594037927940 3 4 0 31 2 1224979098644774913 360287970189639680 2133 2 72057594037927939 1 5 0 2133 2 72057594037927939 0 2322 2 3 1224979098644774913 3 0 2124 1 100 729 2 0 70 730 2 0 5 731 2 0 75 2032 3 1729382256910270490 1224979098644774913 0 2
 mno_build_ladders_cont  0  Do_it.  10 2133 2 144115188075856225 1 2270 1 1224979098644774912 1 2 936748722493063625 1369094286720630792 2121 3 1224979098644774913 14 72057594037927936 2107 2 1224979098644774913 2 2108 2 1224979098644774913 3 2120 3 144115188075856229 1224979098644774912 1224979098644774913 2133 2 144115188075856228 144115188075856213 1031 3 96 5 1 2040 0  .  mno_go_back  0  Go_back.  1 2060 1 864691128455135299  . 
menu_construct_siege_tower 0 As_the_party_member_with_the_highest_Engineer_skill_({reg2}),_{reg3?you_estimate:{s3}_estimates}_that_building_siege_equipment_will_take_{reg4}_hours. none 18 1 2 936748722493063625 1369094286720630792 2133 2 1224979098644774912 72057594037927936 2133 2 1224979098644774913 72057594037927937 2133 2 72057594037927938 1224979098644774912 2121 3 72057594037927940 15 1224979098644774912 2107 2 72057594037927940 6 4 0 31 2 1224979098644774913 360287970189639680 2133 2 72057594037927939 1 5 0 2133 2 72057594037927939 0 2322 2 3 1224979098644774913 3 0 2124 1 100 729 2 0 70 730 2 0 5 731 2 0 75 2032 3 1729382256910270490 1224979098644774913 0 2
 mno_build_siege_tower_cont  0  Start_building.  9 2133 2 144115188075856225 2 2270 1 1224979098644774912 1 2 936748722493063625 1369094286720630792 2121 3 1224979098644774913 15 72057594037927936 2107 2 1224979098644774913 6 2120 3 144115188075856229 1224979098644774912 1224979098644774913 2133 2 144115188075856228 144115188075856213 1031 3 240 5 1 2040 0  .  mno_go_back  0  Go_back.  1 2060 1 864691128455135299  . 
menu_castle_attack_walls_simulate 4608 {s4}^^Your_casualties:{s8}^^Enemy_casualties_were:_{s9} none 30 4 0 2031 1 1441151880758558761 3 0 1 3 936748722493063334 648518346341351424 1 2133 2 1224979098644774912 72057594037927936 2108 2 1224979098644774912 10 1 3 936748722493063334 144115188075856273 0 2133 2 1224979098644774913 72057594037927936 2108 2 1224979098644774913 4 1697 3 648518346341351424 1224979098644774913 648518346341351428 1 3 936748722493063358 648518346341351428 0 2321 2 8 0 1697 3 144115188075856273 1224979098644774912 648518346341351428 1 3 936748722493063358 648518346341351428 0 2321 2 9 0 2133 2 144115188075856196 0 4 0 1 2 936748722493063371 648518346341351424 2147483680 2 72057594037927936 0 2133 2 144115188075856196 1 2320 2 4 216172782113783960 5 0 1 2 936748722493063371 144115188075856273 2147483680 2 72057594037927936 0 2133 2 144115188075856196 1 2133 2 144115188075856168 1 2320 2 4 216172782113783959 5 0 2320 2 4 216172782113783961 3 0 1
 mno_continue  0  Continue...  1 2060 1 864691128455135299  . 
menu_castle_attack_walls_with_allies_simulate 4608 {s4}^^Your_casualties:_{s8}^^Allies'_casualties:_{s9}^^Enemy_casualties:_{s10} none 48 4 0 2031 1 1441151880758558761 3 0 1 3 936748722493063334 648518346341351424 1 2133 2 1224979098644774912 72057594037927936 2108 2 1224979098644774912 10 1 3 936748722493063334 648518346341351441 0 2133 2 1224979098644774913 72057594037927936 2108 2 1224979098644774913 10 2111 2 1224979098644774913 1 1 3 936748722493063334 648518346341351439 0 2133 2 1224979098644774914 72057594037927936 2108 2 1224979098644774914 4 4 0 31 2 1224979098644774913 0 2123 3 1224979098644774915 1224979098644774914 2 5 0 2133 2 1224979098644774915 1224979098644774914 2107 2 1224979098644774915 1224979098644774912 2108 2 1224979098644774915 1224979098644774913 3 0 2106 2 1224979098644774914 1224979098644774915 1697 3 648518346341351424 1224979098644774915 648518346341351428 1 3 936748722493063358 648518346341351428 0 2321 2 8 0 1697 3 144115188075856188 1224979098644774913 648518346341351428 1 3 936748722493063358 648518346341351428 0 2321 2 10 0 1 1 936748722493063519 1697 3 144115188075856189 1224979098644774914 648518346341351428 1 3 936748722493063358 648518346341351428 0 2321 2 9 0 1662 2 144115188075856188 648518346341351439 2133 2 144115188075856196 0 4 0 1 2 936748722493063371 648518346341351424 2147483680 2 72057594037927936 0 2133 2 144115188075856196 1 2320 2 4 216172782113783960 5 0 1 2 936748722493063371 648518346341351439 2147483680 2 72057594037927936 0 2133 2 144115188075856196 1 2133 2 144115188075856168 1 2320 2 4 216172782113783959 5 0 2320 2 4 216172782113783961 3 0 1
 mno_continue  0  Continue...  1 2060 1 864691128455135292  . 
menu_castle_taken_by_friends 0 Nothing_to_see_here. none 17 1617 1 144115188075856273 1652 3 1224979098644774912 144115188075856786 0 501 3 144115188075856273 28 1224979098644774912 2173 2 1224979098644774913 1224979098644774912 1 3 936748722493063639 144115188075856273 -5 4 0 2133 2 1224979098644774914 20 33 3 144115188075856273 648518346341351445 648518346341351519 2133 2 1224979098644774914 40 3 0 4 0 2147483679 2 1224979098644774913 144115188075856787 1 4 936748722493063706 1224979098644774913 144115188075856787 1224979098644774914 3 0 1 3 936748722493063411 144115188075856273 1224979098644774913 1 6 936748722493063683 18 360287970189639680 144115188075856273 0 144115188075856787 2040 0 0

menu_castle_taken 512 {s3}_has_fallen_to_your_troops,_and_you_now_have_full_control_of_the_{reg2?town:castle}._You_can_plunder_spoils_of_war_worth_{reg3}_crowns.{reg1?_You_may_station_troops_here_to_defend_it_against_enemies_who_may_try_to_recapture_it._Also,_you_should_select_now_whether_you_will_hold_the_{reg2?town:castle}_yourself_or_give_it_to_a_faithful_vassal...:} none 64 1617 1 144115188075856273 4 0 31 2 144115188075856110 20 2133 2 144115188075856110 0 3 0 2133 2 1224979098644774912 0 4 0 33 3 144115188075856287 432345564227567631 432345564227567635 1 3 936748722493063852 360287970189639680 144115188075856287 30 2 72057594037927936 50 2133 2 1224979098644774912 1 3 0 4 0 1073741855 2 1224979098644774912 1 31 2 144115188075856287 432345564227567630 521 3 1224979098644774913 144115188075856273 7 2147483679 2 1224979098644774913 360287970189639680 6 3 1224979098644774914 0 4 1 2 936748722493063426 144115188075856273 3 0 3 0 1 3 936748722493063443 144115188075856273 0 2133 2 144115188075856217 -1 501 3 144115188075856273 28 360287970189639680 2270 1 1224979098644774915 501 3 144115188075856273 403 1224979098644774915 4 0 33 3 144115188075856273 648518346341351445 648518346341351519 2136 3 1224979098644774916 4000 10000 5 0 2136 3 1224979098644774916 1000 8000 3 0 2108 2 1224979098644774916 100 2107 2 1224979098644774916 100 2133 2 144115188075857082 1224979098644774916 1 3 936748722493063458 360287970189639680 5 2133 2 1224979098644774917 20 4 0 33 3 144115188075856273 648518346341351445 648518346341351519 2133 2 1224979098644774917 40 3 0 1 4 936748722493063706 144115188075856287 144115188075856787 1224979098644774917 4 0 33 3 144115188075856287 432345564227567630 432345564227567635 2147483679 2 144115188075856287 432345564227567630 1 3 936748722493063411 144115188075856273 144115188075856287 1 3 936748722493063180 144115188075856273 144115188075856287 2060 1 864691128455135309 5 0 1 3 936748722493063411 144115188075856273 432345564227567630 1 3 936748722493063180 144115188075856273 432345564227567630 2330 2 3 144115188075856273 2133 2 72057594037927937 0 4 0 542 3 432345564227567630 11 360287970189639680 2133 2 72057594037927937 1 3 0 3 0 2133 2 72057594037927938 0 4 0 33 3 144115188075856273 648518346341351445 648518346341351519 2133 2 72057594037927938 1 3 0 2133 2 72057594037927939 144115188075857082 4
 mno_dplmc_spoils_yourself  0  Plunder_it_and_keep_the_spoils_all_for_yourself.  36 1 3 936748722493063918 144115188075856273 4 266 1 1224979098644774912 2106 2 1224979098644774912 6 1 3 936748722493063460 144115188075856273 1224979098644774912 1 3 936748722493063639 144115188075856273 -8 2133 2 1224979098644774913 0 4 0 33 3 144115188075856287 432345564227567630 432345564227567635 522 3 1224979098644774914 144115188075856287 11 30 2 1224979098644774914 0 1073741855 2 1224979098644774914 360287970189639680 1073742364 3 1224979098644774914 30 360287970189639680 540 3 360287970189639680 30 1224979098644774914 2133 2 1224979098644774913 1 5 0 31 2 144115188075856287 432345564227567630 2133 2 1224979098644774913 1 3 0 6 3 1224979098644774915 360287970189639979 360287970189640294 540 3 1224979098644774915 2 2 2173 2 1224979098644774916 1224979098644774915 1073741855 2 144115188075856287 1224979098644774916 31 2 432345564227567630 1224979098644774916 1073741855 2 1224979098644774913 1 31 2 432345564227567630 1224979098644774916 1 3 936748722493063459 1224979098644774915 -2 3 0 4 0 32 2 144115188075857091 0 1 2 936748722493063790 144115188075857082 5 0 1528 2 360287970189639680 144115188075857082 3 0 1 2 936748722493063466 -3 2133 2 144115188075856088 144115188075856273 2060 1 864691128455135308  .  mno_dplmc_spoils_accompanying_vassals  18 33 3 144115188075856287 432345564227567630 432345564227567635 522 3 1224979098644774912 144115188075856287 11 1073741855 2 1224979098644774912 360287970189639680 1073742364 3 1224979098644774912 30 360287970189639680 31 2 144115188075856287 432345564227567630 2133 2 1224979098644774913 0 6 3 1224979098644774914 360287970189639979 360287970189640294 540 3 1224979098644774914 2 2 2173 2 1224979098644774915 1224979098644774914 1073741855 2 144115188075856287 1224979098644774915 31 2 432345564227567630 1224979098644774915 520 3 1224979098644774916 1224979098644774914 10 30 2 1224979098644774916 1 2281 3 1224979098644774917 648518346341351424 1224979098644774916 2147483680 2 1224979098644774917 25 2105 2 1224979098644774913 1 3 0 32 2 1224979098644774913 0  Plunder_it_and_share_the_spoils_equally_between_the_vassals_accompanying_you_and_yourself.  64 2133 2 1224979098644774912 1 6 3 1224979098644774913 360287970189639979 360287970189640294 540 3 1224979098644774913 2 2 2173 2 1224979098644774914 1224979098644774913 1073741855 2 144115188075856287 1224979098644774914 31 2 432345564227567630 1224979098644774914 520 3 1224979098644774915 1224979098644774913 10 30 2 1224979098644774915 1 2281 3 1224979098644774916 648518346341351424 1224979098644774915 2147483680 2 1224979098644774916 25 2105 2 1224979098644774912 1 3 0 2123 3 1224979098644774917 144115188075857082 1224979098644774912 6 3 1224979098644774913 360287970189639979 360287970189640294 540 3 1224979098644774913 2 2 2173 2 1224979098644774914 1224979098644774913 1073741855 2 144115188075856287 1224979098644774914 31 2 432345564227567630 1224979098644774914 520 3 1224979098644774915 1224979098644774913 10 30 2 1224979098644774915 1 2281 3 1224979098644774916 648518346341351424 1224979098644774915 2147483680 2 1224979098644774916 25 1 3 936748722493063841 1224979098644774917 1224979098644774913 2136 3 72057594037927936 0 1000 2105 2 72057594037927936 1224979098644774917 2108 2 72057594037927936 1000 32 2 72057594037927936 0 2110 2 72057594037927936 4 2133 2 1224979098644774918 72057594037927936 4 0 541 3 144115188075856273 0 3 1 3 936748722493063825 1224979098644774913 3 4 0 32 2 72057594037927936 0 2106 2 1224979098644774918 72057594037927936 2110 2 1224979098644774918 -1 5 0 2147483678 2 72057594037927936 0 2106 2 1224979098644774918 72057594037927936 2110 2 1224979098644774918 5 5 0 1073742364 3 1224979098644774913 52 10 1073742364 3 1224979098644774913 52 9 540 3 1224979098644774913 52 25 2106 2 1224979098644774918 1 3 0 3 0 1 3 936748722493063459 1224979098644774913 1224979098644774918 3 0 1 3 936748722493063918 144115188075856273 5 266 1 1224979098644774919 2106 2 1224979098644774919 3 1 3 936748722493063460 144115188075856273 1224979098644774919 2108 2 144115188075857082 1224979098644774912 4 0 32 2 144115188075857091 0 1 2 936748722493063790 144115188075857082 5 0 1528 2 360287970189639680 144115188075857082 3 0 1 3 936748722493063639 144115188075856273 -8 1 2 936748722493063466 -1 2133 2 144115188075856088 144115188075856273 2060 1 864691128455135308  .  mno_dplmc_spoils_all_vassals  14 33 3 144115188075856287 432345564227567630 432345564227567635 522 3 1224979098644774912 144115188075856287 11 1073741855 2 1224979098644774912 360287970189639680 1073742364 3 1224979098644774912 30 360287970189639680 31 2 144115188075856287 432345564227567630 2133 2 1224979098644774913 360287970189640294 6 3 1224979098644774914 360287970189639979 1224979098644774913 540 3 1224979098644774914 2 2 2173 2 1224979098644774915 1224979098644774914 1073741855 2 1224979098644774915 432345564227567630 31 2 1224979098644774915 144115188075856287 2133 2 1224979098644774913 360287970189639979 3 0 31 2 1224979098644774913 360287970189639979  Plunder_it_and_share_the_spoils_equally_between_your_vassals_and_yourself.  52 2133 2 1224979098644774912 1 6 3 1224979098644774913 360287970189639979 360287970189640294 540 3 1224979098644774913 2 2 2173 2 1224979098644774914 1224979098644774913 1073741855 2 1224979098644774914 432345564227567630 31 2 1224979098644774914 144115188075856287 2105 2 1224979098644774912 1 3 0 2123 3 1224979098644774915 144115188075857082 1224979098644774912 6 3 1224979098644774913 360287970189639979 360287970189640294 540 3 1224979098644774913 2 2 2173 2 1224979098644774914 1224979098644774913 1073741855 2 1224979098644774914 432345564227567630 31 2 1224979098644774914 144115188075856287 1 3 936748722493063841 1224979098644774915 1224979098644774913 2136 3 72057594037927936 0 1000 2105 2 72057594037927936 1224979098644774915 2108 2 72057594037927936 1000 32 2 72057594037927936 0 2110 2 72057594037927936 3 2133 2 1224979098644774916 72057594037927936 4 0 541 3 144115188075856273 0 3 1 3 936748722493063825 1224979098644774913 3 4 0 32 2 72057594037927936 0 2106 2 1224979098644774916 72057594037927936 2110 2 1224979098644774916 -1 5 0 2147483678 2 72057594037927936 0 2106 2 1224979098644774916 72057594037927936 2110 2 1224979098644774916 4 5 0 1073742364 3 1224979098644774913 52 10 1073742364 3 1224979098644774913 52 9 540 3 1224979098644774913 52 25 2106 2 1224979098644774916 1 3 0 1 3 936748722493063459 1224979098644774913 1224979098644774916 3 0 3 0 1 3 936748722493063918 144115188075856273 4 2108 2 144115188075857082 1224979098644774912 4 0 32 2 144115188075857091 0 1 2 936748722493063790 144115188075857082 5 0 1528 2 360287970189639680 144115188075857082 3 0 1 3 936748722493063639 144115188075856273 -8 2133 2 144115188075856088 144115188075856273 2060 1 864691128455135308  .  mno_continue  0  Continue...  3 1 3 936748722493063639 144115188075856273 -3 2133 2 144115188075856088 144115188075856273 2060 1 864691128455135308  . 
menu_dac_captured_center_garrison 0 Now_that_{s3}_is_under_control_you_need_to_decide_how_to_garrison_it._You_can_press_locals_into_service,_hire_mercenaries,_hire_troops_from_your_faction_or_garrison_your_own_troops. none 7 2330 2 3 144115188075856273 4 0 33 3 144115188075856273 648518346341351445 648518346341351519 2031 1 1441151880758558763 5 0 2031 1 1441151880758558753 3 0 4
 mno_dac_captured_center_garrison_faction  32 2149 2 1224979098644774912 360287970189639680 4 0 541 3 144115188075856273 0 2 2133 2 1224979098644774913 4000 5 0 2133 2 1224979098644774913 6000 3 0 4 0 542 3 144115188075856287 8 360287970189639680 2107 2 1224979098644774913 9 2108 2 1224979098644774913 10 3 0 4 0 31 2 144115188075856287 432345564227567630 542 3 144115188075856287 11 360287970189639680 2107 2 1224979098644774913 8 2108 2 1224979098644774913 10 3 0 4 0 2170 3 1224979098644774914 1369094286720630785 360287970189639680 2122 3 1224979098644774915 5 1224979098644774914 2121 3 1224979098644774916 100 1224979098644774915 2107 2 1224979098644774913 1224979098644774916 2108 2 1224979098644774913 100 3 0 520 3 1224979098644774917 360287970189639680 7 2110 2 1224979098644774917 1000 2106 2 1224979098644774913 1224979098644774917 30 2 1224979098644774912 1224979098644774913 2133 2 72057594037927937 1224979098644774913 2320 2 11 216172782113787980 1130 1 11  [{reg1}_Crowns]_Hire_Troops_from_your_faction.  11 4 0 541 3 144115188075856273 0 2 2133 2 1224979098644774912 7 5 0 2133 2 1224979098644774912 10 3 0 6 3 1224979098644774913 0 1224979098644774912 1 2 936748722493063426 144115188075856273 3 0 1529 2 360287970189639680 72057594037927937 2040 0  .  mno_dac_captured_center_garrison_locals  2 2320 2 12 216172782113787981 1130 1 12  [Force]_Press_locals_into_service.  13 4 0 541 3 144115188075856273 0 2 2133 2 1224979098644774912 7 5 0 2133 2 1224979098644774912 10 3 0 6 3 1224979098644774913 0 1224979098644774912 1 2 936748722493063426 144115188075856273 3 0 1 2 936748722493063466 -3 1 3 936748722493063460 144115188075856273 -3 1 3 936748722493063639 144115188075856273 -20 2040 0  .  mno_dac_captured_center_garrison_mercenaries  23 2149 2 1224979098644774912 360287970189639680 4 0 541 3 144115188075856273 0 2 2133 2 1224979098644774913 3000 5 0 2133 2 1224979098644774913 5000 3 0 4 0 31 2 144115188075856171 5 2107 2 1224979098644774913 8 2108 2 1224979098644774913 10 3 0 4 0 2170 3 1224979098644774914 1369094286720630784 360287970189639680 2122 3 1224979098644774915 5 1224979098644774914 2121 3 1224979098644774916 100 1224979098644774915 2107 2 1224979098644774913 1224979098644774916 2108 2 1224979098644774913 100 3 0 30 2 1224979098644774912 1224979098644774913 2133 2 72057594037927938 1224979098644774913 2320 2 13 216172782113787982 1130 1 13  [{reg2}_Crowns]_Hire_Mercenaries.  9 4 0 541 3 144115188075856273 0 2 1675 2 144115188075856273 576460752303423560 5 0 1675 2 144115188075856273 576460752303423560 1675 2 144115188075856273 576460752303423560 3 0 1529 2 360287970189639680 72057594037927938 2040 0  .  mno_dac_captured_center_garrison_return  0  [Leave]_I_will_sort_it_out_myself.  1 2040 0  . 
menu_castle_taken_2 512 {s3}_has_fallen_to_your_troops,_and_you_now_have_full_control_of_the_castle._It_is_time_to_send_word_to_{s9}_about_your_victory._{s5} none 14 2330 2 3 144115188075856273 2319 1 5 522 3 1224979098644774912 144115188075856287 11 2322 2 9 1224979098644774912 4 0 31 2 144115188075856066 0 2133 2 72057594037927944 0 4 0 541 3 144115188075856273 0 3 2133 2 72057594037927944 1 3 0 1 2 936748722493063829 1224979098644774912 2320 2 5 1585267068834416289 3 0 3
 mno_castle_taken_claim  1 31 2 144115188075856066 1  Request_that_{s3}_be_awarded_to_you.  5 501 3 144115188075856273 28 360287970189639680 2133 2 144115188075856230 144115188075856213 2133 2 144115188075856231 360287970189639680 2133 2 144115188075856088 144115188075856273 2060 1 864691128455135308  .  mno_castle_taken_claim_2  5 520 3 1224979098644774912 360287970189639680 30 33 3 1224979098644774912 360287970189639979 360287970189640147 540 3 1224979098644774912 2 2 2173 2 1224979098644774913 1224979098644774912 31 2 1224979098644774913 144115188075856287  Request_that_{s3}_be_awarded_to_your_{wife/husband}.  6 501 3 144115188075856273 28 360287970189639680 2133 2 144115188075856230 144115188075856213 520 3 1224979098644774912 360287970189639680 30 2133 2 144115188075856231 1224979098644774912 2133 2 144115188075856088 144115188075856273 2060 1 864691128455135308  .  mno_castle_taken_no_claim  0  Ask_no_rewards.  3 501 3 144115188075856273 28 -1 2133 2 144115188075856088 144115188075856273 2060 1 864691128455135308  . 
menu_requested_castle_granted_to_player 4096 You_receive_a_message_from_your_liege,_{s3}.^^_{reg4?She:He}_has_decided_to_grant_{s2}{reg3?_and_the_nearby_village_of_{s4}:}_to_you,_with_all_due_incomes_and_titles,_to_hold_in_{reg4?her:his}_name_for_as_long_as_you_maintain_your_oath_of_homage.. none 15 2031 1 1441151880758558722 522 3 1224979098644774912 144115188075856287 11 2322 2 3 1224979098644774912 2330 2 2 144115188075856883 4 0 541 3 144115188075856883 0 2 2133 2 72057594037927939 1 6 3 1224979098644774913 648518346341351621 648518346341351873 541 3 1224979098644774913 120 144115188075856883 2330 2 4 1224979098644774913 3 0 5 0 2133 2 72057594037927939 0 3 0 1 3 936748722493063830 1224979098644774912 4 1
 mno_continue  0  Continue.  2 1 4 936748722493063415 144115188075856883 360287970189639680 0 2060 1 864691128455135316  . 
menu_requested_castle_granted_to_player_husband 4096 You_receive_a_message_from_your_liege,_{s3}.^^_{reg4?She:He}_has_decided_to_grant_{s2}{reg3?_and_the_nearby_village_of_{s4}:}_to_your_husband,_{s7}. none 18 2031 1 1441151880758558722 522 3 1224979098644774912 144115188075856287 11 2322 2 3 1224979098644774912 2330 2 2 144115188075856883 4 0 541 3 144115188075856883 0 2 2133 2 72057594037927939 1 6 3 1224979098644774913 648518346341351621 648518346341351873 541 3 1224979098644774913 120 144115188075856883 2330 2 4 1224979098644774913 3 0 5 0 2133 2 72057594037927939 0 3 0 1 3 936748722493063830 1224979098644774912 4 520 3 1224979098644774914 360287970189639680 30 2322 2 11 1224979098644774914 2320 2 7 216172782113786325 1
 mno_continue  0  Continue.  2 520 3 1224979098644774912 360287970189639680 30 1 4 936748722493063415 144115188075856883 1224979098644774912 0  . 
menu_requested_castle_granted_to_another 4096 You_receive_a_message_from_your_monarch,_{s3}.^^_'I_was_most_pleased_to_hear_of_your_valiant_efforts_in_the_capture_of_{s2}._Your_victory_has_gladdened_all_our_hearts._You_also_requested_me_to_give_you_ownership_of_the_castle,_but_that_is_a_favor_which_I_fear_I_cannot_grant,_as_you_already_hold_significant_estates_in_my_realm._Instead_I_have_sent_you_{reg6}_crowns_to_cover_the_expenses_of_your_campaign,_but_{s2}_I_give_to_{s5}.'_ none 9 2031 1 1441151880758558722 522 3 1224979098644774912 144115188075856287 11 2322 2 3 1224979098644774912 2330 2 2 144115188075856883 521 3 1224979098644774913 144115188075856883 7 2322 2 5 1224979098644774913 2133 2 72057594037927942 900 2133 2 144115188075856230 -1 2133 2 144115188075856231 -1 2
 mno_accept_decision  0  Accept_the_decision.  8 1 3 936748722493063643 360287970189639680 72057594037927942 522 3 1224979098644774912 144115188075856287 11 4 0 32 2 1224979098644774912 0 2147483679 2 1224979098644774912 360287970189639978 1 3 936748722493063842 72057594037927942 1224979098644774912 3 0 2040 0  .  mno_leave_faction  0  You_have_been_wronged!_Renounce_your_oath_to_your_liege!_  8 522 3 1224979098644774912 144115188075856287 11 4 0 32 2 1224979098644774912 0 2147483679 2 1224979098644774912 360287970189639978 1 3 936748722493063842 72057594037927942 1224979098644774912 3 0 2060 1 864691128455135314 1 3 936748722493063643 360287970189639680 72057594037927942  . 
menu_requested_castle_granted_to_another_female 4096 You_receive_a_message_from_your_monarch,_{s3}.^^_'I_was_most_pleased_to_hear_of_your_valiant_efforts_in_the_capture_of_{s2}._Your_victory_has_gladdened_all_our_hearts._You_also_requested_me_to_give_ownership_of_the_castle_to_your_{wife/husband},_but_that_is_a_favor_which_I_fear_I_cannot_grant,_as_{she/he}_already_holds_significant_estates_in_my_realm._Instead_I_have_sent_you_{reg6}_crowns_to_cover_the_expenses_of_your_campaign,_but_{s2}_I_give_to_{s5}.'_ none 9 2031 1 1441151880758558722 522 3 1224979098644774912 144115188075856287 11 2322 2 3 1224979098644774912 2330 2 2 144115188075856883 521 3 1224979098644774913 144115188075856883 7 2322 2 5 1224979098644774913 2133 2 72057594037927942 900 2133 2 144115188075856230 -1 2133 2 144115188075856231 -1 1
 mno_accept_decision  0  Accept_the_decision.  2 1 3 936748722493063643 360287970189639680 72057594037927942 2040 0  . 
menu_leave_faction 0 Renouncing_your_oath_is_a_grave_act._Your_lord_may_condemn_you_and_confiscate_your_lands_and_holdings._However,_if_you_return_them_of_your_own_free_will,_he_may_let_the_betrayal_go_without_a_fight. none 0 3
 mno_leave_faction_give_back  0  Renounce_your_oath_and_give_up_your_holdings.  2 1 2 936748722493063573 1 2040 0  .  mno_leave_faction_hold  1 2330 2 2 144115188075856883  Renounce_your_oath_and_rule_your_lands,_including_{s2},_in_your_own_name.  4 1 4 936748722493063415 144115188075856883 360287970189639680 0 1 2 936748722493063573 0 1 2 936748722493063575 360287970189639680 2040 0  .  mno_leave_faction_cancel  0  Remain_loyal_and_accept_the_decision.  1 2040 0  . 
menu_give_center_to_player 4096 Your_lord_offers_to_extend_your_fiefs!_{s1}_sends_word_that_{reg4?she:he}_is_willing_to_grant_{s2}_to_you_in_payment_for_your_loyal_service,_adding_it_to_your_holdings._What_is_your_answer? none 6 2031 1 1441151880758558722 2204 2 1224979098644774912 144115188075856883 522 3 1224979098644774913 1224979098644774912 11 1 3 936748722493063830 1224979098644774913 4 2322 2 1 1224979098644774913 2330 2 2 144115188075856883 2
 mno_give_center_to_player_accept  0  Accept_the_offer.  2 1 4 936748722493063415 144115188075856883 360287970189639680 0 2060 1 864691128455135316  .  mno_give_center_to_player_reject  0  Reject._You_have_no_interest_in_holding_{s2}.  2 501 3 144115188075856883 7 -3 2040 0  . 
menu_give_center_to_player_2 0 With_a_brief_ceremony,_you_are_officially_confirmed_as_the_new_lord_of_{s2}{reg3?_and_its_bound_village_{s4}:}._{reg3?They:It}_will_make_a_fine_part_of_your_fiefdom._You_can_now_claim_the_rents_and_revenues_from_your_personal_estates_there,_draft_soldiers_from_the_populace,_and_manage_the_lands_as_you_see_fit._However,_you_are_also_expected_to_defend_your_fief_and_your_people_from_harm,_as_well_as_maintaining_the_rule_of_law_and_order. none 10 2330 2 2 144115188075856883 2133 2 72057594037927939 0 4 0 541 3 144115188075856883 0 2 6 3 1224979098644774912 648518346341351621 648518346341351873 541 3 1224979098644774912 120 144115188075856883 2330 2 4 1224979098644774912 2133 2 72057594037927939 1 3 0 3 0 1
 mno_continue  0  Continue...  1 2040 0  . 
menu_oath_fulfilled 0 You_had_a_contract_with_{s1}_to_serve_{reg4?her:him}_for_a_certain_duration._Your_contract_has_now_expired._What_will_you_do? none 4 522 3 1224979098644774912 144115188075856287 11 1 2 936748722493063829 1224979098644774912 2133 2 72057594037927940 72057594037927936 2322 2 1 1224979098644774912 2
 mno_renew_oath  2 522 3 1224979098644774912 144115188075856287 11 2322 2 1 1224979098644774912  Renew_your_contract_with_{s1}_for_another_month.  3 2272 1 1224979098644774912 2120 3 144115188075856079 1224979098644774912 30 2040 0  .  mno_dont_renew_oath  0  Become_free_of_your_bond.  2 1 2 936748722493063573 1 2040 0  . 
menu_siege_started_defender 256 {s1}_is_launching_an_assault_against_the_walls_of_{s2}._You_have_{reg10}_troops_fit_for_battle_against_the_enemy's_{reg11}._You_decide_to... none 91 1303 1 1 2133 2 144115188075856188 144115188075856786 2133 2 144115188075856189 144115188075856273 2330 2 1 144115188075856188 2330 2 2 144115188075856189 1 1 936748722493063520 4 0 31 2 144115188075856234 1 1 3 936748722493063402 0 1 1 1 936748722493063521 3 0 4 0 31 2 144115188075856234 0 4 0 1 2 936748722493063371 648518346341351439 2133 2 1224979098644774912 72057594037927936 1 2 936748722493063371 648518346341351441 2133 2 1224979098644774913 72057594037927936 2133 2 1224979098644774914 0 4 0 31 2 144115188075856168 1 31 2 1224979098644774912 0 2133 2 1224979098644774914 1 5 0 31 2 144115188075856194 1 2147483680 2 144115188075856837 0 30 2 144115188075856836 1 2133 2 1224979098644774914 1 3 0 1073741855 2 1224979098644774914 1 31 2 144115188075856035 1 2133 2 144115188075856193 -1 2060 1 864691128455135277 5 0 2133 2 1224979098644774915 0 4 0 1073741855 2 144115188075856168 -1 1508 1 360287970189639680 31 2 1224979098644774913 0 2133 2 1224979098644774915 1 3 0 1073741855 2 1224979098644774915 1 31 2 144115188075856038 1 2133 2 144115188075856193 864691128455135393 2060 1 864691128455135279 5 0 2133 2 1224979098644774916 0 4 0 31 2 144115188075856168 1 2133 2 1224979098644774916 1 5 0 31 2 144115188075856168 0 2123 3 1224979098644774917 144115188075856837 3 2147483678 2 1224979098644774917 144115188075856836 2133 2 1224979098644774916 1 5 0 2136 3 1224979098644774918 0 100 2122 3 1224979098644774919 1224979098644774913 13 2108 2 1224979098644774919 10 30 2 1224979098644774919 1224979098644774912 2147483678 2 1224979098644774918 10 2147483679 2 144115188075856190 1 2133 2 1224979098644774916 1 3 0 4 0 31 2 1224979098644774916 1 521 3 1224979098644774920 144115188075856273 65 2105 2 1224979098644774920 100 501 3 144115188075856273 65 1224979098644774920 501 3 144115188075856188 2 1 6 3 1224979098644774921 360287970189639979 360287970189640147 540 3 1224979098644774921 2 2 2147484208 3 1224979098644774921 8 0 520 3 1224979098644774922 1224979098644774921 10 32 2 1224979098644774922 0 541 3 1224979098644774922 4 1 541 3 1224979098644774922 5 144115188075856273 541 3 1224979098644774922 8 1 1 4 936748722493063446 1224979098644774922 -1 -1 1 4 936748722493063446 1224979098644774922 1 144115188075856273 3 0 1106 1 1585267068834416290 2133 2 144115188075856232 144115188075856273 1301 0 2040 0 2133 2 144115188075856233 144115188075856273 3 0 3 0 3 0 2133 2 144115188075856234 0 2133 2 144115188075856190 0 4
 mno_dplmc_negotiate_with_besieger  2 541 3 144115188075856213 7 360287970189639680 561 3 144115188075856213 54 1  Negotiate_with_the_besieger.  1 2060 1 864691128455135484  .  mno_siege_defender_join_battle  1 2147485156 1 360287970189639680  Join_the_battle.  36 1667 2 144115188075856273 -1 2133 2 144115188075856168 0 4 0 541 3 144115188075856273 0 3 521 3 1224979098644774912 144115188075856273 18 5 0 521 3 1224979098644774912 144115188075856273 10 3 0 1 1 936748722493063405 2107 2 72057594037927936 2 2108 2 72057594037927936 3 1691 1 72057594037927936 1020 0 4 0 541 3 144115188075856213 27 1 1911 1 792633534417207311 5 0 1911 1 792633534417207312 3 0 4 0 31 2 144115188075856273 648518346341351535 2133 2 1224979098644774912 720575940379280667 1911 1 792633534417207313 5 0 31 2 144115188075856273 648518346341351572 2133 2 1224979098644774912 720575940379280668 1911 1 792633534417207313 5 0 31 2 144115188075856273 648518346341351617 2133 2 1224979098644774912 720575940379280669 1911 1 792633534417207313 3 0 1910 1 1224979098644774912 2133 2 144115188075856193 864691128455135318 2060 1 864691128455135276 2048 0  .  mno_siege_defender_troops_join_battle  3 1 2 936748722493063371 648518346341351424 1073743332 1 360287970189639680 30 2 72057594037927936 3  Order_your_men_to_join_the_battle_without_you.  6 1667 2 144115188075856273 -1 1303 1 1 2133 2 144115188075856188 144115188075856786 2133 2 144115188075856189 144115188075856273 2133 2 144115188075856235 1 2060 1 864691128455135319  .  mno_siege_defender_manage_troops  31 2133 2 1224979098644774912 0 2319 1 10 521 3 1224979098644774913 144115188075856273 7 2157 2 1224979098644774914 144115188075856273 32 2 1224979098644774914 0 4 0 31 2 1224979098644774913 360287970189639680 2133 2 1224979098644774912 1 5 0 2204 2 1224979098644774915 144115188075856273 31 2 1224979098644774915 432345564227567630 2147484209 3 144115188075856273 7 360287970189639979 2133 2 1224979098644774912 1 5 0 2147483678 2 1224979098644774913 0 2204 2 1224979098644774916 144115188075856273 31 2 144115188075856287 1224979098644774916 31 2 144115188075856273 144115188075856230 2320 2 10 216172782113786961 2133 2 1224979098644774912 1 5 0 561 3 144115188075856273 7 360287970189639979 2204 2 1224979098644774916 144115188075856273 31 2 144115188075856287 1224979098644774916 1073742364 3 1224979098644774913 30 360287970189639680 540 3 360287970189639680 30 1224979098644774913 1073741857 3 1224979098644774913 360287970189639979 360287970189640294 540 3 360287970189639680 30 1224979098644774913 2133 2 1224979098644774912 1 3 0 31 2 1224979098644774912 1  Manage_the_garrison_{s10}.  1 2043 1 1  . 
menu_siege_join_defense 512 {s4}^^Your_casualties:_{s8}^^Allies'_casualties:_{s9}^^Enemy_casualties:_{s10} none 47 4 0 31 2 144115188075856235 1 1 3 936748722493063334 648518346341351424 1 2133 2 1224979098644774912 72057594037927936 2108 2 1224979098644774912 5 5 0 2133 2 1224979098644774912 0 3 0 1 3 936748722493063334 648518346341351440 0 2133 2 1224979098644774913 72057594037927936 2108 2 1224979098644774913 5 1 3 936748722493063334 648518346341351439 0 2133 2 1224979098644774914 72057594037927936 2108 2 1224979098644774914 10 2120 3 1224979098644774915 1224979098644774912 1224979098644774913 4 0 31 2 1224979098644774915 0 2123 3 1224979098644774916 1224979098644774914 2 5 0 2133 2 1224979098644774916 1224979098644774914 2107 2 1224979098644774916 1224979098644774912 2108 2 1224979098644774916 1224979098644774915 3 0 2106 2 1224979098644774914 1224979098644774916 1697 3 648518346341351424 1224979098644774916 648518346341351428 1 3 936748722493063358 648518346341351428 0 2321 2 8 0 1697 3 144115188075856189 1224979098644774914 648518346341351428 1 3 936748722493063358 648518346341351428 0 2321 2 9 0 1662 2 144115188075856189 648518346341351440 1697 3 144115188075856188 1224979098644774915 648518346341351428 1 3 936748722493063358 648518346341351428 0 2321 2 10 0 1662 2 144115188075856188 648518346341351439 4 0 1 2 936748722493063371 648518346341351424 2147483680 2 72057594037927936 0 2320 2 4 216172782113783969 5 0 1 2 936748722493063371 648518346341351439 2147483680 2 72057594037927936 0 2133 2 144115188075856168 1 2320 2 4 216172782113783968 5 0 2320 2 4 216172782113783970 3 0 1
 mno_continue  0  Continue...  1 2060 1 864691128455135318  . 
menu_enter_your_own_castle 0 {s10} none 21 4 0 33 3 144115188075856287 432345564227567630 432345564227567635 2147483681 3 144115188075856013 360287970189640145 360287970189640147 1 3 936748722493063852 360287970189639680 144115188075856287 30 2 72057594037927936 50 4 0 31 2 144115188075856162 1 1 4 936748722493063849 360287970189639680 5 10 5 0 1 4 936748722493063849 360287970189639680 4 10 3 0 2320 2 10 1585267068834416291 5 0 2147483681 3 144115188075856287 432345564227567631 432345564227567635 522 3 1224979098644774912 432345564227567630 11 31 2 1224979098644774912 360287970189639680 2320 2 10 1585267068834416292 5 0 2320 2 10 1585267068834416293 3 0 2330 2 2 144115188075856213 1
 mno_continue  0  Continue...  1 2060 1 864691128455135343  . 
menu_village 256 {s10}_{s12}^{s11}^{s6}{s7} none 235 2133 2 144115188075856213 144115188075856273 1 2 936748722493063607 144115188075856213 2133 2 144115188075856236 0 2133 2 144115188075856168 0 2133 2 144115188075856237 0 2133 2 144115188075856238 0 4 0 32 2 144115188075856239 0 2060 1 144115188075856239 2133 2 144115188075856239 0 3 0 4 0 2147483679 2 144115188075856240 144115188075856213 2133 2 144115188075856240 0 5 0 2060 1 864691128455135341 3 0 4 0 31 2 144115188075856220 1 2133 2 144115188075856220 0 3 0 2330 2 2 144115188075856213 521 3 1224979098644774912 144115188075856213 7 2204 2 1224979098644774913 144115188075856213 2335 2 9 1224979098644774913 4 0 30 2 1224979098644774912 0 2322 2 8 1224979098644774912 2320 2 7 1585267068834416265 3 0 2319 1 10 2319 1 12 4 0 2147484189 3 144115188075856213 35 2 2320 2 60 2 521 3 1224979098644774914 144115188075856213 50 4 0 31 2 144115188075856163 1 2133 2 72057594037927940 1224979098644774914 1106 1 1585267068834416294 3 0 2123 3 1224979098644774915 1224979098644774914 10 2110 2 1224979098644774915 9 2105 2 1224979098644774915 216172782113784059 2320 2 10 1224979098644774915 2123 3 1224979098644774915 1224979098644774914 20 2110 2 1224979098644774915 4 2105 2 1224979098644774915 216172782113784075 2320 2 12 1224979098644774915 3 0 2319 1 11 2133 2 1224979098644774916 72057594037927936 2133 2 1224979098644774917 72057594037927940 2133 2 72057594037927936 0 2133 2 72057594037927940 0 4 0 2147483678 2 1224979098644774912 1 5 0 1 3 936748722493063518 1224979098644774912 360287970189639680 30 2 72057594037927936 1 5 0 31 2 1224979098644774913 144115188075856287 33 3 1224979098644774913 432345564227567630 432345564227567635 542 3 1224979098644774913 11 1224979098644774912 2320 2 11 1585267068834416266 2133 2 72057594037927936 1 5 0 31 2 1224979098644774913 144115188075856853 33 3 1224979098644774913 432345564227567631 432345564227567635 542 3 1224979098644774913 11 1224979098644774912 2320 2 11 1585267068834416267 2133 2 72057594037927936 1 5 0 3221226979 1 1224979098644774912 540 3 1224979098644774912 5 0 5 0 1 2 936748722493063814 1224979098644774912 30 2 72057594037927936 1 4 0 30 2 144115188075856788 0 2320 2 11 216172782113787166 5 0 2320 2 11 1585267068834416268 3 0 5 0 1 2 936748722493063457 1224979098644774912 33 3 1224979098644774912 360287970189639979 360287970189639995 2147484188 3 1224979098644774912 82 8 4 0 30 2 144115188075856788 0 30 2 72057594037927936 50 2320 2 11 216172782113787166 5 0 30 2 144115188075856788 0 30 2 72057594037927936 20 2320 2 11 216172782113787165 5 0 2320 2 11 1585267068834416269 3 0 2133 2 72057594037927936 1 5 0 2147483678 2 144115188075856788 0 2133 2 72057594037927936 0 5 0 1 2 936748722493063457 1224979098644774912 2123 3 1224979098644774918 72057594037927936 50 32 2 1224979098644774918 1 2320 2 11 216172782113787165 2133 2 72057594037927936 1 5 0 31 2 1224979098644774913 144115188075856287 542 3 1224979098644774913 8 1224979098644774912 2320 2 11 1585267068834416270 5 0 1 3 936748722493063852 360287970189639680 1224979098644774913 2105 2 72057594037927936 1 2106 2 72057594037927936 50 30 2 72057594037927936 1 2320 2 11 1585267068834416271 5 0 2133 2 72057594037927936 0 3 0 4 0 31 2 1224979098644774912 360287970189639680 2320 2 11 1585267068834416295 5 0 30 2 72057594037927936 1 2320 2 11 1585267068834416296 5 0 30 2 1224979098644774912 0 2320 2 11 1585267068834416297 5 0 2320 2 11 1585267068834416298 3 0 2133 2 72057594037927936 1224979098644774916 2133 2 72057594037927940 1224979098644774917 2319 1 7 4 0 2147484189 3 144115188075856213 35 2 521 3 1224979098644774919 144115188075856213 26 1 2 936748722493063532 1224979098644774919 2133 2 72057594037927945 1224979098644774919 2320 2 7 1585267068834416299 3 0 2319 1 6 4 0 561 3 144115188075856213 39 1 521 3 1224979098644774920 144115188075856213 39 2171 2 1224979098644774921 360287970189639680 2110 2 1224979098644774921 63 2120 3 144115188075856241 1224979098644774921 10 2108 2 144115188075856241 2 522 3 1224979098644774922 1224979098644774913 203 266 1 1224979098644774923 2107 2 1224979098644774923 3 2106 2 1224979098644774923 1224979098644774922 2105 2 144115188075856241 1224979098644774923 2107 2 144115188075856241 120 2108 2 144115188075856241 100 2111 2 144115188075856241 1 1 2 936748722493063369 144115188075856213 2133 2 1224979098644774924 72057594037927936 2123 3 1224979098644774925 1224979098644774924 3 2123 3 1224979098644774922 1224979098644774919 5 2105 2 1224979098644774922 60 2136 3 144115188075856242 1224979098644774925 1224979098644774922 2110 2 144115188075856242 1224979098644774924 2133 2 72057594037927944 144115188075856241 2324 3 35 1224979098644774920 144115188075856241 2320 2 6 1585267068834416300 2133 2 144115188075856188 -1 2133 2 144115188075856189 -1 4 0 2173 2 1224979098644774926 1224979098644774920 1073741857 3 1224979098644774926 432345564227567630 432345564227567635 31 2 1224979098644774926 432345564227567640 2031 1 1441151880758558739 5 0 31 2 1224979098644774920 360287970189639899 1601 2 72057594037927944 144115188075856213 1630 3 1224979098644774927 144115188075856213 360287970189639705 2106 2 72057594037927944 1224979098644774927 1630 3 1224979098644774927 144115188075856213 360287970189639899 2106 2 72057594037927944 1224979098644774927 2320 2 6 1585267068834416301 2031 1 1441151880758558768 5 0 2031 1 1441151880758558720 3 0 5 0 1073742365 3 144115188075856213 35 2 541 3 144115188075856213 35 4 2320 2 6 1585267068834416302 4 0 2147483679 2 144115188075856243 1 601 2 1657324662872342678 1 3 0 2031 1 1441151880758558742 5 0 541 3 144115188075856213 35 1 2320 2 6 1585267068834416303 5 0 1 1 936748722493063566 3 0 4 0 31 2 144115188075856243 1 4 0 541 3 144115188075856213 35 2 2060 1 864691128455135338 5 0 541 3 144115188075856213 35 4 2060 1 864691128455135339 3 0 4 0 200 1 504403158265495558 546 3 504403158265495558 1 144115188075856213 506 3 504403158265495558 11 3 3 0 5 0 521 3 1224979098644774928 144115188075856213 34 32 2 1224979098644774928 0 3 0 4 0 31 2 144115188075856081 1 2133 2 144115188075856081 0 2040 0 3 0 4 0 2271 1 1224979098644774929 30 2 1224979098644774929 5 2147483678 2 1224979098644774929 21 2133 2 144115188075856244 0 5 0 2133 2 144115188075856244 1 3 0 22
 mno_village_manage  2 1 2 936748722493063910 144115188075856213 541 3 144115188075856213 7 360287970189639680  Manage_this_village.  2 2133 2 144115188075856193 864691128455135321 2060 1 864691128455135328  .  mno_recruit_volunteers  1 1 1 936748722493063629  Recruit_Volunteers.  5 4 0 1 1 936748722493063540 5 0 2060 1 864691128455135323 3 0  .  mno_village_center  1 1 2 936748722493063910 144115188075856213  Go_to_the_village_center.  34 4 0 1 1 936748722493063540 5 0 521 3 1224979098644774912 144115188075856213 10 1261 1 1224979098644774912 1262 0 521 3 1224979098644774913 144115188075856213 25 1263 2 11 1224979098644774913 4 0 32 2 144115188075857091 0 1 1 936748722493063816 521 3 1224979098644774914 144115188075856213 7 31 2 1224979098644774914 360287970189639680 1263 2 9 144115188075857091 3 0 1 1 936748722493063539 4 0 200 1 504403158265495558 2147485921 0 546 3 504403158265495558 1 144115188075856213 2147483852 1 504403158265495558 2147483850 1 504403158265495558 2147483851 1 504403158265495558 1263 2 45 360287970189641345 3 0 4 0 1 1 936748722493064068 1 3 936748722493064069 792633534417207299 0 1940 3 792633534417207299 0 511 3 0 1911 1 792633534417207299 1910 1 1224979098644774912 2048 0 3 0  Door_to_the_village_center.  mno_dplmc_village_elder_meeting  6 1 2 936748722493063910 144115188075856213 521 3 1224979098644774912 144115188075856213 25 32 2 1224979098644774912 0 1073741855 2 144115188075856163 1 1073741855 2 144115188075856287 144115188075856787 560 3 1224979098644774912 5 1  Meet_the_Village_Elder.  17 4 0 1 1 936748722493063540 5 0 521 3 1224979098644774912 144115188075856213 10 1261 1 1224979098644774912 1262 0 521 3 1224979098644774913 144115188075856213 25 1263 2 11 1224979098644774913 4 0 541 3 144115188075856213 7 360287970189639680 31 2 144115188075857091 360287970189641427 1263 2 9 144115188075857091 3 0 1911 1 792633534417207299 1910 1 1224979098644774912 2049 1 1224979098644774913 3 0  .  mno_dplmc_village_elder_meeting_denied  6 1 2 936748722493063910 144115188075856213 521 3 1224979098644774912 144115188075856213 25 32 2 1224979098644774912 0 31 2 144115188075856163 0 540 3 1224979098644774912 5 0 2061 0  You_have_not_met_the_village_elder_yet.  0  .  mno_village_buy_food  2 541 3 144115188075856213 35 0 2147484209 3 144115188075856213 39 1  Buy_supplies_from_the_peasants.  6 4 0 1 1 936748722493063540 5 0 521 3 1224979098644774912 144115188075856213 25 2042 1 1224979098644774912 3 0  .  mno_dplmc_village_auto_sell  4 541 3 144115188075856213 35 0 2147484209 3 144115188075856213 39 1 521 3 1224979098644774912 144115188075856213 25 30 2 1224979098644774912 0  Sell_items_automatically.  2 2133 2 144115188075856193 864691128455135321 2060 1 864691128455135351  .  mno_dplmc_village_auto_buy_food  4 541 3 144115188075856213 35 0 2147484209 3 144115188075856213 39 1 521 3 1224979098644774912 144115188075856213 25 30 2 1224979098644774912 0  Buy_food_automatically.  2 2133 2 144115188075856193 864691128455135321 2060 1 864691128455135352  .  mno_village_attack_bandits  2 561 3 144115188075856213 39 1 2147484189 3 144115188075856213 39 360287970189639899  Attack_the_bandits.  15 521 3 1224979098644774912 144115188075856213 39 521 3 1224979098644774913 144115188075856213 10 1261 1 1224979098644774913 1262 0 1264 3 0 1224979098644774912 144115188075856241 1264 3 2 360287970189639705 144115188075856242 1020 0 1691 1 0 2133 2 144115188075856168 0 1911 1 792633534417207306 1910 1 1224979098644774913 2133 2 144115188075856193 864691128455135326 2060 1 864691128455135276 2133 2 144115188075856156 1 2048 0  .  mno_village_wait  15 541 3 144115188075856213 35 0 2147484209 3 144115188075856213 39 1 2319 1 11 2133 2 1224979098644774912 0 4 0 31 2 144115188075856171 6 2320 2 11 1585267068834416304 2133 2 1224979098644774912 1 5 0 541 3 144115188075856213 130 1 541 3 144115188075856213 7 360287970189639680 2320 2 11 1585267068834416305 2133 2 1224979098644774912 1 3 0 31 2 1224979098644774912 1  {s11}.  4 2133 2 144115188075856088 144115188075856213 2133 2 144115188075856245 144115188075856213 1031 3 168 5 0 2040 0  .  mno_dac_work_village_tired  7 541 3 144115188075856213 35 0 2147484209 3 144115188075856213 39 1 1073741855 2 144115188075857183 17 31 2 144115188075857183 19 520 3 1224979098644774912 360287970189639680 168 32 2 1224979098644774912 0 2061 0  [Peasant]_Too_tired_to_work,_need_some_more_rest...  0  .  mno_dac_work_village  6 541 3 144115188075856213 35 0 2147484209 3 144115188075856213 39 1 1073741855 2 144115188075857183 17 31 2 144115188075857183 19 520 3 1224979098644774912 360287970189639680 168 2147483680 2 1224979098644774912 0  [Peasant]_Look_for_work.  1 2060 1 864691128455135514  .  mno_dac_preach_village_tired  6 541 3 144115188075856213 35 0 2147484209 3 144115188075856213 39 1 31 2 144115188075857183 21 520 3 1224979098644774912 360287970189639680 168 32 2 1224979098644774912 0 2061 0  [Priest]_Too_tired_to_preach,_need_some_more_rest...  0  .  mno_dac_preach_village  5 541 3 144115188075856213 35 0 2147484209 3 144115188075856213 39 1 31 2 144115188075857183 21 520 3 1224979098644774912 360287970189639680 168 2147483680 2 1224979098644774912 0  [Priest]_Preach_to_the_masses.  1 2060 1 864691128455135520  .  mno_dplmc_village_counter_insurgency  1 541 3 144115188075856213 39 360287970189639899  Counter_the_insurgency.  14 2136 3 1224979098644774912 -10 -5 1 3 936748722493063460 144115188075856213 1224979098644774912 1 1 936748722493063405 1691 1 72057594037927936 1020 0 2133 2 144115188075856168 0 2133 2 144115188075856195 1 1911 1 792633534417207307 521 3 1224979098644774913 144115188075856213 10 1910 1 1224979098644774913 2133 2 144115188075856193 864691128455135472 1 3 936748722493063645 3 216172782113787175 2060 1 864691128455135276 2048 0  .  mno_dplmc_village_negotiate  1 541 3 144115188075856213 39 360287970189639899  Begin_negotiations.  1 2060 1 864691128455135475  .  mno_collect_taxes_qst  9 541 3 144115188075856213 35 0 2147484209 3 144115188075856213 39 1 200 1 504403158265495557 526 3 1224979098644774912 504403158265495557 6 546 3 504403158265495557 1 144115188075856213 541 3 144115188075856213 7 1224979098644774912 2147484194 3 504403158265495557 11 4 2322 2 1 1224979098644774912 526 3 72057594037927941 504403158265495557 11  {reg5?Continue_collecting_taxes:Collect_taxes}_due_to_{s1}.  1 2060 1 864691128455135372  .  mno_train_peasants_against_bandits_qst  4 541 3 144115188075856213 35 0 200 1 504403158265495590 2147483852 1 504403158265495590 546 3 504403158265495590 1 144115188075856213  Train_the_peasants.  1 2060 1 864691128455135378  .  mno_village_hostile_action  10 541 3 144115188075856213 35 0 2147484209 3 144115188075856213 39 1 561 3 144115188075856213 26 -1 200 1 504403158265495558 546 3 504403158265495558 1 144115188075856213 2147483852 1 504403158265495558 2147483850 1 504403158265495558 2147483851 1 504403158265495558 526 3 1224979098644774912 504403158265495558 13 1 2 936748722493063638 1224979098644774912  Demand_to_meet_the_family_of_{s50}.  13 1 2 936748722493063625 1369094286720630791 2136 3 1224979098644774912 72057594037927936 100 1 2 936748722493063371 648518346341351424 2133 2 1224979098644774913 72057594037927936 1 2 936748722493063371 144115188075856213 2122 3 1224979098644774914 72057594037927936 2 4 0 1073741856 2 1224979098644774912 40 32 2 1224979098644774913 1224979098644774914 2060 1 864691128455135325 5 0 2060 1 864691128455135336 3 0  .  mno_village_hostile_action  3 541 3 144115188075856213 35 0 2147484209 3 144115188075856213 39 1 2147483679 2 144115188075856287 144115188075856787  Take_a_hostile_action.  1 2060 1 864691128455135322  .  mno_village_leave  0  Leave...  16 2040 1 0 4 0 541 3 144115188075856213 35 0 2147484209 3 144115188075856213 39 1 521 3 1224979098644774912 144115188075856213 25 32 2 1224979098644774912 0 1 2 936748722493063851 0 4 0 31 2 144115188075857141 1 1 3 936748722493063847 360287970189639680 1224979098644774912 3 0 4 0 31 2 144115188075857139 1 1 7 936748722493063845 360287970189639680 1224979098644774912 144115188075857140 0 288230376151713380 2 3 0 3 0  .  mno_village_cheat  1 30 2 144115188075856163 1  Use_cheats.  1 2060 1 864691128455135493  . 
menu_village_hostile_action 0 What_action_do_you_have_in_mind? none 0 4
 mno_village_take_food  10 541 3 144115188075856213 35 0 2147484209 3 144115188075856213 39 1 521 3 1224979098644774912 144115188075856213 25 2133 2 1224979098644774913 106 6 3 1224979098644774914 10 1224979098644774913 1541 3 1224979098644774915 1224979098644774912 1224979098644774914 30 2 1224979098644774915 0 2133 2 1224979098644774913 -1 3 0 31 2 1224979098644774913 -1  Force_the_peasants_to_give_you_supplies.  1 2060 1 864691128455135334  .  mno_village_steal_cattle  6 541 3 144115188075856213 35 0 541 3 144115188075856213 46 0 2147484209 3 144115188075856213 39 1 521 3 1224979098644774912 144115188075856213 205 2147484189 3 144115188075856213 7 360287970189639680 32 2 1224979098644774912 0  Steal_cattle.  1 2060 1 864691128455135332  .  mno_village_loot  5 541 3 144115188075856213 35 0 2147484209 3 144115188075856213 39 1 2204 2 1224979098644774912 144115188075856213 2190 3 1224979098644774913 432345564227567630 1224979098644774912 2147483678 2 1224979098644774913 0  Loot_and_burn_this_village.  1 2060 1 864691128455135336  .  mno_forget_it  0  Forget_it.  1 2060 1 864691128455135321  . 
menu_recruit_volunteers 4096 {s18}_^^You_have_{reg9}_crowns_^^Your_party_is_at_{reg12}/{reg13}_members._^^Your_party_is_composed_by:_^{reg14}_Mounted_Troops_^{reg15}_Infantry_Troops_^{reg16}_Ranged_Troops none 98 521 3 1224979098644774912 144115188075856213 0 521 3 1224979098644774913 144115188075856213 92 521 3 1224979098644774914 144115188075856213 94 521 3 1224979098644774915 144115188075856213 93 1633 2 1224979098644774916 648518346341351424 2149 2 1224979098644774917 360287970189639680 1650 2 1224979098644774918 648518346341351424 2133 2 1224979098644774919 0 2133 2 1224979098644774920 0 2133 2 1224979098644774921 0 6 3 1224979098644774922 0 1224979098644774918 1652 3 1224979098644774923 648518346341351424 1224979098644774922 1653 3 1224979098644774924 648518346341351424 1224979098644774922 4 0 152 1 1224979098644774923 2105 2 1224979098644774919 1224979098644774924 5 0 153 1 1224979098644774923 2105 2 1224979098644774920 1224979098644774924 5 0 2105 2 1224979098644774921 1224979098644774924 3 0 3 0 2133 2 72057594037927950 1224979098644774919 2133 2 72057594037927951 1224979098644774921 2133 2 72057594037927952 1224979098644774920 1 2 936748722493063189 1224979098644774913 2133 2 1224979098644774925 72057594037927936 1 2 936748722493063189 1224979098644774914 2133 2 1224979098644774926 72057594037927936 4 0 541 3 144115188075856213 7 360287970189639680 2107 2 1224979098644774925 4 2107 2 1224979098644774926 4 2108 2 1224979098644774925 5 2108 2 1224979098644774926 5 3 0 2123 3 1224979098644774927 1224979098644774917 1224979098644774925 2133 2 1224979098644774928 1224979098644774916 2110 2 1224979098644774928 1224979098644774927 2133 2 72057594037927945 1224979098644774917 1601 2 1224979098644774929 648518346341351424 2133 2 72057594037927948 1224979098644774929 1 1 936748722493063200 2133 2 1224979098644774930 72057594037927936 2133 2 72057594037927949 1224979098644774930 4 0 32 2 1224979098644774928 0 2110 2 1224979098644774915 1224979098644774928 3 0 2133 2 72057594037927941 1224979098644774915 2133 2 72057594037927943 0 2133 2 72057594037927944 1224979098644774926 2133 2 72057594037927947 1224979098644774925 4 0 32 2 1224979098644774915 1224979098644774927 2133 2 72057594037927943 1 3 0 4 0 31 2 72057594037927941 0 2320 2 18 1585267068834416306 5 0 2122 3 72057594037927942 1224979098644774915 1224979098644774925 2122 3 72057594037927946 1224979098644774915 1224979098644774926 4 0 31 2 72057594037927941 1 4 0 31 2 1224979098644774912 2 2320 2 18 1585267068834416488 5 0 31 2 1224979098644774912 3 2320 2 18 1585267068834416489 5 0 31 2 1224979098644774912 4 2320 2 18 1585267068834416490 3 0 5 0 4 0 31 2 1224979098644774912 2 2320 2 18 1585267068834416503 5 0 31 2 1224979098644774912 3 2320 2 18 1585267068834416504 5 0 31 2 1224979098644774912 4 2320 2 18 1585267068834416505 3 0 3 0 4 0 31 2 1224979098644774912 2 2031 1 1441151880758558767 5 0 31 2 1224979098644774912 3 2031 1 1441151880758558729 5 0 2031 1 1441151880758558746 3 0 3 0 7
 mno_continue  2 31 2 72057594037927943 0 31 2 72057594037927941 0  Continue...  8 501 3 144115188075856213 93 -1 521 3 1224979098644774912 144115188075856213 0 4 0 31 2 1224979098644774912 4 2060 1 864691128455135321 5 0 2060 1 864691128455135343 3 0  .  mno_recruit_one  4 30 2 72057594037927945 72057594037927947 32 2 72057594037927941 0 521 3 1224979098644774912 144115188075856213 92 2322 2 4 1224979098644774912  Enlist_one_{s4}_({reg11}_crowns).  16 521 3 1224979098644774912 144115188075856213 0 521 3 1224979098644774913 144115188075856213 92 1610 3 648518346341351424 1224979098644774913 1 2106 2 72057594037927941 1 1529 2 360287970189639680 72057594037927947 501 3 144115188075856213 93 72057594037927941 4 0 31 2 72057594037927941 0 501 3 144115188075856213 93 -1 4 0 31 2 1224979098644774912 4 2060 1 864691128455135321 5 0 2060 1 864691128455135343 3 0 3 0  .  mno_recruit_them  4 31 2 72057594037927943 0 32 2 72057594037927941 1 521 3 1224979098644774912 144115188075856213 92 2323 2 3 1224979098644774912  Enlist_all_{s3}_({reg6}_crowns).  11 521 3 1224979098644774912 144115188075856213 0 521 3 1224979098644774913 144115188075856213 92 1610 3 648518346341351424 1224979098644774913 72057594037927941 1529 2 360287970189639680 72057594037927942 501 3 144115188075856213 93 -1 4 0 31 2 1224979098644774912 4 2060 1 864691128455135321 5 0 2060 1 864691128455135343 3 0  .  mno_recruit_one_alt  4 30 2 72057594037927945 72057594037927944 32 2 72057594037927941 0 521 3 1224979098644774912 144115188075856213 94 2322 2 6 1224979098644774912  Enlist_one_{s6}_({reg8}_crowns).  16 521 3 1224979098644774912 144115188075856213 0 521 3 1224979098644774913 144115188075856213 94 1610 3 648518346341351424 1224979098644774913 1 2106 2 72057594037927941 1 1529 2 360287970189639680 72057594037927944 501 3 144115188075856213 93 72057594037927941 4 0 31 2 72057594037927941 0 501 3 144115188075856213 93 -1 4 0 31 2 1224979098644774912 4 2060 1 864691128455135321 5 0 2060 1 864691128455135343 3 0 3 0  .  mno_recruit_them_alt  4 30 2 72057594037927945 72057594037927946 32 2 72057594037927941 1 521 3 1224979098644774912 144115188075856213 94 2323 2 5 1224979098644774912  Enlist_all_{s5}_({reg10}_crowns).  11 521 3 1224979098644774912 144115188075856213 0 521 3 1224979098644774913 144115188075856213 94 1610 3 648518346341351424 1224979098644774913 72057594037927941 1529 2 360287970189639680 72057594037927946 501 3 144115188075856213 93 -1 4 0 31 2 1224979098644774912 4 2060 1 864691128455135321 5 0 2060 1 864691128455135343 3 0  .  mno_continue_not_enough_gold  2 31 2 72057594037927943 1 2061 0  I_don't_have_enough_money...  1 2060 1 864691128455135321  .  mno_forget_it  0  Forget_it.  7 521 3 1224979098644774912 144115188075856213 0 4 0 31 2 1224979098644774912 4 2060 1 864691128455135321 5 0 2060 1 864691128455135343 3 0  . 
menu_village_hunt_down_fugitive_defeated 0 A_heavy_blow_from_the_fugitive_sends_you_to_the_ground,_and_your_vision_spins_and_goes_dark._Time_passes._When_you_open_your_eyes_again_you_find_yourself_battered_and_bloody,_but_luckily_none_of_the_wounds_appear_to_be_lethal. none 1 1 2 936748722493063580 504403158265495558 1
 mno_continue  0  Continue...  2 2060 1 864691128455135321 1 3 936748722493063458 360287970189639680 -2  . 
menu_village_hunt_down_fugitive_persuaded 0 As_the_party_member_with_the_highest_persuasion,_{reg3?you:{s3}}_managed_to_cajole_the_location_of_{s50}_from_his_tight-lipped_relatives._Backed_with_superior_force_of_arms,_your_just_argument_seemed_to_take_effect_and_the_villagers_grudgingly_participate_in_the_manhunt_for_the_fugitive._{reg4?But_word_of_you_arrival_has_reached_the_fugitive_and_he_appears_to_have_taken_his_own_life:Within_the_hour,_you've_secured_the_fugitive_on_behalf_of_{s4}}. none 27 1 2 936748722493063625 1369094286720630791 2133 2 1224979098644774912 72057594037927937 526 3 1224979098644774913 504403158265495558 13 1 2 936748722493063638 1224979098644774913 4 0 31 2 1224979098644774912 360287970189639680 2133 2 72057594037927939 1 5 0 2133 2 72057594037927939 0 2322 2 3 1224979098644774912 1 3 936748722493063458 1224979098644774912 3 3 0 2124 1 100 729 2 0 70 730 2 0 5 731 2 0 75 2032 3 1729382256910270490 1224979098644774912 0 2136 3 72057594037927940 0 2 4 0 31 2 72057594037927940 0 1614 3 648518346341351424 360287970189641345 1 526 3 1224979098644774914 504403158265495558 6 2322 2 4 1224979098644774914 506 3 504403158265495558 11 2 5 0 506 3 504403158265495558 11 1 3 0 1
 mno_continue  0  Continue...  2 1 2 936748722493063579 504403158265495558 2060 1 864691128455135321  . 
menu_village_infest_bandits_result 4096 {s9} none 7 4 0 31 2 144115188075856168 1 2060 1 864691128455135327 5 0 2320 2 9 1585267068834416309 2031 1 1441151880758558742 3 0 1
 mno_continue  0  Continue...  20 501 3 144115188075856273 39 0 1 3 936748722493063440 144115188075856213 2 501 3 144115188075856213 36 0 501 3 144115188075856213 37 0 4 0 200 1 504403158265495591 546 3 504403158265495591 1 144115188075856273 1 3 936748722493063460 144115188075856273 -5 1 2 936748722493063580 504403158265495591 1 2 936748722493063582 504403158265495591 5 0 200 1 504403158265495556 546 3 504403158265495556 1 144115188075856273 1 3 936748722493063460 144115188075856273 -4 1 2 936748722493063580 504403158265495556 1 2 936748722493063582 504403158265495556 5 0 1 3 936748722493063460 144115188075856273 -3 3 0 2060 1 864691128455135321  . 
menu_village_infestation_removed 512 In_a_battle_worthy_of_song,_you_and_your_men_drive_the_bandits_out_of_the_village,_making_it_safe_once_more._The_villagers_have_little_left_in_the_way_of_wealth_after_their_ordeal,_but_they_offer_you_{reg10?all_they_can_find:a_few_heads_of_cattle}. none 43 521 3 1224979098644774912 144115188075856273 39 501 3 144115188075856273 39 0 1617 1 648518346341351425 1610 3 648518346341351425 1224979098644774912 144115188075856241 4 0 31 2 144115188075856287 144115188075856787 2133 2 144115188075856246 65 5 0 2133 2 144115188075856246 50 3 0 1 2 936748722493063340 648518346341351425 2133 2 144115188075856291 0 521 3 1224979098644774913 144115188075856213 25 4 0 200 1 504403158265495591 546 3 504403158265495591 1 144115188075856273 1 2 936748722493063582 504403158265495591 1 3 936748722493063460 144115188075856273 5 1 3 936748722493063819 1224979098644774913 360287970189639683 2133 2 144115188075856291 1 2133 2 1224979098644774913 360287970189639683 5 0 200 1 504403158265495556 546 3 504403158265495556 1 144115188075856273 1 2 936748722493063579 504403158265495556 1 3 936748722493063460 144115188075856273 3 5 0 1 3 936748722493063460 144115188075856273 4 3 0 2133 2 1224979098644774914 0 6 3 1224979098644774915 10 106 2136 3 1224979098644774916 0 100 2147483678 2 1224979098644774916 70 1543 3 1224979098644774913 1224979098644774915 -1 5 0 1541 3 1224979098644774917 1224979098644774913 1224979098644774915 32 2 1224979098644774917 0 1570 2 1224979098644774918 1224979098644774917 31 2 1224979098644774918 11 2105 2 1224979098644774914 1 3 0 2133 2 72057594037927946 1224979098644774914 2031 1 1441151880758559262 2
 mno_village_bandits_defeated_accept  0  Take_it_as_your_just_due.  16 2060 1 864691128455135321 521 3 1224979098644774912 144115188075856213 25 1511 1 1224979098644774912 4 0 32 2 72057594037927946 0 4 0 31 2 144115188075856291 0 2041 1 1224979098644774912 5 0 31 2 144115188075856291 1 2041 1 360287970189639683 3 0 5 0 2136 3 72057594037927946 2 5 1 3 936748722493063429 144115188075856213 72057594037927946 3 0  .  mno_village_bandits_defeated_cont  0  Refuse,_stating_that_they_need_these_{reg10?items:livestock}_more_than_you_do.  3 1 3 936748722493063460 144115188075856273 3 1 2 936748722493063466 1 2060 1 864691128455135321  . 
menu_center_manage 0 {s19}^{reg6?^^You_are_currently_building_{s7}._The_building_will_be_completed_after_{reg8}_day{reg9?s:}.:} none 46 2133 2 1224979098644774912 0 2319 1 18 4 0 541 3 144115188075856273 0 4 2133 2 1224979098644774913 130 2133 2 1224979098644774914 135 2320 2 17 1585267068834415100 5 0 2133 2 1224979098644774913 134 2133 2 1224979098644774914 136 541 3 144115188075856273 0 3 2320 2 17 1585267068834415101 5 0 2320 2 17 1585267068834415102 3 0 6 3 1224979098644774915 1224979098644774913 1224979098644774914 561 3 144115188075856273 1224979098644774915 1 2105 2 1224979098644774912 1 1 2 936748722493063627 1224979098644774915 4 0 31 2 1224979098644774912 1 2321 2 18 0 5 0 2320 2 18 1585267068834415104 3 0 3 0 4 0 31 2 1224979098644774912 0 2320 2 19 1585267068834415105 5 0 2320 2 19 1585267068834416310 3 0 2133 2 72057594037927942 0 4 0 521 3 1224979098644774916 144115188075856273 124 32 2 1224979098644774916 0 1 2 936748722493063627 1224979098644774916 2320 2 7 0 2133 2 72057594037927942 1 2270 1 1224979098644774917 521 3 1224979098644774918 144115188075856273 125 2106 2 1224979098644774918 1224979098644774917 2123 3 72057594037927944 1224979098644774918 24 2111 2 72057594037927944 1 2121 3 72057594037927945 72057594037927944 1 3 0 8
 mno_center_build_manor  3 31 2 72057594037927942 0 541 3 144115188075856273 0 4 541 3 144115188075856273 130 0  Build_a_manor.  2 2133 2 144115188075856247 130 2060 1 864691128455135329  .  mno_center_build_fish_pond  3 31 2 72057594037927942 0 541 3 144115188075856273 0 4 541 3 144115188075856273 131 0  Build_a_mill.  2 2133 2 144115188075856247 131 2060 1 864691128455135329  .  mno_center_build_watch_tower  3 31 2 72057594037927942 0 541 3 144115188075856273 0 4 541 3 144115188075856273 132 0  Build_a_watch_tower.  2 2133 2 144115188075856247 132 2060 1 864691128455135329  .  mno_center_build_school  3 31 2 72057594037927942 0 541 3 144115188075856273 0 4 541 3 144115188075856273 133 0  Build_a_school.  2 2133 2 144115188075856247 133 2060 1 864691128455135329  .  mno_center_build_messenger_post  2 31 2 72057594037927942 0 541 3 144115188075856273 134 0  Build_a_messenger_post.  2 2133 2 144115188075856247 134 2060 1 864691128455135329  .  mno_center_build_prisoner_tower  4 31 2 72057594037927942 0 1073742365 3 144115188075856273 0 3 541 3 144115188075856273 0 2 541 3 144115188075856273 135 0  Build_a_prisoner_tower.  2 2133 2 144115188075856247 135 2060 1 864691128455135329  .  mno_center_cancel_build  1 31 2 72057594037927942 1  Cancel_building_the_{s7}.  27 1 3 936748722493063639 144115188075856213 -4 1 3 936748722493063460 144115188075856213 -2 501 3 144115188075856213 124 0 501 3 144115188075856213 37 0 521 3 1224979098644774912 144115188075856213 125 4 0 33 3 144115188075856213 648518346341351445 648518346341351519 521 3 1224979098644774913 144115188075856213 23 1528 2 1224979098644774913 1224979098644774912 5 0 33 3 144115188075856213 648518346341351621 648518346341351873 521 3 1224979098644774913 144115188075856213 25 5 0 2133 2 1224979098644774913 -1 3 0 2270 1 1224979098644774914 2106 2 1224979098644774912 1224979098644774914 2107 2 1224979098644774912 15 4 0 32 2 1224979098644774913 0 1528 2 1224979098644774913 1224979098644774912 5 0 521 3 1224979098644774915 144115188075856213 48 2105 2 1224979098644774915 1224979098644774912 501 3 144115188075856213 48 1224979098644774915 3 0 2060 1 144115188075856193  .  mno_go_back_dot  0  Go_back.  1 2060 1 144115188075856193  . 
menu_center_improve 0 {s19}_As_the_party_member_with_the_highest_engineer_skill_({reg2}),_{reg3?you_reckon:{s3}_reckons}_that_building_the_{s4}_will_cost_you_{reg5}_crowns_and_will_take_{reg6}_days._{reg4?As_a_governor_you_managed_to_reduce_construction_cost_and_time_by_20%:} none 41 1 1 936748722493063566 1 2 936748722493063627 144115188075856247 2133 2 1224979098644774912 72057594037927936 2320 2 4 0 2320 2 19 1 1 2 936748722493063625 1369094286720630792 2133 2 1224979098644774913 72057594037927936 2133 2 1224979098644774914 72057594037927937 2133 2 72057594037927938 1224979098644774913 2121 3 1224979098644774915 20 1224979098644774913 2107 2 1224979098644774912 1224979098644774915 2108 2 1224979098644774912 20 2123 3 1224979098644774916 1224979098644774912 100 2105 2 1224979098644774916 3 4 0 31 2 144115188075857183 1 2133 2 72057594037927940 1 2107 2 1224979098644774912 80 2107 2 1224979098644774916 80 2108 2 1224979098644774912 100 2108 2 1224979098644774916 100 5 0 2133 2 72057594037927940 0 3 0 2133 2 72057594037927941 1224979098644774912 2133 2 72057594037927942 1224979098644774916 4 0 31 2 1224979098644774914 360287970189639680 2133 2 72057594037927939 1 5 0 2133 2 72057594037927939 0 2322 2 3 1224979098644774914 3 0 2133 2 144115188075857082 1224979098644774912 2133 2 144115188075857084 1224979098644774916 2133 2 144115188075856023 1224979098644774914 2124 1 100 729 2 0 70 730 2 0 5 731 2 0 75 2032 3 1729382256910270490 1224979098644774914 0 5
 mno_dplmc_improve_cont  3 32 2 144115188075857091 0 2149 2 1224979098644774912 360287970189641323 30 2 1224979098644774912 144115188075857082  Go_on._(Pay_from_treasury)  3 1 2 936748722493063791 144115188075857082 1 4 936748722493063872 144115188075856273 144115188075856023 144115188075857084 2060 1 864691128455135328  .  mno_improve_not_enough_gold  4 32 2 144115188075857091 0 2149 2 1224979098644774912 360287970189641323 2147483678 2 1224979098644774912 144115188075857082 2061 0  Insufficient_fund_in_the_treasury.  0  .  mno_improve_cont  2 2149 2 1224979098644774912 360287970189639680 30 2 1224979098644774912 144115188075857082  Go_on.  8 4 0 30 2 144115188075856163 1 2133 2 144115188075857084 0 5 0 1529 2 360287970189639680 144115188075857082 3 0 1 4 936748722493063872 144115188075856273 144115188075856023 144115188075857084 2060 1 864691128455135328  .  mno_improve_not_enough_gold  3 2149 2 1224979098644774912 360287970189639680 2147483678 2 1224979098644774912 144115188075857082 2061 0  I_don't_have_enough_money_for_that.  0  .  mno_forget_it  0  Forget_it.  1 2060 1 864691128455135328  . 
menu_town_bandits_failed 512 {s4}_{s5} none 16 2149 2 1224979098644774912 360287970189639680 2123 3 1224979098644774913 1224979098644774912 30 2136 3 1224979098644774914 40 100 2105 2 1224979098644774913 1224979098644774914 2110 2 1224979098644774913 1224979098644774912 1529 2 360287970189639680 1224979098644774913 501 3 144115188075856213 155 0 1601 2 1224979098644774915 648518346341351424 2320 2 4 1585267068834416311 2320 2 4 1585267068834416312 4 0 32 2 1224979098644774915 2 2320 2 5 1585267068834416313 5 0 2320 2 5 1585267068834416314 3 0 1
 mno_continue  0  Continue...  2 2040 0 1 3 936748722493063458 360287970189639680 -2  . 
menu_town_bandits_succeeded 512 The_{s4}_fall_before_you_as_wheat_to_a_scythe!_Soon_you_stand_alone_in_the_streets_while_{reg4?most_of_your_attackers:_the_bandit}_lie_unconscious,_dead_or_dying._Searching_the_{reg4?bodies:body},_you_find_a_purse_which_must_have_belonged_to_a_previous_victim_of_{reg4?these_brute:this_lowlife}._Or_perhaps,_it_was_{reg4?given_to_them:provided}_by_someone_who_wanted_to_arrange_a_suitable_ending_to_your_life. none 20 521 3 1224979098644774912 144115188075856213 155 2133 2 144115188075856221 144115188075856273 4 0 200 1 504403158265495587 2147483850 1 504403158265495587 546 3 504403158265495587 1 144115188075856273 1 2 936748722493063579 504403158265495587 3 0 1 2 936748722493063189 1224979098644774912 2122 3 1224979098644774913 144115188075856847 72057594037927936 4 0 152 1 1224979098644774912 2108 2 1224979098644774913 2 3 0 1062 2 1224979098644774913 360287970189639680 1 2 936748722493063191 1224979098644774912 2122 3 1224979098644774914 144115188075856847 72057594037927936 1 3 936748722493063643 360287970189639680 1224979098644774914 2324 3 4 1224979098644774912 144115188075856847 2121 3 72057594037927940 144115188075856847 1 1
 mno_continue  0  Continue...  2 501 3 144115188075856213 155 0 2040 0  . 
menu_village_steal_cattle_confirm 0 As_the_party_member_with_the_highest_looting_skill_({reg2}),_{reg3?you_reckon:{s1}_reckons}_that_you_can_steal_as_many_as_{reg4}_heads_of_village's_cattle. none 12 1 2 936748722493063625 1369094286720630806 2133 2 72057594037927938 72057594037927936 2133 2 1224979098644774912 72057594037927937 4 0 31 2 1224979098644774912 360287970189639680 2133 2 72057594037927939 1 5 0 2133 2 72057594037927939 0 2322 2 1 1224979098644774912 3 0 1 2 936748722493063672 144115188075856213 2133 2 72057594037927940 72057594037927936 2
 mno_village_steal_cattle_confirm  0  Go_on.  3 1031 3 3 5 1 2133 2 144115188075856062 864691128455135333 2040 0  .  mno_forget_it  0  Forget_it.  1 2040 0  . 
menu_village_steal_cattle 512 {s1} none 38 1 2 936748722493063672 144115188075856213 2133 2 1224979098644774912 72057594037927936 2105 2 1224979098644774912 1 2136 3 1224979098644774913 0 1224979098644774912 501 3 144115188075856213 46 1 521 3 1224979098644774914 144115188075856213 7 4 0 2147483680 2 1224979098644774913 0 1 3 936748722493063460 144115188075856213 -3 2320 2 1 1585267068834416315 5 0 2133 2 72057594037927953 1224979098644774913 2121 3 72057594037927948 1224979098644774913 1 4 0 32 2 1224979098644774914 0 1 3 936748722493063459 1224979098644774914 -3 1 6 936748722493063683 66 360287970189639680 144115188075856213 1224979098644774914 144115188075856787 3 0 1 3 936748722493063460 144115188075856213 -5 2320 2 1 1585267068834416316 4 0 31 2 1224979098644774913 3 372 1 31 3 0 1 3 936748722493063429 144115188075856213 1224979098644774913 521 3 1224979098644774915 144115188075856213 205 2106 2 1224979098644774915 1224979098644774913 501 3 144115188075856213 205 1224979098644774915 4 0 1 2 936748722493063625 1369094286720630806 2147483679 2 72057594037927937 360287970189639680 1 3 936748722493063458 72057594037927937 1 3 0 4 0 33 3 144115188075856287 432345564227567630 432345564227567635 1 4 936748722493063706 144115188075856287 144115188075856787 1 3 0 3 0 1
 mno_continue  0  Continue...  1 2040 0  . 
menu_village_take_food_confirm 0 It_will_be_difficult_to_force_and_threaten_the_peasants_into_giving_their_precious_supplies._You_think_you_will_need_at_least_one_hour. none 0 2
 mno_village_take_food_confirm  0  Go_ahead.  5 1031 3 1 5 0 2133 2 144115188075856088 144115188075856213 2133 2 144115188075856220 1 2133 2 144115188075856239 864691128455135335 2040 0  .  mno_forget_it  0  Forget_it.  1 2060 1 864691128455135322  . 
menu_village_take_food 0 The_villagers_grudgingly_bring_out_what_they_have_for_you. none 10 1 2 936748722493063371 648518346341351424 2133 2 1224979098644774912 72057594037927936 1 2 936748722493063371 144115188075856213 2133 2 1224979098644774913 72057594037927936 4 0 2147483678 2 1224979098644774912 6 30 2 1224979098644774913 40 2147484189 3 144115188075856213 7 360287970189639680 2060 1 864691128455135336 3 0 2
 mno_take_supplies  0  Take_the_supplies.  42 4 0 561 3 144115188075856213 26 -55 4 0 541 3 144115188075856213 7 360287970189639680 1 3 936748722493063460 144115188075856213 -1 5 0 1 3 936748722493063460 144115188075856213 -3 3 0 3 0 521 3 1224979098644774912 144115188075856213 7 4 0 32 2 1224979098644774912 1 4 0 31 2 144115188075857183 12 1 3 936748722493063459 1224979098644774912 -5 5 0 1 3 936748722493063459 1224979098644774912 -1 3 0 3 0 521 3 1224979098644774913 144115188075856213 25 1685 3 1224979098644774914 648518346341351424 1369094286720630806 2107 2 1224979098644774914 3 2121 3 1224979098644774915 70 1224979098644774914 6 3 1224979098644774916 10 106 2136 3 1224979098644774917 0 100 2147483678 2 1224979098644774917 1224979098644774915 1543 3 1224979098644774913 1224979098644774916 -1 3 0 1 3 936748722493063645 3 216172782113784221 1 6 936748722493063683 2 360287970189639680 144115188075856213 -1 -1 2204 2 1224979098644774918 144115188075856213 4 0 33 3 144115188075856287 432345564227567630 432345564227567635 1 4 936748722493063706 144115188075856287 1224979098644774918 2 3 0 4 0 31 2 144115188075857183 21 1 2 936748722493064146 3 3 0 2060 1 864691128455135321 1511 1 1224979098644774913 2041 1 1224979098644774913  .  mno_let_them_keep_it  0  Let_them_keep_it.  1 2060 1 864691128455135321  . 
menu_village_start_attack 4608 Some_of_the_angry_villagers_grab_their_tools_and_prepare_to_resist_you._It_looks_like_you'll_have_a_fight_on_your_hands_if_you_continue.{s1} none 43 2031 1 1441151880758558768 1 2 936748722493063371 648518346341351424 2133 2 1224979098644774912 72057594037927936 1 2 936748722493063371 144115188075856213 2133 2 1224979098644774913 72057594037927936 4 0 2147483679 2 144115188075856168 -1 3221225504 2 1224979098644774913 30 32 2 1224979098644774912 1224979098644774913 2060 1 864691128455135337 5 0 1073741855 2 1224979098644774913 0 31 2 144115188075856168 1 4 0 31 2 144115188075856168 1 2136 3 1224979098644774914 -30 -15 1 3 936748722493063460 144115188075856213 1224979098644774914 521 3 1224979098644774915 144115188075856213 7 32 2 1224979098644774915 0 1 3 936748722493063459 1224979098644774915 -3 3 0 2060 1 864691128455135337 5 0 31 2 144115188075856168 -1 4 0 200 1 504403158265495558 546 3 504403158265495558 1 144115188075856213 2147483850 1 504403158265495558 2060 1 864691128455135324 5 0 2060 1 864691128455135340 3 0 3 0 4 0 200 1 504403158265495558 546 3 504403158265495558 1 144115188075856213 2147483850 1 504403158265495558 526 3 1224979098644774916 504403158265495558 13 1 2 936748722493063638 1224979098644774916 2320 2 1 1585267068834416317 5 0 2319 1 1 3 0 2
 mno_village_raid_attack  0  Charge_them.  27 2136 3 1224979098644774912 -10 -5 1 3 936748722493063460 144115188075856213 1224979098644774912 4 0 521 3 1224979098644774913 144115188075856213 7 32 2 1224979098644774913 0 1 3 936748722493063459 1224979098644774913 -3 3 0 4 0 200 1 504403158265495558 546 3 504403158265495558 1 144115188075856213 2147483850 1 504403158265495558 2147483851 1 504403158265495558 506 3 504403158265495558 11 1 1610 3 144115188075856213 360287970189641345 1 3 0 1 1 936748722493063405 1691 1 72057594037927936 1020 0 2133 2 144115188075856168 0 2133 2 144115188075856195 1 1911 1 792633534417207307 521 3 1224979098644774914 144115188075856213 10 1910 1 1224979098644774914 2133 2 144115188075856193 864691128455135336 1 3 936748722493063471 648518346341351424 144115188075856273 2060 1 864691128455135276 2048 0  .  mno_village_raid_leave  0  Leave_this_village_alone.  7 2040 0 4 0 200 1 504403158265495558 546 3 504403158265495558 1 144115188075856213 2147483852 1 504403158265495558 1 2 936748722493063580 504403158265495558 3 0  . 
menu_village_loot_no_resist 0 The_villagers_here_are_few_and_frightened,_and_they_quickly_scatter_and_run_before_you._The_village_is_at_your_mercy. none 4 4 0 31 2 144115188075856239 864691128455135335 2060 1 144115188075856239 3 0 3
 mno_village_loot  0  Plunder_the_village,_then_raze_it.  12 1 3 936748722493063440 144115188075856213 1 501 3 144115188075856213 34 648518346341351424 2133 2 144115188075856240 144115188075856213 4 0 2204 2 1224979098644774912 144115188075856213 2190 3 1224979098644774913 144115188075856287 1224979098644774912 30 2 1224979098644774913 0 1 3 936748722493063471 648518346341351424 144115188075856213 3 0 1030 3 3 5 1 501 3 144115188075856213 240 1 2040 0  .  mno_village_enslave  3 1601 2 1224979098644774912 144115188075856213 32 2 1224979098644774912 0 106 1 1  Chase_after_the_remaining_villagers_and_enslave_them.  14 1 3 936748722493063440 144115188075856213 1 501 3 144115188075856213 34 648518346341351424 2133 2 144115188075856240 144115188075856213 4 0 2204 2 1224979098644774912 144115188075856213 2190 3 1224979098644774913 144115188075856287 1224979098644774912 30 2 1224979098644774913 0 1 3 936748722493063471 648518346341351424 144115188075856213 3 0 1675 2 144115188075856213 576460752303423492 1030 3 3 5 1 501 3 144115188075856213 240 2 2133 2 144115188075856242 0 2040 0  .  mno_village_raid_leave  0  Leave_this_village_alone.  1 2040 0  . 
menu_village_loot_complete 512 On_your_orders_your_troops_sack_the_village,_pillaging_everything_of_any_value,_and_then_put_the_buildings_to_the_torch._From_the_coins_and_valuables_that_are_found,_you_get_your_share_of_{reg1}_crowns. none 62 370 3 1224979098644774912 30 0 370 3 1224979098644774913 30 1 2105 2 1224979098644774912 1 371 3 30 0 1224979098644774912 4 0 30 2 1224979098644774912 3 30 2 1224979098644774913 3 372 1 30 3 0 521 3 1224979098644774914 144115188075856213 7 4 0 32 2 1224979098644774914 0 4 0 31 2 144115188075857183 12 1 3 936748722493063459 1224979098644774914 -10 5 0 1 3 936748722493063459 1224979098644774914 -5 3 0 3 0 2136 3 1224979098644774915 -35 -25 1 3 936748722493063460 144115188075856213 1224979098644774915 2204 2 1224979098644774916 144115188075856213 2190 3 1224979098644774917 1224979098644774916 432345564227567630 4 0 2147483678 2 1224979098644774917 0 1 3 936748722493063461 1224979098644774916 -3 3 0 2133 2 1224979098644774918 50 521 3 1224979098644774919 144115188075856213 25 4 0 32 2 1224979098644774919 0 2149 2 1224979098644774918 1224979098644774919 1529 2 1224979098644774919 1224979098644774918 2108 2 1224979098644774918 2 3 0 4 0 30 2 144115188075857109 1 1 2 936748722493063625 1369094286720630806 2107 2 72057594037927936 15 4 0 31 2 72057594037927937 360287970189639680 2105 2 1224979098644774918 50 3 0 2105 2 1224979098644774918 72057594037927936 3 0 2111 2 1224979098644774918 50 521 3 1224979098644774920 144115188075856213 50 2122 3 1224979098644774921 1224979098644774920 5 2105 2 1224979098644774918 1224979098644774921 1 3 936748722493063643 360287970189639680 1224979098644774918 2133 2 1224979098644774922 3 2123 3 1224979098644774923 1224979098644774918 100 2105 2 1224979098644774922 1224979098644774923 1 2 936748722493063467 1224979098644774922 2122 3 1224979098644774924 1224979098644774922 -200 1 4 936748722493063914 1224979098644774916 1224979098644774924 1 1 3 936748722493063645 3 216172782113784220 4 0 31 2 144115188075857183 21 1 2 936748722493064146 2 3 0 2133 2 72057594037927937 1224979098644774918 1
 mno_continue  0  Continue...  72 2060 1 864691128455135342 1 2 936748722493063672 144115188075856213 2133 2 1224979098644774912 72057594037927936 2107 2 1224979098644774912 3 2108 2 1224979098644774912 2 521 3 1224979098644774913 144115188075856213 205 2110 2 1224979098644774912 1224979098644774913 2105 2 1224979098644774912 1 2136 3 1224979098644774914 0 1224979098644774912 4 0 32 2 1224979098644774914 0 1 3 936748722493063429 144115188075856213 1224979098644774914 2106 2 1224979098644774913 1224979098644774914 501 3 144115188075856213 205 1224979098644774913 3 0 1532 1 360287970189639683 521 3 1224979098644774915 144115188075856213 120 2133 2 1224979098644774916 250 1492 1 100 2133 2 1224979098644774917 0 6 3 1224979098644774918 288230376151711843 288230376151711877 521 3 1224979098644774919 1224979098644774915 1224979098644774916 1 3 936748722493063329 1224979098644774915 1224979098644774918 2133 2 1224979098644774920 72057594037927936 4 0 31 2 1224979098644774920 0 1 4 936748722493063329 144115188075856213 1224979098644774918 2 2133 2 1224979098644774920 72057594037927936 3 0 1 3 936748722493063330 1224979098644774915 1224979098644774918 2108 2 72057594037927936 3 2105 2 1224979098644774920 72057594037927936 2107 2 1224979098644774920 4000 4 0 2147483680 2 1224979098644774919 0 521 3 1224979098644774919 144115188075856213 1224979098644774916 3 0 2108 2 1224979098644774920 1224979098644774919 2105 2 1224979098644774916 1 507 3 1224979098644774918 7 1224979098644774920 3 0 6 3 1224979098644774918 288230376151711843 288230376151711877 527 3 1224979098644774920 1224979098644774918 7 2107 2 1224979098644774920 40 4 0 32 2 1224979098644774917 0 2107 2 1224979098644774920 100 2108 2 1224979098644774920 1224979098644774917 3 0 1493 2 1224979098644774918 1224979098644774920 3 0 2133 2 144115188075856243 0 2133 2 1224979098644774921 30 4 0 30 2 144115188075857109 1 521 3 1224979098644774922 144115188075856213 50 2108 2 1224979098644774922 5 2136 3 1224979098644774922 -5 1224979098644774922 266 1 1224979098644774923 2105 2 1224979098644774921 1224979098644774922 1 2 936748722493063625 1369094286720630806 266 1 1224979098644774923 2107 2 1224979098644774923 3 2105 2 1224979098644774923 72057594037927936 2108 2 1224979098644774923 2 2106 2 1224979098644774923 5 2105 2 1224979098644774921 1224979098644774923 3 0 2112 3 1224979098644774921 20 40 1512 3 360287970189639683 11 1224979098644774921 1511 1 360287970189639683 2041 1 360287970189639683  . 
menu_village_enslave_complete 512 On_your_orders_your_troops_rampage_through_the_village,_dragging_peasants_from_their_hovels_and_stripping_them_of_all_possessions._In_the_span_of_a_few_hours_you've_rounded_up_{reg1}_prisoners,_leaving_the_infirm_and_the_younglings_behind._As_you_march_the_trussed-up_villagers_away_from_the_cooling_ember_of_their_broken_hearths,_you_hear_a_distant_howl... none 24 370 3 1224979098644774912 30 0 370 3 1224979098644774913 30 1 2105 2 1224979098644774912 1 371 3 30 0 1224979098644774912 4 0 30 2 1224979098644774912 3 30 2 1224979098644774913 3 372 1 30 3 0 2031 1 1441151880758558725 1 3 936748722493063645 3 216172782113784223 2136 3 1224979098644774914 -35 -25 1 3 936748722493063460 144115188075856213 1224979098644774914 1678 2 144115188075856213 1008806316530991160 2204 2 1224979098644774915 144115188075856213 2190 3 1224979098644774916 1224979098644774915 432345564227567630 4 0 2147483678 2 1224979098644774916 0 1 3 936748722493063461 1224979098644774915 -2 3 0 2122 3 1224979098644774917 144115188075856242 -75 2111 3 1224979098644774917 144115188075856242 -2000 1 4 936748722493063914 1224979098644774915 1224979098644774917 1 2133 2 72057594037927937 144115188075856242 1
 mno_continue  0  Continue...  3 2133 2 144115188075856081 1 2133 2 144115188075856243 0 2060 1 864691128455135321  . 
menu_village_loot_defeat 4096 Fighting_with_courage_and_determination,_the_villagers_manage_to_hold_together_and_drive_off_your_forces. none 1 2031 1 1441151880758558768 1
 mno_continue  0  Continue...  2 2040 0 1 3 936748722493063458 360287970189639680 -3  . 
menu_village_loot_continue 0 Do_you_wish_to_continue_looting_this_village? none 1 2031 1 1441151880758558742 2
 mno_loot_yes  0  Yes.  3 1030 3 3 5 1 1 3 936748722493063471 648518346341351424 144115188075856213 2040 0  .  mno_loot_no  0  No.  6 1 3 936748722493063440 144115188075856213 0 501 3 144115188075856213 34 -1 2133 2 144115188075856240 0 2133 2 144115188075856195 0 501 3 144115188075856213 240 0 2040 0  . 
menu_close 0 Nothing. none 1 2040 0 0

menu_town 4352 {s10}_{s14}^{s11}{s12}{s13} none 284 4 0 31 2 144115188075857328 1 2052 0 900 1 1513209474796486721 3 0 4 0 31 2 144115188075857328 2 2133 2 144115188075857328 0 2133 2 144115188075856216 1 1 2 936748722493063487 144115188075856213 2049 1 144115188075856021 3 0 4 0 32 2 144115188075856215 0 1 2 936748722493063691 16384 5 0 1 2 936748722493063691 65536 3 0 2202 1 144115188075856213 1 2 936748722493063607 144115188075856213 2133 2 144115188075856236 0 2319 1 3 1680 2 1224979098644774912 144115188075856213 2204 2 1224979098644774913 144115188075856273 2190 3 1224979098644774914 1224979098644774913 432345564227567630 4 0 32 2 1224979098644774912 0 30 2 1224979098644774914 0 2204 2 1224979098644774915 1224979098644774912 2190 3 1224979098644774916 1224979098644774915 432345564227567630 2147483678 2 1224979098644774916 0 2133 2 144115188075856236 1 2133 2 144115188075856234 1 2060 1 864691128455135318 3 0 4 0 33 3 144115188075856273 648518346341351445 648518346341351519 2121 3 1224979098644774917 144115188075856273 648518346341351445 371 3 26 1224979098644774917 1 2133 2 1224979098644774918 0 6 3 1224979098644774919 648518346341351445 648518346341351519 2121 3 1224979098644774917 1224979098644774919 648518346341351445 370 3 1224979098644774920 26 1224979098644774917 31 2 1224979098644774920 0 2133 2 1224979098644774918 1 3 0 4 0 31 2 1224979098644774918 0 372 1 26 3 0 3 0 2133 2 144115188075856237 0 4 0 32 2 144115188075856248 0 2060 1 144115188075856248 2133 2 144115188075856248 0 3 0 4 0 31 2 144115188075856249 144115188075856213 2133 2 144115188075856249 0 2060 1 864691128455135354 3 0 2133 2 144115188075856110 0 2133 2 144115188075856212 0 4 0 31 2 144115188075856220 1 2133 2 144115188075856220 0 2133 2 144115188075856216 1 3 0 4 0 31 2 144115188075856081 1 2133 2 144115188075856081 0 2133 2 144115188075856111 0 1301 0 2040 0 3 0 2330 2 2 144115188075856213 521 3 1224979098644774921 144115188075856213 7 2204 2 1224979098644774922 144115188075856213 2335 2 9 1224979098644774922 4 0 30 2 1224979098644774921 0 2322 2 8 1224979098644774921 2320 2 7 1585267068834416265 3 0 4 0 541 3 144115188075856213 0 3 2320 2 60 2 521 3 1224979098644774923 144115188075856213 50 4 0 30 2 144115188075856163 1 2133 2 72057594037927940 1224979098644774923 1106 1 1585267068834416318 3 0 2123 3 1224979098644774924 1224979098644774923 10 2110 2 1224979098644774924 9 2105 2 1224979098644774924 216172782113784048 2320 2 10 1224979098644774924 2123 3 1224979098644774924 1224979098644774923 20 2110 2 1224979098644774924 4 2105 2 1224979098644774924 216172782113784070 2320 2 14 1224979098644774924 5 0 2319 1 14 2320 2 10 1585267068834416319 3 0 2133 2 1224979098644774925 72057594037927936 2133 2 1224979098644774926 72057594037927940 2133 2 72057594037927936 0 2133 2 72057594037927940 0 4 0 2147483678 2 1224979098644774921 1 5 0 1 3 936748722493063518 1224979098644774921 360287970189639680 30 2 72057594037927936 1 5 0 31 2 1224979098644774922 144115188075856287 33 3 1224979098644774922 432345564227567630 432345564227567635 542 3 1224979098644774922 11 1224979098644774921 2320 2 11 1585267068834416266 2133 2 72057594037927936 1 5 0 31 2 1224979098644774922 144115188075856853 33 3 1224979098644774922 432345564227567631 432345564227567635 542 3 1224979098644774922 11 1224979098644774921 2320 2 11 1585267068834416267 2133 2 72057594037927936 1 5 0 3221226979 1 1224979098644774921 540 3 1224979098644774921 5 0 5 0 1 2 936748722493063814 1224979098644774921 30 2 72057594037927936 1 4 0 30 2 144115188075856788 0 2320 2 11 216172782113787166 5 0 2320 2 11 1585267068834416268 3 0 5 0 1 2 936748722493063457 1224979098644774921 33 3 1224979098644774921 360287970189639979 360287970189639995 2147484188 3 1224979098644774921 82 8 4 0 30 2 144115188075856788 0 30 2 72057594037927936 50 2320 2 11 216172782113787166 5 0 30 2 144115188075856788 0 30 2 72057594037927936 20 2320 2 11 216172782113787165 5 0 2320 2 11 1585267068834416269 3 0 2133 2 72057594037927936 1 5 0 2147483678 2 144115188075856788 0 2133 2 72057594037927936 0 5 0 2108 2 72057594037927936 50 30 2 72057594037927936 1 2320 2 11 216172782113787165 5 0 31 2 1224979098644774922 144115188075856287 542 3 1224979098644774922 8 1224979098644774921 2320 2 11 1585267068834416270 5 0 1 3 936748722493063852 360287970189639680 1224979098644774922 2105 2 72057594037927936 1 2106 2 72057594037927936 50 30 2 72057594037927936 1 2320 2 11 1585267068834416271 5 0 2133 2 72057594037927936 0 3 0 4 0 541 3 144115188075856213 0 2 4 0 31 2 1224979098644774921 360287970189639680 2320 2 11 1585267068834416272 5 0 30 2 72057594037927936 1 2320 2 11 1585267068834416273 5 0 32 2 1224979098644774921 -1 540 3 1224979098644774921 30 360287970189639680 2320 2 11 216172782113786326 5 0 30 2 1224979098644774921 0 2320 2 11 1585267068834416274 5 0 2320 2 11 1585267068834416761 3 0 5 0 4 0 31 2 1224979098644774921 360287970189639680 2320 2 11 1585267068834416275 5 0 30 2 72057594037927936 1 2320 2 11 1585267068834416321 5 0 32 2 1224979098644774921 -1 540 3 1224979098644774921 30 360287970189639680 2320 2 11 216172782113786327 5 0 30 2 1224979098644774921 0 2320 2 11 1585267068834416277 5 0 2320 2 11 1585267068834416322 3 0 3 0 2133 2 72057594037927936 1224979098644774925 2133 2 72057594037927940 1224979098644774926 2319 1 12 4 0 541 3 144115188075856213 0 3 521 3 1224979098644774927 144115188075856213 26 1 2 936748722493063532 1224979098644774927 2133 2 72057594037927945 1224979098644774927 2320 2 12 1585267068834416299 3 0 2319 1 13 4 0 32 2 144115188075856214 0 2320 2 13 1585267068834416323 5 0 542 3 1224979098644774922 4 6 542 3 1224979098644774922 5 144115188075856213 2320 2 13 216172782113786328 5 0 520 3 1224979098644774928 360287970189639680 30 4 0 2147483678 2 1224979098644774928 0 2133 2 1224979098644774928 0 5 0 2147484188 3 1224979098644774928 2 6 2147484188 3 1224979098644774928 12 144115188075856213 2133 2 1224979098644774928 0 3 0 4 0 31 2 144115188075856285 144115188075856213 2133 2 72057594037927936 1224979098644774928 2117 3 72057594037927937 144115188075856576 2 2322 2 0 1224979098644774928 2320 2 13 1585267068834416324 5 0 2147483679 2 144115188075856285 144115188075856213 32 2 1224979098644774928 0 540 3 1224979098644774928 12 144115188075856213 2320 2 13 1585267068834416325 3 0 3 0 4 0 2271 1 72057594037927948 30 2 72057594037927948 5 2147483678 2 72057594037927948 21 2133 2 144115188075856244 0 5 0 2133 2 144115188075856244 1 541 3 144115188075856213 0 3 2320 2 13 216172782113783941 3 0 4 0 561 3 144115188075856213 156 1 2147485921 0 501 3 144115188075856213 156 1 2320 2 13 1585267068834416326 3 0 2133 2 144115188075856219 0 1601 2 1224979098644774929 648518346341351439 4 0 31 2 1224979098644774929 0 2133 2 144115188075856219 1 3 0 1 1 936748722493063566 4 0 521 3 1224979098644774921 144115188075856213 7 30 2 1224979098644774921 0 2124 1 100 729 2 0 70 730 2 0 5 731 2 0 75 2032 3 1729382256910270490 1224979098644774921 0 3 0 26
 mno_castle_castle  16 541 3 144115188075856213 0 2 31 2 144115188075856215 0 2319 1 1 4 0 2204 2 1224979098644774912 144115188075856213 542 3 1224979098644774912 4 6 542 3 1224979098644774912 5 144115188075856213 2320 2 1 216172782113786329 3 0 4 0 521 3 1224979098644774913 144115188075856213 7 2147483678 2 1224979098644774913 0 2133 2 72057594037927940 0 5 0 1 3 936748722493063830 1224979098644774913 4 3 0  Go_to_the_{reg4?Lady:Lord}'s_hall{s1}.  20 4 0 1073741855 2 144115188075856212 1 32 2 144115188075856215 0 1106 2 216172782113783942 16755370 5 0 3221225503 2 144115188075856287 144115188075856787 2147484208 3 360287970189639680 7 50 2147484208 3 360287970189639680 7 125 2147483679 2 144115188075856177 144115188075856213 542 3 144115188075856787 4 6 542 3 144115188075856787 5 144115188075856273 2147483848 1 504403158265495595 2147483848 1 504403158265495596 2147484208 3 360287970189639680 30 360287970189639979 2060 1 864691128455135346 5 0 2133 2 144115188075856216 1 1 2 936748722493063487 144115188075856213 501 3 144115188075856213 248 0 3 0  Door_to_the_castle.  mno_join_tournament  3 2147485921 0 561 3 144115188075856213 156 1 31 2 144115188075856214 0  Join_the_tournament.  19 266 1 1224979098644774912 4 0 31 2 1224979098644774912 0 2133 2 1224979098644774913 160 5 0 31 2 1224979098644774912 1 2133 2 1224979098644774913 120 5 0 2133 2 1224979098644774913 80 3 0 4 0 1073741855 2 144115188075857183 3 1073741855 2 144115188075857333 0 560 3 360287970189639680 7 1224979098644774913 1 2 936748722493063219 144115188075856213 2060 1 864691128455135366 5 0 1106 2 216172782113788159 16732240 3 0  .  mno_town_castle  9 541 3 144115188075856213 0 3 31 2 144115188075856214 0 2319 1 1 4 0 2204 2 1224979098644774912 144115188075856213 542 3 1224979098644774912 4 6 542 3 1224979098644774912 5 144115188075856213 2320 2 1 216172782113786329 3 0  Go_to_the_castle{s1}.  20 4 0 1073741855 2 144115188075856212 1 32 2 144115188075856215 0 1106 2 216172782113783942 16755370 5 0 3221225503 2 144115188075856287 144115188075856787 2147484208 3 360287970189639680 7 50 2147484208 3 360287970189639680 7 125 2147483679 2 144115188075856177 144115188075856213 542 3 144115188075856787 4 6 542 3 144115188075856787 5 144115188075856273 2147483848 1 504403158265495595 2147483848 1 504403158265495596 2147484208 3 360287970189639680 30 360287970189639979 2060 1 864691128455135346 5 0 2133 2 144115188075856216 1 1 2 936748722493063487 144115188075856213 501 3 144115188075856213 248 0 3 0  Door_to_the_castle.  mno_town_center  3 541 3 144115188075856213 0 3 1073741855 2 144115188075856214 0 32 2 144115188075856215 0  Take_a_walk_around_the_streets.  166 4 0 31 2 144115188075856110 18 2133 2 144115188075856110 19 2133 2 144115188075856156 3 2204 2 1224979098644774912 144115188075856213 4 0 2147483681 3 1224979098644774912 432345564227567631 432345564227567635 521 3 1224979098644774912 144115188075856213 61 3 0 522 3 1224979098644774913 1224979098644774912 43 522 3 1224979098644774914 1224979098644774912 43 522 3 1224979098644774915 1224979098644774912 44 521 3 1224979098644774916 144115188075856213 10 1261 1 1224979098644774916 1262 0 4 0 521 3 1224979098644774917 144115188075856213 240 2270 1 1224979098644774918 2120 3 1224979098644774919 1224979098644774917 4 2147483681 3 1224979098644774918 1224979098644774917 1224979098644774919 2271 1 1224979098644774920 4 0 30 2 1224979098644774920 6 2147483678 2 1224979098644774920 22 1264 3 25 1224979098644774913 2 1264 3 26 1224979098644774913 1 1264 3 27 1224979098644774914 2 1264 3 28 1224979098644774915 1 5 0 1264 3 25 1224979098644774913 1 1264 3 26 1224979098644774913 1 1264 3 27 1224979098644774914 1 1264 3 28 1224979098644774915 1 3 0 5 0 2271 1 1224979098644774920 4 0 30 2 1224979098644774920 6 2147483678 2 1224979098644774920 22 1264 3 25 1224979098644774913 1 1264 3 26 1224979098644774913 0 1264 3 27 1224979098644774914 1 1264 3 28 1224979098644774915 0 5 0 1264 3 25 1224979098644774913 1 1264 3 26 1224979098644774913 0 1264 3 27 1224979098644774914 0 1264 3 28 1224979098644774915 0 3 0 3 0 1911 1 792633534417207298 4 0 32 2 144115188075856215 0 2133 2 1224979098644774921 511 31 2 144115188075857182 1 6 3 1224979098644774922 0 8 1940 3 792633534417207298 1224979098644774922 1224979098644774921 1 4 936748722493063923 792633534417207298 1224979098644774922 1 3 0 3 0 1910 1 1224979098644774916 2048 0 5 0 2133 2 144115188075856110 0 1 1 936748722493063540 5 0 521 3 1224979098644774916 144115188075856213 10 1261 1 1224979098644774916 1262 0 2133 2 144115188075856156 0 2133 2 1224979098644774912 144115188075856787 2133 2 1224979098644774923 -1 2133 2 1224979098644774924 -1 2133 2 1224979098644774913 -1 2133 2 1224979098644774914 -1 4 0 31 2 1224979098644774912 432345564227567630 33 3 144115188075857083 432345564227567631 432345564227567635 2133 2 1224979098644774912 144115188075857083 5 0 541 3 144115188075856213 7 360287970189639680 31 2 144115188075857083 0 522 3 1224979098644774923 1224979098644774912 51 522 3 1224979098644774924 1224979098644774912 52 5 0 2147483681 3 1224979098644774912 432345564227567631 432345564227567635 2147483681 3 1224979098644774912 432345564227567623 432345564227567629 521 3 1224979098644774912 144115188075856213 61 3 0 4 0 2147483680 2 1224979098644774923 0 522 3 1224979098644774923 1224979098644774912 51 3 0 4 0 2147483680 2 1224979098644774924 0 522 3 1224979098644774924 1224979098644774912 52 3 0 4 0 2147483680 2 1224979098644774913 0 522 3 1224979098644774913 1224979098644774912 42 3 0 4 0 2147483680 2 1224979098644774914 0 522 3 1224979098644774914 1224979098644774912 43 3 0 4 0 521 3 1224979098644774917 144115188075856213 240 2270 1 1224979098644774918 2120 3 1224979098644774919 1224979098644774917 4 2147483681 3 1224979098644774918 1224979098644774917 1224979098644774919 1263 2 23 1224979098644774924 3 0 1263 2 24 1224979098644774923 4 0 32 2 1224979098644774913 0 2133 2 72057594037927936 1224979098644774914 2133 2 72057594037927937 1224979098644774914 2133 2 72057594037927938 1224979098644774913 2133 2 72057594037927939 1224979098644774913 5 0 2133 2 72057594037927936 360287970189639787 2133 2 72057594037927937 360287970189639787 2133 2 72057594037927938 360287970189639791 2133 2 72057594037927939 360287970189639786 3 0 2134 2 0 4 4 0 521 3 1224979098644774917 144115188075856213 240 2270 1 1224979098644774918 2120 3 1224979098644774919 1224979098644774917 4 2147483681 3 1224979098644774918 1224979098644774917 1224979098644774919 1263 2 25 72057594037927936 1263 2 26 72057594037927937 1263 2 27 72057594037927938 1263 2 28 72057594037927939 3 0 521 3 1224979098644774925 144115188075856213 22 1263 2 9 1224979098644774925 521 3 1224979098644774925 144115188075856213 21 1263 2 10 1224979098644774925 521 3 1224979098644774925 144115188075856213 25 1263 2 11 1224979098644774925 521 3 1224979098644774925 144115188075856213 24 1263 2 12 1224979098644774925 1 1 936748722493063538 1911 1 792633534417207298 4 0 31 2 144115188075856216 0 2133 2 144115188075856216 1 31 2 144115188075856244 0 1912 1 1 2133 2 1224979098644774921 0 5 0 2133 2 1224979098644774921 256 3 0 4 0 32 2 144115188075856215 0 2133 2 1224979098644774921 511 3 0 6 3 1224979098644774922 0 8 1940 3 792633534417207298 1224979098644774922 1224979098644774921 1 4 936748722493063923 792633534417207298 1224979098644774922 1 3 0 1910 1 1224979098644774916 2048 0 3 0  Door_to_the_town_center.  mno_town_tavern  3 541 3 144115188075856213 0 3 1073741855 2 144115188075856214 0 32 2 144115188075856215 0  Visit_the_tavern.  219 4 0 31 2 144115188075856212 1 1106 2 216172782113783942 16755370 5 0 1 1 936748722493063540 5 0 2133 2 144115188075856216 1 1911 1 792633534417207296 1940 3 792633534417207296 0 256 4 0 32 2 144115188075856215 0 1940 3 792633534417207296 0 511 1 4 936748722493063923 792633534417207296 0 1 3 0 521 3 1224979098644774912 144115188075856213 13 1910 1 1224979098644774912 503 3 1224979098644774912 0 1 2133 2 144115188075856110 14 1 1 936748722493063766 2136 3 1224979098644774913 0 4 1261 1 1224979098644774912 1262 0 2133 2 1224979098644774914 17 4 0 31 2 144115188075856163 1 520 3 1224979098644774915 360287970189641346 12 4 0 31 2 144115188075856163 0 5 0 33 3 1224979098644774915 648518346341351445 648518346341351873 2330 2 4 1224979098644774915 1106 1 216172782113786330 5 0 1106 1 216172782113786331 3 0 3 0 4 0 2270 1 1224979098644774916 2121 3 1224979098644774917 1224979098644774916 144115188075856257 32 2 1224979098644774917 168 6 3 1224979098644774918 360287970189639979 360287970189640294 1073741857 3 1224979098644774918 360287970189639979 360287970189640147 540 3 1224979098644774918 2 2 2147484208 3 1224979098644774918 2 11 1073742364 3 1224979098644774918 52 24 1073742364 3 1224979098644774918 52 8 540 3 1224979098644774918 52 5 520 3 1224979098644774919 1224979098644774918 10 132 1 1224979098644774919 1694 2 1224979098644774920 1224979098644774919 31 2 1224979098644774920 144115188075856273 1 3 936748722493063710 360287970189639680 1224979098644774918 2147483678 2 72057594037927936 -20 2133 2 144115188075856257 1224979098644774916 500 3 360287970189641347 12 144115188075856273 3 0 2147483678 2 144115188075856257 1224979098644774916 2147484188 3 360287970189641347 12 144115188075856273 6 3 1224979098644774921 360287970189640147 360287970189640294 540 3 1224979098644774921 12 144115188075856273 540 3 1224979098644774921 52 24 540 3 1224979098644774921 2 6 1 2 936748722493063457 1224979098644774921 2147483678 2 72057594037927936 1 4 0 30 2 72057594037927936 -20 560 3 1224979098644774921 30 1 520 3 72057594037927936 1224979098644774921 30 1 2 936748722493063457 72057594037927936 3 0 2147483678 2 72057594037927936 -20 2133 2 144115188075856257 1224979098644774916 500 3 360287970189641347 12 144115188075856273 3 0 3 0 4 0 31 2 1224979098644774913 0 1 2 936748722493063738 1224979098644774914 2105 2 1224979098644774914 1 3 0 521 3 1224979098644774922 144115188075856213 90 521 3 1224979098644774923 144115188075856213 91 4 0 32 2 1224979098644774922 0 32 2 1224979098644774923 0 1263 2 1224979098644774914 1224979098644774922 2105 2 1224979098644774914 1 3 0 4 0 31 2 1224979098644774913 1 1 2 936748722493063738 1224979098644774914 2105 2 1224979098644774914 1 3 0 6 3 1224979098644774924 360287970189639979 360287970189639995 540 3 1224979098644774924 2 0 540 3 1224979098644774924 12 144115188075856213 2147484208 3 1224979098644774924 8 648518346341351445 1263 2 1224979098644774914 1224979098644774924 2105 2 1224979098644774914 1 3 0 4 0 31 2 1224979098644774913 2 1 2 936748722493063738 1224979098644774914 2105 2 1224979098644774914 1 3 0 4 0 521 3 1224979098644774925 144115188075856213 95 32 2 1224979098644774925 0 1263 2 1224979098644774914 1224979098644774925 2105 2 1224979098644774914 1 5 0 1 3 936748722493063886 144115188075856213 9 2133 2 1224979098644774926 72057594037927936 521 3 1224979098644774925 1224979098644774926 95 33 3 1224979098644774925 360287970189639932 360287970189639950 1263 2 1224979098644774914 1224979098644774925 2105 2 1224979098644774914 1 3 0 4 0 521 3 1224979098644774927 144115188075856213 96 33 3 1224979098644774927 360287970189639950 360287970189639960 1263 2 1224979098644774914 1224979098644774927 2105 2 1224979098644774914 1 3 0 4 0 521 3 1224979098644774928 144115188075856213 100 33 3 1224979098644774928 360287970189639967 360287970189639974 1263 2 1224979098644774914 1224979098644774928 2105 2 1224979098644774914 1 3 0 2133 2 1224979098644774929 0 4 0 521 3 1224979098644774930 144115188075856213 99 33 3 1224979098644774930 360287970189639962 360287970189639967 2133 2 1224979098644774929 1 1263 2 1224979098644774914 1224979098644774930 2105 2 1224979098644774914 1 5 0 1 3 936748722493063886 144115188075856213 9 2133 2 1224979098644774926 72057594037927936 521 3 1224979098644774930 1224979098644774926 99 33 3 1224979098644774930 360287970189639962 360287970189639967 2133 2 1224979098644774929 1 1263 2 1224979098644774914 1224979098644774930 2105 2 1224979098644774914 1 3 0 4 0 521 3 1224979098644774931 144115188075856213 98 33 3 1224979098644774931 360287970189639960 360287970189639962 1263 2 1224979098644774914 1224979098644774931 2105 2 1224979098644774914 1 3 0 4 0 31 2 1224979098644774913 3 1 2 936748722493063738 1224979098644774914 2105 2 1224979098644774914 1 3 0 4 0 2147483848 1 504403158265495591 2147483848 1 504403158265495556 2133 2 1224979098644774932 648518346341351873 6 3 1224979098644774933 648518346341351621 1224979098644774932 541 3 1224979098644774933 120 144115188075856213 561 3 1224979098644774933 39 1 2147484189 3 1224979098644774933 7 360287970189639680 1263 2 1224979098644774914 360287970189639926 2105 2 1224979098644774914 1 2133 2 1224979098644774932 0 3 0 3 0 4 0 31 2 144115188075857016 144115188075856213 3221225673 1 504403158265495638 3221225673 1 504403158265495639 3221225673 1 504403158265495640 3221225673 1 504403158265495641 31 2 144115188075857030 1 1 1 936748722493063883 1263 2 1224979098644774914 72057594037927936 2105 2 1224979098644774914 1 3 0 6 3 1224979098644774934 32 41 2136 3 1224979098644774935 0 100 32 2 1224979098644774935 50 4 0 31 2 1224979098644774929 0 2136 3 1224979098644774935 0 15 32 2 1224979098644774935 13 1941 2 792633534417207296 1224979098644774934 2136 3 1224979098644774935 0 2 4 0 31 2 1224979098644774935 0 1942 3 792633534417207296 1224979098644774934 288230376151713249 5 0 1942 3 792633534417207296 1224979098644774934 288230376151713250 3 0 2136 3 1224979098644774936 0 1000 2136 3 1224979098644774937 360287970189639975 360287970189639977 1263 3 1224979098644774934 1224979098644774937 1224979098644774936 2133 2 1224979098644774929 1 5 0 2136 3 1224979098644774938 360287970189639902 360287970189639908 2136 3 1224979098644774936 0 1000 1941 2 792633534417207296 1224979098644774934 2136 3 1224979098644774935 0 10 4 0 32 2 1224979098644774935 2 1942 3 792633534417207296 1224979098644774934 288230376151713248 3 0 1263 3 1224979098644774934 1224979098644774938 1224979098644774936 3 0 3 0 4 0 1 1 936748722493064068 1 3 936748722493064069 792633534417207296 0 1940 3 792633534417207296 0 511 3 0 2048 0 3 0  Door_to_the_tavern.  mno_town_merchant  5 541 3 144115188075856213 0 3 31 2 1 0 31 2 144115188075856244 0 1073741855 2 144115188075856214 0 32 2 144115188075856215 0  Speak_with_the_merchant.  18 4 0 1073741855 2 144115188075856212 1 31 2 144115188075856244 1 1106 2 216172782113783942 16755370 5 0 2133 2 144115188075856216 1 1911 1 792633534417207296 1940 3 792633534417207296 0 256 4 0 32 2 144115188075856215 0 1940 3 792633534417207296 0 447 1 4 936748722493063923 792633534417207296 0 1 3 0 521 3 1224979098644774912 144115188075856213 14 1910 1 1224979098644774912 503 3 1224979098644774912 0 1 2048 0 3 0  Door_to_the_shop.  mno_town_arena  2 541 3 144115188075856213 0 3 31 2 144115188075856215 0  Enter_the_arena.  26 4 0 1073741855 2 144115188075856212 1 31 2 144115188075856244 1 1106 2 216172782113783942 16755370 5 0 2133 2 144115188075856156 2 2133 2 144115188075856216 1 1911 1 792633534417207321 521 3 1224979098644774912 144115188075856213 16 1261 1 1224979098644774912 1262 0 521 3 1224979098644774913 144115188075856213 87 1263 2 52 1224979098644774913 1263 2 43 360287970189639710 1263 2 44 360287970189639710 1912 1 50 4 0 1 1 936748722493064068 1 3 936748722493064069 792633534417207321 50 1940 3 792633534417207321 50 511 3 0 1910 1 1224979098644774912 503 3 1224979098644774912 0 1 2133 2 144115188075857177 0 2048 0 3 0  Door_to_the_arena.  mno_town_dungeon  1 31 2 1 0  Never:_Enter_the_prison.  25 4 0 31 2 144115188075856110 18 32 2 144115188075856009 0 2147485350 1 144115188075856009 1718 2 1224979098644774912 144115188075856009 4 0 31 2 144115188075856787 432345564227567630 521 3 1224979098644774913 144115188075856213 61 5 0 2133 2 1224979098644774913 144115188075856787 3 0 542 3 1224979098644774913 51 1224979098644774912 1 1 936748722493063752 1 3 936748722493063486 144115188075856213 792633534417207302 5 0 31 2 144115188075856212 1 1106 2 216172782113783942 16755370 5 0 1073742365 3 144115188075856213 7 360287970189639680 31 2 144115188075856787 144115188075856287 2133 2 144115188075856216 1 1 3 936748722493063486 144115188075856213 792633534417207302 5 0 1106 2 216172782113783942 16755370 3 0  Door_to_the_dungeon.  mno_castle_inspect  1 541 3 144115188075856213 0 2  Take_a_walk_around_the_courtyard.  88 4 0 31 2 144115188075856110 18 2133 2 144115188075856110 19 521 3 1224979098644774912 144115188075856213 10 1261 1 1224979098644774912 1262 0 2133 2 1224979098644774913 40 1650 2 1224979098644774914 144115188075856273 6 3 1224979098644774915 0 1224979098644774914 521 3 1224979098644774916 144115188075856213 240 2270 1 1224979098644774917 2120 3 1224979098644774918 1224979098644774916 4 1073741855 2 1224979098644774913 40 2147483681 3 1224979098644774917 1224979098644774916 1224979098644774918 2147483678 2 1224979098644774913 47 1652 3 1224979098644774919 144115188075856273 1224979098644774915 2147485155 1 1224979098644774919 1653 3 1224979098644774920 144115188075856273 1224979098644774915 1654 3 1224979098644774921 144115188075856273 1224979098644774915 2106 2 1224979098644774920 1224979098644774921 32 2 1224979098644774920 0 1655 3 1224979098644774922 144115188075856273 1224979098644774915 1263 3 1224979098644774913 1224979098644774919 1224979098644774922 2105 2 1224979098644774913 1 3 0 1263 2 7 360287970189639680 1911 1 792633534417207314 4 0 32 2 144115188075856215 0 2133 2 1224979098644774923 511 31 2 144115188075857182 1 6 3 1224979098644774924 0 8 1940 3 792633534417207314 1224979098644774924 511 1 4 936748722493063923 792633534417207314 1224979098644774924 1 3 0 3 0 1910 1 1224979098644774912 2048 0 5 0 2133 2 144115188075856110 0 2133 2 144115188075856156 0 521 3 1224979098644774912 144115188075856213 10 1261 1 1224979098644774912 1262 0 4 0 2147483679 2 144115188075856787 432345564227567630 522 3 1224979098644774925 144115188075856787 51 5 0 521 3 1224979098644774926 144115188075856213 61 522 3 1224979098644774925 1224979098644774926 51 3 0 1263 2 24 1224979098644774925 2133 2 1224979098644774913 40 1650 2 1224979098644774914 144115188075856273 6 3 1224979098644774915 0 1224979098644774914 521 3 1224979098644774916 144115188075856213 240 2270 1 1224979098644774917 2120 3 1224979098644774918 1224979098644774916 4 2147483681 3 1224979098644774917 1224979098644774918 1224979098644774916 2147483678 2 1224979098644774913 47 1652 3 1224979098644774919 144115188075856273 1224979098644774915 2147485155 1 1224979098644774919 1653 3 1224979098644774920 144115188075856273 1224979098644774915 1654 3 1224979098644774921 144115188075856273 1224979098644774915 2106 2 1224979098644774920 1224979098644774921 32 2 1224979098644774920 0 1655 3 1224979098644774922 144115188075856273 1224979098644774915 1263 3 1224979098644774913 1224979098644774919 1224979098644774922 2105 2 1224979098644774913 1 3 0 4 0 31 2 144115188075856216 0 2133 2 144115188075856216 1 3 0 1912 1 1 2133 2 1224979098644774923 256 4 0 32 2 144115188075856215 0 2133 2 1224979098644774923 511 3 0 1911 1 792633534417207314 6 3 1224979098644774924 0 8 1940 3 792633534417207314 1224979098644774924 1224979098644774923 1 4 936748722493063923 792633534417207314 1224979098644774924 1 3 0 1910 1 1224979098644774912 2048 0 3 0  To_the_castle_courtyard.  mno_town_enterprise  6 541 3 144115188075856213 0 3 521 3 1224979098644774912 144115188075856213 137 32 2 1224979098644774912 1 31 2 144115188075856214 0 1 2 936748722493063331 1224979098644774912 2320 2 3 72057594037927936  Visit_your_{s3}.  45 2121 3 1224979098644774912 144115188075856213 648518346341351445 2120 3 1224979098644774913 360287970189641243 1224979098644774912 521 3 1224979098644774914 144115188075856213 137 2133 2 1224979098644774915 720575940379280654 4 0 31 2 1224979098644774914 288230376151711873 2133 2 1224979098644774915 720575940379280654 5 0 31 2 1224979098644774914 288230376151711861 2133 2 1224979098644774915 720575940379280659 5 0 31 2 1224979098644774914 288230376151711845 2133 2 1224979098644774915 720575940379280660 5 0 31 2 1224979098644774914 288230376151711860 2133 2 1224979098644774915 720575940379280653 5 0 31 2 1224979098644774914 288230376151711857 2133 2 1224979098644774915 720575940379280652 5 0 31 2 1224979098644774914 288230376151711850 2133 2 1224979098644774915 720575940379280658 5 0 31 2 1224979098644774914 288230376151711848 2133 2 1224979098644774915 720575940379280657 5 0 31 2 1224979098644774914 288230376151711853 2133 2 1224979098644774915 720575940379280656 5 0 31 2 1224979098644774914 288230376151711855 2133 2 1224979098644774915 720575940379280655 3 0 1261 1 1224979098644774915 1262 0 1263 2 0 360287970189639680 1263 2 17 1224979098644774913 1911 1 792633534417207296 1910 1 1224979098644774915 4 0 1073741894 1 42 70 1 54 2049 1 1224979098644774913 5 0 2048 0 3 0  Door_to_your_enterprise.  mno_visit_lady  45 2147484208 3 360287970189639680 30 360287970189640147 2133 2 144115188075856258 0 2133 2 144115188075856259 0 2133 2 144115188075856260 0 2133 2 144115188075856261 0 2133 2 144115188075856262 0 2133 2 144115188075856263 0 2133 2 144115188075857073 0 2133 2 144115188075857074 0 6 3 1224979098644774912 360287970189640147 360287970189640294 540 3 1224979098644774912 12 144115188075856213 1 2 936748722493063715 1224979098644774912 2133 2 1224979098644774913 72057594037927936 540 3 1224979098644774912 30 -1 30 2 1224979098644774913 0 1073742384 3 1224979098644774912 5 2 540 3 1224979098644774913 38 1 2147484188 3 1224979098644774912 5 4 4 0 31 2 144115188075856258 0 2133 2 144115188075856258 1224979098644774912 5 0 31 2 144115188075856259 0 2133 2 144115188075856259 1224979098644774912 5 0 31 2 144115188075856260 0 2133 2 144115188075856260 1224979098644774912 5 0 31 2 144115188075856261 0 2133 2 144115188075856261 1224979098644774912 5 0 31 2 144115188075856262 0 2133 2 144115188075856262 1224979098644774912 5 0 31 2 144115188075856263 0 2133 2 144115188075856263 1224979098644774912 5 0 31 2 144115188075857073 0 2133 2 144115188075857073 1224979098644774912 5 0 31 2 144115188075857074 0 2133 2 144115188075857074 1224979098644774912 3 0 3 0 32 2 144115188075856258 0  Attempt_to_visit_a_lady  1 2060 1 864691128455135347  Door_to_the_garden.  mno_trade_with_merchants  1 541 3 144115188075856213 0 3  Go_to_the_marketplace.  5 4 0 1 1 936748722493063540 5 0 2060 1 864691128455135350 3 0  .  mno_walled_center_manage  7 2147484189 3 144115188075856213 35 5 541 3 144115188075856213 7 360287970189639680 2133 2 72057594037927936 1 4 0 541 3 144115188075856213 0 2 2133 2 72057594037927936 0 3 0  Manage_this_{reg0?town:castle}.  2 2133 2 144115188075856193 864691128455135343 2060 1 864691128455135328  .  mno_walled_center_move_court  18 2147484189 3 144115188075856213 35 5 541 3 144115188075856213 7 360287970189639680 31 2 144115188075856787 144115188075856287 2147483679 2 144115188075856285 144115188075856213 2133 2 1224979098644774912 0 4 0 33 3 144115188075856287 432345564227567631 432345564227567635 1 3 936748722493063852 360287970189639680 144115188075856287 30 2 72057594037927936 50 2133 2 1224979098644774912 1 5 0 542 3 432345564227567630 11 360287970189639680 31 2 144115188075856787 432345564227567630 2133 2 1224979098644774912 1 3 0 31 2 1224979098644774912 1 2117 3 1224979098644774913 144115188075856576 2 2147483679 2 1224979098644774913 2  Move_your_court_here.  1 2060 1 864691128455135360  .  mno_castle_station_troops  37 521 3 1224979098644774912 144115188075856213 7 2319 1 10 2133 2 1224979098644774913 0 4 0 31 2 1224979098644774912 360287970189639680 2133 2 1224979098644774913 1 5 0 2204 2 1224979098644774914 144115188075856273 31 2 1224979098644774914 432345564227567630 2147484209 3 144115188075856273 7 360287970189639979 2133 2 1224979098644774913 1 5 0 2147483678 2 1224979098644774912 0 2204 2 1224979098644774915 144115188075856273 31 2 144115188075856287 1224979098644774915 31 2 144115188075856273 144115188075856230 2320 2 10 216172782113786961 2133 2 1224979098644774913 1 5 0 2147483678 2 1224979098644774912 0 2204 2 1224979098644774915 144115188075856273 31 2 144115188075856287 1224979098644774915 2157 2 1224979098644774916 144115188075856273 31 2 1224979098644774916 0 2320 2 10 216172782113786961 2133 2 1224979098644774913 1 5 0 561 3 144115188075856273 7 360287970189639979 2204 2 1224979098644774915 144115188075856273 31 2 144115188075856287 1224979098644774915 1073742364 3 1224979098644774912 30 360287970189639680 540 3 360287970189639680 30 1224979098644774912 1073741857 3 1224979098644774912 360287970189639979 360287970189640294 540 3 360287970189639680 30 1224979098644774912 2133 2 1224979098644774913 1 3 0 31 2 1224979098644774913 1  Manage_the_garrison_{s10}  1 2043 1 1  .  mno_dplmc_castle_give_troops  9 521 3 1224979098644774912 144115188075856213 7 2204 2 1224979098644774913 144115188075856273 33 3 1224979098644774913 432345564227567630 432345564227567635 2147483679 2 1224979098644774912 360287970189639680 30 2 1224979098644774912 360287970189639979 2147484188 3 360287970189639680 30 1224979098644774912 2147484188 3 1224979098644774912 30 360287970189639680 1 2 936748722493063839 1224979098644774912 30 2 72057594037927936 1  Give_troops_to_the_garrison_(cannot_remove)  1 2056 1 144115188075856213  .  mno_castle_wait  20 1073741854 2 144115188075856788 0 31 2 144115188075856219 1 2133 2 1224979098644774912 1 2319 1 1 4 0 2147484189 3 144115188075856213 7 360287970189639680 520 3 1224979098644774913 360287970189639680 30 2147484189 3 144115188075856213 7 1224979098644774913 561 3 144115188075856213 7 360287970189639680 2204 2 1224979098644774914 144115188075856213 2147483679 2 1224979098644774914 432345564227567630 1601 2 1224979098644774915 648518346341351424 2123 3 72057594037927937 1224979098644774915 4 2105 2 72057594037927937 1 2320 2 1 1585267068834416327 2149 2 1224979098644774916 360287970189639680 2147483678 2 1224979098644774916 72057594037927937 2133 2 1224979098644774912 0 3 0 31 2 1224979098644774912 1  Wait_here_for_some_time{s1}.  21 2133 2 144115188075856088 144115188075856213 2133 2 144115188075856220 1 2133 2 144115188075856245 144115188075856213 2133 2 144115188075856264 -1 4 0 132 1 648518346341351424 1608 2 1224979098644774912 648518346341351424 4 0 31 2 1224979098644774912 5 372 1 28 3 0 3 0 521 3 1224979098644774913 144115188075856245 7 4 0 33 3 1224979098644774913 360287970189639999 360287970189640294 1 2 936748722493063814 1224979098644774913 2147483679 2 72057594037927936 0 1106 1 1585267068834416328 3 0 1031 3 168 5 0 2040 0  .  mno_dac_work_town_tired  5 1073741855 2 144115188075857183 17 31 2 144115188075857183 19 520 3 1224979098644774912 360287970189639680 168 32 2 1224979098644774912 0 2061 0  [Peasant]_Too_tired_to_work,_need_some_more_rest...  0  .  mno_dac_work_town  4 1073741855 2 144115188075857183 17 31 2 144115188075857183 19 520 3 1224979098644774912 360287970189639680 168 2147483680 2 1224979098644774912 0  [Peasant]_Look_for_work.  1 2060 1 864691128455135514  .  mno_collect_taxes_qst  6 200 1 504403158265495557 546 3 504403158265495557 1 144115188075856213 2147484194 3 504403158265495557 11 4 526 3 1224979098644774912 504403158265495557 6 2322 2 1 1224979098644774912 526 3 72057594037927941 504403158265495557 11  {reg5?Continue_collecting_taxes:Collect_taxes}_due_to_{s1}.  1 2060 1 864691128455135372  .  mno_dplmc_guild_master_meeting  21 541 3 144115188075856213 0 3 2133 2 1224979098644774912 0 4 0 31 2 144115188075856163 1 2133 2 1224979098644774912 1 5 0 31 2 144115188075856287 144115188075856787 2133 2 1224979098644774912 1 5 0 521 3 1224979098644774913 144115188075856213 25 30 2 1224979098644774913 1 2147484188 3 1224979098644774913 5 0 2133 2 1224979098644774912 1 5 0 1073741855 2 144115188075856213 648518346341351450 31 2 144115188075857016 144115188075856213 2133 2 1224979098644774912 1 3 0 2147483679 2 1224979098644774912 0 1073741855 2 144115188075856214 0 32 2 144115188075856215 0  Meet_the_Guild_Master.  5 4 0 1 1 936748722493063540 5 0 1 3 936748722493063898 25 11 3 0  .  mno_dplmc_guild_master_meeting_denied  11 541 3 144115188075856213 0 3 1073741855 2 144115188075856214 0 32 2 144115188075856215 0 521 3 1224979098644774912 144115188075856213 25 32 2 1224979098644774912 0 31 2 144115188075856163 0 2147483679 2 144115188075857016 144115188075856213 2147483679 2 144115188075856213 648518346341351450 540 3 1224979098644774912 5 0 2147483679 2 144115188075856287 144115188075856787 2061 0  You_have_not_met_the_Guild_Master_yet.  0  .  mno_town_recruit_volunteers  2 541 3 144115188075856213 0 3 1 1 936748722493063630  Recruit_local_militia.  1 2060 1 864691128455135323  .  mno_castle_recruit  2 541 3 144115188075856213 0 2 1 1 936748722493063630  Recruit_local_nobles.  1 2060 1 864691128455135323  .  mno_town_leave  0  Leave...  19 2133 2 144115188075856111 0 2040 1 0 4 0 31 2 144115188075856215 0 2147484209 3 144115188075856213 39 1 1 2 936748722493063851 0 4 0 31 2 144115188075857141 1 521 3 1224979098644774912 144115188075856213 23 32 2 1224979098644774912 0 1 3 936748722493063847 360287970189639680 1224979098644774912 3 0 4 0 31 2 144115188075857139 1 1 2 936748722493063846 144115188075856213 3 0 5 0 32 2 144115188075856215 0 3 0  Leave_Area.  mno_town_cheat  1 30 2 144115188075856163 1  Use_cheats.  1 2060 1 864691128455135493  . 
menu_town_recruit_volunteers_2 0 {s18} none 34 2204 2 1224979098644774912 144115188075856213 522 3 1224979098644774913 1224979098644774912 42 521 3 1224979098644774913 144115188075856213 92 521 3 1224979098644774914 144115188075856213 93 1633 2 1224979098644774915 648518346341351424 2149 2 1224979098644774916 360287970189639680 2123 3 1224979098644774917 1224979098644774916 30 2133 2 1224979098644774918 1224979098644774915 2110 2 1224979098644774918 1224979098644774917 2133 2 72057594037927945 1224979098644774916 4 0 32 2 1224979098644774918 0 2110 2 1224979098644774914 1224979098644774918 3 0 2133 2 72057594037927941 1224979098644774914 2133 2 72057594037927943 0 4 0 32 2 1224979098644774914 1224979098644774917 2133 2 72057594037927943 1 3 0 4 0 31 2 1224979098644774914 0 2320 2 18 1585267068834416306 5 0 2122 3 72057594037927942 1224979098644774914 30 2122 3 72057594037927944 1224979098644774914 50 2324 3 3 1224979098644774913 1224979098644774914 4 0 31 2 72057594037927941 1 2320 2 18 1585267068834416329 5 0 2320 2 18 1585267068834416330 3 0 3 0 5
 mno_continue_not_enough_gold  1 31 2 72057594037927943 1  I_don't_have_enough_money...  1 2060 1 864691128455135343  .  mno_continue  2 31 2 72057594037927943 0 31 2 72057594037927941 0  Continue...  2 501 3 144115188075856213 93 -1 2060 1 864691128455135343  .  mno_recruit_them  2 31 2 72057594037927943 0 32 2 72057594037927941 0  Enlist_as_Infantry_Troops_({reg6}_crowns).  2 1 1 936748722493063633 2060 1 864691128455135343  .  mno_recruit_them_archer  3 31 2 72057594037927943 0 32 2 72057594037927941 0 32 2 72057594037927945 72057594037927944  Enlist_as_Ranged_Troops_({reg8}_crowns).  2 1 1 936748722493063634 2060 1 864691128455135343  .  mno_forget_it  2 31 2 72057594037927943 0 32 2 72057594037927941 0  Forget_it.  1 2060 1 864691128455135343  . 
menu_castle_recruit_volunteers 0 {s18} none 34 2204 2 1224979098644774912 144115188075856213 522 3 1224979098644774913 1224979098644774912 46 521 3 1224979098644774913 144115188075856213 92 521 3 1224979098644774914 144115188075856213 93 1633 2 1224979098644774915 648518346341351424 2149 2 1224979098644774916 360287970189639680 2123 3 1224979098644774917 1224979098644774916 200 2133 2 1224979098644774918 1224979098644774915 2110 2 1224979098644774918 1224979098644774917 2133 2 72057594037927945 1224979098644774916 4 0 32 2 1224979098644774918 0 2110 2 1224979098644774914 1224979098644774918 3 0 2133 2 72057594037927941 1224979098644774914 2133 2 72057594037927943 0 4 0 32 2 1224979098644774914 1224979098644774917 2133 2 72057594037927943 1 3 0 4 0 31 2 1224979098644774914 0 2320 2 18 1585267068834416331 5 0 2122 3 72057594037927942 1224979098644774914 200 2122 3 72057594037927944 1224979098644774914 125 2324 3 3 1224979098644774913 1224979098644774914 4 0 31 2 72057594037927941 1 2320 2 18 1585267068834416332 5 0 2320 2 18 1585267068834416333 3 0 3 0 5
 mno_continue_not_enough_gold  1 31 2 72057594037927943 1  I_don't_have_enough_crowns...  1 2060 1 864691128455135343  .  mno_continue  2 31 2 72057594037927943 0 31 2 72057594037927941 0  Continue.  2 501 3 144115188075856213 93 -1 2060 1 864691128455135343  .  mno_recruit_them  2 31 2 72057594037927943 0 32 2 72057594037927941 0  Recruit_as_Mounted_Nobles_({reg6}_crowns).  2 1 1 936748722493063635 2060 1 864691128455135343  .  mno_recruit_them_dismounted  3 31 2 72057594037927943 0 32 2 72057594037927941 0 32 2 72057594037927945 72057594037927944  Recruit_as_Dismounted_Nobles_({reg8}_crowns).  2 1 1 936748722493063636 2060 1 864691128455135343  .  mno_forget_it  2 31 2 72057594037927943 0 32 2 72057594037927941 0  Forget_it.  1 2060 1 864691128455135343  . 
menu_cannot_enter_court 0 There_is_a_feast_in_progress_in_the_lord's_hall,_but_you_are_not_of_sufficient_status_to_be_invited_inside._Perhaps_increasing_your_renown_would_win_you_admittance_--_or_you_might_also_try_distinguishing_yourself_at_a_tournament_while_the_feast_is_in_progress... none 0 1
 mno_continue  0  Continue  1 2060 1 864691128455135343  . 
menu_lady_visit 0 Whom_do_you_wish_to_visit? none 0 9
 mno_visit_lady_1  2 32 2 144115188075856258 0 2322 2 12 144115188075856258  Visit_{s12}  2 2133 2 144115188075856258 144115188075856258 2060 1 864691128455135359  .  mno_visit_lady_2  2 32 2 144115188075856259 0 2322 2 12 144115188075856259  Visit_{s12}  2 2133 2 144115188075856258 144115188075856259 2060 1 864691128455135359  .  mno_visit_lady_3  2 32 2 144115188075856260 0 2322 2 12 144115188075856260  Visit_{s12}  2 2133 2 144115188075856258 144115188075856260 2060 1 864691128455135359  Door_to_the_garden.  mno_visit_lady_4  2 32 2 144115188075856261 0 2322 2 12 144115188075856261  Visit_{s12}  2 2133 2 144115188075856258 144115188075856261 2060 1 864691128455135359  .  mno_visit_lady_5  2 32 2 144115188075856262 0 2322 2 12 144115188075856262  Visit_{s12}  2 2133 2 144115188075856258 144115188075856262 2060 1 864691128455135359  .  mno_visit_lady_6  2 32 2 144115188075856263 0 2322 2 12 144115188075856263  Visit_{s12}  2 2133 2 144115188075856258 144115188075856263 2060 1 864691128455135359  .  mno_visit_lady_7  2 32 2 144115188075857073 0 2322 2 12 144115188075857073  Visit_{s12}  2 2133 2 144115188075856258 144115188075857073 2060 1 864691128455135359  .  mno_visit_lady_8  2 32 2 144115188075857074 0 2322 2 12 144115188075857074  Visit_{s12}  2 2133 2 144115188075856258 144115188075857074 2060 1 864691128455135359  .  mno_leave  0  Leave  1 2060 1 864691128455135343  . 
menu_center_reports 0 Town_Name:_{s1}^Rent_Income:_{reg1}_crowns^Tariff_Income:_{reg2}_crowns^Food_Stock:_for_{reg3}_days none 12 521 3 1224979098644774912 144115188075856273 53 1 2 936748722493063436 144115188075856273 2133 2 1224979098644774913 72057594037927936 4 0 32 2 1224979098644774913 0 2123 3 72057594037927939 1224979098644774912 1224979098644774913 5 0 2133 2 72057594037927939 9999 3 0 2330 2 1 144115188075856273 521 3 72057594037927937 144115188075856273 47 521 3 72057594037927938 144115188075856273 48 2
 mno_to_price_and_productions  0  Show_prices_and_productions.  1 2060 1 864691128455135349  .  mno_go_back_dot  0  Go_back.  6 4 0 541 3 144115188075856273 0 4 2060 1 864691128455135321 5 0 2060 1 864691128455135343 3 0  . 
menu_price_and_production 0 Productions_are:^(Note:_base/modified_by_raw_materials/modified_by_materials_plus_prosperity)^{s1}^^Price_factors_are:^{s2} none 78 2133 2 1224979098644774912 0 2133 2 1224979098644774913 0 6 3 1224979098644774914 648518346341351445 648518346341351519 1 2 936748722493063748 1224979098644774914 2105 2 1224979098644774912 72057594037927936 3 0 6 3 1224979098644774914 648518346341351621 648518346341351873 1 2 936748722493063748 1224979098644774914 2105 2 1224979098644774913 72057594037927936 3 0 2108 2 1224979098644774913 110 2108 2 1224979098644774912 22 1 2 936748722493063748 144115188075856273 2133 2 72057594037927937 1224979098644774912 2133 2 72057594037927938 1224979098644774913 4 0 30 2 144115188075856163 1 2320 2 1 216172782113786336 1106 1 1585267068834416334 3 0 6 3 1224979098644774915 288230376151711843 288230376151711877 2147483679 2 1224979098644774915 288230376151711875 2147483679 2 1224979098644774915 288230376151711874 2147483679 2 1224979098644774915 288230376151711876 2147483679 2 1224979098644774915 288230376151711872 2147483679 2 1224979098644774915 288230376151711866 1 3 936748722493063329 144115188075856273 1224979098644774915 2133 2 1224979098644774916 72057594037927936 2133 2 1224979098644774917 72057594037927938 2133 2 1224979098644774918 72057594037927937 1 3 936748722493063330 144115188075856273 1224979098644774915 2133 2 1224979098644774919 72057594037927938 2133 2 1224979098644774920 72057594037927937 2133 2 1224979098644774921 72057594037927936 2121 3 1224979098644774922 1224979098644774915 288230376151711843 2105 2 1224979098644774922 250 521 3 1224979098644774923 144115188075856273 1224979098644774922 2133 2 1224979098644774924 0 2133 2 1224979098644774925 0 2133 2 1224979098644774926 0 2133 2 1224979098644774927 0 6 3 1224979098644774914 648518346341351445 648518346341351873 2147483681 3 1224979098644774914 648518346341351519 648518346341351621 2105 2 1224979098644774924 1 1 3 936748722493063329 1224979098644774914 1224979098644774915 2133 2 1224979098644774928 72057594037927938 1 3 936748722493063330 1224979098644774914 1224979098644774915 2120 3 1224979098644774929 72057594037927937 72057594037927938 521 3 1224979098644774930 1224979098644774914 1224979098644774922 2105 2 1224979098644774925 1224979098644774930 2105 2 1224979098644774926 1224979098644774928 2105 2 1224979098644774927 1224979098644774929 3 0 2133 2 1224979098644774931 1224979098644774926 2133 2 1224979098644774932 1224979098644774927 2108 2 1224979098644774925 1224979098644774924 2108 2 1224979098644774926 1224979098644774924 2108 2 1224979098644774927 1224979098644774924 2325 2 3 1224979098644774915 2133 2 72057594037927937 1224979098644774917 2133 2 72057594037927938 1224979098644774918 2133 2 72057594037927939 1224979098644774916 2133 2 72057594037927940 1224979098644774923 2133 2 72057594037927941 1224979098644774926 2133 2 72057594037927942 1224979098644774925 2133 2 72057594037927943 1224979098644774919 2133 2 72057594037927944 1224979098644774920 2133 2 72057594037927945 1224979098644774921 2133 2 72057594037927946 1224979098644774927 527 3 1224979098644774933 1224979098644774915 14 521 3 1224979098644774934 144115188075856273 1224979098644774933 2133 2 72057594037927947 1224979098644774934 2133 2 72057594037927948 1224979098644774931 2133 2 72057594037927949 1224979098644774932 527 3 1224979098644774935 1224979098644774915 15 2320 2 4 1224979098644774935 2320 2 1 216172782113786337 3 0 1
 mno_go_back_dot  0  Go_back.  6 4 0 541 3 144115188075856273 0 4 2060 1 864691128455135321 5 0 2060 1 864691128455135343 3 0  . 
menu_town_trade 0 You_head_towards_the_marketplace. none 1 609 1 1 8
 mno_auto_sell  0  Sell_items_automatically.  2 2133 2 144115188075856193 864691128455135343 2060 1 864691128455135351  .  mno_auto_buy_food  0  Buy_food_automatically.  2 2133 2 144115188075856193 864691128455135343 2060 1 864691128455135352  .  mno_assess_prices  3 2204 2 1224979098644774912 144115188075856213 2190 3 1224979098644774913 1224979098644774912 432345564227567630 30 2 1224979098644774913 0  Assess_the_local_prices.  1 2060 1 864691128455135353  .  mno_trade_with_arms_merchant  1 561 3 144115188075856213 21 1  Trade_with_the_arms_merchant.  12 521 3 1224979098644774912 144115188075856213 21 2133 2 144115188075855987 1224979098644774912 4 0 1073741894 1 42 70 1 54 1 3 936748722493063898 21 10 5 0 2136 3 1224979098644774913 1152921504606847046 1152921504606847067 600 1 1224979098644774913 500 3 1224979098644774912 5 1 2042 1 1224979098644774912 3 0  .  mno_trade_with_armor_merchant  1 561 3 144115188075856213 22 1  Trade_with_the_armor_merchant.  11 521 3 1224979098644774912 144115188075856213 22 2133 2 144115188075855987 1224979098644774912 4 0 1073741894 1 42 70 1 54 1 3 936748722493063898 22 9 5 0 600 1 1152921504606847145 500 3 1224979098644774912 5 1 2042 1 1224979098644774912 3 0  .  mno_trade_with_horse_merchant  1 561 3 144115188075856213 24 1  Trade_with_the_horse_merchant.  10 521 3 1224979098644774912 144115188075856213 24 4 0 1073741894 1 42 70 1 54 1 3 936748722493063898 24 12 5 0 600 1 1152921504606847124 500 3 1224979098644774912 5 1 2042 1 1224979098644774912 3 0  .  mno_trade_with_goods_merchant  1 561 3 144115188075856213 23 1  Trade_with_the_goods_merchant.  12 521 3 1224979098644774912 144115188075856213 23 2133 2 144115188075855987 1224979098644774912 4 0 1073741894 1 42 70 1 54 1 3 936748722493063898 23 9 5 0 2136 3 1224979098644774913 1152921504606847141 1152921504606847145 600 1 1224979098644774913 500 3 1224979098644774912 5 1 2042 1 1224979098644774912 3 0  .  mno_back_to_town_menu  0  Head_back.  1 2060 1 864691128455135343  . 
menu_dplmc_trade_auto_sell_begin 0 Items_in_your_inventory_whose_type_is_marked_as_sellable_and_whose_prices_are_below_{reg1}_crowns_will_be_sold_to_the_{reg2?appropriate_merchants:elder}_in_the_current_{reg2?town:village}_automatically.__Specifically_food,_trade_goods,_and_books_will_never_be_sold._^^You_can_change_some_settings_here_freely. none 9 1073741857 3 144115188075856213 648518346341351445 648518346341351519 33 3 144115188075856213 648518346341351621 648518346341351873 1 2 936748722493063851 0 2133 2 72057594037927937 144115188075857140 2133 2 72057594037927938 0 4 0 33 3 144115188075856213 648518346341351445 648518346341351519 2133 2 72057594037927938 1 3 0 3
 mno_continue  0  Continue...  2 1 2 936748722493063846 144115188075856213 2060 1 144115188075856193  .  mno_change_settings  0  Change_settings.  1 900 1 1513209474796486705  .  mno_go_back  0  Go_back  1 2060 1 144115188075856193  . 
menu_dplmc_trade_auto_buy_food_begin 0 You_will_automatically_buy_food_according_to_your_shopping_list._Do_you_want_to_continue?^^You_can_view_and_configure_the_shopping_list_here. none 0 3
 mno_continue  9 2133 2 1224979098644774912 -1 4 0 33 3 144115188075856213 648518346341351445 648518346341351519 521 3 1224979098644774912 144115188075856213 23 5 0 33 3 144115188075856213 648518346341351621 648518346341351873 521 3 1224979098644774912 144115188075856213 25 3 0 30 2 1224979098644774912 1  Continue...  10 2133 2 1224979098644774912 -1 4 0 33 3 144115188075856213 648518346341351445 648518346341351519 521 3 1224979098644774912 144115188075856213 23 5 0 33 3 144115188075856213 648518346341351621 648518346341351873 521 3 1224979098644774912 144115188075856213 25 3 0 1 3 936748722493063847 360287970189639680 1224979098644774912 2060 1 144115188075856193  .  mno_dplmc_change_shopping_list_of_food  0  Configure_your_shopping_list.  1 900 1 1513209474796486706  .  mno_go_back  0  Go_back  1 2060 1 144115188075856193  . 
menu_town_trade_assessment_begin 0 You_overhear_several_discussions_about_the_price_of_trade_goods_across_the_local_area.^You_listen_closely,_trying_to_work_out_the_best_deals_around. none 1 2319 1 42 2
 mno_continue  0  Continue...  9 2133 2 144115188075856088 144115188075856213 2133 2 144115188075856249 144115188075856213 1 2 936748722493063625 1369094286720630784 2108 2 72057594037927936 2 2121 3 1224979098644774912 6 72057594037927936 2133 2 144115188075856245 144115188075856213 2133 2 144115188075856264 -1 1030 3 1224979098644774912 5 0 2040 0  .  mno_go_back_dot  0  Go_back.  1 2060 1 864691128455135350  . 
menu_town_trade_assessment 512 As_the_party_member_with_the_highest_trade_skill_({reg2}),_{reg3?you_try_to_figure_out:{s1}_tries_to_figure_out}_the_best_goods_to_trade_in._{s2} none 239 1 2 936748722493063625 1369094286720630784 2133 2 1224979098644774912 72057594037927936 2133 2 1224979098644774913 72057594037927937 2133 2 1224979098644774914 0 2133 2 1224979098644774915 -1 2133 2 1224979098644774916 -1 2133 2 1224979098644774917 0 2133 2 1224979098644774918 -1 2133 2 1224979098644774919 -1 2133 2 1224979098644774920 0 2133 2 1224979098644774921 -1 2133 2 1224979098644774922 -1 2133 2 1224979098644774923 0 2133 2 1224979098644774924 -1 2133 2 1224979098644774925 -1 2133 2 1224979098644774926 0 2133 2 1224979098644774927 -1 2133 2 1224979098644774928 -1 2133 2 1224979098644774929 0 2121 3 1224979098644774930 648518346341351621 648518346341351445 2121 3 1224979098644774931 288230376151711877 288230376151711843 2122 3 1224979098644774932 1224979098644774930 1224979098644774931 2107 2 1224979098644774932 1224979098644774912 2108 2 1224979098644774932 20 2133 2 1224979098644774933 144115188075856273 6 3 1224979098644774934 0 1224979098644774932 2136 3 1224979098644774935 288230376151711843 288230376151711877 2136 3 1224979098644774936 648518346341351445 648518346341351519 521 3 1224979098644774937 1224979098644774933 23 2133 2 1224979098644774938 0 6 3 1224979098644774939 10 106 1541 3 1224979098644774940 1224979098644774937 1224979098644774939 4 0 31 2 1224979098644774940 1224979098644774935 2105 2 1224979098644774938 1 3 0 3 0 30 2 1224979098644774938 1 2133 2 1224979098644774941 0 4 0 31 2 1224979098644774935 1224979098644774915 31 2 1224979098644774936 1224979098644774916 2105 2 1224979098644774941 1 3 0 4 0 31 2 1224979098644774935 1224979098644774918 31 2 1224979098644774936 1224979098644774919 2105 2 1224979098644774941 1 3 0 4 0 31 2 1224979098644774935 1224979098644774921 31 2 1224979098644774936 1224979098644774922 2105 2 1224979098644774941 1 3 0 4 0 31 2 1224979098644774935 1224979098644774924 31 2 1224979098644774936 1224979098644774925 2105 2 1224979098644774941 1 3 0 4 0 31 2 1224979098644774935 1224979098644774927 31 2 1224979098644774936 1224979098644774928 2105 2 1224979098644774941 1 3 0 2147483680 2 1224979098644774941 1 2230 2 1224979098644774942 1224979098644774935 2133 2 144115188075856273 1224979098644774933 1 2 936748722493063181 1224979098644774935 2122 3 1224979098644774943 1224979098644774942 72057594037927936 2108 2 1224979098644774943 100 2111 2 1224979098644774943 1 2133 2 144115188075856273 1224979098644774936 1 2 936748722493063182 1224979098644774935 2122 3 1224979098644774944 1224979098644774942 72057594037927936 2108 2 1224979098644774944 100 2111 2 1224979098644774944 1 2121 3 1224979098644774945 1224979098644774944 1224979098644774943 4 0 1073741855 2 1224979098644774915 1224979098644774935 1073741855 2 1224979098644774918 1224979098644774935 1073741855 2 1224979098644774921 1224979098644774935 1073741855 2 1224979098644774924 1224979098644774935 31 2 1224979098644774927 1224979098644774935 4 0 31 2 1224979098644774915 1224979098644774935 32 2 1224979098644774945 1224979098644774917 2133 2 1224979098644774915 1224979098644774935 2133 2 1224979098644774916 1224979098644774936 2133 2 1224979098644774917 1224979098644774945 5 0 31 2 1224979098644774918 1224979098644774935 32 2 1224979098644774945 1224979098644774920 2133 2 1224979098644774918 1224979098644774935 2133 2 1224979098644774919 1224979098644774936 2133 2 1224979098644774920 1224979098644774945 5 0 31 2 1224979098644774921 1224979098644774935 32 2 1224979098644774945 1224979098644774923 2133 2 1224979098644774921 1224979098644774935 2133 2 1224979098644774922 1224979098644774936 2133 2 1224979098644774923 1224979098644774945 5 0 31 2 1224979098644774924 1224979098644774935 32 2 1224979098644774945 1224979098644774926 2133 2 1224979098644774924 1224979098644774935 2133 2 1224979098644774925 1224979098644774936 2133 2 1224979098644774926 1224979098644774945 5 0 31 2 1224979098644774927 1224979098644774935 32 2 1224979098644774945 1224979098644774929 2133 2 1224979098644774927 1224979098644774935 2133 2 1224979098644774928 1224979098644774936 2133 2 1224979098644774929 1224979098644774945 3 0 5 0 4 0 32 2 1224979098644774945 1224979098644774917 2105 2 1224979098644774914 1 2110 2 1224979098644774914 5 2133 2 1224979098644774927 1224979098644774924 2133 2 1224979098644774928 1224979098644774925 2133 2 1224979098644774929 1224979098644774926 2133 2 1224979098644774924 1224979098644774921 2133 2 1224979098644774925 1224979098644774922 2133 2 1224979098644774926 1224979098644774923 2133 2 1224979098644774921 1224979098644774918 2133 2 1224979098644774922 1224979098644774919 2133 2 1224979098644774923 1224979098644774920 2133 2 1224979098644774918 1224979098644774915 2133 2 1224979098644774919 1224979098644774916 2133 2 1224979098644774920 1224979098644774917 2133 2 1224979098644774915 1224979098644774935 2133 2 1224979098644774916 1224979098644774936 2133 2 1224979098644774917 1224979098644774945 5 0 32 2 1224979098644774945 1224979098644774920 2105 2 1224979098644774914 1 2110 2 1224979098644774914 5 2133 2 1224979098644774927 1224979098644774924 2133 2 1224979098644774928 1224979098644774925 2133 2 1224979098644774929 1224979098644774926 2133 2 1224979098644774924 1224979098644774921 2133 2 1224979098644774925 1224979098644774922 2133 2 1224979098644774926 1224979098644774923 2133 2 1224979098644774921 1224979098644774918 2133 2 1224979098644774922 1224979098644774919 2133 2 1224979098644774923 1224979098644774920 2133 2 1224979098644774918 1224979098644774935 2133 2 1224979098644774919 1224979098644774936 2133 2 1224979098644774920 1224979098644774945 5 0 32 2 1224979098644774945 1224979098644774923 2105 2 1224979098644774914 1 2110 2 1224979098644774914 5 2133 2 1224979098644774927 1224979098644774924 2133 2 1224979098644774928 1224979098644774925 2133 2 1224979098644774929 1224979098644774926 2133 2 1224979098644774924 1224979098644774921 2133 2 1224979098644774925 1224979098644774922 2133 2 1224979098644774926 1224979098644774923 2133 2 1224979098644774921 1224979098644774935 2133 2 1224979098644774922 1224979098644774936 2133 2 1224979098644774923 1224979098644774945 5 0 32 2 1224979098644774945 1224979098644774926 2105 2 1224979098644774914 1 2110 2 1224979098644774914 5 2133 2 1224979098644774927 1224979098644774924 2133 2 1224979098644774928 1224979098644774925 2133 2 1224979098644774929 1224979098644774926 2133 2 1224979098644774924 1224979098644774935 2133 2 1224979098644774925 1224979098644774936 2133 2 1224979098644774926 1224979098644774945 5 0 32 2 1224979098644774945 1224979098644774929 2105 2 1224979098644774914 1 2110 2 1224979098644774914 5 2133 2 1224979098644774927 1224979098644774924 2133 2 1224979098644774928 1224979098644774925 2133 2 1224979098644774929 1224979098644774926 3 0 3 0 3 0 2133 2 144115188075856273 1224979098644774933 2319 1 3 2133 2 72057594037927938 1224979098644774912 4 0 31 2 1224979098644774913 360287970189639680 2133 2 72057594037927939 1 5 0 2133 2 72057594037927939 0 2322 2 1 1224979098644774913 3 0 4 0 2147483680 2 1224979098644774914 0 2320 2 2 1585267068834416335 5 0 4 0 1 2 936748722493063625 1369094286720630784 2147483679 2 72057594037927937 360287970189639680 1 3 936748722493063458 72057594037927937 1 3 0 4 0 30 2 1224979098644774927 0 2133 2 72057594037927942 1224979098644774929 2325 2 4 1224979098644774927 2330 2 5 1224979098644774928 2320 2 3 1585267068834416336 3 0 4 0 30 2 1224979098644774924 0 2133 2 72057594037927942 1224979098644774926 2325 2 4 1224979098644774924 2330 2 5 1224979098644774925 2320 2 3 1585267068834416336 3 0 4 0 30 2 1224979098644774921 0 2133 2 72057594037927942 1224979098644774923 2325 2 4 1224979098644774921 2330 2 5 1224979098644774922 2320 2 3 1585267068834416336 3 0 4 0 30 2 1224979098644774918 0 2133 2 72057594037927942 1224979098644774920 2325 2 4 1224979098644774918 2330 2 5 1224979098644774919 2320 2 3 1585267068834416336 3 0 4 0 30 2 1224979098644774915 0 2133 2 72057594037927942 1224979098644774917 2325 2 4 1224979098644774915 2330 2 5 1224979098644774916 2320 2 3 1585267068834416336 3 0 2320 2 2 1585267068834416337 3 0 1
 mno_continue  0  Continue...  1 2060 1 864691128455135350  . 
menu_sneak_into_town_suceeded 0 Disguised_in_the_garments_of_a_poor_{reg1?cheater:{s1}},_you_fool_the_guards_and_make_your_way_into_the_town. none 2 2133 2 72057594037927937 144115188075856163 1 3 936748722493063921 144115188075856215 1 1
 mno_continue  0  Continue...  1 2060 1 864691128455135343  . 
menu_sneak_into_town_caught 0 As_you_try_to_sneak_in,_one_of_the_guards_recognizes_you_and_raises_the_alarm!_You_must_flee_back_through_the_gates_before_all_the_guards_in_the_town_come_down_on_you! none 1 2133 2 144115188075856062 864691128455135391 2
 mno_sneak_caught_fight  0  Try_to_fight_your_way_out!  25 2133 2 144115188075856212 1 521 3 1224979098644774912 144115188075856213 10 1261 1 1224979098644774912 1262 0 1911 1 792633534417207318 4 0 1073741855 2 144115188075856110 19 31 2 144115188075856110 18 2133 2 1224979098644774913 7 5 0 541 3 144115188075856213 0 3 2133 2 1224979098644774913 0 5 0 2133 2 1224979098644774913 1 3 0 4 0 32 2 144115188075856215 0 2133 2 1224979098644774914 511 1940 3 792633534417207318 1224979098644774913 1224979098644774914 1 4 936748722493063923 792633534417207318 1224979098644774913 1 3 0 1912 1 1224979098644774913 1304 1 864691128455135343 1910 1 1224979098644774912 2048 0  .  mno_sneak_caught_surrender  0  Surrender.  1 2060 1 864691128455135391  . 
menu_sneak_into_town_caught_dispersed_guards 0 You_drive_off_the_guards_and_cover_your_trail_before_running_off,_easily_losing_your_pursuers_in_the_maze_of_streets. none 9 2124 1 100 701 1 0 4 0 2147483679 2 144115188075856215 0 729 2 0 60 730 2 0 20 731 2 0 100 2032 3 1729382256910270465 360287970189639680 0 3 0 1
 mno_continue  0  Continue...  6 4 0 31 2 144115188075856215 0 2133 2 144115188075856215 1 3 0 2133 2 144115188075856216 1 2060 1 864691128455135343  . 
menu_sneak_into_town_caught_ran_away 0 You_make_your_way_back_through_the_gates_and_quickly_retreat_to_the_safety_of_the_countryside.{s11} none 27 2319 1 11 2133 2 1224979098644774912 0 2133 2 1224979098644774913 360287970189640294 6 3 1224979098644774914 360287970189639979 1224979098644774913 4 0 540 3 1224979098644774914 149 4 2133 2 144115188075856110 8 2133 2 72057594037927950 1224979098644774914 1 3 936748722493063341 1224979098644774914 -1 500 3 1224979098644774914 149 -1 520 3 1224979098644774915 1224979098644774914 8 1616 3 1224979098644774915 1224979098644774914 1 500 3 1224979098644774914 8 -1 2133 2 1224979098644774913 -1 5 0 540 3 1224979098644774914 149 5 2322 2 12 1224979098644774914 4 0 31 2 1224979098644774912 0 2320 2 11 216172782113786338 5 0 2320 2 11 216172782113786339 3 0 2133 2 1224979098644774912 1 3 0 500 3 1224979098644774914 149 0 3 0 1
 mno_continue  0  Continue...  4 2133 2 144115188075856062 -1 2202 1 144115188075856274 2270 1 144115188075856275 2040 0  . 
menu_garden 0 {s12} none 53 1 2 936748722493063715 144115188075856258 2133 2 1224979098644774912 72057594037927936 2322 2 11 144115188075856258 4 0 1 3 936748722493063731 1224979098644774912 360287970189639680 2147483678 2 72057594037927936 0 500 3 1224979098644774912 38 -1 3 0 2133 2 144115188075856288 0 4 0 540 3 1224979098644774912 38 1 2320 2 12 216172782113786367 5 0 1 3 936748722493063710 360287970189639680 144115188075856258 32 2 72057594037927936 0 2133 2 1224979098644774913 0 4 0 200 1 504403158265495592 546 3 504403158265495592 6 144115188075856258 2133 2 1224979098644774913 1 5 0 200 1 504403158265495593 546 3 504403158265495593 6 144115188075856258 1073742026 1 504403158265495593 203 1 504403158265495593 2133 2 1224979098644774913 1 5 0 200 1 504403158265495578 546 3 504403158265495578 6 144115188075856258 1073742026 1 504403158265495578 203 1 504403158265495578 2133 2 1224979098644774913 1 3 0 4 0 2270 1 1224979098644774914 520 3 1224979098644774915 144115188075856258 4 2106 2 1224979098644774914 1224979098644774915 1073741854 2 1224979098644774914 96 31 2 1224979098644774913 1 4 0 33 3 144115188075856273 648518346341351445 648518346341351519 2320 2 12 216172782113786368 2133 2 144115188075856288 1 5 0 2320 2 12 216172782113786369 2133 2 144115188075856288 2 3 0 5 0 2320 2 12 216172782113786370 3 0 5 0 2320 2 12 216172782113786371 3 0 4
 mno_enter  2 1 2 936748722493063715 144115188075856258 540 3 72057594037927936 38 1  Enter  2 2060 1 864691128455135343 1 3 936748722493063488 144115188075856258 144115188075856273  .  mno_nurse  1 31 2 144115188075856288 1  Go_with_the_nurse  2 2060 1 864691128455135343 1 3 936748722493063488 144115188075856258 144115188075856273  .  mno_nurse  1 31 2 144115188075856288 2  Wait_by_the_spring  2 2060 1 864691128455135343 1 3 936748722493063488 144115188075856258 144115188075856273  .  mno_leave  0  Leave  1 2060 1 864691128455135343  . 
menu_establish_court 512 To_establish_{s4}_as_your_court_will_require_a_small_refurbishment._In_particular,_you_will_need_a_set_of_tools_and_two_bolts_of_fabric._You_own_{reg1}_of_the_former_and_{reg0}_of_the_latter._It_may_also_take_a_short_while_for_some_of_your_followers_to_relocate_here._Do_you_wish_to_proceed? none 9 1 4 936748722493063932 360287970189639680 -1 -1 2133 2 144115188075857082 72057594037927936 2133 2 144115188075857084 72057594037927937 1 4 936748722493063932 360287970189641323 -1 -1 2105 2 144115188075857082 72057594037927936 2105 2 144115188075857084 72057594037927937 2330 2 4 144115188075856273 2133 2 72057594037927936 144115188075857082 2133 2 72057594037927937 144115188075857084 3
 mno_establish  2 30 2 144115188075857082 2 30 2 144115188075857084 1  Establish_{s4}_as_your_court  4 2133 2 144115188075856285 144115188075856213 1 4 936748722493063932 360287970189641323 2 1 1 4 936748722493063932 360287970189639680 72057594037927936 72057594037927937 2060 1 864691128455135343  .  mno_check_inv  0  Check_your_household_inventory  1 2041 1 360287970189641323  .  mno_continue  0  Hold_off...  1 2060 1 864691128455135343  . 
menu_kill_local_merchant_begin 0 You_spot_your_victim_and_follow_him,_observing_as_he_turns_a_corner_into_a_dark_alley._This_will_surely_be_your_best_opportunity_to_attack_him. none 0 1
 mno_continue  0  Continue...  9 1911 1 792633534417207303 521 3 1224979098644774912 144115188075856082 17 1261 1 1224979098644774912 1262 0 1263 2 0 360287970189639680 1263 2 1 360287970189641342 2060 1 864691128455135343 1910 1 1224979098644774912 2048 0  . 
menu_lost_tavern_duel 512 {s11}{s12} none 19 2319 1 11 2319 1 12 4 0 1718 2 1224979098644774912 144115188075856009 31 2 1224979098644774912 360287970189641346 2320 2 11 216172782113786928 5 0 1718 2 1224979098644774912 144115188075856009 31 2 1224979098644774912 360287970189641347 2320 2 11 216172782113786929 3 0 500 3 360287970189641347 12 -1 500 3 360287970189641346 12 -1 4 0 32 2 144115188075856215 0 2136 3 1224979098644774913 -100 200 30 2 1224979098644774913 0 2320 2 12 1585267068834416338 3 0 2
 mno_continue  1 31 2 144115188075856215 0  Continue...  3 2060 1 864691128455135343 1560 2 360287970189639680 25 1 3 936748722493063458 360287970189639680 -1  .  mno_surrender  1 32 2 144115188075856215 0  Surrender...  1 2060 1 864691128455135397  . 
menu_town_tournament_lost 0 You_have_been_eliminated_from_the_tournament.{s8} none 10 2319 1 8 4 0 3221225503 2 144115188075856287 144115188075856787 2147484208 3 360287970189639680 7 50 2147484208 3 360287970189639680 7 125 32 2 144115188075856094 4 542 3 144115188075856787 4 6 542 3 144115188075856787 5 144115188075856273 2320 2 8 216172782113786334 3 0 1
 mno_continue  0  Continue...  1 2060 1 864691128455135365  . 
menu_town_tournament_won 512 You_have_won_the_tournament_of_{s3}!_You_are_filled_with_pride_as_the_crowd_cheers_your_name._In_addition_to_honour,_fame_and_glory,_you_earn_a_prize_of_{reg9}_crowns._{s8} none 54 2330 2 3 144115188075856213 1 3 936748722493063458 360287970189639680 20 1 3 936748722493063460 144115188075856213 1 4 0 30 2 144115188075857109 1 1 3 936748722493063852 360287970189639680 144115188075856787 2122 3 1224979098644774912 72057594037927936 20 4 0 31 2 144115188075857183 3 2105 2 1224979098644774912 300 5 0 2105 2 1224979098644774912 150 3 0 4 0 541 3 144115188075856213 7 360287970189639680 2107 2 1224979098644774912 2 2108 2 1224979098644774912 3 3 0 5 0 31 2 144115188075857183 3 2133 2 1224979098644774912 500 5 0 2133 2 1224979098644774912 200 3 0 2133 2 72057594037927945 1224979098644774912 1528 2 360287970189639680 1224979098644774912 1062 2 250 360287970189639680 2319 1 8 2120 3 1224979098644774913 144115188075856252 144115188075856253 4 0 32 2 144115188075856253 0 2133 2 72057594037927944 1224979098644774913 2320 2 8 1585267068834416339 3 0 4 0 3221225503 2 144115188075856287 144115188075856787 2147484208 3 360287970189639680 7 70 2147484208 3 360287970189639680 7 145 542 3 144115188075856787 4 6 542 3 144115188075856787 5 144115188075856273 2320 2 8 216172782113786335 3 0 1528 2 360287970189639680 1224979098644774913 2133 2 1224979098644774914 0 2123 3 1224979098644774914 144115188075856253 5 521 3 1224979098644774915 144115188075856213 51 2106 2 1224979098644774915 1224979098644774914 2111 2 1224979098644774915 250 501 3 144115188075856213 51 1224979098644774915 1 1 936748722493063693 372 1 33 609 1 0 2031 1 1441151880758558729 1 4 936748722493063914 144115188075856787 1224979098644774915 1 1
 mno_continue  0  Continue...  1 2060 1 864691128455135343  . 
menu_town_tournament_won_by_another 512 As_the_only_{reg3?fighter:man}_to_remain_undefeated_this_day,_{s1}_wins_the_lists_and_the_glory_of_this_tournament. none 31 1 3 936748722493063995 144115188075857178 936748722493064017 1 2 936748722493064003 144115188075857178 2133 2 1224979098644774912 360287970189639693 4 0 1 3 936748722493063988 144115188075857178 1 2133 2 1224979098644774912 72057594037927936 3 0 2322 2 1 1224979098644774912 4 0 1507 1 1224979098644774912 1 3 936748722493063458 1224979098644774912 20 4 0 540 3 1224979098644774912 2 2 30 2 144115188075857109 1 1 3 936748722493063852 1224979098644774912 144115188075856787 2122 3 1224979098644774913 72057594037927936 20 2105 2 1224979098644774913 150 1 3 936748722493063841 1224979098644774913 1224979098644774912 3 0 5 0 2320 2 1 1585267068834416340 3 0 1 3 936748722493063830 1224979098644774912 3 1232 1 144115188075857178 2133 2 144115188075857178 0 1232 1 144115188075857179 2133 2 144115188075857179 0 1232 1 144115188075857180 2133 2 144115188075857180 0 609 1 0 2031 1 1441151880758558729 1
 mno_continue  0  Continue...  1 2060 1 864691128455135343  . 
menu_town_tournament 512 {s1}You_are_at_tier_{reg0}_of_the_tournament,_with_{reg1}_participants_remaining._In_the_next_round,_there_will_be_{reg2}_teams_with_{reg3}_{reg4?fighters:fighter}_each. none 38 501 3 144115188075856213 156 0 1 1 936748722493063220 2133 2 1224979098644774912 72057594037927936 2133 2 1224979098644774913 72057594037927937 4 0 31 2 144115188075857183 3 1 1 936748722493064066 3 0 4 0 31 2 1224979098644774913 0 2060 1 864691128455135363 5 0 31 2 1224979098644774912 1 2060 1 864691128455135364 5 0 4 0 2147483680 2 144115188075856255 0 521 3 1224979098644774914 144115188075856213 157 521 3 1224979098644774915 144115188075856213 158 1 3 936748722493063221 1224979098644774914 1224979098644774915 2133 2 144115188075856255 72057594037927936 2133 2 144115188075856256 72057594037927937 2122 3 144115188075856266 72057594037927936 72057594037927937 3 0 2133 2 72057594037927938 144115188075856255 2133 2 72057594037927939 144115188075856256 2121 3 72057594037927940 72057594037927939 1 2319 1 1 4 0 31 2 144115188075856251 1 2320 2 1 1585267068834416341 5 0 31 2 144115188075856251 0 2320 2 1 1585267068834416342 3 0 2133 2 72057594037927937 1224979098644774912 2120 3 72057594037927936 144115188075856250 1 3 0 5
 mno_host_tournament  1 30 2 144115188075856163 1  {!}Cheat_:_Win_tournament  3 2060 1 864691128455135364 2133 2 144115188075856177 144115188075856213 2133 2 144115188075856094 100  .  mno_tournament_view_participants  0  View_participants.  1 2060 1 864691128455135370  .  mno_tournament_bet  1 2147483679 2 144115188075856250 144115188075856254  Place_a_bet_on_yourself.  1 2060 1 864691128455135368  .  mno_tournament_join_next_fight  0  Fight_in_the_next_round.  105 521 3 1224979098644774912 144115188075856213 16 1261 1 1224979098644774912 1262 0 2133 2 144115188075856094 144115188075856250 4 0 32 2 144115188075856094 4 2133 2 144115188075856177 144115188075856213 3 0 2105 2 144115188075856250 1 2133 2 144115188075856255 0 2133 2 144115188075856256 0 2133 2 144115188075856156 3 1911 1 792633534417207321 521 3 1224979098644774913 144115188075856213 61 2133 2 1224979098644774914 288230376151711804 2133 2 1224979098644774915 -1 2133 2 1224979098644774916 288230376151711794 4 0 31 2 1224979098644774913 432345564227567631 2133 2 1224979098644774914 288230376151711799 2133 2 1224979098644774915 288230376151711818 5 0 31 2 1224979098644774913 432345564227567632 2133 2 1224979098644774914 288230376151711799 2133 2 1224979098644774915 288230376151711813 5 0 31 2 1224979098644774913 432345564227567633 2133 2 1224979098644774914 288230376151711799 2133 2 1224979098644774915 288230376151711813 5 0 31 2 1224979098644774913 432345564227567634 2133 2 1224979098644774914 288230376151711799 2133 2 1224979098644774915 288230376151711813 3 0 521 3 1224979098644774917 144115188075856213 78 521 3 1224979098644774918 144115188075856213 79 1 2 936748722493063979 144115188075857178 2133 2 1224979098644774919 72057594037927936 2105 2 1224979098644774919 1 6 3 1224979098644774920 1 1224979098644774919 1 3 936748722493063988 144115188075857178 1224979098644774920 2133 2 1224979098644774921 72057594037927936 30 2 1224979098644774921 0 1 3 936748722493063988 144115188075857180 1224979098644774920 2133 2 1224979098644774922 72057594037927936 30 2 1224979098644774922 0 1941 2 792633534417207321 1224979098644774922 2123 3 1224979098644774923 1224979098644774922 8 1 3 936748722493063988 144115188075857179 1224979098644774920 2133 2 1224979098644774924 72057594037927936 4 0 30 2 1224979098644774924 87 2106 2 1224979098644774924 10 2147483678 2 1224979098644774924 1224979098644774918 1942 3 792633534417207321 1224979098644774922 288230376151711779 5 0 2147483678 2 1224979098644774924 1224979098644774917 1942 3 792633534417207321 1224979098644774922 288230376151711779 3 0 521 3 1224979098644774925 144115188075856213 1224979098644774924 4 0 4 0 32 2 1224979098644774914 0 2120 3 1224979098644774926 1224979098644774914 1224979098644774923 1942 3 792633534417207321 1224979098644774922 1224979098644774926 32 2 1224979098644774915 0 2120 3 1224979098644774927 1224979098644774915 1224979098644774923 1942 3 792633534417207321 1224979098644774922 1224979098644774927 3 0 32 2 1224979098644774925 0 1942 3 792633534417207321 1224979098644774922 1224979098644774925 4 0 32 2 1224979098644774916 0 1073741855 2 1224979098644774925 288230376151711761 1073741855 2 1224979098644774925 288230376151711764 1073741855 2 1224979098644774925 288230376151712694 1073741855 2 1224979098644774925 288230376151712851 31 2 1224979098644774925 288230376151711778 2120 3 1224979098644774928 1224979098644774916 1224979098644774923 1942 3 792633534417207321 1224979098644774922 1224979098644774928 3 0 4 0 31 2 1224979098644774925 288230376151711772 1942 3 792633534417207321 1224979098644774922 288230376151711780 1942 3 792633534417207321 1224979098644774922 288230376151711763 5 0 31 2 1224979098644774925 288230376151711773 1942 3 792633534417207321 1224979098644774922 288230376151711781 1942 3 792633534417207321 1224979098644774922 288230376151711761 5 0 31 2 1224979098644774925 288230376151711774 1942 3 792633534417207321 1224979098644774922 288230376151711763 3 0 3 0 4 0 1507 1 1224979098644774921 1263 2 1224979098644774922 1224979098644774921 5 0 1 3 936748722493063977 0 1000000 1263 3 1224979098644774922 1224979098644774921 72057594037927936 3 0 3 0 2133 2 144115188075857177 1 1910 1 1224979098644774912 2048 0  .  mno_leave_tournament  0  Withdraw_from_the_tournament.  1 2060 1 864691128455135367  . 
menu_tournament_withdraw_verify 0 Are_you_sure_you_want_to_withdraw_from_the_tournament? none 0 2
 mno_tournament_withdraw_yes  0  Yes._This_is_a_pointless_affectation.  1 2060 1 864691128455135365  .  mno_tournament_withdraw_no  0  No,_not_as_long_as_there_is_a_chance_of_victory!  1 2060 1 864691128455135366  . 
menu_tournament_bet 0 The_bets_for_this_round_are_{reg0}_on_you_and_{reg1}_on_others.{reg2?_You_have_already_bet_{reg2}_crowns_on_yourself,_and_if_you_win,_you_will_earn_{reg3}_crowns.:}_How_much_do_you_want_to_bet? none 3 2133 2 72057594037927938 144115188075856252 2120 3 72057594037927939 144115188075856253 144115188075856252 1 1 936748722493063228 7
 mno_bet_200_denars  3 31 2 144115188075857183 3 2149 2 1224979098644774912 360287970189639680 30 2 1224979098644774912 200  [Noble_Jouster]_200_crowns.  2 2133 2 144115188075856007 200 2060 1 864691128455135369  .  mno_bet_100_denars  2 2149 2 1224979098644774912 360287970189639680 30 2 1224979098644774912 100  100_crowns.  2 2133 2 144115188075856007 100 2060 1 864691128455135369  .  mno_bet_50_denars  2 2149 2 1224979098644774912 360287970189639680 30 2 1224979098644774912 50  50_crowns.  2 2133 2 144115188075856007 50 2060 1 864691128455135369  .  mno_bet_20_denars  2 2149 2 1224979098644774912 360287970189639680 30 2 1224979098644774912 20  20_crowns.  2 2133 2 144115188075856007 20 2060 1 864691128455135369  .  mno_bet_10_denars  2 2149 2 1224979098644774912 360287970189639680 30 2 1224979098644774912 10  10_crowns.  2 2133 2 144115188075856007 10 2060 1 864691128455135369  .  mno_bet_5_denars  2 2149 2 1224979098644774912 360287970189639680 30 2 1224979098644774912 5  5_crowns.  2 2133 2 144115188075856007 5 2060 1 864691128455135369  .  mno_go_back_dot  0  Go_back.  1 2060 1 864691128455135366  . 
menu_tournament_bet_confirm 0 If_you_bet_{reg1}_crowns,_you_will_earn_{reg2}_crowns_if_you_win_the_tournament._Is_that_all_right? none 7 1 1 936748722493063228 2120 3 1224979098644774912 144115188075856007 72057594037927936 2122 3 1224979098644774913 144115188075856007 72057594037927937 2108 2 1224979098644774913 1224979098644774912 2105 2 1224979098644774913 144115188075856007 2133 2 72057594037927937 144115188075856007 2133 2 72057594037927938 1224979098644774913 2
 mno_tournament_bet_accept  0  Go_ahead.  2 1 2 936748722493063230 144115188075856007 2060 1 864691128455135366  .  mno_tournament_bet_cancel  0  Forget_it.  1 2060 1 864691128455135368  . 
menu_tournament_participants 0 You_ask_one_of_the_criers_for_the_names_of_the_other_tournament_participants._{s11} none 29 2320 2 11 1585267068834416343 1 2 936748722493063979 144115188075857178 2133 2 1224979098644774912 72057594037927936 2105 2 1224979098644774912 1 2133 2 1224979098644774913 0 2133 2 1224979098644774914 0 6 3 1224979098644774915 2 1224979098644774912 1 3 936748722493063988 144115188075857178 1224979098644774915 32 2 72057594037927936 0 4 0 1507 1 72057594037927936 2322 2 12 72057594037927936 2320 2 11 1585267068834416344 2105 2 1224979098644774914 1 5 0 2105 2 1224979098644774913 1 3 0 3 0 4 0 31 2 1224979098644774914 0 2320 2 11 1585267068834416345 5 0 31 2 1224979098644774913 1 2320 2 11 1585267068834416346 5 0 32 2 1224979098644774913 1 2133 2 72057594037927937 1224979098644774913 2320 2 11 1585267068834416347 3 0 1
 mno_go_back_dot  0  Go_back.  1 2060 1 864691128455135366  . 
menu_tournament_equipment 0 You_are_currently_using_{s1}._The_following_choices_are_available: none 10 1 3 936748722493063988 144115188075857179 1 4 0 1 2 936748722493063231 72057594037927936 2321 2 1 0 5 0 2320 2 1 1585267068834416348 3 0 2133 2 72057594037927938 144115188075856252 2120 3 72057594037927939 144115188075856253 144115188075856252 1 1 936748722493063228 17
 mno_equip_match  0  Whatever_matches_my_current_equipment_best.  7 1 3 936748722493063226 360287970189639680 144115188075856213 4 0 32 2 72057594037927937 0 2105 2 72057594037927936 10 3 0 1 4 936748722493063987 144115188075857179 1 72057594037927936 2060 1 864691128455135366  .  mno_equip_random  0  Random_equipment.  7 1 3 936748722493063225 360287970189639680 144115188075856213 4 0 32 2 72057594037927937 0 2105 2 72057594037927936 10 3 0 1 4 936748722493063987 144115188075857179 1 72057594037927936 2060 1 864691128455135366  .  mno_equip_1_horse  2 2120 3 1224979098644774912 80 10 1 2 936748722493063231 1224979098644774912  {s0}.  3 2120 3 1224979098644774912 80 10 1 4 936748722493063987 144115188075857179 1 1224979098644774912 2060 1 864691128455135366  .  mno_equip_1_foot  1 1 2 936748722493063231 80  {s0}.  2 1 4 936748722493063987 144115188075857179 1 80 2060 1 864691128455135366  .  mno_equip_2_horse  2 2120 3 1224979098644774912 81 10 1 2 936748722493063231 1224979098644774912  {s0}.  3 2120 3 1224979098644774912 81 10 1 4 936748722493063987 144115188075857179 1 1224979098644774912 2060 1 864691128455135366  .  mno_equip_2_foot  1 1 2 936748722493063231 81  {s0}.  2 1 4 936748722493063987 144115188075857179 1 81 2060 1 864691128455135366  .  mno_equip_3_horse  2 2120 3 1224979098644774912 82 10 1 2 936748722493063231 1224979098644774912  {s0}.  3 2120 3 1224979098644774912 82 10 1 4 936748722493063987 144115188075857179 1 1224979098644774912 2060 1 864691128455135366  .  mno_equip_3_foot  1 1 2 936748722493063231 82  {s0}.  2 1 4 936748722493063987 144115188075857179 1 82 2060 1 864691128455135366  .  mno_equip_4_horse  2 2120 3 1224979098644774912 83 10 1 2 936748722493063231 1224979098644774912  {s0}.  3 2120 3 1224979098644774912 83 10 1 4 936748722493063987 144115188075857179 1 1224979098644774912 2060 1 864691128455135366  .  mno_equip_4_foot  1 1 2 936748722493063231 83  {s0}.  2 1 4 936748722493063987 144115188075857179 1 83 2060 1 864691128455135366  .  mno_equip_5_horse  2 2120 3 1224979098644774912 84 10 1 2 936748722493063231 1224979098644774912  {s0}.  3 2120 3 1224979098644774912 84 10 1 4 936748722493063987 144115188075857179 1 1224979098644774912 2060 1 864691128455135366  .  mno_equip_5_foot  1 1 2 936748722493063231 84  {s0}.  2 1 4 936748722493063987 144115188075857179 1 84 2060 1 864691128455135366  .  mno_equip_6_horse  2 2120 3 1224979098644774912 85 10 1 2 936748722493063231 1224979098644774912  {s0}.  3 2120 3 1224979098644774912 85 10 1 4 936748722493063987 144115188075857179 1 1224979098644774912 2060 1 864691128455135366  .  mno_equip_6_foot  1 1 2 936748722493063231 85  {s0}.  2 1 4 936748722493063987 144115188075857179 1 85 2060 1 864691128455135366  .  mno_equip_7_horse  2 2120 3 1224979098644774912 86 10 1 2 936748722493063231 1224979098644774912  {s0}.  3 2120 3 1224979098644774912 86 10 1 4 936748722493063987 144115188075857179 1 1224979098644774912 2060 1 864691128455135366  .  mno_equip_7_foot  1 1 2 936748722493063231 86  {s0}.  2 1 4 936748722493063987 144115188075857179 1 86 2060 1 864691128455135366  .  mno_go_back_dot  0  Go_back.  1 2060 1 864691128455135366  . 
menu_collect_taxes 512 As_the_party_member_with_the_highest_trade_skill_({reg2}),_{reg3?you_expect:{s1}_expects}_that_collecting_taxes_from_here_will_take_{reg4}_days... none 50 1 2 936748722493063625 1369094286720630784 2133 2 1224979098644774912 72057594037927936 2133 2 72057594037927938 72057594037927936 2133 2 1224979098644774913 72057594037927937 4 0 31 2 1224979098644774913 360287970189639680 2133 2 72057594037927939 1 5 0 2133 2 72057594037927939 0 2322 2 1 1224979098644774913 3 0 2133 2 1224979098644774914 3000 4 0 541 3 144115188075856213 0 3 2133 2 1224979098644774914 6000 3 0 4 0 546 3 504403158265495557 11 0 2120 3 1224979098644774915 1224979098644774912 30 4 0 541 3 144115188075856213 0 3 2123 3 144115188075856267 5040 1224979098644774915 5 0 2123 3 144115188075856267 2160 1224979098644774915 3 0 1 2 936748722493063370 648518346341351424 2105 2 72057594037927936 20 2107 2 144115188075856267 20 2108 2 144115188075856267 72057594037927936 506 3 504403158265495557 10 144115188075856267 2123 3 1224979098644774916 144115188075856267 20 2123 3 1224979098644774917 144115188075856267 4 2133 2 1224979098644774918 1224979098644774917 2122 3 1224979098644774919 144115188075856267 3 2108 2 1224979098644774919 4 2107 2 1224979098644774914 2 2123 3 144115188075856268 1224979098644774914 144115188075856267 2136 3 144115188075856269 1224979098644774916 1224979098644774917 2136 3 144115188075856270 1224979098644774918 1224979098644774919 2133 2 144115188075856271 0 3 0 526 3 1224979098644774920 504403158265495557 10 2123 3 1224979098644774921 1224979098644774920 24 2107 2 1224979098644774921 24 4 0 2147483678 2 1224979098644774921 1224979098644774920 2105 2 1224979098644774921 24 3 0 2108 2 1224979098644774921 24 2133 2 72057594037927940 1224979098644774921 2
 mno_start_collecting  0  Start_collecting.  9 2133 2 144115188075856237 1 4 0 546 3 504403158265495557 11 0 506 3 504403158265495557 11 1 3 0 1031 3 1000 5 0 2133 2 144115188075856088 144115188075856213 2133 2 144115188075856220 1 2040 0  .  mno_collect_later  0  Put_it_off_until_later.  6 4 0 541 3 144115188075856213 0 3 2060 1 864691128455135343 5 0 2060 1 864691128455135321 3 0  . 
menu_collect_taxes_complete 512 You've_collected_{reg3}_crowns_in_taxes_from_{s3}._{s19}_will_be_expecting_you_to_take_the_money_to_{reg4?her:him}. none 15 2330 2 3 144115188075856213 526 3 1224979098644774912 504403158265495557 6 2322 2 19 1224979098644774912 4 0 31 2 144115188075856271 0 1 3 936748722493063460 144115188075856213 -2 3 0 1 2 936748722493063579 504403158265495557 4 0 1 2 936748722493063625 1369094286720630784 2147483679 2 72057594037927937 360287970189639680 1 3 936748722493063458 72057594037927937 3 3 0 526 3 72057594037927939 504403158265495557 22 1 3 936748722493063830 1224979098644774912 4 1
 mno_continue  0  Continue...  1 2040 0  . 
menu_collect_taxes_rebels_killed 0 Your_quick_action_and_strong_arm_have_successfully_put_down_the_revolt._Surely,_anyone_with_a_mind_to_rebel_against_you_will_think_better_of_it_after_this. none 0 1
 mno_continue  0  Continue...  1 2052 0  . 
menu_collect_taxes_failed 512 You_could_collect_only_{reg3}_crowns_as_tax_from_{s3}_before_the_revolt_broke_out._{s1}_won't_be_happy,_but_some_silver_will_placate_{reg4?her:him}_better_than_nothing_at_all... none 16 4 0 31 2 144115188075856162 0 2031 1 1441151880758558730 5 0 31 2 144115188075856162 0 2031 1 1441151880758558731 3 0 2330 2 3 144115188075856213 526 3 1224979098644774912 504403158265495557 6 1 2 936748722493063829 1224979098644774912 2133 2 72057594037927940 72057594037927936 2322 2 1 1224979098644774912 526 3 72057594037927939 504403158265495557 22 1 2 936748722493063580 504403158265495557 506 3 504403158265495557 11 4 1030 3 0 0 0 1
 mno_continue  0  Continue...  2 1 3 936748722493063458 360287970189639680 -2 2052 0  . 
menu_collect_taxes_revolt_warning 0 The_people_of_{s3}_are_outraged_at_your_demands_and_decry_it_as_nothing_more_than_extortion._They're_getting_very_restless,_and_they_may_react_badly_if_you_keep_pressing_them. none 1 2330 2 3 144115188075856213 2
 mno_continue_collecting_taxes  0  Ignore_them_and_continue.  2 1 3 936748722493063645 2 216172782113787175 2040 0  .  mno_halve_taxes  2 526 3 1224979098644774912 504403158265495557 6 2322 2 1 1224979098644774912  Agree_to_reduce_your_collection_by_half._({s1}_may_be_upset)  2 2133 2 144115188075856271 1 2040 0  . 
menu_collect_taxes_revolt 0 You_are_interrupted_while_collecting_the_taxes_at_{s3}._A_large_band_of_angry_{reg9?peasants:townsmen}_is_marching_nearer,_shouting_about_the_exorbitant_taxes_and_waving_torches_and_weapons._It_looks_like_they_aim_to_fight_you! none 9 2330 2 3 144115188075856213 4 0 541 3 144115188075856213 0 4 2133 2 72057594037927945 1 2031 1 1441151880758558768 5 0 2031 1 1441151880758558765 2133 2 72057594037927945 0 3 0 1
 mno_continue  0  Continue...  17 1911 1 792633534417207304 526 3 1224979098644774912 504403158265495557 1 4 0 541 3 1224979098644774912 0 3 521 3 1224979098644774913 1224979098644774912 17 5 0 521 3 1224979098644774913 1224979098644774912 10 3 0 1261 1 1224979098644774913 1262 0 2133 2 1224979098644774914 6 2171 2 1224979098644774915 360287970189639680 2108 2 1224979098644774915 5 2105 2 1224979098644774914 1224979098644774915 1264 3 1 360287970189641343 1224979098644774914 1910 1 1224979098644774913 2048 0  . 
menu_train_peasants_against_bandits 0 As_the_party_member_with_the_highest_training_skill_({reg2}),_{reg3?you_expect:{s1}_expects}_that_getting_some_peasants_ready_for_practice_will_take_{reg4}_hours. none 15 1 2 936748722493063625 1369094286720630801 2133 2 1224979098644774912 72057594037927936 2133 2 72057594037927938 72057594037927936 2133 2 1224979098644774913 72057594037927937 4 0 31 2 1224979098644774913 360287970189639680 2133 2 72057594037927939 1 5 0 2133 2 72057594037927939 0 2322 2 1 1224979098644774913 3 0 2121 3 1224979098644774914 20 1224979098644774912 2107 2 1224979098644774914 3 2108 2 1224979098644774914 5 2121 3 72057594037927940 1224979098644774914 144115188075856891 2
 mno_make_preparation  0  Train_them.  5 2133 2 144115188075856238 1 1031 3 1000 5 0 2133 2 144115188075856088 144115188075856213 2133 2 144115188075856220 1 2040 0  .  mno_train_later  0  Put_it_off_until_later.  1 2060 1 864691128455135321  . 
menu_train_peasants_against_bandits_ready 0 You_put_the_peasants_through_the_basics_of_soldiering,_discipline_and_obedience._You_think_{reg0}_of_them_{reg1?have:has}_fully_grasped_the_training_and_{reg1?are:is}_ready_for_some_practice. none 14 2171 2 1224979098644774912 360287970189639680 2108 2 1224979098644774912 10 2105 2 1224979098644774912 1 526 3 1224979098644774913 504403158265495590 10 526 3 1224979098644774914 504403158265495590 11 2106 2 1224979098644774913 1224979098644774914 2133 2 1224979098644774915 1224979098644774912 2110 2 1224979098644774915 1224979098644774913 2105 2 1224979098644774915 1 2136 3 1224979098644774916 1 1224979098644774915 2133 2 144115188075856272 1224979098644774916 2133 2 72057594037927936 1224979098644774916 2121 3 72057594037927937 1224979098644774916 1 2324 3 0 360287970189641344 1224979098644774916 1
 mno_peasant_start_practice  0  Start_the_practice_fight.  12 1911 1 792633534417207301 526 3 1224979098644774912 504403158265495590 1 521 3 1224979098644774913 1224979098644774912 10 1261 1 1224979098644774913 1262 0 1263 2 0 360287970189639680 1264 3 1 360287970189641344 144115188075856272 1912 1 11 1910 1 1224979098644774913 2060 1 864691128455135380 603 1 0 2048 0  . 
menu_train_peasants_against_bandits_training_result 512 {s0} none 11 2133 2 72057594037927941 144115188075856272 2324 3 0 360287970189641344 144115188075856272 4 0 31 2 144115188075856291 0 2320 2 0 1585267068834416349 5 0 2320 2 0 1585267068834416350 526 3 1224979098644774912 504403158265495590 11 2105 2 1224979098644774912 144115188075856272 506 3 504403158265495590 11 1224979098644774912 3 0 1
 mno_continue  0  Continue...  7 4 0 526 3 1224979098644774912 504403158265495590 11 546 3 504403158265495590 10 1224979098644774912 2060 1 864691128455135381 5 0 2052 0 3 0  . 
menu_train_peasants_against_bandits_attack 0 As_you_get_ready_to_continue_the_training,_a_sentry_from_the_village_runs_up_to_you,_shouting_alarums._The_bandits_have_been_spotted_on_the_horizon,_riding_hard_for_{s3}._The_elder_begs_that_you_organize_your_newly-trained_militia_and_face_them. none 1 2330 2 3 144115188075856213 1
 mno_peasants_against_bandits_attack_resist  0  Prepare_for_a_fight!  23 1 3 936748722493063876 144115188075856213 0 2133 2 1224979098644774912 72057594037927936 521 3 1224979098644774913 144115188075856273 10 1261 1 1224979098644774913 1262 0 2171 2 1224979098644774914 360287970189639680 2108 2 1224979098644774914 2 2120 3 1224979098644774915 1224979098644774914 16 2120 3 1224979098644774916 1224979098644774915 6 2136 3 1224979098644774917 1224979098644774915 1224979098644774916 1264 3 0 1224979098644774912 1224979098644774917 1630 3 1224979098644774918 144115188075856213 360287970189639705 2110 2 1224979098644774918 1224979098644774916 1264 3 2 360287970189641344 1224979098644774918 1020 0 1691 1 0 2133 2 144115188075856168 0 1911 1 792633534417207306 1910 1 1224979098644774913 2133 2 144115188075856193 864691128455135382 2060 1 864691128455135276 2133 2 144115188075856156 2 2048 0  . 
menu_train_peasants_against_bandits_attack_result 4608 {s9} none 10 4 0 31 2 144115188075856168 1 2320 2 9 1585267068834416351 1 2 936748722493063579 504403158265495590 2060 1 864691128455135383 5 0 1 2 936748722493063580 504403158265495590 2320 2 9 1585267068834416309 2031 1 1441151880758558742 3 0 1
 mno_continue  0  Continue...  8 4 0 1 3 936748722493063440 144115188075856213 2 501 3 144115188075856213 36 0 501 3 144115188075856213 37 0 1 3 936748722493063460 144115188075856273 -3 1 2 936748722493063582 504403158265495590 3 0 2052 0  . 
menu_train_peasants_against_bandits_success 512 The_bandits_are_broken!_Those_few_who_remain_run_off_with_their_tails_between_their_legs,_terrified_of_the_peasants_and_their_new_champion._The_villagers_have_little_left_in_the_way_of_wealth_after_their_ordeal,_but_they_offer_you_all_they_can_find_to_show_their_gratitude. none 16 1617 1 648518346341351425 526 3 1224979098644774912 504403158265495590 10 2204 2 1224979098644774913 144115188075856213 522 3 1224979098644774914 1224979098644774913 41 1610 3 144115188075856213 1224979098644774914 1224979098644774912 1615 3 144115188075856213 360287970189639705 1224979098644774912 1 2 936748722493063582 504403158265495590 1 3 936748722493063460 144115188075856213 4 521 3 1224979098644774915 144115188075856213 25 6 3 1224979098644774916 10 106 2136 3 1224979098644774917 0 100 2147483678 2 1224979098644774917 50 1543 3 1224979098644774915 1224979098644774916 -1 3 0 1 6 936748722493063683 4 360287970189639680 144115188075856213 -1 -1 2031 1 1441151880758559262 2
 mno_village_bandits_defeated_accept  0  Take_it_as_your_just_due.  4 2060 1 864691128455135450 521 3 1224979098644774912 144115188075856213 25 1511 1 1224979098644774912 2041 1 1224979098644774912  .  mno_village_bandits_defeated_cont  0  Refuse,_stating_that_they_need_these_items_more_than_you_do.  3 1 3 936748722493063460 144115188075856273 3 1 2 936748722493063466 1 2052 0  . 
menu_disembark 0 Do_you_wish_to_disembark? none 0 2
 mno_disembark_yes  0  Yes.  20 2133 2 144115188075856181 0 1603 3 648518346341351424 512 0 1625 2 1 648518346341351424 1626 2 648518346341351424 0 4 0 2147483680 2 144115188075856265 0 1103 1 0 1100 2 648518346341351424 576460752303423488 2133 2 144115188075856265 72057594037927936 1603 3 144115188075856265 2115072 1 2322 2 1 360287970189639680 1669 2 144115188075856265 1585267068834416352 1676 2 144115188075856265 1297036692682702885 501 3 144115188075856265 0 16 3 0 1231 1 144115188075856265 1626 2 144115188075856265 0 1676 2 144115188075856265 1297036692682702886 2133 2 144115188075856265 -1 2040 0  .  mno_disembark_no  0  No.  1 2040 0  . 
menu_ship_reembark 0 Do_you_wish_to_embark? none 0 2
 mno_reembark_yes  0  Yes.  8 2133 2 144115188075856181 2 1603 3 648518346341351424 512 1 1625 2 1 648518346341351424 1629 3 2 1 6 1626 2 648518346341351424 2 2133 2 144115188075856265 144115188075856273 1230 1 144115188075856273 2040 0  .  mno_reembark_no  0  No.  1 2040 0  . 
menu_enemy_offer_ransom_for_prisoner 0 {s2}_offers_you_a_sum_of_{reg12}_crowns_in_silver_if_you_are_willing_to_sell_them_{s1}. none 10 1 2 936748722493063652 144115188075856863 2133 2 72057594037927948 72057594037927936 2322 2 1 144115188075856863 2173 2 1224979098644774912 144115188075856863 2335 2 2 1224979098644774912 2124 1 100 729 2 0 70 730 2 0 5 731 2 0 75 2032 3 1729382256910270490 144115188075856863 0 2
 mno_ransom_accept  0  Accept_the_offer.  79 4 0 32 2 144115188075857091 0 1 2 936748722493063790 72057594037927948 5 0 1528 2 360287970189639680 72057594037927948 3 0 2133 2 1224979098644774912 72057594037927948 2133 2 1224979098644774913 144115188075856863 2173 2 1224979098644774914 144115188075856863 4 0 33 3 144115188075856863 360287970189640147 360287970189640294 2147484188 3 144115188075856863 2 2 2147484208 3 144115188075856863 11 1 4 0 520 3 1224979098644774915 144115188075856863 30 1073741857 3 1224979098644774915 360287970189639979 360287970189640147 540 3 1224979098644774915 2 2 2173 2 1224979098644774916 1224979098644774915 31 2 1224979098644774914 1224979098644774916 2147484208 3 1224979098644774915 2 11 2133 2 1224979098644774913 1224979098644774915 5 0 520 3 1224979098644774915 144115188075856863 31 1073741857 3 1224979098644774915 360287970189639979 360287970189640147 540 3 1224979098644774915 2 2 2173 2 1224979098644774916 1224979098644774915 31 2 1224979098644774914 1224979098644774916 2147484208 3 1224979098644774915 2 11 2133 2 1224979098644774913 1224979098644774915 5 0 520 3 1224979098644774915 144115188075856863 33 1073741857 3 1224979098644774915 360287970189639979 360287970189640147 540 3 1224979098644774915 2 2 2173 2 1224979098644774916 1224979098644774915 31 2 1224979098644774914 1224979098644774916 2147484208 3 1224979098644774915 2 11 2133 2 1224979098644774913 1224979098644774915 5 0 520 3 1224979098644774915 144115188075856863 32 1073741857 3 1224979098644774915 360287970189639979 360287970189640147 540 3 1224979098644774915 2 2 2173 2 1224979098644774916 1224979098644774915 31 2 1224979098644774914 1224979098644774916 2147484208 3 1224979098644774915 2 11 2133 2 1224979098644774913 1224979098644774915 3 0 1 2 936748722493063715 144115188075856863 2133 2 1224979098644774917 72057594037927937 500 3 144115188075856863 12 1224979098644774917 3 0 4 0 30 2 1224979098644774912 0 30 2 1224979098644774913 1 1507 1 1224979098644774913 266 1 1224979098644774918 4 0 31 2 1224979098644774918 0 2108 2 1224979098644774912 2 5 0 31 2 1224979098644774918 1 2107 2 1224979098644774912 3 2108 2 1224979098644774912 4 3 0 1 3 936748722493063842 1224979098644774912 1224979098644774913 3 0 1616 3 144115188075856864 144115188075856863 1 1 2 936748722493063696 144115188075856863 4 0 1506 2 1224979098644774919 360287970189639680 31 2 1224979098644774919 1 1506 2 1224979098644774919 144115188075856863 31 2 1224979098644774919 0 370 3 1224979098644774920 75 0 2105 2 1224979098644774920 1 371 3 75 0 1224979098644774920 31 2 1224979098644774920 3 372 1 75 3 0 2040 0  .  mno_ransom_reject  0  Reject_the_offer.  132 4 0 540 3 144115188075856863 52 2 1 3 936748722493063459 144115188075856863 -6 5 0 540 3 144115188075856863 52 5 1 3 936748722493063459 144115188075856863 -5 5 0 1 3 936748722493063459 144115188075856863 -4 3 0 1 2 936748722493063466 -1 2133 2 144115188075856046 1 2133 2 1224979098644774912 72057594037927936 2173 2 1224979098644774913 144115188075856863 4 0 33 3 144115188075856863 360287970189640147 360287970189640294 1 2 936748722493063715 144115188075855987 2133 2 1224979098644774914 72057594037927936 2173 2 1224979098644774913 1224979098644774914 6 3 1224979098644774915 360287970189639979 360287970189640294 560 3 1224979098644774915 2 2 2147484208 3 1224979098644774915 2 9 2147483679 2 144115188075856863 1224979098644774915 2173 2 1224979098644774916 1224979098644774915 2133 2 1224979098644774917 20 4 0 2147483679 2 1224979098644774916 1224979098644774913 2147483681 3 1224979098644774915 360287970189640147 360287970189640294 2133 2 1224979098644774917 40 3 0 2133 2 1224979098644774918 0 4 0 1073742364 3 1224979098644774915 30 144115188075856863 1073742364 3 144115188075856863 30 1224979098644774915 31 2 1224979098644774914 1224979098644774915 2133 2 1224979098644774918 -4 5 0 31 3 1224979098644774915 34 144115188075856863 2133 2 1224979098644774918 -4 5 0 1 3 936748722493063518 144115188075856863 1224979098644774915 30 2 72057594037927936 14 2133 2 1224979098644774918 -3 5 0 30 2 72057594037927936 10 2133 2 1224979098644774918 -2 5 0 30 2 72057594037927936 2 2133 2 1224979098644774918 -1 5 0 1 3 936748722493063710 1224979098644774915 144115188075856863 30 2 72057594037927936 1224979098644774917 1073741857 3 1224979098644774915 360287970189640147 360287970189640294 31 2 1224979098644774916 1224979098644774913 2133 2 1224979098644774918 -1 5 0 30 2 1224979098644774914 1 1 3 936748722493063710 1224979098644774915 1224979098644774914 30 2 72057594037927936 1224979098644774917 2133 2 1224979098644774918 -1 3 0 2147483678 2 1224979098644774918 0 4 0 540 3 1224979098644774915 52 2 2107 2 1224979098644774918 3 2106 2 1224979098644774918 1 2108 2 1224979098644774918 2 3 0 1 3 936748722493063459 1224979098644774915 1224979098644774918 3 0 5 0 33 3 144115188075856863 360287970189639979 360287970189640147 6 3 1224979098644774919 360287970189639979 360287970189640294 1073741857 3 1224979098644774919 360287970189639979 360287970189640147 540 3 1224979098644774919 2 2 2147484188 3 1224979098644774919 2 15 2147484208 3 1224979098644774919 2 11 2147483679 2 1224979098644774919 144115188075856863 2173 2 1224979098644774916 1224979098644774919 2133 2 1224979098644774918 0 1 3 936748722493063518 144115188075856863 1224979098644774919 4 0 30 2 72057594037927936 10 2133 2 1224979098644774918 -1 3 0 1 3 936748722493063710 1224979098644774919 144115188075856863 4 0 30 2 72057594037927936 20 31 2 1224979098644774916 1224979098644774913 2106 2 1224979098644774918 1 5 0 30 2 72057594037927936 40 2106 2 1224979098644774918 1 5 0 2147483678 2 72057594037927936 0 2133 2 1224979098644774918 0 3 0 2147483678 2 1224979098644774918 0 4 0 540 3 1224979098644774919 52 2 2107 2 1224979098644774918 3 2106 2 1224979098644774918 1 2108 2 1224979098644774918 2 3 0 1 3 936748722493063459 1224979098644774919 1224979098644774918 3 0 6 3 1224979098644774920 360287970189640147 360287970189640294 2147484188 3 1224979098644774920 2 2 2147484188 3 1224979098644774920 2 15 2147484208 3 1224979098644774920 2 11 2147483679 2 1224979098644774920 144115188075856863 2133 2 1224979098644774918 0 1 3 936748722493063518 1224979098644774920 144115188075856863 4 0 30 2 72057594037927936 14 2133 2 1224979098644774918 -3 5 0 30 2 72057594037927936 10 2133 2 1224979098644774918 -2 5 0 30 2 72057594037927936 2 2133 2 1224979098644774918 -1 5 0 1 3 936748722493063710 1224979098644774920 144115188075856863 30 2 72057594037927936 20 2133 2 1224979098644774918 -1 3 0 2147483678 2 1224979098644774918 0 1 3 936748722493063459 1224979098644774920 1224979098644774918 3 0 3 0 2133 2 72057594037927936 1224979098644774912 2040 0  . 
menu_captivity_avoid_wilderness 0 Suddenly_all_the_world_goes_black_around_you._Many_hours_later_you_regain_your_conciousness_and_find_yourself_at_the_spot_you_fell._Your_enemies_must_have_taken_you_up_for_dead_and_left_you_there._However,_it_seems_that_none_of_your_wound_were_lethal,_and_altough_you_feel_awful,_you_find_out_that_can_still_walk._You_get_up_and_try_to_look_for_any_other_survivors_from_your_party. none 0 0

menu_captivity_start_wilderness 0 Stub none 7 2133 2 144115188075856283 1 4 0 31 2 144115188075856038 1 2060 1 864691128455135389 5 0 2060 1 864691128455135390 3 0 0

menu_captivity_start_wilderness_surrender 0 Stub none 4 2133 2 144115188075856283 1 2133 2 144115188075856062 -1 2133 2 144115188075856063 144115188075856273 2060 1 864691128455135394 0

menu_captivity_start_wilderness_defeat 0 Your_enemies_take_you_prisoner. none 11 2133 2 144115188075856283 1 2133 2 144115188075856062 -1 2133 2 144115188075856063 144115188075856273 4 0 1652 3 1224979098644774912 144115188075856273 0 33 3 1224979098644774912 360287970189639979 360287970189640147 540 3 1224979098644774912 2 2 2121 3 1224979098644774913 1224979098644774912 360287970189639979 371 3 7 1224979098644774913 1 3 0 2060 1 864691128455135394 0

menu_captivity_start_castle_surrender 0 Stub none 4 2133 2 144115188075856283 1 2133 2 144115188075856062 -1 2133 2 144115188075856063 144115188075856273 2060 1 864691128455135397 0

menu_captivity_start_castle_defeat 0 Stub none 11 2133 2 144115188075856283 1 2133 2 144115188075856062 -1 2133 2 144115188075856063 144115188075856273 4 0 2136 3 1224979098644774912 -50 100 30 2 1224979098644774912 144115188075856755 2133 2 144115188075856193 864691128455135397 2060 1 864691128455135280 5 0 2060 1 864691128455135397 3 0 0

menu_captivity_start_under_siege_defeat 0 Your_enemies_take_you_prisoner. none 11 2133 2 144115188075856283 1 2133 2 144115188075856062 -1 2133 2 144115188075856063 144115188075856273 4 0 2136 3 1224979098644774912 -50 150 30 2 1224979098644774912 144115188075856755 2133 2 144115188075856193 864691128455135397 2060 1 864691128455135280 5 0 2060 1 864691128455135397 3 0 0

menu_captivity_wilderness_taken_prisoner 4096 Your_enemies_take_you_prisoner. none 1 2031 1 1441151880758558725 1
 mno_continue  0  Continue...  7 1021 1 144115188075856063 2133 2 144115188075856283 1 2136 3 1224979098644774912 18 30 1 1 936748722493063648 1 2 936748722493063659 1224979098644774912 2133 2 144115188075856062 864691128455135395 2040 0  . 
menu_captivity_wilderness_check 0 stub none 1 2060 1 864691128455135396 0

menu_captivity_end_wilderness_escape 4096 After_painful_days_of_being_dragged_about_as_a_prisoner,_you_find_a_chance_and_escape_from_your_captors! none 7 602 1 1657324662872342681 4 0 31 2 144115188075856162 1 2031 1 1441151880758558731 5 0 2031 1 1441151880758558730 3 0 1
 mno_continue  0  Continue...  11 2133 2 144115188075856283 0 4 0 132 1 144115188075856063 1623 3 648518346341351424 144115188075856063 2 3 0 1 3 936748722493063660 8 12 2133 2 144115188075856181 0 1021 1 648518346341351424 1030 3 0 0 0 2133 2 144115188075857081 1 2040 0  . 
menu_captivity_castle_taken_prisoner 0 You_are_quickly_surrounded_by_guards_who_take_away_your_weapons._With_curses_and_insults,_they_throw_you_into_the_dungeon_where_you_must_while_away_the_miserable_days_of_your_captivity. none 7 4 0 31 2 144115188075856162 1 2031 1 1441151880758558724 5 0 2031 1 1441151880758558723 3 0 1 3 936748722493063460 144115188075856273 -1 1
 mno_continue  0  Continue...  6 2133 2 144115188075856283 1 2136 3 1224979098644774912 16 22 1 1 936748722493063648 1 2 936748722493063659 1224979098644774912 2133 2 144115188075856062 864691128455135399 2040 0  . 
menu_captivity_rescue_lord_taken_prisoner 0 You_remain_in_disguise_for_as_long_as_possible_before_revealing_yourself._The_guards_are_outraged_and_beat_you_savagely_before_throwing_you_back_into_the_cell_for_God_knows_how_long... none 6 4 0 31 2 144115188075856162 1 2031 1 1441151880758558724 5 0 2031 1 1441151880758558723 3 0 1
 mno_continue  0  Continue...  6 2133 2 144115188075856283 1 2136 3 1224979098644774912 16 22 1 1 936748722493063648 1 2 936748722493063659 1224979098644774912 2133 2 144115188075856062 864691128455135399 2040 0  . 
menu_captivity_castle_check 0 stub none 79 2171 2 1224979098644774912 360287970189639680 4 0 31 2 144115188075856171 1 2133 2 1224979098644774913 100 5 0 2133 2 1224979098644774913 50 3 0 2122 3 144115188075856284 1224979098644774912 1224979098644774913 2105 2 144115188075856284 100 2149 2 1224979098644774914 360287970189639680 2123 3 1224979098644774915 1224979098644774914 20 2105 2 144115188075856284 1224979098644774915 2149 2 1224979098644774916 360287970189641323 2133 2 144115188075855987 -1 4 0 520 3 1224979098644774917 360287970189639680 30 32 2 1224979098644774917 0 540 3 1224979098644774917 30 360287970189639680 5 0 2133 2 1224979098644774917 -1 3 0 4 0 30 2 144115188075857109 0 1073741856 2 1224979098644774917 0 32 2 144115188075857092 0 2136 3 1224979098644774918 0 8 5 0 2136 3 1224979098644774918 0 10 3 0 4 0 132 1 144115188075856063 2204 2 1224979098644774919 144115188075856063 33 3 1224979098644774919 432345564227567630 432345564227567635 2190 3 1224979098644774920 1224979098644774919 432345564227567629 30 2 1224979098644774920 0 2060 1 864691128455135400 5 0 2147483678 2 1224979098644774918 4 4 0 110 1 1224979098644774917 2171 2 1224979098644774921 1224979098644774917 2107 2 1224979098644774921 250 2111 2 1224979098644774921 1000 2105 2 144115188075856284 1224979098644774921 3 0 32 2 1224979098644774914 144115188075856284 2060 1 864691128455135401 5 0 2147483678 2 1224979098644774918 5 30 2 144115188075857109 0 32 2 1224979098644774917 0 2147483758 1 1224979098644774917 2133 2 144115188075855987 1224979098644774917 32 2 1224979098644774916 144115188075856284 1 2 936748722493063791 144115188075856284 2060 1 864691128455135400 5 0 2147483678 2 1224979098644774918 6 30 2 144115188075857109 0 32 2 144115188075857092 0 266 1 1224979098644774922 4 0 31 2 1224979098644774922 0 2108 2 144115188075856284 2 5 0 31 2 1224979098644774922 1 2107 2 144115188075856284 3 2108 2 144115188075856284 4 3 0 2133 2 144115188075855987 144115188075857092 1 3 936748722493063842 144115188075856284 144115188075857092 2060 1 864691128455135400 5 0 2147483678 2 1224979098644774918 7 2133 2 144115188075855987 -1 2060 1 864691128455135400 5 0 2060 1 864691128455135402 3 0 0

menu_captivity_end_exchanged_with_prisoner 0 After_days_of_imprisonment,_you_are_finally_set_free_when_your_captors_{reg10?receive_your_ransom_from_{s10}:exchange_you_with_another_prisoner}. none 12 602 1 1657324662872342681 4 0 32 2 144115188075855987 -1 2133 2 72057594037927946 1 2322 2 10 144115188075855987 5 0 2133 2 72057594037927946 0 3 0 2133 2 144115188075856283 0 2133 2 144115188075856181 0 1021 1 648518346341351424 1030 3 0 0 0 3
 mno_continue_court  1 33 3 144115188075856285 648518346341351445 648518346341351873  Go_back_to_your_court_in_shame...  2 1623 3 648518346341351424 144115188075856285 2 2040 0  .  mno_continue_ransomer  1 33 3 144115188075855987 360287970189639979 360287970189640294  Return_with_{s10}'s_escorts...  24 2133 2 1224979098644774912 -1 4 0 540 3 144115188075855987 2 2 520 3 1224979098644774913 144115188075855987 10 4 0 32 2 1224979098644774913 0 132 1 1224979098644774913 2133 2 1224979098644774912 1224979098644774913 5 0 1 2 936748722493063714 144115188075855987 2133 2 1224979098644774912 72057594037927936 3 0 5 0 540 3 144115188075855987 2 6 1 2 936748722493063715 144115188075855987 2133 2 1224979098644774912 72057594037927937 3 0 4 0 132 1 1224979098644774912 1623 3 648518346341351424 1224979098644774912 2 3 0 1 3 936748722493063459 144115188075855987 -1 1 3 936748722493063660 8 12 2040 0  .  mno_continue  0  Continue...  9 4 0 132 1 144115188075856063 1623 3 648518346341351424 144115188075856063 2 3 0 1 3 936748722493063660 8 12 2133 2 144115188075856181 0 1021 1 648518346341351424 1030 3 0 0 0 2040 0  . 
menu_captivity_end_propose_ransom 0 You_spend_long_hours_in_the_sunless_dank_of_the_dungeon,_more_than_you_can_count._Suddenly_one_of_your_captors_enters_your_cell_with_an_offer;_he_proposes_to_free_you{reg6?_and_{s5}:}_in_return_for_{reg5}_crowns_of_your_hidden_wealth._You_decide_to... none 10 2133 2 72057594037927941 144115188075856284 4 0 520 3 1224979098644774912 360287970189639680 30 32 2 1224979098644774912 0 110 1 1224979098644774912 2322 2 5 1224979098644774912 2133 2 72057594037927942 1 5 0 2133 2 72057594037927942 0 3 0 2
 mno_captivity_end_ransom_accept  2 2149 2 1224979098644774912 360287970189639680 30 2 1224979098644774912 144115188075856284  Accept_the_offer.  12 602 1 1657324662872342681 2133 2 144115188075856283 0 1529 2 360287970189639680 144115188075856284 4 0 132 1 144115188075856063 1623 3 648518346341351424 144115188075856063 1 3 0 1 3 936748722493063660 8 12 2133 2 144115188075856181 0 1021 1 648518346341351424 1030 3 0 0 0 2040 0  .  mno_captivity_end_ransom_deny  0  Refuse_him,_wait_for_something_better.  5 2133 2 144115188075856283 1 2136 3 72057594037927944 16 22 1 2 936748722493063659 72057594037927944 2133 2 144115188075856062 864691128455135399 2040 0  . 
menu_captivity_castle_remain 4608 More_days_pass_in_the_darkness_of_your_cell._You_get_through_them_as_best_you_can,_enduring_the_kicks_and_curses_of_the_guards,_watching_your_underfed_body_waste_away_more_and_more... none 9 4 0 31 2 144115188075856162 1 2031 1 1441151880758558724 5 0 2031 1 1441151880758558723 3 0 2136 3 1224979098644774912 16 22 1 2 936748722493063659 1224979098644774912 2133 2 144115188075856062 864691128455135399 1
 mno_continue  0  Continue...  2 2133 2 144115188075856283 1 2040 0  . 
menu_training_ground 256 You_approach_a_training_field_where_you_can_practice_your_martial_skills._What_kind_of_training_do_you_want_to_do? none 38 4 0 521 3 1224979098644774912 11 144115188075856273 2147483680 2 1224979098644774912 0 2120 3 1224979098644774912 720575940379279428 144115188075856273 2106 2 1224979098644774912 648518346341351879 501 3 144115188075856273 11 1224979098644774912 3 0 4 0 521 3 1224979098644774912 10 144115188075856273 2147483680 2 1224979098644774912 0 2120 3 1224979098644774912 720575940379279433 144115188075856273 2106 2 1224979098644774912 648518346341351879 501 3 144115188075856273 10 1224979098644774912 3 0 2133 2 144115188075856276 1224979098644774912 1685 3 1224979098644774913 648518346341351424 1369094286720630801 4 0 521 3 1224979098644774914 144115188075856273 7 4 0 2147483680 2 1224979098644774914 0 2121 3 1224979098644774914 144115188075856273 648518346341351879 2105 2 1224979098644774914 360287970189639927 501 3 144115188075856273 7 1224979098644774914 3 0 520 3 1224979098644774915 1224979098644774914 36 2105 2 1224979098644774913 1224979098644774915 3 0 2108 2 1224979098644774913 2 2111 2 1224979098644774913 3 4 0 561 3 144115188075856273 12 1224979098644774913 501 3 144115188075856273 12 0 1030 3 1 5 0 2133 2 144115188075856088 144115188075856273 2040 0 3 0 2133 2 144115188075856169 360287970189639680 2031 1 1441151880758558721 7
 mno_camp_trainer  0  Speak_with_the_trainer.  5 1911 1 792633534417207315 1912 1 5 1910 1 144115188075856276 2048 0 603 1 0  .  mno_camp_train_melee  3 2147485156 1 360287970189639680 1 2 936748722493063370 648518346341351424 32 2 72057594037927936 1  Sparring_practice.  3 2133 2 144115188075856156 1 2060 1 864691128455135404 603 1 0  .  mno_camp_train_archery  0  Ranged_weapon_practice.  2 2060 1 864691128455135407 603 1 0  .  mno_camp_train_mounted  0  Horseback_practice.  3 2133 2 144115188075856156 3 2060 1 864691128455135406 603 1 0  .  mno_go_to_track  1 31 2 144115188075856163 1  {!}Cheat:_Go_to_track.  9 1911 1 792633534417207319 4 0 521 3 1224979098644774912 11 144115188075856273 2147483680 2 1224979098644774912 0 2120 3 1224979098644774912 720575940379279428 144115188075856273 2106 2 1224979098644774912 648518346341351879 3 0 1910 1 1224979098644774912 2048 0  .  mno_go_to_range  1 31 2 144115188075856163 1  {!}Cheat:_Go_to_range.  3 1911 1 792633534417207319 1910 1 144115188075856276 2048 0  .  mno_leave  0  Leave.  1 2040 0  . 
menu_training_ground_selection_details_melee_1 0 How_many_opponents_will_you_go_against? none 3 1 3 936748722493063359 648518346341351424 1 520 3 144115188075856007 360287970189641335 1 2133 2 144115188075856068 1 5
 mno_camp_train_melee_num_men_1  1 30 2 144115188075856007 1  One.  2 2133 2 144115188075856007 1 2060 1 864691128455135405  .  mno_camp_train_melee_num_men_2  1 30 2 144115188075856007 2  Two.  2 2133 2 144115188075856007 2 2060 1 864691128455135405  .  mno_camp_train_melee_num_men_3  1 30 2 144115188075856007 3  Three.  2 2133 2 144115188075856007 3 2060 1 864691128455135405  .  mno_camp_train_melee_num_men_4  1 30 2 144115188075856007 4  Four.  2 2133 2 144115188075856007 4 2060 1 864691128455135405  .  mno_go_back_dot  0  Cancel.  1 2060 1 864691128455135403  . 
menu_training_ground_selection_details_melee_2 0 Choose_your_opponent:^{s1}^{reg1}: none 11 2133 2 72057594037927937 144115188075856068 520 3 144115188075856278 360287970189641335 0 2319 1 1 2121 3 1224979098644774912 144115188075856068 1 6 3 1224979098644774913 0 1224979098644774912 2120 3 72057594037927936 1224979098644774913 1 520 3 1224979098644774914 360287970189641329 1224979098644774913 32 2 1224979098644774914 0 2322 2 2 1224979098644774914 2320 2 1 1585267068834416353 3 0 21
 mno_training_ground_selection_details_melee_random  0  Choose_randomly.  1 1 2 936748722493063364 -1  .  mno_go_back_dot  0  Go_back.  1 2060 1 864691128455135403  .  mno_stack1  1 1 2 936748722493063363 1  {s0}  1 1 2 936748722493063364 1  .  mno_stack2  1 1 2 936748722493063363 2  {s0}  1 1 2 936748722493063364 2  .  mno_stack3  1 1 2 936748722493063363 3  {s0}  1 1 2 936748722493063364 3  .  mno_stack4  1 1 2 936748722493063363 4  {s0}  1 1 2 936748722493063364 4  .  mno_stack5  1 1 2 936748722493063363 5  {s0}  1 1 2 936748722493063364 5  .  mno_stack6  1 1 2 936748722493063363 6  {s0}  1 1 2 936748722493063364 6  .  mno_stack7  1 1 2 936748722493063363 7  {s0}  1 1 2 936748722493063364 7  .  mno_stack8  1 1 2 936748722493063363 8  {s0}  1 1 2 936748722493063364 8  .  mno_stack9  1 1 2 936748722493063363 9  {s0}  1 1 2 936748722493063364 9  .  mno_stack10  1 1 2 936748722493063363 10  {s0}  1 1 2 936748722493063364 10  .  mno_stack11  1 1 2 936748722493063363 11  {s0}  1 1 2 936748722493063364 11  .  mno_stack12  1 1 2 936748722493063363 12  {s0}  1 1 2 936748722493063364 12  .  mno_stack13  1 1 2 936748722493063363 13  {s0}  1 1 2 936748722493063364 13  .  mno_stack14  1 1 2 936748722493063363 14  {s0}  1 1 2 936748722493063364 14  .  mno_stack15  1 1 2 936748722493063363 15  {s0}  1 1 2 936748722493063364 15  .  mno_stack16  1 1 2 936748722493063363 16  {s0}  1 1 2 936748722493063364 16  .  mno_stack17  1 1 2 936748722493063363 17  {s0}  1 1 2 936748722493063364 17  .  mno_stack18  1 1 2 936748722493063363 18  {s0}  1 1 2 936748722493063364 18  .  mno_stack19  1 1 2 936748722493063363 19  {s0}  1 1 2 936748722493063364 19  . 
menu_training_ground_selection_details_mounted 0 What_kind_of_weapon_do_you_want_to_train_with? none 1 2031 1 1441151880758559261 5
 mno_camp_train_mounted_details_1  0  One_handed_weapon.  1 1 3 936748722493063368 2 0  .  mno_camp_train_mounted_details_2  0  Polearm.  1 1 3 936748722493063368 4 0  .  mno_camp_train_mounted_details_3  0  Bow.  1 1 3 936748722493063368 8 0  .  mno_camp_train_mounted_details_4  0  Thrown_weapon.  1 1 3 936748722493063368 10 0  .  mno_go_back_dot  0  Go_back.  1 2060 1 864691128455135403  . 
menu_training_ground_selection_details_ranged_1 0 What_kind_of_ranged_weapon_do_you_want_to_train_with? none 1 2031 1 1441151880758559263 4
 mno_camp_train_ranged_weapon_bow  0  Bow_and_arrows.  3 2133 2 144115188075856156 2 2133 2 144115188075856007 8 2060 1 864691128455135408  .  mno_camp_train_ranged_weapon_crossbow  0  Crossbow.  3 2133 2 144115188075856156 2 2133 2 144115188075856007 9 2060 1 864691128455135408  .  mno_camp_train_ranged_weapon_thrown  0  Throwing_Knives.  3 2133 2 144115188075856156 2 2133 2 144115188075856007 10 2060 1 864691128455135408  .  mno_go_back_dot  0  Go_back.  1 2060 1 864691128455135403  . 
menu_training_ground_selection_details_ranged_2 0 What_range_do_you_want_to_practice_at? none 1 2031 1 1441151880758559263 8
 mno_camp_train_ranged_details_1  0  10_yards.  1 1 3 936748722493063368 144115188075856007 10  .  mno_camp_train_ranged_details_2  0  20_yards.  1 1 3 936748722493063368 144115188075856007 20  .  mno_camp_train_ranged_details_3  0  30_yards.  1 1 3 936748722493063368 144115188075856007 30  .  mno_camp_train_ranged_details_4  0  40_yards.  1 1 3 936748722493063368 144115188075856007 40  .  mno_camp_train_ranged_details_5  1 31 2 144115188075856156 2  50_yards.  1 1 3 936748722493063368 144115188075856007 50  .  mno_camp_train_ranged_details_6  1 31 2 144115188075856156 2  60_yards.  1 1 3 936748722493063368 144115188075856007 60  .  mno_camp_train_ranged_details_7  1 31 2 144115188075856156 2  70_yards.  1 1 3 936748722493063368 144115188075856007 70  .  mno_go_back_dot  0  Go_back.  1 2060 1 864691128455135403  . 
menu_training_ground_description 0 {s0} none 4 2121 3 72057594037927936 144115188075856815 1 2121 3 1224979098644774912 144115188075856156 1 2105 2 1224979098644774912 216172782113787359 2320 2 0 1224979098644774912 1
 mno_continue  0  Continue...  2 1910 1 144115188075856814 2048 0  . 
menu_training_ground_training_result 512 {s7}{s2} none 91 2170 3 1224979098644774912 1369094286720630801 360287970189639680 2120 3 1224979098644774913 5 1224979098644774912 1 3 936748722493063359 648518346341351424 1 2319 1 2 520 3 1224979098644774914 360287970189641335 1 520 3 1224979098644774915 360287970189641335 0 4 0 32 2 144115188075856309 0 2122 3 1224979098644774916 144115188075856309 144115188075856309 4 0 31 2 144115188075856309 100 2107 2 1224979098644774916 2 3 0 4 0 31 2 144115188075856156 1 2108 2 1224979098644774916 2 3 0 2108 2 1224979098644774916 10 4 0 32 2 1224979098644774914 8 2107 2 1224979098644774916 3 2133 2 1224979098644774917 1224979098644774914 2130 1 1224979098644774917 2125 2 1224979098644774917 1224979098644774917 2130 1 1224979098644774916 2108 2 1224979098644774916 1224979098644774917 3 0 2122 3 1224979098644774918 1224979098644774916 1224979098644774913 2108 2 1224979098644774918 10 1650 2 1224979098644774919 648518346341351424 2120 3 1224979098644774920 1224979098644774915 2 6 3 1224979098644774921 2 1224979098644774920 520 3 1224979098644774922 360287970189641335 1224979098644774921 520 3 1224979098644774923 360287970189641336 1224979098644774921 2133 2 1224979098644774924 1224979098644774919 6 3 1224979098644774925 0 1224979098644774924 1652 3 1224979098644774926 648518346341351424 1224979098644774925 31 2 1224979098644774926 1224979098644774923 2133 2 1224979098644774924 0 1 5 936748722493063365 1224979098644774923 1224979098644774925 1224979098644774922 1224979098644774918 2324 3 1 1224979098644774923 1224979098644774922 4 0 1507 1 1224979098644774923 2133 2 72057594037927938 1 5 0 2133 2 72057594037927938 0 2133 2 72057594037927937 1224979098644774922 3 0 2320 2 2 1585267068834416354 3 0 3 0 4 0 31 2 144115188075856156 1 2122 3 1224979098644774927 1224979098644774916 3 2108 2 1224979098644774927 2 6 3 1224979098644774928 0 144115188075856815 520 3 1224979098644774923 360287970189641329 1224979098644774928 2133 2 1224979098644774924 1224979098644774919 6 3 1224979098644774925 0 1224979098644774924 1652 3 1224979098644774926 648518346341351424 1224979098644774925 31 2 1224979098644774926 1224979098644774923 2133 2 1224979098644774924 0 1 5 936748722493063365 1224979098644774923 1224979098644774925 1 1224979098644774927 2322 2 1 1224979098644774923 2320 2 2 1585267068834416355 3 0 3 0 3 0 4 0 1 5 936748722493063365 360287970189639680 -1 1 1224979098644774916 2320 2 2 1585267068834416356 3 0 3 0 4 0 31 2 144115188075856309 0 2320 2 7 1585267068834416357 5 0 2147483678 2 144115188075856309 25 2320 2 7 1585267068834416357 5 0 2147483678 2 144115188075856309 50 2320 2 7 1585267068834416358 5 0 2147483678 2 144115188075856309 75 2320 2 7 1585267068834416359 5 0 2147483678 2 144115188075856309 99 2320 2 7 1585267068834416360 5 0 2320 2 7 1585267068834416361 3 0 1
 mno_continue  0  Continue...  1 2060 1 864691128455135403  . 
menu_marshall_selection_candidate_ask 0 {s15}_will_soon_select_a_new_marshall_for_{s23}._Some_of_the_lords_have_suggested_your_name_as_a_likely_candidate. none 7 4 0 31 2 144115188075856625 1 2040 0 3 0 522 3 1224979098644774912 144115188075856287 11 2322 2 15 1224979098644774912 2335 2 23 144115188075856287 2
 mno_marshall_candidate_accept  0  Let_{s15}_learn_that_you_are_willing_to_serve_as_marshall.  1 900 1 1513209474796486693  .  mno_marshall_candidate_reject  0  Tell_everyone_that_you_are_too_busy_these_days.  11 4 0 31 2 144115188075856280 360287970189639680 2133 2 144115188075856279 144115188075856881 2133 2 144115188075856280 144115188075856882 5 0 2133 2 144115188075856281 144115188075856279 2133 2 144115188075856282 144115188075856280 2133 2 144115188075856279 144115188075856881 2133 2 144115188075856280 144115188075856882 3 0 900 1 1513209474796486693  . 
menu_kingdom_army_quest_report_to_army 4096 {s8}_sends_word_that_{reg4?she:he}_wishes_you_to_join_{reg4?her:his}_new_military_campaign._You_need_to_bring_at_least_{reg13}_troops_to_the_army,_and_are_instructed_to_raise_more_men_with_all_due_haste_if_you_do_not_have_enough. none 12 2031 1 1441151880758558722 526 3 1224979098644774912 504403158265495570 2 526 3 1224979098644774913 504403158265495570 10 1 3 936748722493063482 1224979098644774912 0 2319 1 9 4 0 31 2 72057594037927936 1 2320 2 9 1 3 0 2322 2 8 1224979098644774912 2133 2 72057594037927949 1224979098644774913 1 3 936748722493063830 1224979098644774912 4 1
 mno_continue  0  Continue...  9 526 3 1224979098644774912 504403158265495570 2 526 3 1224979098644774913 504403158265495570 10 2341 2 13 1224979098644774912 2133 2 72057594037927949 1224979098644774913 1290 1 504403158265495570 2320 2 2 1585267068834416362 1 3 936748722493063577 504403158265495570 1224979098644774912 1 4 936748722493063581 504403158265495570 1224979098644774912 3 2040 0  . 
menu_kingdom_army_quest_messenger 4096 {s8}_sends_word_that_{reg4?she:he}_wishes_to_speak_with_you_about_a_task_{reg4?she:he}_needs_performed._{reg4?She:He}_requests_you_to_come_and_see_{reg4?her:him}_as_soon_as_possible. none 5 2031 1 1441151880758558722 522 3 1224979098644774912 144115188075856287 8 1 2 936748722493063829 1224979098644774912 2133 2 72057594037927940 72057594037927936 2322 2 8 1224979098644774912 1
 mno_continue  0  Continue...  1 2040 0  . 
menu_kingdom_army_quest_join_siege_order 4096 {s8}_sends_word_that_you_are_to_join_the_siege_of_{s9}_in_preparation_for_a_full_assault._Your_troops_are_to_take_{s9}_at_all_costs. none 5 2031 1 1441151880758558722 522 3 1224979098644774912 144115188075856287 8 526 3 1224979098644774913 504403158265495572 1 2322 2 8 1224979098644774912 2330 2 9 1224979098644774913 1
 mno_continue  0  Continue...  9 1 2 936748722493063582 504403158265495569 526 3 1224979098644774912 504403158265495572 1 522 3 1224979098644774913 144115188075856287 8 2341 2 13 1224979098644774913 2342 2 14 1224979098644774912 1290 1 504403158265495572 2320 2 2 1585267068834416363 1 3 936748722493063577 504403158265495572 1224979098644774913 2040 0  . 
menu_kingdom_army_follow_failed 4096 You_have_failed_to_follow_{s8}._The_marshal_assumes_that_you_were_otherwise_engaged,_but_would_have_appreciated_your_support. none 4 2031 1 1441151880758558722 522 3 1224979098644774912 144115188075856287 8 2322 2 8 1224979098644774912 1 3 936748722493063505 504403158265495569 1 1
 mno_continue  0  Continue...  1 2040 0  . 
menu_invite_player_to_faction_without_center 4096 You_receive_an_offer_of_vassalage!^^_{s8}_of_{s9}_has_sent_a_royal_herald_to_bring_you_an_invititation_in_{reg4?her:his}_own_hand._You_would_be_granted_the_honour_of_becoming_a_vassal_{lord/lady}_of_{s9},_and_in_return_{s8}_asks_you_to_swear_an_oath_of_homage_to_{reg4?her:him}_and_fight_in_{reg4?her:his}_military_campaigns,_although_{reg4?she:he}_offers_you_no_lands_or_titles._{reg4?She:He}_will_surely_be_offended_if_you_do_not_take_the_offer... none 6 2031 1 1441151880758558722 522 3 144115188075856034 144115188075856033 11 1 2 936748722493063829 144115188075856034 2133 2 72057594037927940 72057594037927936 2322 2 8 144115188075856034 2335 2 9 144115188075856033 2
 mno_faction_accept  0  Accept!  11 2322 2 1 144115188075856034 1290 1 504403158265495597 2341 2 3 144115188075856034 2343 2 4 144115188075856033 506 3 504403158265495597 6 144115188075856034 506 3 504403158265495597 23 30 506 3 504403158265495597 26 0 2320 2 2 1585267068834415152 1 3 936748722493063577 504403158265495597 144115188075856034 1 4 936748722493063581 504403158265495597 144115188075856034 3 2060 1 864691128455135418  .  mno_faction_reject  0  Decline_the_invitation.  6 1 3 936748722493063459 144115188075856034 -3 1 3 936748722493063461 144115188075856033 -10 2133 2 144115188075856033 0 2133 2 144115188075856034 0 2133 2 144115188075856040 0 2040 0  . 
menu_invite_player_to_faction 4096 You_receive_an_offer_of_vassalage!^^_{s8}_of_{s9}_has_sent_a_royal_herald_to_bring_you_an_invititation_in_{reg4?her:his}_own_hand._You_would_be_granted_the_honour_of_becoming_a_vassal_{lord/lady}_of_{s9},_and_in_return_{s8}_asks_you_to_swear_an_oath_of_homage_to_{reg4?her:him}_and_fight_in_{reg4?her:his}_military_campaigns,_offering_you_the_fief_of_{s2}_for_your_loyal_service._{reg4?She:He}_will_surely_be_offended_if_you_do_not_take_the_offer... none 7 2031 1 1441151880758558722 522 3 144115188075856034 144115188075856033 11 1 2 936748722493063829 144115188075856034 2133 2 72057594037927940 72057594037927936 2322 2 8 144115188075856034 2335 2 9 144115188075856033 2330 2 2 144115188075856040 2
 mno_faction_accept  0  Accept!  10 2322 2 1 144115188075856034 1290 1 504403158265495597 2341 2 3 144115188075856034 2343 2 4 144115188075856033 506 3 504403158265495597 6 144115188075856034 506 3 504403158265495597 23 30 2320 2 2 1585267068834415152 1 3 936748722493063577 504403158265495597 144115188075856034 1 4 936748722493063581 504403158265495597 144115188075856034 3 2060 1 864691128455135418  .  mno_faction_reject  0  Decline_the_invitation.  5 1 3 936748722493063459 144115188075856034 -3 2133 2 144115188075856033 0 2133 2 144115188075856034 0 2133 2 144115188075856040 0 2040 0  . 
menu_invite_player_to_faction_accepted 0 In_order_to_become_a_vassal,_you_must_swear_an_oath_of_homage_to_{s3}._You_shall_have_to_find_{reg4?her:him}_and_give_{reg4?her:him}_your_oath_in_person._{s5} none 3 1 3 936748722493063482 144115188075856034 0 2322 2 3 144115188075856034 2320 2 5 1585267068834414604 1
 mno_continue  0  Continue...  1 2040 0  . 
menu_question_peace_offer 0 You_Receive_a_Peace_Offer^^The_{s1}_offers_you_a_peace_agreement._What_is_your_answer? none 11 2335 2 1 144115188075856876 2124 1 100 729 2 0 65 730 2 0 30 731 2 0 170 2032 3 1729382256910270494 144115188075856876 0 2190 3 1224979098644774912 432345564227567630 144115188075856876 4 0 30 2 1224979098644774912 0 2040 0 3 0 3
 mno_peace_offer_accept  0  Accept  2 1 4 936748722493063476 432345564227567630 144115188075856876 1 2040 0  .  mno_dplmc_peace_offer_terms  0  Dictate_the_peace_terms  1 900 1 1513209474796486702  .  mno_peace_offer_reject  0  Reject  2 1 3 936748722493063461 144115188075856876 -5 2040 0  . 
menu_notification_relieved_as_marshal 512 {s4}_wishes_to_inform_you_that_your_services_as_marshal_are_no_longer_required._In_honor_of_valiant_efforts_on_behalf_of_the_realm_over_the_last_{reg4}_days,_however,_{reg8?she:he}_offers_you_a_purse_of_{reg5}_crowns. none 17 2133 2 72057594037927940 144115188075857049 2123 3 1224979098644774912 144115188075857049 4 2110 2 1224979098644774912 20 2122 3 1224979098644774913 144115188075857049 50 2111 2 1224979098644774913 200 2110 2 1224979098644774913 4000 1528 2 360287970189639680 1224979098644774913 1 3 936748722493063458 360287970189639680 1224979098644774912 2133 2 144115188075857049 0 2133 2 144115188075857045 15 2133 2 72057594037927941 1224979098644774913 522 3 1224979098644774914 144115188075856287 11 2322 2 4 1224979098644774914 2133 2 1224979098644774915 72057594037927936 1 2 936748722493063829 1224979098644774914 2133 2 72057594037927944 72057594037927936 2133 2 72057594037927936 1224979098644774915 1
 mno_continue  0  Continue  1 2040 0  . 
menu_notification_truce_expired 0 Truce_Has_Expired^^The_truce_between_{s1}_and_{s2}_has_expired. none 7 2335 2 1 144115188075856876 2335 2 2 144115188075856877 2124 1 100 729 2 0 65 730 2 0 30 731 2 0 170 2032 3 1729382256910270494 144115188075856876 0 1
 mno_continue  0  Continue  1 2040 0  . 
menu_notification_feast_quest_expired 0 {s10} none 1 2320 2 10 216172782113786704 1
 mno_continue  0  Continue  1 2040 0  . 
menu_notification_sortie_possible 0 Enemy_Sighted:_Enemies_have_been_sighted_outside_the_walls_of_{s4},_and_{s5}_and_others_are_preparing_for_a_sortie._You_may_join_them_if_you_wish. none 3 2330 2 4 144115188075856876 1652 3 1224979098644774912 144115188075856877 0 2322 2 5 1224979098644774912 1
 mno_continue  0  Continue  1 2040 0  . 
menu_notification_casus_belli_expired 0 Kingdom_Fails_to_Respond^^The_{s1}_has_not_responded_to_the_{s2}'s_provocations,_and_{s3}_suffers_a_loss_of_face_among_{reg4?her:his}_more_bellicose_subjects...^ none 10 2335 2 1 144115188075856876 2335 2 2 144115188075856877 522 3 1224979098644774912 144115188075856876 11 2322 2 3 1224979098644774912 1 3 936748722493063830 1224979098644774912 4 2124 1 100 729 2 0 65 730 2 0 30 731 2 0 170 2032 3 1729382256910270494 144115188075856876 0 1
 mno_continue  0  Continue  2 1 3 936748722493063735 144115188075856876 81 2040 0  . 
menu_notification_lord_defects 0 Defection:_{s4}_has_abandoned_the_{s5}_and_joined_the_{s7},_taking_{reg4?her:his}_fiefs_with_{reg4?her:him} none 7 2133 2 1224979098644774912 144115188075856876 2133 2 1224979098644774913 144115188075856877 2322 2 4 1224979098644774912 2335 2 5 1224979098644774913 2173 2 1224979098644774914 1224979098644774912 2335 2 7 1224979098644774914 1 3 936748722493063830 1224979098644774912 4 1
 mno_continue  0  Continue  1 2040 0  . 
menu_notification_treason_indictment 0 Treason_Indictment^^{s9} none 22 2133 2 1224979098644774912 144115188075856876 2133 2 1224979098644774913 144115188075856877 522 3 1224979098644774914 1224979098644774913 11 4 0 31 2 1224979098644774912 360287970189639680 2322 2 7 1224979098644774914 2320 2 9 216172782113786343 5 0 2341 2 4 1224979098644774912 2343 2 5 1224979098644774913 2341 2 6 1224979098644774914 1 3 936748722493063830 1224979098644774912 4 2173 2 1224979098644774915 1224979098644774912 4 0 33 3 1224979098644774915 432345564227567630 432345564227567635 2343 2 10 1224979098644774915 2320 2 11 216172782113786341 5 0 2320 2 11 216172782113786342 3 0 2320 2 9 216172782113786344 3 0 1
 mno_continue  0  Continue  1 2040 0  . 
menu_notification_border_incident 0 Border_incident^^Word_reaches_you_that_{s9}._Though_you_don't_know_whether_or_not_the_rumors_are_true,_you_do_know_one_thing_--_this_seemingly_minor_incident_has_raised_passions_among_the_{s4},_making_it_easier_for_them_to_go_to_war_against_the_{s3},_if_they_want_it... none 46 2133 2 1224979098644774912 144115188075856876 2133 2 1224979098644774913 144115188075856877 2204 2 1224979098644774914 1224979098644774912 4 0 31 2 1224979098644774913 -1 521 3 1224979098644774915 1224979098644774912 61 4 0 1073741855 2 1224979098644774915 1224979098644774914 2147484190 3 1224979098644774915 21 0 521 3 1224979098644774915 1224979098644774912 62 3 0 2330 2 1 1224979098644774912 2335 2 3 1224979098644774914 2335 2 4 1224979098644774915 522 3 1224979098644774916 1224979098644774915 11 2322 2 5 1224979098644774916 2320 2 9 216172782113786345 1105 1 1585267068834416364 1 6 936748722493063683 75 1224979098644774912 -1 -1 1224979098644774914 5 0 2204 2 1224979098644774915 1224979098644774913 2330 2 1 1224979098644774912 2330 2 2 1224979098644774913 2136 3 1224979098644774917 0 3 4 0 31 2 1224979098644774917 0 2320 2 9 216172782113786346 1105 1 1585267068834416364 1 6 936748722493063683 72 1224979098644774912 1224979098644774913 -1 1224979098644774914 5 0 31 2 1224979098644774917 1 2320 2 9 216172782113786347 1105 1 1585267068834416364 1 6 936748722493063683 73 1224979098644774912 1224979098644774913 -1 1224979098644774914 5 0 31 2 1224979098644774917 2 2320 2 9 216172782113786348 1105 1 1585267068834416364 1 6 936748722493063683 74 1224979098644774912 1224979098644774913 -1 1224979098644774914 3 0 3 0 2335 2 3 1224979098644774914 2335 2 4 1224979098644774915 2120 3 1224979098644774918 1224979098644774914 130 2106 2 1224979098644774918 432345564227567630 502 3 1224979098644774915 1224979098644774918 30 1
 mno_continue  0  Continue  1 2040 0  . 
menu_notification_player_faction_active 0 You_now_possess_land_in_your_name,_without_being_tied_to_any_kingdom._This_makes_you_a_monarch_in_your_own_right,_with_your_court_temporarily_located_at_{s12}._However,_the_other_noble_houses_in_France_will_at_first_consider_you_a_threat,_for_if_any_upstart_warlord_can_grab_a_throne,_then_their_own_legitimacy_is_called_into_question.^^You_may_find_it_desirable_at_this_time_to_pledge_yourself_to_an_existing_kingdom._If_you_want_to_continue_as_a_sovereign_monarch,_then_your_first_priority_should_be_to_establish_an_independent_right_to_rule._You_can_establish_your_right_to_rule_through_several_means_--_marrying_into_a_high-born_family,_recruiting_new_lords,_governing_your_lands,_treating_with_other_kings,_or_dispatching_your_companions_on_missions.^^At_any_rate,_your_first_step_should_be_to_appoint_a_chief_minister_from_among_your_companions,_to_handle_affairs_of_state._Different_companions_have_different_capabilities.^You_may_appoint_new_ministers_from_time_to_time._You_may_also_change_the_location_of_your_court,_by_speaking_to_the_minister. none 31 2124 1 100 729 2 0 65 730 2 0 30 731 2 0 170 2032 3 1729382256910270494 432345564227567630 0 372 1 52 601 1 1657324662872342688 6 3 1224979098644774912 648518346341351445 648518346341351621 2147483678 2 144115188075856285 648518346341351445 2204 2 1224979098644774913 1224979098644774912 31 2 1224979098644774913 432345564227567630 2133 2 144115188075856285 1224979098644774912 6 3 1224979098644774914 360287970189640147 360287970189640294 540 3 1224979098644774914 2 6 2147484208 3 1224979098644774914 10 0 2147484208 3 1224979098644774914 8 0 2147483758 1 1224979098644774914 4 0 1073742364 3 360287970189639680 30 1224979098644774914 540 3 1224979098644774914 30 360287970189639680 500 3 1224979098644774914 12 144115188075856285 5 0 540 3 1224979098644774914 30 -1 1073742364 3 1224979098644774914 31 360287970189639680 1073742364 3 1224979098644774914 32 360287970189639680 540 3 1224979098644774914 33 360287970189639680 500 3 1224979098644774914 12 144115188075856285 3 0 3 0 2330 2 12 144115188075856285 3 0 19
 mno_appoint_spouse  6 560 3 360287970189639680 30 1 520 3 1224979098644774912 360287970189639680 30 2147484188 3 1224979098644774912 2 2 2147484208 3 1224979098644774912 2 11 1 2 936748722493063829 1224979098644774912 2322 2 10 1224979098644774912  Appoint_your_{reg0?wife:husband},_{s10}...  3 520 3 1224979098644774912 360287970189639680 30 2133 2 144115188075856021 1224979098644774912 2060 1 864691128455135429  .  mno_dplmc_appoint_spouse_plus_1  12 560 3 360287970189639680 30 1 2133 2 1224979098644774912 -1 7 3 1224979098644774913 360287970189639979 360287970189640294 540 3 1224979098644774913 30 360287970189639680 2147484188 3 360287970189639680 30 1224979098644774913 2147484208 3 1224979098644774913 2 11 2147484188 3 1224979098644774913 2 2 2133 2 1224979098644774912 1224979098644774913 3 0 30 2 1224979098644774912 1 1 2 936748722493063829 1224979098644774912 2322 2 10 1224979098644774912  Appoint_your_{reg0?wife:husband},_{s10}...  14 2133 2 1224979098644774912 -1 7 3 1224979098644774913 360287970189639979 360287970189640294 540 3 1224979098644774913 30 360287970189639680 2147484188 3 360287970189639680 30 1224979098644774913 2147484208 3 1224979098644774913 2 11 2147484188 3 1224979098644774913 2 2 2133 2 1224979098644774912 1224979098644774913 3 0 4 0 2147483678 2 1224979098644774912 1 520 3 1224979098644774912 360287970189639680 30 3 0 2133 2 144115188075856021 1224979098644774912 2060 1 864691128455135429  .  mno_appoint_npc1  2 110 1 360287970189639979 2322 2 10 360287970189639979  Appoint_{s10}  2 2133 2 144115188075856021 360287970189639979 2060 1 864691128455135429  .  mno_appoint_npc2  2 110 1 360287970189639980 2322 2 10 360287970189639980  Appoint_{s10}  2 2133 2 144115188075856021 360287970189639980 2060 1 864691128455135429  .  mno_appoint_npc3  2 110 1 360287970189639981 2322 2 10 360287970189639981  Appoint_{s10}  2 2133 2 144115188075856021 360287970189639981 2060 1 864691128455135429  .  mno_appoint_npc4  2 110 1 360287970189639982 2322 2 10 360287970189639982  Appoint_{s10}  2 2133 2 144115188075856021 360287970189639982 2060 1 864691128455135429  .  mno_appoint_npc5  2 110 1 360287970189639983 2322 2 10 360287970189639983  Appoint_{s10}  2 2133 2 144115188075856021 360287970189639983 2060 1 864691128455135429  .  mno_appoint_npc6  2 110 1 360287970189639984 2322 2 10 360287970189639984  Appoint_{s10}  2 2133 2 144115188075856021 360287970189639984 2060 1 864691128455135429  .  mno_appoint_npc7  2 110 1 360287970189639985 2322 2 10 360287970189639985  Appoint_{s10}  2 2133 2 144115188075856021 360287970189639985 2060 1 864691128455135429  .  mno_appoint_npc8  2 110 1 360287970189639986 2322 2 10 360287970189639986  Appoint_{s10}  2 2133 2 144115188075856021 360287970189639986 2060 1 864691128455135429  .  mno_appoint_npc9  2 110 1 360287970189639987 2322 2 10 360287970189639987  Appoint_{s10}  2 2133 2 144115188075856021 360287970189639987 2060 1 864691128455135429  .  mno_appoint_npc10  2 110 1 360287970189639988 2322 2 10 360287970189639988  Appoint_{s10}  2 2133 2 144115188075856021 360287970189639988 2060 1 864691128455135429  .  mno_appoint_npc11  2 110 1 360287970189639989 2322 2 10 360287970189639989  Appoint_{s10}  2 2133 2 144115188075856021 360287970189639989 2060 1 864691128455135429  .  mno_appoint_npc12  2 110 1 360287970189639990 2322 2 10 360287970189639990  Appoint_{s10}  2 2133 2 144115188075856021 360287970189639990 2060 1 864691128455135429  .  mno_appoint_npc13  2 110 1 360287970189639991 2322 2 10 360287970189639991  Appoint_{s10}  2 2133 2 144115188075856021 360287970189639991 2060 1 864691128455135429  .  mno_appoint_npc14  2 110 1 360287970189639992 2322 2 10 360287970189639992  Appoint_{s10}  2 2133 2 144115188075856021 360287970189639992 2060 1 864691128455135429  .  mno_appoint_npc15  2 110 1 360287970189639993 2322 2 10 360287970189639993  Appoint_{s10}  2 2133 2 144115188075856021 360287970189639993 2060 1 864691128455135429  .  mno_appoint_npc16  2 110 1 360287970189639994 2322 2 10 360287970189639994  Appoint_{s10}  2 2133 2 144115188075856021 360287970189639994 2060 1 864691128455135429  .  mno_appoint_default  0  Appoint_a_prominent_citizen_from_the_area...  3 2133 2 144115188075856021 360287970189641352 1550 2 360287970189641352 432345564227567630 2060 1 864691128455135429  . 
menu_minister_confirm 0 {s9}can_be_found_at_your_court_in_{s12}._You_should_consult_{reg4?her:him}_periodically,_to_avoid_the_accumulation_of_unresolved_issues_that_may_sap_your_authority... none 22 4 0 2117 3 1224979098644774912 144115188075856576 1 31 2 1224979098644774912 1 2040 0 3 0 4 0 31 2 144115188075856021 360287970189641352 2320 2 9 216172782113786349 5 0 2322 2 10 144115188075856021 2320 2 9 216172782113786350 3 0 4 0 110 1 144115188075856021 1210 2 144115188075856021 648518346341351424 3 0 2124 1 100 729 2 0 70 730 2 0 5 731 2 0 75 2032 3 1729382256910270490 144115188075856021 0 1 3 936748722493063830 144115188075856021 4 1
 mno_continue  0  Continue...  2 2133 2 144115188075856480 1 900 1 1513209474796486683  . 
menu_notification_court_lost 0 {s12} none 78 4 0 33 3 144115188075856285 648518346341351445 648518346341351873 2330 2 10 144115188075856285 2330 2 11 144115188075856285 5 0 2320 2 10 216172782113786872 2320 2 11 216172782113786872 3 0 2133 2 1224979098644774912 432345564227567630 4 0 33 3 144115188075856287 432345564227567631 432345564227567635 1 3 936748722493063852 360287970189639680 144115188075856287 30 2 72057594037927936 50 2133 2 1224979098644774912 144115188075856287 3 0 4 0 2117 3 1224979098644774913 144115188075856576 2 31 2 1224979098644774913 2 1 2 936748722493063769 -20 2106 2 144115188075856576 2 5 0 33 3 144115188075856285 648518346341351445 648518346341351873 1 2 936748722493063769 -5 3 0 2133 2 144115188075856285 -1 2320 2 14 216172782113786353 4 0 3221225505 3 1224979098644774912 432345564227567631 432345564227567635 2147484190 3 1224979098644774912 21 0 542 3 432345564227567630 21 2 2320 2 14 216172782113786932 3 0 6 3 1224979098644774914 648518346341351445 648518346341351621 31 2 144115188075856285 -1 2147484189 3 1224979098644774914 39 360287970189639899 2204 2 1224979098644774915 1224979098644774914 1073741855 2 1224979098644774912 1224979098644774915 31 2 1224979098644774915 432345564227567630 2147484209 3 1224979098644774914 7 360287970189639979 2133 2 144115188075856285 1224979098644774914 4 0 520 3 1224979098644774916 360287970189639680 30 33 3 1224979098644774916 360287970189640147 360287970189640294 2147484188 3 1224979098644774916 2 2 2147484208 3 1224979098644774916 2 11 2147484208 3 1224979098644774916 8 1 2147483758 1 1224979098644774916 500 3 1224979098644774916 12 144115188075856285 3 0 2330 2 11 144115188075856285 2320 2 14 216172782113786351 3 0 6 3 1224979098644774914 648518346341351445 648518346341351621 31 2 144115188075856285 -1 2204 2 1224979098644774915 1224979098644774914 1073741855 2 1224979098644774912 1224979098644774915 31 2 1224979098644774915 432345564227567630 2133 2 144115188075856285 1224979098644774914 4 0 520 3 1224979098644774916 360287970189639680 30 33 3 1224979098644774916 360287970189640147 360287970189640294 2147484188 3 1224979098644774916 2 2 2147484208 3 1224979098644774916 2 11 2147484208 3 1224979098644774916 8 1 500 3 1224979098644774916 12 144115188075856285 3 0 521 3 1224979098644774917 1224979098644774914 7 2330 2 11 144115188075856285 2322 2 9 1224979098644774917 2320 2 14 216172782113786352 3 0 4 0 3221225505 3 1224979098644774912 432345564227567631 432345564227567635 2147484190 3 1224979098644774912 21 0 542 3 432345564227567630 21 2 2320 2 14 216172782113786932 3 0 2320 2 12 14 1
 mno_continue  0  Continue...  1 2040 0  . 
menu_notification_player_faction_deactive 0 Your_kingdom_no_longer_holds_any_land. none 5 2124 1 100 729 2 0 65 730 2 0 30 731 2 0 170 2032 3 1729382256910270494 432345564227567630 0 1
 mno_continue  0  Continue...  6 4 0 33 3 144115188075856021 360287970189639979 360287970189639995 2133 2 144115188075855986 144115188075856021 3 0 2133 2 144115188075856021 -1 2040 0  . 
menu_notification_player_wedding_day 4096 {s8}_wishes_to_inform_you_that_preparations_for_your_wedding_at_{s10}_have_been_complete,_and_that_your_presence_is_expected_imminently_. none 3 2031 1 1441151880758558722 2322 2 8 144115188075856876 2330 2 10 144115188075856877 1
 mno_continue  0  Continue...  1 2040 0  . 
menu_notification_player_kingdom_holds_feast 4096 {s11} none 27 2031 1 1441151880758558722 2322 2 8 144115188075856876 2173 2 1224979098644774912 144115188075856876 2335 2 9 1224979098644774912 2330 2 10 144115188075856877 2319 1 12 4 0 200 1 504403158265495595 526 3 1224979098644774913 504403158265495595 6 2173 2 1224979098644774914 1224979098644774913 31 2 1224979098644774914 144115188075856287 2320 2 12 216172782113786965 3 0 2320 2 11 216172782113786354 4 0 31 2 144115188075856876 0 2320 2 11 216172782113786871 3 0 2320 2 11 1585267068834416365 4 0 30 2 144115188075856163 1 2270 1 1224979098644774915 522 3 1224979098644774916 144115188075856287 94 2106 2 1224979098644774915 1224979098644774916 2133 2 72057594037927940 1224979098644774915 1106 1 1585267068834416366 3 0 1
 mno_continue  0  Continue...  1 2040 0  . 
menu_notification_center_under_siege 0 {s1}_has_been_besieged_by_{s2}_of_{s3}! none 9 2330 2 1 144115188075856876 2322 2 2 144115188075856877 2173 2 1224979098644774912 144115188075856877 2335 2 3 1224979098644774912 2124 1 100 729 2 0 62 730 2 0 30 731 2 0 170 2032 3 1729382256910270491 144115188075856876 0 1
 mno_continue  0  Continue...  1 2040 0  . 
menu_notification_village_raided 0 Enemies_have_Laid_Waste_to_a_Fief^^{s1}_has_been_raided_by_{s2}_of_{s3}! none 9 2330 2 1 144115188075856876 2322 2 2 144115188075856877 2173 2 1224979098644774912 144115188075856877 2335 2 3 1224979098644774912 2124 1 100 729 2 0 62 730 2 0 30 731 2 0 170 2032 3 1729382256910270491 144115188075856876 0 1
 mno_continue  0  Continue...  1 2040 0  . 
menu_notification_village_raid_started 0 Your_Village_is_under_Attack!^^{s2}_of_{s3}_is_laying_waste_to_{s1}. none 9 2330 2 1 144115188075856876 2322 2 2 144115188075856877 2173 2 1224979098644774912 144115188075856877 2335 2 3 1224979098644774912 2124 1 100 729 2 0 62 730 2 0 30 731 2 0 170 2032 3 1729382256910270491 144115188075856876 0 1
 mno_continue  0  Continue...  1 2040 0  . 
menu_notification_one_faction_left 0 France_Conquered_by_One_Kingdom^^{s1}_has_defeated_all_rivals_and_stands_as_the_sole_kingdom. none 22 2335 2 1 144115188075856876 2124 1 100 729 2 0 65 730 2 0 30 731 2 0 170 4 0 33 3 144115188075856876 432345564227567631 432345564227567635 2032 3 1729382256910270492 144115188075856876 0 5 0 2032 3 1729382256910270494 144115188075856876 0 3 0 4 0 542 3 144115188075856876 11 360287970189639680 372 1 44 5 0 372 1 53 3 0 4 0 1506 2 1224979098644774912 360287970189639680 31 2 1224979098644774912 1 372 1 78 3 0 1
 mno_continue  0  Continue...  1 2040 0  . 
menu_notification_oath_renounced_faction_defeated 0 Your_Old_Faction_was_Defeated^^You_won_the_battle_against_{s1}!_This_ends_your_struggle_which_started_after_you_renounced_your_oath_to_them. none 11 2335 2 1 144115188075856876 2124 1 100 729 2 0 65 730 2 0 30 731 2 0 170 4 0 33 3 144115188075856876 432345564227567631 432345564227567635 2032 3 1729382256910270492 144115188075856876 0 5 0 2032 3 1729382256910270494 144115188075856876 0 3 0 1
 mno_continue  0  Continue...  1 2040 0  . 
menu_notification_center_lost 0 An_Estate_was_Lost^^You_have_lost_{s1}_to_{s2}. none 7 2330 2 1 144115188075856876 2335 2 2 144115188075856877 2124 1 100 729 2 0 62 730 2 0 30 731 2 0 170 2032 3 1729382256910270491 144115188075856876 0 1
 mno_continue  0  Continue...  1 2040 0  . 
menu_notification_troop_left_players_faction 0 Betrayal!^^{s1}_has_left_{s2}_and_joined_{s3}. none 8 2322 2 1 144115188075856876 2335 2 2 144115188075856287 2335 2 3 144115188075856877 2124 1 100 729 2 0 55 730 2 0 20 731 2 0 100 2032 3 1729382256910270490 144115188075856876 0 1
 mno_continue  0  Continue...  1 2040 0  . 
menu_notification_troop_joined_players_faction 0 Good_news!^^_{s1}_has_left_{s2}_and_joined_{s3}. none 8 2322 2 1 144115188075856876 2335 2 2 144115188075856877 2335 2 3 144115188075856287 2124 1 100 729 2 0 55 730 2 0 20 731 2 0 100 2032 3 1729382256910270490 144115188075856876 0 1
 mno_continue  0  Continue...  1 2040 0  . 
menu_notification_war_declared 0 Declaration_of_War^^{s1}_has_declared_war_against_{s2}! none 13 4 0 2335 2 1 144115188075856876 2335 2 2 144115188075856877 3 0 2124 1 100 729 2 0 65 730 2 0 30 731 2 0 170 2121 3 1224979098644774912 144115188075856876 432345564227567630 2121 3 1224979098644774913 144115188075856877 432345564227567630 2107 2 1224979098644774912 128 2105 2 1224979098644774912 1224979098644774913 2032 3 1729382256910270495 1224979098644774912 0 1
 mno_continue  0  Continue...  1 2040 0  . 
menu_notification_peace_declared 0 Peace_Agreement^^{s1}_and_{s2}_have_made_peace!^{s57} none 18 4 0 31 2 1 0 31 2 144115188075856286 144115188075856876 2133 2 144115188075856286 0 5 0 2319 1 57 3 0 2335 2 1 144115188075856876 2335 2 2 144115188075856877 2124 1 100 729 2 0 65 730 2 0 30 731 2 0 170 2121 3 1224979098644774912 144115188075856876 432345564227567630 2121 3 1224979098644774913 144115188075856877 432345564227567630 2107 2 1224979098644774912 128 2105 2 1224979098644774912 1224979098644774913 2032 3 1729382256910270495 1224979098644774912 0 1
 mno_continue  0  Continue...  1 2040 0  . 
menu_notification_faction_defeated 0 Faction_Eliminated^^{s1}_is_no_more! none 11 2335 2 1 144115188075856876 2124 1 100 729 2 0 65 730 2 0 30 731 2 0 170 4 0 33 3 144115188075856876 432345564227567631 432345564227567635 2032 3 1729382256910270492 144115188075856876 0 5 0 2032 3 1729382256910270494 144115188075856876 0 3 0 1
 mno_continue  0  Continue...  75 4 0 33 3 144115188075856013 360287970189640145 360287970189640147 540 3 144115188075856013 14 144115188075856876 6 3 1224979098644774912 360287970189639979 360287970189640147 1073742364 3 1224979098644774912 2 2 540 3 1224979098644774912 2 6 2173 2 1224979098644774913 1224979098644774912 31 2 1224979098644774913 432345564227567630 1550 2 1224979098644774912 144115188075856876 1 3 936748722493063414 1224979098644774912 144115188075856876 4 0 1073741855 2 144115188075856876 144115188075856287 31 2 144115188075856876 432345564227567630 1 1 936748722493063772 3 0 5 0 540 3 1224979098644774912 2 2 2173 2 1224979098644774913 1224979098644774912 31 2 1224979098644774913 144115188075856876 1 4 936748722493063709 1224979098644774912 360287970189639680 5 3 0 11 1 1224979098644774914 2204 2 1224979098644774913 1224979098644774914 31 2 1224979098644774913 432345564227567630 1620 2 1224979098644774914 144115188075856876 3 0 2133 2 144115188075856287 144115188075856876 4 0 520 3 1224979098644774915 360287970189639680 30 33 3 1224979098644774915 360287970189640147 360287970189640294 1550 2 1224979098644774915 144115188075856876 3 0 1 4 936748722493063480 864691128455135445 144115188075856876 144115188075856013 502 3 144115188075856876 21 0 502 3 432345564227567630 21 2 522 3 1224979098644774916 144115188075856876 11 1 3 936748722493063413 1224979098644774916 432345564227567617 520 3 1224979098644774917 1224979098644774916 7 2136 3 1224979098644774918 10 25 2107 2 1224979098644774918 1224979098644774917 2108 2 1224979098644774918 100 2106 2 1224979098644774917 1224979098644774918 500 3 1224979098644774916 7 1224979098644774917 502 3 144115188075856876 11 144115188075856013 1550 2 144115188075856013 144115188075856876 522 3 1224979098644774919 144115188075856876 8 4 0 30 2 1224979098644774919 0 520 3 1224979098644774920 1224979098644774919 10 132 1 1224979098644774920 1604 2 1224979098644774920 0 3 0 502 3 144115188075856876 8 360287970189639680 502 3 144115188075856876 4 0 502 3 144115188075856876 5 -1 500 3 144115188075856013 2 2 1 3 936748722493063458 144115188075856013 1000 2108 2 1224979098644774918 2 1 3 936748722493063458 144115188075856013 1224979098644774918 1615 3 648518346341351424 144115188075856013 1 1 3 936748722493063414 144115188075856013 144115188075856876 1509 2 144115188075856013 1 1 3 936748722493063462 144115188075856876 0 6 3 1224979098644774921 432345564227567630 432345564227567635 542 3 1224979098644774921 21 0 2147483679 2 1224979098644774921 144115188075856876 2190 3 1224979098644774922 1224979098644774921 432345564227567630 1270 3 1224979098644774921 144115188075856876 1224979098644774922 3 0 2133 2 144115188075856013 0 2133 2 144115188075856074 0 2133 2 144115188075856069 1 1 1 936748722493063608 3 0 2040 0  . 
menu_notification_rebels_switched_to_faction 0 Rebellion_Success^^_Your_rebellion_is_victorious!_Your_faction_now_has_the_sole_claim_to_the_title_of_{s11},_with_{s12}_as_the_single_ruler. none 12 2335 2 11 144115188075856876 2322 2 12 144115188075856877 2124 1 100 729 2 0 65 730 2 0 30 731 2 0 170 4 0 33 3 144115188075856876 432345564227567631 432345564227567635 2032 3 1729382256910270492 144115188075856876 0 5 0 2032 3 1729382256910270494 144115188075856876 0 3 0 1
 mno_continue  0  Continue...  3 2133 2 144115188075856110 15 1025 2 144115188075856877 -1 2040 0  . 
menu_notification_player_should_consult 0 {reg0?Your_minister:{s11}}_send_word_that_there_are_problems_brewing_in_the_realm_which,_if_left_untreated,_could_sap_your_authority._You_should_consult_with_{reg4?her:him}_at_your_earliest_convenience none 0 1
 mno_continue  0  Continue...  18 1290 1 504403158265495599 2322 2 11 144115188075856021 2330 2 12 144115188075856285 2320 2 2 216172782113786355 1 3 936748722493063577 504403158265495599 -1 2133 2 72057594037927940 0 4 0 1 2 936748722493063828 144115188075856021 2133 2 72057594037927940 1 3 0 2133 2 72057594037927936 1 4 0 33 3 144115188075856021 360287970189639979 360287970189640294 2133 2 72057594037927936 0 3 0 506 3 504403158265495599 23 30 506 3 504403158265495599 6 144115188075856021 2040 0  . 
menu_notification_player_feast_in_progress 0 Feast_in_Preparation^^Your_{wife/husband}_has_started_preparations_for_a_feast_in_your_hall_in_{s11} none 1 2330 2 11 144115188075856876 1
 mno_continue  0  Continue...  1 2040 0  . 
menu_notification_lady_requests_visit 0 An_elderly_woman_approaches_your_party_and_passes_one_of_your_men_a_letter,_sealed_in_plain_wax._It_is_addressed_to_you._When_you_break_the_seal,_you_see_it_is_from_{s15}._It_reads,_'I_so_enjoyed_your_last_visit._{s14}_I_am_currently_in_{s10}.{s12}' none 54 2133 2 1224979098644774912 144115188075856876 2133 2 1224979098644774913 144115188075856877 2322 2 15 1224979098644774912 2330 2 10 1224979098644774913 2270 1 1224979098644774914 520 3 1224979098644774915 1224979098644774912 4 2106 2 1224979098644774914 1224979098644774915 1 2 936748722493063715 1224979098644774912 2133 2 1224979098644774916 72057594037927936 2322 2 16 1224979098644774916 1 3 936748722493063518 1224979098644774916 1224979098644774912 2319 1 14 4 0 2147483678 2 1224979098644774914 336 4 0 540 3 1224979098644774912 52 23 2320 2 14 216172782113786356 5 0 2320 2 14 216172782113786357 3 0 5 0 30 2 1224979098644774914 336 4 0 540 3 1224979098644774912 52 24 2320 2 14 216172782113786358 5 0 540 3 1224979098644774912 52 25 2320 2 14 216172782113786359 5 0 2320 2 14 216172782113786360 3 0 3 0 2319 1 12 2319 1 18 2133 2 1224979098644774917 72057594037927940 1 3 936748722493063830 1224979098644774916 4 4 0 540 3 1224979098644774916 38 0 2320 2 12 216172782113786361 2320 2 18 216172782113786362 5 0 540 3 1224979098644774916 38 -1 2320 2 12 216172782113786363 5 0 540 3 1224979098644774916 38 1 2320 2 12 216172782113786364 3 0 2133 2 72057594037927940 1224979098644774917 2124 1 100 701 1 0 729 2 0 60 730 2 0 20 731 2 0 100 2032 3 1729382256910270507 1224979098644774912 0 2
 mno_continue  0  Tell_the_woman_to_inform_her_mistress_that_you_will_come_shortly  14 2133 2 1224979098644774912 144115188075856876 2341 2 3 1224979098644774912 2342 2 4 144115188075856877 2320 2 2 216172782113786365 1 3 936748722493063577 504403158265495592 1224979098644774912 506 3 504403158265495592 6 1224979098644774912 4 0 31 2 144115188075856163 1 526 3 1224979098644774913 504403158265495592 6 2322 2 2 1224979098644774913 1106 1 216172782113786366 3 0 506 3 504403158265495592 23 30 2040 0  .  mno_continue  0  Tell_the_woman_to_inform_her_mistress_that_you_are_indisposed  2 500 3 144115188075856876 37 1 2040 0  . 
menu_debug_alert_from_s65 0 DEBUG_ALERT:_{s65} none 0 1
 mno_continue  0  Continue...  2 2133 2 144115188075856289 0 2040 0  . 
menu_auto_return_to_map 0 stub none 1 2052 0 0

menu_bandit_lair 0 {s3} none 67 4 0 31 2 144115188075856206 1 6 3 1224979098644774912 576460752303423495 576460752303423500 544 3 1224979098644774912 4 144115188075856273 504 3 1224979098644774912 4 0 3 0 4 0 30 2 144115188075856273 0 132 1 144115188075856273 1609 2 1224979098644774913 144115188075856273 2147483679 2 1224979098644774913 576460752303423504 1232 1 144115188075856273 3 0 2133 2 144115188075856011 0 2040 0 5 0 1652 3 1224979098644774914 144115188075856273 0 2323 2 4 1224979098644774914 2320 2 5 216172782113786751 4 0 31 2 1224979098644774912 576460752303423495 2031 1 1441151880758558762 5 0 31 2 1224979098644774912 576460752303423496 2031 1 1441151880758558760 5 0 31 2 1224979098644774912 576460752303423497 2031 1 1441151880758558725 5 0 31 2 1224979098644774912 576460752303423498 2031 1 1441151880758558739 5 0 31 2 1224979098644774912 576460752303423499 2031 1 1441151880758558768 3 0 4 0 541 3 144115188075856273 8 0 2320 2 3 216172782113786748 5 0 1609 2 1224979098644774913 144115188075856273 31 2 1224979098644774913 576460752303423504 541 3 144115188075856273 8 1 2320 2 3 216172782113786930 5 0 541 3 144115188075856273 8 1 2320 2 3 216172782113786749 2031 1 1441151880758558734 4 0 31 2 144115188075856162 1 2031 1 1441151880758558735 3 0 5 0 541 3 144115188075856273 8 2 4 0 31 2 144115188075857183 18 4 0 2147483680 2 144115188075857181 0 2320 2 3 216172782113788165 5 0 2320 2 3 216172782113788166 3 0 5 0 2320 2 3 216172782113786750 3 0 2031 1 1441151880758558732 3 0 3 0 4
 mno_continue_1  1 541 3 144115188075856273 8 0  Attack_the_hideout...  49 501 3 144115188075856273 8 1 1609 2 1224979098644774912 144115188075856273 2133 2 144115188075856188 144115188075856273 4 0 31 2 1224979098644774912 576460752303423505 2133 2 1224979098644774913 720575940379280670 2133 2 144115188075856787 432345564227567649 5 0 31 2 1224979098644774912 576460752303423506 2133 2 1224979098644774913 720575940379280671 2133 2 144115188075856787 432345564227567650 5 0 31 2 1224979098644774912 576460752303423507 2133 2 1224979098644774913 720575940379280672 2133 2 144115188075856787 432345564227567651 5 0 31 2 1224979098644774912 576460752303423508 2133 2 1224979098644774913 720575940379280673 2133 2 144115188075856787 432345564227567652 5 0 31 2 1224979098644774912 576460752303423509 2133 2 1224979098644774913 720575940379280674 2133 2 144115188075856787 432345564227567653 5 0 31 2 1224979098644774912 576460752303423504 2204 2 1224979098644774914 144115188075857016 4 0 31 2 1224979098644774914 432345564227567631 2133 2 1224979098644774913 720575940379280628 5 0 31 2 1224979098644774914 432345564227567632 2133 2 1224979098644774913 720575940379280626 5 0 31 2 1224979098644774914 432345564227567633 2133 2 1224979098644774913 720575940379280625 5 0 31 2 1224979098644774914 432345564227567634 2133 2 1224979098644774913 720575940379280630 3 0 3 0 1261 1 1224979098644774913 1262 0 1617 1 648518346341351428 1020 0 1691 1 0 2133 2 144115188075856168 0 1911 1 792633534417207342 1910 1 1224979098644774913 2048 0  .  mno_leave_no_attack  1 541 3 144115188075856273 8 0  Leave...  1 2040 0  .  mno_leave_victory  1 541 3 144115188075856273 8 2  Continue...  74 6 3 1224979098644774912 576460752303423495 576460752303423500 544 3 1224979098644774912 4 144115188075856273 504 3 1224979098644774912 4 0 3 0 1609 2 1224979098644774913 144115188075856273 4 0 2147483679 2 1224979098644774913 576460752303423504 200 1 504403158265495611 546 3 504403158265495611 8 144115188075856273 1 2 936748722493063579 504403158265495611 3 0 2133 2 144115188075856011 0 2040 0 4 0 31 2 144115188075856206 0 2133 2 144115188075856206 1 1532 1 360287970189639683 1650 2 1224979098644774914 648518346341351428 6 3 1224979098644774915 0 1224979098644774914 1652 3 1224979098644774916 648518346341351428 1224979098644774915 4 0 1653 3 1224979098644774917 648518346341351428 1224979098644774915 1652 3 1224979098644774916 648518346341351428 1224979098644774915 32 2 1224979098644774917 0 1610 3 648518346341351442 1224979098644774916 1224979098644774917 1654 3 1224979098644774918 648518346341351428 1224979098644774915 32 2 1224979098644774918 0 1618 3 648518346341351442 1224979098644774916 1224979098644774918 3 0 3 0 1 2 936748722493063336 648518346341351442 32 2 72057594037927936 0 1511 1 360287970189639683 4 0 1 2 936748722493063336 648518346341351442 2133 2 144115188075857101 864691128455135451 2133 2 144115188075856023 360287970189639680 2319 1 30 2060 1 864691128455135457 5 0 2041 1 360287970189639683 3 0 3 0 4 0 31 2 144115188075857183 12 2105 2 144115188075857162 1224979098644774917 2108 2 1224979098644774917 2 1 3 936748722493063458 360287970189639680 1224979098644774917 2133 2 72057594037927949 1224979098644774917 1106 2 1585267068834416367 5308240 3 0 4 0 31 2 144115188075857183 18 2147483680 2 144115188075857181 0 1623 3 648518346341352012 648518346341351424 3 1231 1 648518346341352012 2133 2 144115188075857181 1 1 1 936748722493064145 3 0 4 0 31 2 144115188075857183 18 542 3 144115188075856787 101 -1 502 3 144115188075856787 101 1 1270 3 144115188075856787 432345564227567629 20 1270 3 144115188075856787 432345564227567630 20 1 1 936748722493064144 3 0 4 0 30 2 144115188075856273 0 132 1 144115188075856273 1609 2 1224979098644774913 144115188075856273 2147483679 2 1224979098644774913 576460752303423504 1232 1 144115188075856273 3 0  .  mno_leave_defeat  1 541 3 144115188075856273 8 1  Continue...  24 6 3 1224979098644774912 576460752303423495 576460752303423500 544 3 1224979098644774912 4 144115188075856273 504 3 1224979098644774912 4 0 3 0 4 0 1609 2 1224979098644774913 144115188075856273 2147483679 2 1224979098644774913 576460752303423504 200 1 504403158265495611 546 3 504403158265495611 8 144115188075856273 1 2 936748722493063580 504403158265495611 3 0 4 0 30 2 144115188075856273 0 132 1 144115188075856273 1609 2 1224979098644774913 144115188075856273 2147483679 2 1224979098644774913 576460752303423504 1232 1 144115188075856273 3 0 2133 2 144115188075856011 0 4 0 132 1 144115188075856273 501 3 144115188075856273 8 0 3 0 2040 0  . 
menu_notification_player_faction_political_issue_resolved 0 After_consulting_with_the_peers_of_the_realm,_{s10}_has_decided_to_confer_{s11}_on_{s12}. none 11 2133 2 1224979098644774912 144115188075856876 2133 2 1224979098644774913 144115188075856877 522 3 1224979098644774914 144115188075856287 11 2322 2 10 1224979098644774914 4 0 31 2 1224979098644774912 1 2320 2 11 216172782113786798 5 0 2330 2 11 1224979098644774912 3 0 2322 2 12 1224979098644774913 1
 mno_continue  0  Continue...  1 2040 0  . 
menu_notification_player_faction_political_issue_resolved_for_player 0 After_consulting_with_the_peers_of_the_realm,_{s10}_has_decided_to_confer_{s11}_on_you._You_may_decline_the_honor,_but_it_will_probably_mean_that_you_will_not_receive_other_awards_for_a_little_while.{s12} none 11 522 3 1224979098644774912 144115188075856287 11 2322 2 10 1224979098644774912 522 3 1224979098644774913 144115188075856287 64 4 0 31 2 1224979098644774913 1 2320 2 11 216172782113786798 2320 2 12 1585267068834416368 5 0 2319 1 12 2330 2 11 1224979098644774913 3 0 2
 mno_accept  0  Accept_the_honor  16 522 3 1224979098644774912 144115188075856287 64 4 0 31 2 1224979098644774912 1 1 2 936748722493063456 144115188075856287 1 3 936748722493063711 144115188075856287 360287970189639680 372 1 41 5 0 1 4 936748722493063415 1224979098644774912 360287970189639680 0 3 0 502 3 144115188075856287 64 0 6 3 1224979098644774913 360287970189639979 360287970189640147 2173 2 1224979098644774914 1224979098644774913 31 2 1224979098644774914 144115188075856287 500 3 1224979098644774913 154 -1 3 0 2040 0  .  mno_decline  0  Decline_the_honor  13 522 3 1224979098644774912 144115188075856287 64 4 0 33 3 1224979098644774912 648518346341351445 648518346341351873 2133 2 144115188075857044 30 5 0 2133 2 144115188075857045 30 3 0 6 3 1224979098644774913 360287970189639979 360287970189640147 2173 2 1224979098644774914 1224979098644774913 31 2 1224979098644774914 144115188075856287 500 3 1224979098644774913 154 -1 3 0 2040 0  . 
menu_start_phase_2_5 512 {!}{s16} none 3 2330 2 1 144115188075857016 2320 2 16 144115188075857017 1 1 936748722493063173 2
 mno_skip_quest  0  Take_a_nice_long_walk_around_{s1}...  4 2133 2 144115188075857016 -1 1030 3 3 5 0 2133 2 144115188075856088 144115188075856213 2040 0  .  mno_continue  0  Go_find_an_inn...  1 2060 1 864691128455135455  . 
menu_start_phase_3 512 {s16}^^You_are_exhausted_by_the_time_you_find_the_inn_in_{s1},_and_fall_asleep_quickly._However,_you_awake_before_dawn_and_are_eager_to_explore_your_surroundings._You_venture_out_onto_the_streets,_which_are_still_deserted._All_of_a_sudden,_you_hear_a_sound_that_stands_the_hairs_of_your_neck_on_end_--_the_rasp_of_a_blade_sliding_from_its_scabbard... none 25 2133 2 1224979098644774912 1 4 0 31 2 144115188075857028 1 4 0 31 2 144115188075856946 1 2320 2 11 216172782113786877 5 0 2320 2 11 216172782113786878 3 0 2060 1 864691128455135456 2133 2 1224979098644774912 0 5 0 31 2 144115188075857028 3 4 0 31 2 144115188075856946 1 2320 2 11 216172782113786877 5 0 2320 2 11 216172782113786878 3 0 2060 1 864691128455135456 2133 2 1224979098644774912 0 3 0 2330 2 1 144115188075857016 2319 1 16 31 2 1224979098644774912 1 1
 mno_continue  0  Continue...  4 2133 2 144115188075857016 144115188075856213 2205 1 144115188075856213 600 1 1152921504606847046 1 1 936748722493063767  . 
menu_start_phase_4 512 {s11} none 18 2133 2 1224979098644774912 1 4 0 31 2 144115188075857028 2 2040 0 2133 2 1224979098644774912 0 5 0 31 2 144115188075857028 3 2320 2 11 216172782113786919 5 0 31 2 144115188075857028 4 4 0 31 2 144115188075856946 1 2320 2 11 216172782113786920 5 0 2320 2 11 216172782113786921 3 0 3 0 31 2 1224979098644774912 1 2
 mno_continue  2 1073741855 2 144115188075857028 1 31 2 144115188075857028 4  Continue...  27 2133 2 144115188075856216 1 4 0 31 2 144115188075856213 648518346341351445 2133 2 1224979098644774912 360287970189641420 2133 2 1224979098644774913 720575940379280638 5 0 31 2 144115188075856213 648518346341351450 2133 2 1224979098644774912 360287970189641417 2133 2 1224979098644774913 720575940379280640 5 0 31 2 144115188075856213 648518346341351452 2133 2 1224979098644774912 360287970189641418 2133 2 1224979098644774913 720575940379280641 5 0 31 2 144115188075856213 648518346341351454 2133 2 1224979098644774912 360287970189641419 2133 2 1224979098644774913 720575940379280642 3 0 1261 1 1224979098644774913 1262 0 1263 2 0 360287970189639680 1263 2 9 1224979098644774912 2133 2 144115188075856110 21 2133 2 144115188075857031 0 1911 1 792633534417207344 1910 1 1224979098644774913 2048 0  .  mno_continue  1 31 2 144115188075857028 3  Continue...  1 1 1 936748722493063768  . 
menu_dplmc_manage_loot_pool 256 {s10}^{s30} none 30 2133 2 144115188075857100 360287970189639683 1 2 936748722493063851 0 2133 2 72057594037927956 0 1540 2 1224979098644774912 144115188075857100 6 3 1224979098644774913 0 1224979098644774912 1541 3 1224979098644774914 144115188075857100 1224979098644774913 30 2 1224979098644774914 0 2147483799 2 144115188075857100 1224979098644774914 2105 2 72057594037927956 1 3 0 4 0 31 2 72057594037927956 0 2320 2 10 216172782113787003 2320 2 20 216172782113787007 5 0 31 2 72057594037927956 1 2320 2 10 216172782113787004 2320 2 20 216172782113787006 5 0 2320 2 10 216172782113787005 2320 2 20 216172782113787006 3 0 4 0 2318 1 30 2124 1 100 729 2 0 20 730 2 0 30 731 2 0 80 2032 3 1729382256910270464 144115188075856023 0 3 0 11
 mno_dplmc_auto_loot  4 31 2 144115188075857102 0 2167 2 1224979098644774912 144115188075857100 30 2 1224979098644774912 10 32 2 72057594037927956 0  Let_your_heroes_select_gear_from_the_items_on_the_ground.  2 1 2 936748722493063851 0 2060 1 864691128455135458  .  mno_dplmc_auto_loot_no  4 31 2 144115188075857102 0 2167 2 1224979098644774912 144115188075857100 2147483678 2 1224979098644774912 10 2061 0  Insufficient_item_pool_space_for_auto-upgrade.  0  .  mno_dplmc_loot  0  Access_the_items_on_the_ground.  1 2041 1 144115188075857100  .  mno_dplmc_loot_player  1 33 3 144115188075856023 360287970189639979 360287970189639995  Access_the_captain's_inventory.  3 47 1 360287970189639680 2051 1 144115188075856023 2133 2 144115188075856023 360287970189639680  .  mno_dplmc_loot_spouse  3 2147483679 2 144115188075856023 360287970189639680 1073742364 3 144115188075856023 30 360287970189639680 540 3 360287970189639680 30 144115188075856023  Access_your_spouse's_inventory.  3 47 1 360287970189639680 2051 1 144115188075856023 2133 2 144115188075856023 360287970189639680  .  mno_dplmc_auto_loot_upgrade_management  0  Update_management_of_NPC_equipment.  23 1650 2 1224979098644774912 648518346341351424 4 0 33 3 144115188075856023 360287970189639979 360287970189639995 2133 2 144115188075856007 144115188075856023 5 0 2133 2 144115188075856007 -1 6 3 1224979098644774913 0 1224979098644774912 1652 3 1224979098644774914 648518346341351424 1224979098644774913 33 3 1224979098644774914 360287970189639979 360287970189639995 2133 2 144115188075856007 1224979098644774914 2133 2 1224979098644774912 0 3 0 3 0 1 2 936748722493063851 0 4 0 30 2 144115188075856007 1 2133 2 144115188075856068 -1 6 3 1224979098644774915 0 9 500 3 360287970189641336 1224979098644774915 0 3 0 2319 1 30 900 1 1513209474796486700 3 0  .  mno_dplmc_auto_loot_reset_player  1 2147483679 2 144115188075856023 360287970189639680  Reset_current_troop_to_the_player  2 2133 2 144115188075856023 360287970189639680 47 1 144115188075856023  .  mno_dplmc_leave  0  {s20}  11 1540 2 1224979098644774912 144115188075857100 6 3 1224979098644774913 10 1224979098644774912 1541 3 1224979098644774914 144115188075857100 1224979098644774913 30 2 1224979098644774914 0 2147483799 2 144115188075857100 1224979098644774914 1543 3 144115188075857100 1224979098644774913 -1 1534 3 144115188075857100 1224979098644774913 0 3 0 47 1 360287970189639680 2060 1 144115188075857101 2133 2 144115188075857100 -1  .  mno_dplmc_leave_and_take_a  5 2167 2 1224979098644774912 360287970189639680 2147483678 2 1224979098644774912 72057594037927956 32 2 72057594037927956 0 32 2 1224979098644774912 0 2133 2 72057594037927936 1224979098644774912  Gather_{reg0}_of_the_{reg20}_items_on_the_ground_and_leave.  17 2167 2 1224979098644774912 360287970189639680 1540 2 1224979098644774913 144115188075857100 1511 1 144115188075857100 6 3 1224979098644774914 10 1224979098644774913 32 2 1224979098644774912 0 1541 3 1224979098644774915 144115188075857100 1224979098644774914 30 2 1224979098644774915 0 2147483799 2 144115188075857100 1224979098644774915 1542 3 1224979098644774916 144115188075857100 1224979098644774914 1530 3 360287970189639680 1224979098644774915 1224979098644774916 2106 2 1224979098644774912 1 1543 3 144115188075857100 1224979098644774914 -1 1534 3 144115188075857100 1224979098644774914 0 3 0 47 1 360287970189639680 2060 1 144115188075857101 2133 2 144115188075857100 -1  .  mno_dplmc_leave_and_take_b  4 2167 2 1224979098644774912 360287970189639680 30 2 1224979098644774912 72057594037927956 32 2 72057594037927956 0 2121 3 72057594037927936 72057594037927956 1  Gather_the_remaining_{reg20}_{reg0?items:item}_on_the_ground_and_leave.  16 2167 2 1224979098644774912 360287970189639680 1540 2 1224979098644774913 144115188075857100 6 3 1224979098644774914 10 1224979098644774913 32 2 1224979098644774912 0 1541 3 1224979098644774915 144115188075857100 1224979098644774914 30 2 1224979098644774915 0 2147483799 2 144115188075857100 1224979098644774915 1542 3 1224979098644774916 144115188075857100 1224979098644774914 1530 3 360287970189639680 1224979098644774915 1224979098644774916 2106 2 1224979098644774912 1 1543 3 144115188075857100 1224979098644774914 -1 1534 3 144115188075857100 1224979098644774914 0 3 0 47 1 360287970189639680 2060 1 144115188075857101 2133 2 144115188075857100 -1  .  mno_dplmc_leave_and_take_c  4 2167 2 1224979098644774912 360287970189639680 31 2 1224979098644774912 0 32 2 72057594037927956 0 2061 0  There_is_no_space_left_in_your_bags.  0  . 
menu_dplmc_auto_loot 0 Your_heroes_will_automatically_grab_items_from_the_loot_pool_based_on_their_pre-selected_upgrade_options._Heroes_listed_first_in_the_party_order_will_have_first_pick._Any_equipment_no_longer_needed_will_be_dropped_back_into_the_loot_pool._Any_items_in_the_loot_pool_will_be_lost_when_you_leave.^_Are_you_sure_you_wish_to_do_this? none 0 3
 mno_dplmc_autoloot_no  0  No,_I've_changed_my_mind.  1 2060 1 864691128455135457  .  mno_dplmc_autoloot_yes  0  Yes,_perform_the_upgrading.  6 1 2 936748722493063851 0 2133 2 144115188075857100 360287970189639683 47 1 360287970189639680 2133 2 144115188075856023 360287970189639680 1 3 936748722493063782 360287970189639683 30 2060 1 864691128455135457  .  mno_dplmc_autoloot_personal  2 33 3 144115188075856023 360287970189639979 360287970189639995 2322 2 1 144115188075856023  Yes,_only_upgrade_{s1}.  3 2133 2 144115188075857100 360287970189639683 1 4 936748722493063783 144115188075856023 144115188075857100 30 2060 1 864691128455135457  . 
menu_dplmc_notification_alliance_declared 0 Alliance_Agreement^^{s1}_and_{s2}_have_formed_an_alliance!^{s57} none 12 2319 1 57 2335 2 1 144115188075856876 2335 2 2 144115188075856877 2124 1 100 729 2 0 65 730 2 0 30 731 2 0 170 2121 3 1224979098644774912 144115188075856876 432345564227567630 2121 3 1224979098644774913 144115188075856877 432345564227567630 2107 2 1224979098644774912 128 2105 2 1224979098644774912 1224979098644774913 2032 3 1729382256910270495 1224979098644774912 0 1
 mno_dplmc_continue  0  Continue...  1 2040 0  . 
menu_dplmc_notification_defensive_declared 0 Defensive_Pact^^{s1}_and_{s2}_have_agreed_to_a_defensive_pact!^{s57} none 12 2319 1 57 2335 2 1 144115188075856876 2335 2 2 144115188075856877 2124 1 100 729 2 0 65 730 2 0 30 731 2 0 170 2121 3 1224979098644774912 144115188075856876 432345564227567630 2121 3 1224979098644774913 144115188075856877 432345564227567630 2107 2 1224979098644774912 128 2105 2 1224979098644774912 1224979098644774913 2032 3 1729382256910270495 1224979098644774912 0 1
 mno_dplmc_continue  0  Continue...  1 2040 0  . 
menu_dplmc_notification_trade_declared 0 Trade_Agreement^^{s1}_and_{s2}_have_signed_a_trade_agreement!^{s57} none 12 2319 1 57 2335 2 1 144115188075856876 2335 2 2 144115188075856877 2124 1 100 729 2 0 65 730 2 0 30 731 2 0 170 2121 3 1224979098644774912 144115188075856876 432345564227567630 2121 3 1224979098644774913 144115188075856877 432345564227567630 2107 2 1224979098644774912 128 2105 2 1224979098644774912 1224979098644774913 2032 3 1729382256910270495 1224979098644774912 0 1
 mno_dplmc_continue  0  Continue...  1 2040 0  . 
menu_dplmc_notification_nonaggression_declared 0 Non-aggression_Treaty^^{s1}_and_{s2}_have_concluded_a_non-aggression_treaty!^{s57} none 12 2319 1 57 2335 2 1 144115188075856876 2335 2 2 144115188075856877 2124 1 100 729 2 0 65 730 2 0 30 731 2 0 170 2121 3 1224979098644774912 144115188075856876 432345564227567630 2121 3 1224979098644774913 144115188075856877 432345564227567630 2107 2 1224979098644774912 128 2105 2 1224979098644774912 1224979098644774913 2032 3 1729382256910270495 1224979098644774912 0 1
 mno_dplmc_continue  0  Continue...  1 2040 0  . 
menu_dplmc_question_alliance_offer 0 You_Receive_an_Alliance_Offer^^The_{s1}_wants_to_form_an_alliance_with_you._What_is_your_answer? none 6 2335 2 1 144115188075856876 2124 1 100 729 2 0 65 730 2 0 30 731 2 0 170 2032 3 1729382256910270494 144115188075856876 0 2
 mno_dplmc_alliance_offer_accept  0  Accept  2 1 4 936748722493063796 432345564227567630 144115188075856876 1 2040 0  .  mno_dplmc_alliance_offer_reject  0  Reject  2 1 3 936748722493063461 144115188075856876 -2 2040 0  . 
menu_dplmc_question_defensive_offer 0 You_Receive_a_Pact_Offer^^The_{s1}_offers_you_a_defensive_pact._What_is_your_answer? none 6 2335 2 1 144115188075856876 2124 1 100 729 2 0 65 730 2 0 30 731 2 0 170 2032 3 1729382256910270494 144115188075856876 0 2
 mno_dplmc_defensive_offer_accept  0  Accept  2 1 4 936748722493063797 432345564227567630 144115188075856876 1 2040 0  .  mno_dplmc_defensive_offer_reject  0  Reject  2 1 3 936748722493063461 144115188075856876 -2 2040 0  . 
menu_dplmc_question_trade_offer 0 You_Receive_a_Pact_Offer^^The_{s1}_offers_you_a_trade_pact._What_is_your_answer? none 6 2335 2 1 144115188075856876 2124 1 100 729 2 0 65 730 2 0 30 731 2 0 170 2032 3 1729382256910270494 144115188075856876 0 2
 mno_dplmc_trade_offer_accept  0  Accept  2 1 4 936748722493063798 432345564227567630 144115188075856876 1 2040 0  .  mno_dplmc_trade_offer_reject  0  Reject  2 1 3 936748722493063461 144115188075856876 -2 2040 0  . 
menu_dplmc_question_nonaggression_offer 0 You_Receive_a_Pact_Offer^^The_{s1}_offers_you_a_non-aggression_treaty._What_is_your_answer? none 6 2335 2 1 144115188075856876 2124 1 100 729 2 0 65 730 2 0 30 731 2 0 170 2032 3 1729382256910270494 144115188075856876 0 2
 mno_dplmc_nonaggression_offer_accept  0  Accept  2 1 4 936748722493063799 432345564227567630 144115188075856876 1 2040 0  .  mno_dplmc_nonaggression_offer_reject  0  Reject  2 1 3 936748722493063461 144115188075856876 -2 2040 0  . 
menu_dplmc_notification_alliance_expired 0 Alliance_Has_Expired^^The_alliance_between_{s1}_and_{s2}_has_expired_and_was_degraded_to_a_defensive_pact. none 7 2335 2 1 144115188075856876 2335 2 2 144115188075856877 2124 1 100 729 2 0 65 730 2 0 30 731 2 0 170 2032 3 1729382256910270494 144115188075856876 0 1
 mno_dplmc_continue  0  Continue  1 2040 0  . 
menu_dplmc_notification_defensive_expired 0 Defensive_Pact_Has_Expired^^The_defensive_pact_between_{s1}_and_{s2}_has_expired_and_was_degraded_to_a_trade_agreement. none 7 2335 2 1 144115188075856876 2335 2 2 144115188075856877 2124 1 100 729 2 0 65 730 2 0 30 731 2 0 170 2032 3 1729382256910270494 144115188075856876 0 1
 mno_dplmc_continue  0  Continue  1 2040 0  . 
menu_dplmc_notification_trade_expired 0 Trade_Agreement_Has_Expired^^The_trade_agreement_between_{s1}_and_{s2}_has_expired_and_was_degraded_to_a_non-aggression_treaty. none 7 2335 2 1 144115188075856876 2335 2 2 144115188075856877 2124 1 100 729 2 0 65 730 2 0 30 731 2 0 170 2032 3 1729382256910270494 144115188075856876 0 1
 mno_dplmc_continue  0  Continue  1 2040 0  . 
menu_dplmc_dictate_terms 18374686479671624192 Dictate_your_peace_terms. none 1 2032 3 1729382256910270494 144115188075856876 0 4
 mno_dplmc_demand_4000  1 32 2 144115188075857091 0  Demand_4000_crowns  12 1 4 936748722493063730 144115188075856876 432345564227567630 -1 2133 2 1224979098644774912 72057594037927936 2136 3 1224979098644774913 0 4 1 3 936748722493063461 144115188075856876 -3 4 0 2147483680 2 1224979098644774913 1224979098644774912 1 2 936748722493063790 4000 1 4 936748722493063476 144115188075856876 432345564227567630 1 2040 0 5 0 2060 1 864691128455135471 3 0  .  mno_dplmc_demand_8000  1 32 2 144115188075857091 0  Demand_8000_crowns  13 1 4 936748722493063730 144115188075856876 432345564227567630 -1 2133 2 1224979098644774912 72057594037927936 2107 2 1224979098644774912 2 2136 3 1224979098644774913 0 10 1 3 936748722493063461 144115188075856876 -5 4 0 2147483680 2 1224979098644774913 1224979098644774912 1 2 936748722493063790 8000 1 4 936748722493063476 144115188075856876 432345564227567630 1 2040 0 5 0 2060 1 864691128455135471 3 0  .  mno_dplmc_demand_castle  24 2133 2 1224979098644774912 100 2133 2 144115188075857103 -1 2133 2 1224979098644774913 432345564227567630 4 0 33 3 144115188075856287 432345564227567631 432345564227567635 1 3 936748722493063852 360287970189639680 144115188075856287 30 2 72057594037927936 50 2133 2 1224979098644774913 144115188075856287 3 0 6 3 1224979098644774914 648518346341351519 648518346341351621 2204 2 1224979098644774915 1224979098644774914 31 2 1224979098644774915 144115188075856876 6 3 1224979098644774916 648518346341351445 648518346341351873 2204 2 1224979098644774917 1224979098644774916 1073741855 2 1224979098644774913 1224979098644774917 31 2 1224979098644774917 432345564227567630 2281 3 1224979098644774918 1224979098644774916 1224979098644774914 2147483678 2 1224979098644774918 1224979098644774912 2133 2 1224979098644774912 1224979098644774918 2133 2 144115188075857103 1224979098644774914 2330 2 2 1224979098644774914 3 0 3 0 33 3 144115188075857103 648518346341351519 648518346341351621  Demand_{s2}.  43 1 4 936748722493063730 144115188075856876 432345564227567630 -1 2133 2 1224979098644774912 72057594037927936 2107 2 1224979098644774912 2 2136 3 1224979098644774913 0 12 1 3 936748722493063461 144115188075856876 -6 4 0 2147483680 2 1224979098644774913 1224979098644774912 2133 2 1224979098644774914 0 4 0 521 3 1224979098644774915 144115188075857103 7 30 2 1224979098644774915 1 2147484208 3 1224979098644774915 8 0 4 0 1073742364 3 1224979098644774915 60 144115188075857103 541 3 144115188075857103 402 1224979098644774915 2136 3 1224979098644774913 0 24 2133 2 1224979098644774914 1 2147483680 2 1224979098644774913 1224979098644774912 2133 2 1224979098644774914 0 5 0 520 3 1224979098644774916 1224979098644774915 14 541 3 144115188075857103 61 1224979098644774916 2136 3 1224979098644774913 0 12 2133 2 1224979098644774914 1 2147483680 2 1224979098644774913 1224979098644774912 2133 2 1224979098644774914 0 3 0 3 0 31 2 1224979098644774914 0 2133 2 1224979098644774917 432345564227567630 4 0 2147484190 3 432345564227567630 21 0 33 3 144115188075856287 432345564227567631 432345564227567635 1 3 936748722493063852 360287970189639680 144115188075856287 30 2 72057594037927936 50 2133 2 1224979098644774917 144115188075856287 3 0 1 3 936748722493063411 144115188075857103 1224979098644774917 1 4 936748722493063476 144115188075856876 1224979098644774917 1 2040 0 5 0 2060 1 864691128455135471 3 0  .  mno_dplmc_go_back  0  Go_back  1 2060 1 864691128455135419  . 
menu_dplmc_deny_terms 18374686479671624192 The_{s1}_refuses_your_terms_and_is_breaking_off_of_negotiations. none 1 2032 3 1729382256910270494 144115188075856876 0 1
 mno_dplmc_continue  0  Continue  1 2040 0  . 
menu_dplmc_village_riot_result 4096 {s9} none 7 4 0 31 2 144115188075856168 1 2060 1 864691128455135473 5 0 2031 1 1441151880758558768 2320 2 9 1585267068834416369 3 0 1
 mno_dplmc_continue  0  Continue...  3 1 3 936748722493063460 144115188075856273 -3 1 3 936748722493063458 360287970189639680 -5 2060 1 864691128455135321  . 
menu_dplmc_village_riot_removed 512 In_bloody_battle_you_and_your_men_slaughter_the_rebels_and_regain_control_over_the_village._But_there_is_not_much_left_you_can_control. none 3 2031 1 1441151880758558742 501 3 144115188075856273 39 0 1 3 936748722493063440 144115188075856213 2 1
 mno_dplmc_continue  0  Continue...  1 2060 1 864691128455135321  . 
menu_dplmc_town_riot_removed 512 In_bloody_battle_you_and_your_men_slaughter_the_rebels_and_regain_control_over_the_town. none 0 1
 mno_dplmc_continue  0  Continue...  11 501 3 144115188075856273 39 0 2133 2 144115188075856190 1 4 0 521 3 1224979098644774912 144115188075856273 7 520 3 1224979098644774913 1224979098644774912 13 32 2 1224979098644774913 0 2106 2 1224979098644774913 1080863910568919284 2105 2 1224979098644774913 1297036692682702923 1677 2 144115188075856273 1224979098644774913 3 0 2060 1 864691128455135293  . 
menu_dplmc_riot_negotiate 512 You_approach_the_angry_crowd_and_begin_negotiations._The_leader_of_the_riot_demands_{reg0}_crowns._He_agrees_to_lay_down_arms_if_you_are_willing_to_pay. none 14 521 3 1224979098644774912 144115188075856273 26 2110 2 1224979098644774912 0 4 0 541 3 144115188075856273 0 3 2106 2 1224979098644774912 75 2031 1 1441151880758558765 5 0 2106 2 1224979098644774912 50 2031 1 1441151880758558768 3 0 2170 3 1224979098644774913 1369094286720630791 360287970189639680 2105 2 1224979098644774912 1224979098644774913 2107 2 1224979098644774912 1224979098644774912 2133 2 72057594037927936 1224979098644774912 3
 mno_dplmc_pay_riot_treasury  3 32 2 144115188075857091 0 2149 2 1224979098644774912 360287970189641323 30 2 1224979098644774912 72057594037927936  Induce_your_chamberlain_to_pay_the_money_from_the_treasury.  8 1 2 936748722493063791 72057594037927936 501 3 144115188075856273 39 0 4 0 541 3 144115188075856273 0 4 2060 1 864691128455135321 5 0 2060 1 864691128455135293 3 0  .  mno_dplmc_pay_riot_cash  2 2149 2 1224979098644774912 360287970189639680 30 2 1224979098644774912 72057594037927936  Pay_cash.  8 1529 2 360287970189639680 72057594037927936 501 3 144115188075856273 39 0 4 0 541 3 144115188075856273 0 4 2060 1 864691128455135321 5 0 2060 1 864691128455135293 3 0  .  mno_dplmc_back  0  Back...  6 4 0 541 3 144115188075856273 0 3 2060 1 864691128455135293 5 0 2060 1 864691128455135321 3 0  . 
menu_dplmc_notification_riot 0 The_peasants_of_{s1}_launched_a_riot_against_you!_In_a_surprise_attack,_men_loyal_to_you_have_been_slain._The_remainder_joined_the_angry_crowd. none 7 2330 2 1 144115188075856876 4 0 541 3 144115188075856876 0 3 2031 1 1441151880758558765 5 0 2031 1 1441151880758558768 3 0 1
 mno_dplmc_continue  0  Continue...  1 2040 0  . 
menu_dplmc_notification_appoint_chamberlain 0 As_a_lord_of_a_fief_you_can_now_appoint_a_chamberlain_who_resides_at_your_court_for_a_weekly_salary_of_15_crowns._He_will_handle_all_financial_affairs_like_collecting_and_determining_taxes,_paying_wages_and_managing_your_estate._In_addition_he_supervises_money_transfers_between_kingdoms_giving_you_more_diplomatic_options. none 5 2124 1 100 729 2 0 70 730 2 0 5 731 2 0 75 2032 3 1729382256910270490 360287970189641427 0 2
 mno_dplmc_appoint_default  0  Appoint_a_prominent_nobleman_from_the_area.  2 1 1 936748722493063816 2060 1 864691128455135478  .  mno_dplmc_continue  0  Proceed_without_chamberlain.  2 2133 2 144115188075857091 -1 2040 0  . 
menu_dplmc_chamberlain_confirm 0 Your_chamberlain_can_be_found_at_your_court._You_should_consult_him_if_you_want_to_give_him_any_financial_advice_or_if_you_need_greater_amounts_of_money._You_should_always_make_sure_that_there_is_enough_money_in_the_treasury_to_pay_for_political_affairs. none 0 1
 mno_dplmc_continue  0  Continue...  1 2040 0  . 
menu_dplmc_notification_appoint_constable 0 As_a_lord_of_a_fortified_center_you_can_now_appoint_a_constable_who_resides_at_your_court_for_a_weekly_salary_of_15_crowns._He_will_recruit_new_troops_and_provide_information_about_your_army. none 5 2124 1 100 729 2 0 70 730 2 0 5 731 2 0 75 2032 3 1729382256910270490 360287970189641428 0 2
 mno_dplmc_appoint_default  0  Appoint_a_prominent_nobleman_from_the_area.  2 1 1 936748722493063818 2060 1 864691128455135480  .  mno_dplmc_continue  0  Proceed_without_constable.  3 2133 2 144115188075857089 -1 2133 2 144115188075857088 -1 2040 0  . 
menu_dplmc_constable_confirm 0 Your_constable_can_be_found_at_your_court._You_should_consult_him_if_you_want_to_recruit_new_troops_or_get_detailed_information_about_your_standing_army. none 0 1
 mno_dplmc_continue  0  Continue...  1 2040 0  . 
menu_dplmc_notification_appoint_chancellor 0 As_a_lord_of_a_realm_and_owner_of_a_city_you_can_now_appoint_a_chancellor_who_resides_at_your_court_for_a_weekly_salary_of_20_crowns._He_will_be_the_keeper_of_your_seal_and_conduct_the_correspondence_between_you_and_other_important_persons. none 5 2124 1 100 729 2 0 70 730 2 0 5 731 2 0 75 2032 3 1729382256910270490 360287970189641429 0 2
 mno_dplmc_appoint_default  0  Appoint_a_prominent_nobleman_from_the_area.  2 1 1 936748722493063817 2060 1 864691128455135482  .  mno_dplmc_continue  0  Proceed_without_chancellor.  2 2133 2 144115188075857085 -1 2040 0  . 
menu_dplmc_chancellor_confirm 0 Your_chancellor_can_be_found_at_your_court._You_should_consult_him_if_you_want_to_send_messages_or_gifts. none 0 1
 mno_dplmc_continue  0  Continue...  1 2040 0  . 
menu_dplmc_deserters 0 Some_of_your_men_don't_believe_that_you_will_pay_their_wages_and_desert._Overall_you_lose:_{s11}_men. none 4 2031 1 1441151880758558739 2136 3 1224979098644774912 1 144115188075856876 1 2 936748722493063793 1224979098644774912 2320 2 11 1585267068834415917 1
 mno_dplmc_continue  0  Continue...  1 2040 0  . 
menu_dplmc_negotiate_besieger 0 You_appear_with_a_white_flag_at_the_top_of_the_wall._After_a_while_a_negotiator_of_{s11}_approaches_you._He_demands_{s6}_and_all_associated_villages_as_well_as_{reg0}_crowns_for_safe_conduct. none 37 521 3 1224979098644774912 144115188075856213 54 1652 3 1224979098644774913 1224979098644774912 0 2322 2 11 1224979098644774913 2173 2 1224979098644774914 1224979098644774913 1601 2 1224979098644774915 1224979098644774912 11 1 1224979098644774916 30 2 1224979098644774916 648518346341352008 2147483679 2 1224979098644774916 1224979098644774912 2204 2 1224979098644774917 1224979098644774916 31 2 1224979098644774917 1224979098644774914 132 1 1224979098644774916 541 3 1224979098644774916 4 11 541 3 1224979098644774916 5 1224979098644774912 132 1 1224979098644774912 2281 3 1224979098644774918 1224979098644774916 1224979098644774912 2147483678 2 1224979098644774918 25 1601 2 1224979098644774919 1224979098644774916 2105 2 1224979098644774915 1224979098644774919 3 0 2133 2 1224979098644774920 0 1650 2 1224979098644774921 144115188075856213 6 3 1224979098644774922 0 1224979098644774921 1653 3 1224979098644774923 144115188075856213 1224979098644774922 2105 2 1224979098644774920 1224979098644774923 3 0 2106 2 1224979098644774915 1224979098644774920 2170 3 1224979098644774924 1369094286720630791 360287970189639680 2107 2 1224979098644774924 10 2121 3 144115188075857082 1224979098644774915 1224979098644774924 2107 2 144115188075857082 4 1 2 936748722493063652 360287970189639680 2105 2 144115188075857082 72057594037927936 2111 2 144115188075857082 500 2108 2 144115188075857082 100 2107 2 144115188075857082 100 2133 2 72057594037927936 144115188075857082 2330 2 6 144115188075856213 3
 mno_dplmc_comply_treasury  2 2149 2 1224979098644774912 360287970189641323 30 2 1224979098644774912 144115188075857082  Comply_and_induce_your_chamberlain_to_pay_the_money_from_the_treasury.  6 1 2 936748722493063791 144115188075857082 521 3 1224979098644774912 144115188075856213 54 1652 3 1224979098644774913 1224979098644774912 0 1 3 936748722493063841 144115188075857082 1224979098644774913 1 2 936748722493063802 144115188075856213 2040 0  .  mno_dplmc_comply  2 2149 2 1224979098644774912 360287970189639680 30 2 1224979098644774912 144115188075857082  Comply_and_pay_the_gold.  6 1529 2 360287970189639680 144115188075857082 521 3 1224979098644774912 144115188075856213 54 1652 3 1224979098644774913 1224979098644774912 0 1 3 936748722493063841 144115188075857082 1224979098644774913 1 2 936748722493063802 144115188075856213 2040 0  .  mno_dplmc_break_off  0  Break_off_negotiations.  1 2060 1 864691128455135343  . 
menu_dplmc_messenger 0 Sire,_I_found_{s10}_and_delivered_your_message._{reg4?Her:His}_answer_was_{s11}. none 14 2031 1 1441151880758558722 2322 2 10 144115188075856876 4 0 31 2 144115188075856877 1 2320 2 11 1585267068834416370 5 0 2320 2 11 1585267068834416371 3 0 4 0 1 2 936748722493063828 144115188075856876 2133 2 72057594037927940 1 5 0 2133 2 72057594037927940 0 3 0 1
 mno_dplmc_continue  0  Continue...  1 2040 0  . 
menu_dplmc_scout 0 Your_spy_returned_from_{s10}^^{s11}{s12} none 27 2031 1 1441151880758558722 2330 2 10 144115188075856876 1 3 936748722493063203 144115188075856876 0 2320 2 11 1585267068834415103 4 0 1073741857 3 144115188075856876 648518346341351445 648518346341351519 33 3 144115188075856876 648518346341351519 648518346341351621 521 3 1224979098644774912 144115188075856876 53 1 2 936748722493063436 144115188075856876 2133 2 1224979098644774913 72057594037927936 2123 3 72057594037927942 1224979098644774912 1224979098644774913 2156 2 72057594037927941 144115188075856876 2320 2 11 1585267068834416372 3 0 2319 1 12 1695 2 1224979098644774914 144115188075856876 4 0 32 2 1224979098644774914 0 2320 2 12 1585267068834416373 6 3 1224979098644774915 0 1224979098644774914 1696 3 1224979098644774916 144115188075856876 1224979098644774915 2330 2 3 1224979098644774916 2156 2 72057594037927937 1224979098644774916 2320 2 12 1585267068834416374 3 0 3 0 1 2 936748722493063607 144115188075856876 1
 mno_dplmc_continue  0  Continue...  1 2040 0  . 
menu_dplmc_domestic_policy 0 You_can_now_shape_the_domestic_policy_of_your_kingdom._Do_you_want_to_change_your_policy_now? none 9 4 0 31 2 144115188075857136 1 2040 0 3 0 2124 1 100 729 2 0 65 730 2 0 30 731 2 0 170 2032 3 1729382256910270494 432345564227567630 0 2
 mno_dplmc_yes  0  Yes,_I_want_to_change_the_domestic_policy.  2 2133 2 144115188075856018 432345564227567630 900 1 1513209474796486701  .  mno_dplmc_no  0  No,_I_don't_want_to_change_the_domestic_policy.  1 2040 0  . 
menu_dplmc_affiliate_end 0 {!}{s11} none 26 2031 1 1441151880758558722 2322 2 9 144115188075856876 4 0 31 2 144115188075856877 144115188075856876 2320 2 11 1585267068834416375 5 0 30 2 144115188075856877 360287970189639912 1507 1 144115188075856877 2322 2 10 144115188075856877 1 2 936748722493063829 144115188075856876 2133 2 72057594037927937 72057594037927936 2173 2 1224979098644774912 144115188075856877 4 0 32 2 1224979098644774912 0 522 3 1224979098644774912 1224979098644774912 11 32 2 1224979098644774912 0 1 2 936748722493063829 1224979098644774912 31 2 72057594037927936 1 1 4 936748722493063849 144115188075856877 5 11 2133 2 72057594037927937 1 5 0 1 4 936748722493063849 144115188075856877 4 11 2133 2 72057594037927937 0 3 0 2320 2 11 1585267068834416376 3 0 1
 mno_dplmc_continue  0  Continue...  1 2040 0  . 
menu_dplmc_preferences 0 Diplomacy_4.3+_Preferences{s0} none 17 520 3 72057594037927936 360287970189641427 165 1 1 936748722493063929 2319 1 0 4 0 2147483679 2 72057594037927936 0 2119 3 1224979098644774912 72057594037927936 128 3221225502 2 72057594037927936 0 2147483679 2 1224979098644774912 68 2320 2 0 1585267068834416377 5 0 30 2 144115188075856163 1 2108 2 72057594037927936 128 3 0 4 0 31 2 144115188075856617 1513209474796486708 900 1 144115188075856617 3 0 28
 mno_dplmc_presentation  0  Presentation  2 900 1 1513209474796486712 2133 2 144115188075856617 -1  .  mno_dplmc_cheat_mode  1 2133 2 72057594037927936 144115188075856163  {reg0?Dis:En}able_cheat_mode.  1 2121 3 144115188075856163 1 144115188075856163  .  mno_dplmc_horse_speed  1 2133 2 72057594037927936 144115188075857104  {reg0?En:Dis}able_Diplomacy_horse_speed_and_culling.  1 2121 3 144115188075857104 1 144115188075857104  .  mno_dplmc_battle_continuation  1 2133 2 72057594037927936 144115188075857105  {reg0?En:Dis}able_Diplomacy_battle_continuation.  3 2112 3 144115188075857105 0 2 2121 3 144115188075857105 1 144115188075857105 2060 1 864691128455135489  .  mno_dplmc_player_disguise  1 2133 2 72057594037927936 144115188075857182  {reg0?Dis:En}able_disguise_system.  2 2121 3 144115188075857182 1 144115188075857182 2060 1 864691128455135489  .  mno_dplmc_charge_when_dead  2 31 2 144115188075857105 0 2133 2 72057594037927936 144115188075857111  {reg0?Dis:En}able_troops_charging_upon_battle_continuation.  1 2121 3 144115188075857111 1 144115188075857111  .  mno_dplmc_deathcam_keys  1 31 2 144115188075857105 0  Redefine_camera_keys.  2 2133 2 144115188075856617 1513209474796486708 900 1 1513209474796486708  .  mno_dplmc_disable_terrain_advantage  1 31 2 144115188075857106 0  Disable_terrain_advantage_in_Autocalc_battles_(currently_Enabled).  2 2133 2 144115188075857106 -1 2060 1 864691128455135489  .  mno_dplmc_enable_terrain_advantage  1 31 2 144115188075857106 -1  Enable_terrain_advantage_in_Autocalc_battles_(currently_Disabled).  2 2133 2 144115188075857106 0 2060 1 864691128455135489  .  mno_dplmc_reset_terrain_advantage  3 2147483679 2 144115188075857106 -1 2147483679 2 144115188075857106 0 2133 2 72057594037927936 144115188075857106  You_used_a_saved_game_from_another_mod:_g_dplmc_terrain_advantage_=_{reg0}_(click_to_reset)  2 2133 2 144115188075857106 0 2060 1 864691128455135489  .  mno_dplmc_toggle_lord_recycling_a  1 31 2 144115188075857107 -1  Enable_lords_returning_from_exile_and_spawning_without_homes_(currently_disabled)  1 2133 2 144115188075857107 0  .  mno_dplmc_toggle_lord_recycling_b  2 1073741855 2 144115188075857107 1 31 2 144115188075857107 0  Disable_lords_returning_from_exile_and_spawning_without_homes_(currently_enabled)  1 2133 2 144115188075857107 -1  .  mno_dplmc_toggle_lord_recycling_reset  4 2147483679 2 144115188075857107 -1 2147483679 2 144115188075857107 0 2147483679 2 144115188075857107 1 2133 2 72057594037927936 144115188075857107  You_used_a_saved_game_from_another_mod:_g_dplmc_lord_recycling_=_{reg0}_(click_to_reset)  2 2133 2 144115188075857107 0 2060 1 864691128455135489  .  mno_dplmc_toggle_ai_changes_a  1 31 2 144115188075857108 -1  Enable_AI_changes_(currently_disabled)  1 2133 2 144115188075857108 0  .  mno_dplmc_toggle_ai_changes_b  1 31 2 144115188075857108 0  Increase_AI_changes_(currently_low)  1 2133 2 144115188075857108 1  .  mno_dplmc_toggle_ai_changes_c  1 31 2 144115188075857108 1  Increase_AI_changes_(currently_medium)  1 2133 2 144115188075857108 2  .  mno_dplmc_toggle_ai_changes_d  1 31 2 144115188075857108 2  Disable_AI_changes_(currently_high/experimental)  1 2133 2 144115188075857108 -1  .  mno_dplmc_reset_ai_changes  5 2147483679 2 144115188075857108 -1 2147483679 2 144115188075857108 0 2147483679 2 144115188075857108 1 2147483679 2 144115188075857108 2 2133 2 72057594037927936 144115188075857108  You_used_a_saved_game_from_another_mod:_g_dplmc_ai_changes_=_{reg0}_(click_to_reset)  2 2133 2 144115188075857108 0 2060 1 864691128455135489  .  mno_dplmc_toggle_gold_changes_a  1 31 2 144115188075857109 -1  Set_economic_&_behavioral_changes_to_low_(current_mode:_disabled)  1 2133 2 144115188075857109 0  .  mno_dplmc_toggle_gold_changes_b  1 31 2 144115188075857109 0  Set_economic_&_behavioral_changes_to_medium_(current_mode:_low)  1 2133 2 144115188075857109 1  .  mno_dplmc_toggle_gold_changes_c  1 31 2 144115188075857109 1  Set_economic_&_behavioral_changes_to_high/experimental_(current_mode:_medium)  1 2133 2 144115188075857109 2  .  mno_dplmc_toggle_gold_changes_d  1 31 2 144115188075857109 2  Disable_economic_&_behavioral_changes_(current_mode:_high/experimental)  1 2133 2 144115188075857109 -1  .  mno_dplmc_reset_gold_changes  5 2147483679 2 144115188075857109 -1 2147483679 2 144115188075857109 0 2147483679 2 144115188075857109 1 2147483679 2 144115188075857109 2 2133 2 72057594037927936 144115188075857109  You_used_a_saved_game_from_another_mod:_g_dplmc_gold_changes_=_{reg0}_(click_to_reset)  2 2133 2 144115188075857109 0 2060 1 864691128455135489  .  mno_dplmc_switch_woman_prejudice_1  2 1073741855 2 144115188075856199 0 31 2 144115188075856199 1  Change_prejudice_level_(current_level_is_default)  2 2105 2 144115188075856199 2 2060 1 864691128455135489  .  mno_dplmc_switch_woman_prejudice_2  2 1073741855 2 144115188075856199 2 31 2 144115188075856199 3  Change_prejudice_level_(current_level_is_off)  2 2106 2 144115188075856199 4 2060 1 864691128455135489  .  mno_dplmc_switch_woman_prejudice_3  2 1073741855 2 144115188075856199 -1 31 2 144115188075856199 -2  Change_prejudice_level_(current_level_is_high)  2 2105 2 144115188075856199 2 2060 1 864691128455135489  .  mno_dplmc_player_disguise  1 2133 2 72057594037927936 144115188075856758  {reg0?En:Dis}able_NPC_complaints.  1 2121 3 144115188075856758 1 144115188075856758  .  mno_dplmc_back  0  Back...  2 2060 1 864691128455135247 1 1 936748722493063930  . 
menu_dplmc_affiliated_family_report 0 {s0} none 40 2319 1 0 2319 1 1 6 3 1224979098644774912 360287970189639978 360287970189640294 4 0 31 2 1224979098644774912 360287970189639978 2133 2 1224979098644774912 360287970189639680 3 0 1 2 936748722493063853 1224979098644774912 1073741855 2 1224979098644774912 360287970189639680 30 2 72057594037927936 1 2319 1 1 2320 2 0 216172782113787172 4 0 31 2 1224979098644774912 360287970189639680 2320 2 1 1585267068834416378 5 0 1 3 936748722493063482 1224979098644774912 0 3 0 2320 2 0 216172782113787172 4 0 2147483679 2 360287970189639680 1224979098644774912 1 2 936748722493063457 1224979098644774912 2133 2 72057594037927937 72057594037927936 2320 2 1 216172782113784027 2320 2 0 216172782113787172 3 0 4 0 2147484208 3 1224979098644774912 8 0 520 3 1224979098644774913 1224979098644774912 10 1073741855 2 1224979098644774913 0 30 2 1224979098644774913 648518346341352008 1073741855 2 1224979098644774912 360287970189639680 2147483679 2 1224979098644774913 648518346341351424 132 1 1224979098644774913 2133 2 72057594037927936 0 1601 2 72057594037927937 1224979098644774913 2320 2 1 1585267068834416379 2320 2 0 216172782113787172 3 0 3 0 2
 mno_lord_relations  0  View_list_of_all_known_lords_by_relation.  1 2060 1 864691128455135241  .  mno_continue  0  Continue...  1 2060 1 864691128455135236  . 
menu_dplmc_start_select_prejudice 18374686479671624192 In_the_traditional_medieval_society_depicted_in_the_game,_war_and_politics_are_usually_dominated_by_male_members_of_the_nobility.__Because_of_this,_a_female_character_can_face_initial_prejudice,_and_some_opportunities_open_to_men_will_not_be_available_(although_a_woman_will_also_have_some_opportunities_a_man_will_not).__Some_players_might_find_distasteful,_so_if_you_want_you_can_ignore_that_aspect_of_society_in_medieval_Europe.^^You_can_later_change_your_mind_through_the_options_in_the_Camp_menu. none 0 3
 mno_dplmc_start_prejudice_yes  0  I_do_not_mind_encountering_sexism.  10 2133 2 144115188075856199 0 4 0 31 2 144115188075856172 0 2133 2 144115188075856171 1 2133 2 144115188075857183 1 900 1 1513209474796486724 5 0 31 2 144115188075856172 1 900 1 1513209474796486723 3 0  .  mno_dplmc_start_prejudice_no  0  I_would_prefer_not_to_encounter_as_much_sexism.  10 2133 2 144115188075856199 2 4 0 31 2 144115188075856172 0 2133 2 144115188075856171 1 2133 2 144115188075857183 1 900 1 1513209474796486724 5 0 31 2 144115188075856172 1 900 1 1513209474796486723 3 0  .  mno_go_back  0  Go_back  1 2060 1 864691128455135507  . 
menu_dplmc_economic_report 0 {s0} none 150 2319 1 0 2319 1 1 2133 2 72057594037927936 0 2320 2 0 1585267068834416380 6 3 1224979098644774912 0 432345564227567635 1073741855 2 1224979098644774912 0 33 3 1224979098644774912 432345564227567630 432345564227567635 1073741855 2 1224979098644774912 0 542 3 1224979098644774912 21 0 4 0 31 2 1224979098644774912 0 2320 2 1 1585267068834416381 5 0 522 3 72057594037927936 1224979098644774912 22 32 2 72057594037927936 0 2320 2 1 72057594037927936 5 0 2335 2 1 1224979098644774912 3 0 2133 2 1224979098644774913 0 2133 2 1224979098644774914 0 2133 2 1224979098644774915 0 2133 2 1224979098644774916 0 2133 2 1224979098644774917 0 2133 2 1224979098644774918 0 2133 2 1224979098644774919 0 6 3 1224979098644774920 648518346341351445 648518346341351519 2204 2 72057594037927936 1224979098644774920 1073741855 2 1224979098644774912 0 31 2 72057594037927936 1224979098644774912 2105 2 1224979098644774919 1 521 3 72057594037927936 1224979098644774920 50 2105 2 1224979098644774913 72057594037927936 4 0 2147483678 2 72057594037927936 20 2105 2 1224979098644774918 1 5 0 2147483678 2 72057594037927936 40 2105 2 1224979098644774917 1 5 0 2147483678 2 72057594037927936 60 2105 2 1224979098644774916 1 5 0 2147483678 2 72057594037927936 80 2105 2 1224979098644774915 1 5 0 2105 2 1224979098644774914 1 3 0 3 0 2133 2 72057594037927936 1224979098644774919 2111 2 72057594037927936 1 2123 3 72057594037927936 1224979098644774913 72057594037927936 2320 2 0 1585267068834416382 2133 2 72057594037927936 1224979098644774914 4 0 1073741855 2 1224979098644774912 0 32 2 72057594037927936 0 2320 2 0 1585267068834416383 3 0 2133 2 72057594037927936 1224979098644774915 4 0 1073741855 2 1224979098644774912 0 32 2 72057594037927936 0 2320 2 0 1585267068834416384 3 0 2133 2 72057594037927936 1224979098644774916 4 0 1073741855 2 1224979098644774912 0 32 2 72057594037927936 0 2320 2 0 1585267068834416385 3 0 2133 2 72057594037927936 1224979098644774917 4 0 1073741855 2 1224979098644774912 0 32 2 72057594037927936 0 2320 2 0 1585267068834416386 3 0 2133 2 72057594037927936 1224979098644774918 4 0 1073741855 2 1224979098644774912 0 32 2 72057594037927936 0 2320 2 0 1585267068834416387 3 0 2320 2 0 1585267068834416388 2133 2 1224979098644774913 0 2133 2 1224979098644774914 0 2133 2 1224979098644774915 0 2133 2 1224979098644774916 0 2133 2 1224979098644774917 0 2133 2 1224979098644774918 0 2133 2 1224979098644774919 0 6 3 1224979098644774920 648518346341351621 648518346341351873 2204 2 72057594037927936 1224979098644774920 1073741855 2 1224979098644774912 0 31 2 72057594037927936 1224979098644774912 2105 2 1224979098644774919 1 521 3 72057594037927936 1224979098644774920 50 2105 2 1224979098644774913 72057594037927936 4 0 2147483678 2 72057594037927936 20 2105 2 1224979098644774918 1 5 0 2147483678 2 72057594037927936 40 2105 2 1224979098644774917 1 5 0 2147483678 2 72057594037927936 60 2105 2 1224979098644774916 1 5 0 2147483678 2 72057594037927936 80 2105 2 1224979098644774915 1 5 0 2105 2 1224979098644774914 1 3 0 3 0 2133 2 72057594037927936 1224979098644774919 2111 2 72057594037927936 1 2123 3 72057594037927936 1224979098644774913 72057594037927936 2320 2 0 1585267068834416389 4 0 1073741855 2 1224979098644774912 0 32 2 1224979098644774914 0 2133 2 72057594037927936 1224979098644774914 2320 2 0 1585267068834416390 3 0 4 0 1073741855 2 1224979098644774912 0 32 2 1224979098644774915 0 2133 2 72057594037927936 1224979098644774915 2320 2 0 1585267068834416391 3 0 4 0 1073741855 2 1224979098644774912 0 32 2 1224979098644774916 0 2133 2 72057594037927936 1224979098644774916 2320 2 0 1585267068834416392 3 0 4 0 1073741855 2 1224979098644774912 0 32 2 1224979098644774917 0 2133 2 72057594037927936 1224979098644774917 2320 2 0 1585267068834416393 3 0 4 0 1073741855 2 1224979098644774912 0 32 2 1224979098644774918 0 2133 2 72057594037927936 1224979098644774918 2320 2 0 1585267068834416394 3 0 2320 2 0 1585267068834416388 3 0 1
 mno_dplmc_back  0  Continue...  1 2060 1 864691128455135236  . 
menu_town_cheats 0 Select_an_option_to_interact_with_the_town_here none 1 1 1 936748722493063566 15
 mno_page  0  Next_Page.  1 2060 1 864691128455135494  .  mno_debug  0  Party_Cheats.  1 2060 1 864691128455135498  .  mno_host_tournament  1 541 3 144115188075856213 0 3  Host_a_tournament  3 501 3 144115188075856213 156 1 1 2 936748722493063219 144115188075856213 2060 1 864691128455135343  .  mno_camp_cheat_gather  1 541 3 144115188075856213 0 3  Gather_all_inactive_NPCs.  8 2133 2 144115188075855986 -1 6 3 1224979098644774912 360287970189639979 360287970189639995 2147483758 1 1224979098644774912 540 3 1224979098644774912 150 0 540 3 1224979098644774912 2 0 500 3 1224979098644774912 12 144115188075856213 500 3 1224979098644774912 81 0 3 0  .  mno_summon_drunk  7 541 3 144115188075856213 0 3 4 0 540 3 360287970189641346 12 144115188075856213 2133 2 72057594037927946 1 5 0 2133 2 72057594037927946 0 3 0  {reg10?Dismiss:Get}_a_drunkard.  6 4 0 31 2 72057594037927946 1 500 3 360287970189641346 12 -1 5 0 500 3 360287970189641346 12 144115188075856213 3 0  .  mno_summon_ass  7 541 3 144115188075856213 0 3 4 0 540 3 360287970189641347 12 144115188075856213 2133 2 72057594037927947 1 5 0 2133 2 72057594037927947 0 3 0  {reg11?Scare_away:Hire}_an_assassin.  6 4 0 31 2 72057594037927947 1 500 3 360287970189641347 12 -1 5 0 500 3 360287970189641347 12 144115188075856213 3 0  .  mno_summon_bandit  8 2147484189 3 144115188075856213 0 2 521 3 72057594037927948 144115188075856213 155 4 0 31 2 72057594037927948 0 2320 2 12 216172782113785904 5 0 2323 2 12 72057594037927948 3 0  {reg12?Kick_out:Get_ambushed_by}_some_{s12}.  11 4 0 561 3 144115188075856213 155 1 501 3 144115188075856213 155 0 5 0 2136 3 1224979098644774912 360287970189639890 360287970189639892 501 3 144115188075856213 155 1224979098644774912 2133 2 144115188075856244 1 2133 2 144115188075856215 0 2133 2 144115188075856236 0 1 1 936748722493063540 3 0  .  mno_summon_village_bandit  8 541 3 144115188075856213 0 4 521 3 72057594037927949 144115188075856213 39 4 0 2147483680 2 72057594037927949 0 2323 2 13 360287970189639890 5 0 2323 2 13 72057594037927949 3 0  {reg13?Cleanse:Infest}_the_village_{reg13?of:with}_{s13}.  8 4 0 561 3 144115188075856213 39 1 501 3 144115188075856213 39 0 5 0 1 3 936748722493063876 144115188075856213 0 501 3 144115188075856213 39 72057594037927936 2060 1 864691128455135321 3 0  .  mno_summon_insurgent  1 541 3 144115188075856213 39 0  Spearhead_a_peasant_revolution.  24 501 3 144115188075856213 39 360287970189639899 2171 2 1224979098644774912 360287970189639680 2123 3 1224979098644774913 1224979098644774912 2 2122 3 1224979098644774914 1224979098644774912 2 4 0 33 3 144115188075856213 648518346341351621 648518346341351873 2136 3 1224979098644774915 0 1224979098644774912 1610 3 144115188075856213 360287970189639709 1224979098644774915 2136 3 1224979098644774915 0 1224979098644774913 1610 3 144115188075856213 360287970189639710 1224979098644774915 5 0 1677 2 144115188075856213 0 1650 2 1224979098644774916 144115188075856213 6 3 1224979098644774917 0 1224979098644774916 1653 3 1224979098644774918 144115188075856213 1224979098644774917 2108 2 1224979098644774918 2 1652 3 1224979098644774919 144115188075856213 1224979098644774917 1615 3 144115188075856213 1224979098644774919 1224979098644774918 3 0 2136 3 1224979098644774915 1224979098644774913 1224979098644774914 1610 3 144115188075856213 360287970189639706 1224979098644774915 2136 3 1224979098644774915 0 1224979098644774912 1610 3 144115188075856213 360287970189639707 1224979098644774915 3 0  .  mno_center_refresh  1 541 3 144115188075856213 0 3  Refresh_merchants_(global).  4 1 1 936748722493063775 1 1 936748722493063774 1 1 936748722493063776 1 1 936748722493063773  .  mno_village_refresh  1 541 3 144115188075856213 0 4  Refresh_village_goods.  1 1 2 936748722493063438 144115188075856213  .  mno_village_recruits  1 541 3 144115188075856213 0 4  Refresh_recruits.  1 1 2 936748722493063586 144115188075856213  .  mno_center_recruits  1 541 3 144115188075856213 0 3  Refresh_mercenaries.  11 2136 3 1224979098644774912 360287970189639707 360287970189639747 501 3 144115188075856213 90 1224979098644774912 2136 3 1224979098644774913 3 8 4 0 30 2 144115188075857109 2 2171 2 1224979098644774914 360287970189639680 2120 3 1224979098644774915 80 1224979098644774914 2107 2 1224979098644774913 1224979098644774915 2108 2 1224979098644774913 80 3 0 501 3 144115188075856213 91 1224979098644774913  .  mno_go_back  1 2147484189 3 144115188075856213 0 4  Go_Back.  1 2060 1 864691128455135343  .  mno_continue  1 541 3 144115188075856213 0 4  Continue.  1 2060 1 864691128455135321  . 
menu_town_cheats_2 0 Select_an_option_to_interact_with_the_center_itself._Prosperity_is_{reg1},_Relation_is_{reg2},_there_are_{reg3}_parties_in_town. none 10 1 1 936748722493063566 521 3 72057594037927937 144115188075856213 50 521 3 72057594037927938 144115188075856213 26 2133 2 1224979098644774912 0 11 1 1224979098644774913 132 1 1224979098644774913 130 2 1224979098644774913 144115188075856213 2105 2 1224979098644774912 1 3 0 2133 2 72057594037927939 1224979098644774912 16
 mno_page  0  Previous_Page.  1 2060 1 864691128455135493  .  mno_toggle_state  2 541 3 144115188075856213 0 4 521 3 72057594037927937 144115188075856213 35  {reg1?Restore:Raze}_this_village.  6 4 0 541 3 144115188075856213 35 0 1 3 936748722493063440 144115188075856213 2 5 0 1 3 936748722493063440 144115188075856213 0 3 0  .  mno_village_manage  0  Manage_this_center.  2 2133 2 144115188075856193 864691128455135494 2060 1 864691128455135328  .  mno_increase_rel  0  Increase_Relation.  7 4 0 1073741894 1 42 70 1 54 1 3 936748722493063460 144115188075856213 1 5 0 1 3 936748722493063460 144115188075856213 5 3 0  .  mno_decrease_rel  0  Decrease_Relation.  7 4 0 1073741894 1 42 70 1 54 1 3 936748722493063460 144115188075856213 -1 5 0 1 3 936748722493063460 144115188075856213 -5 3 0  .  mno_increase_prosp  0  Increase_Prosperity.  7 4 0 1073741894 1 42 70 1 54 1 3 936748722493063639 144115188075856213 1 5 0 1 3 936748722493063639 144115188075856213 5 3 0  .  mno_decrease_prosp  0  Decrease_Prosperity.  7 4 0 1073741894 1 42 70 1 54 1 3 936748722493063639 144115188075856213 -1 5 0 1 3 936748722493063639 144115188075856213 -5 3 0  .  mno_castle_cheat_interior  1 2147484189 3 144115188075856213 0 4  {!}Interior.  4 1911 1 792633534417207319 521 3 1224979098644774912 144115188075856213 11 1910 1 1224979098644774912 2048 0  .  mno_castle_cheat_town_exterior  0  {!}Exterior.  4 521 3 1224979098644774912 144115188075856213 10 1911 1 792633534417207319 1910 1 1224979098644774912 2048 0  .  mno_castle_cheat_dungeon  1 2147484189 3 144115188075856213 0 4  {!}Prison.  4 1911 1 792633534417207319 521 3 1224979098644774912 144115188075856213 12 1910 1 1224979098644774912 2048 0  .  mno_castle_cheat_town_walls  1 541 3 144115188075856213 0 3  {!}Town_Walls.  4 521 3 1224979098644774912 144115188075856213 18 1911 1 792633534417207319 1910 1 1224979098644774912 2048 0  .  mno_cheat_town_start_siege  3 2147484189 3 144115188075856213 0 4 541 3 144115188075856273 54 -1 2147483678 2 144115188075856786 1  Besiege_the_center...  2 2133 2 144115188075856217 144115188075856273 2060 1 864691128455135299  .  mno_center_reports  0  Show_reports.  1 2060 1 864691128455135348  .  mno_sail_from_port  6 541 3 144115188075856213 0 3 1625 2 1 144115188075856213 1629 3 2 1 6 710 3 1224979098644774912 1 2 2147483678 2 1224979098644774912 6 30 2 144115188075856163 1  {!}Sail_from_port.  5 2133 2 144115188075856181 2 1603 3 648518346341351424 512 1 1626 2 648518346341351424 2 2133 2 144115188075856265 -1 2040 0  .  mno_go_back  1 2147484189 3 144115188075856213 0 4  Go_Back.  1 2060 1 864691128455135343  .  mno_continue  1 541 3 144115188075856213 0 4  Continue.  1 2060 1 864691128455135321  . 
menu_rename_court 0 {!}This_menu_jumps_to_the_rename_presentation none 9 4 0 2117 3 1224979098644774912 144115188075856576 2 32 2 1224979098644774912 0 2040 0 5 0 2133 2 144115188075856480 2 900 1 1513209474796486683 1 6 936748722493063683 97 360287970189639680 144115188075856285 -1 -1 3 0 0

menu_export_import 256 Press_C_to_access_{s1}'s_character_screen_and_then_the_statistics_button_on_the_bottom_left. none 3 2031 1 1441151880758558721 47 1 144115188075856169 2323 2 1 144115188075856169 3
 mno_rename  0  I_never_liked_the_name_{s1}...  2 2133 2 144115188075856480 4 900 1 1513209474796486683  .  mno_display_slots  1 30 2 144115188075856163 1  Show_me_all_your_secrets...  2 2133 2 144115188075855987 144115188075856169 2060 1 864691128455135499  .  mno_continue  0  Continue...  2 47 1 360287970189639680 2060 1 144115188075856193  . 
menu_display_party_slots 18417752151108354048 {s1} none 42 2031 1 1441151880758558722 2330 2 1 144115188075856273 2133 2 72057594037927937 144115188075856273 2133 2 144115188075856822 -1 11 1 1224979098644774912 132 1 1224979098644774912 32 2 1224979098644774912 144115188075856822 2133 2 144115188075856822 1224979098644774912 3 0 2133 2 72057594037927938 144115188075856822 2320 2 1 1585267068834416395 6 3 72057594037927937 0 1000 521 3 72057594037927936 144115188075856273 72057594037927937 2147483679 2 72057594037927936 0 2320 2 1 1585267068834416396 3 0 2121 3 144115188075857082 144115188075856273 1 2120 3 144115188075857084 144115188075856273 1 4 0 2147483780 1 144115188075857082 2133 2 144115188075857082 0 2133 2 1224979098644774913 144115188075856273 7 3 1224979098644774912 0 1224979098644774913 132 1 1224979098644774912 2147483678 2 1224979098644774912 144115188075856273 32 2 1224979098644774912 144115188075857082 2133 2 144115188075857082 1224979098644774912 2133 2 1224979098644774913 0 3 0 3 0 4 0 2147483780 1 144115188075857084 2133 2 144115188075857084 144115188075856822 2133 2 1224979098644774913 144115188075856822 6 3 1224979098644774912 144115188075856273 1224979098644774913 132 1 1224979098644774912 32 2 1224979098644774912 144115188075856273 2147483680 2 1224979098644774912 144115188075857084 2133 2 144115188075857084 1224979098644774912 2133 2 1224979098644774913 144115188075856273 3 0 3 0 5
 mno_notes  1 33 3 144115188075856273 648518346341351445 648518346341351873  View_Notes.  1 2053 2 3 144115188075856273  .  mno_previous  4 30 2 144115188075857082 648518346341351424 2147483678 2 144115188075857082 144115188075856273 132 1 144115188075857082 2330 2 2 144115188075857082  Previous_Party_({s2}).  1 2133 2 144115188075856273 144115188075857082  .  mno_next  4 2147483680 2 144115188075857084 144115188075856822 32 2 144115188075857084 144115188075856273 132 1 144115188075857084 2330 2 2 144115188075857084  Next_Party_({s2}).  1 2133 2 144115188075856273 144115188075857084  .  mno_change  0  Modify_slots.  3 2133 2 144115188075856480 0 2133 2 144115188075856622 2 900 1 1513209474796486710  .  mno_continue  0  Continue.  3 2133 2 144115188075856190 2 2205 1 144115188075856273 1 3 936748722493063177 144115188075856273 -1  . 
menu_party_cheat 0 {!}{s10}_is_a_{reg10?holding:member}_of_{s11}_with_relation_{reg11}{reg6?_(player_relation_{reg6}):}_at_({reg8},{reg9})_{reg7}_km_away.^_It_has_{reg12}/{reg13}_soldiers_{reg13?in_{reg14}_stacks:}{reg15?_and_{reg15}_prisoners_in_{reg16}_stacks:{reg17?_and_{reg17}_attached_parties:}.^_AI_Behaviour_is_{s13}{reg18?_(currently_{s14}):},_Object_is_{s15}{reg19?_(currently_{s16}):}_at_({reg20},{reg21}) none 112 2133 2 144115188075856190 0 2124 1 1000 2330 2 10 144115188075856273 2335 2 11 144115188075856787 4 0 1073741857 3 144115188075856273 648518346341351445 648518346341351873 33 3 144115188075856273 648518346341351879 648518346341351884 2133 2 72057594037927946 1 521 3 72057594037927942 144115188075856273 26 5 0 2133 2 72057594037927946 0 4 0 1652 3 1224979098644774912 144115188075856273 0 1507 1 1224979098644774912 1 3 936748722493063710 1224979098644774912 360287970189639680 2133 2 72057594037927942 72057594037927936 3 0 3 0 1625 2 1 144115188075856273 726 2 72057594037927944 1 727 2 72057594037927945 1 2133 2 72057594037927947 144115188075856788 2281 3 72057594037927943 144115188075856273 648518346341351424 1 2 936748722493063370 144115188075856273 2133 2 72057594037927948 72057594037927936 1601 2 72057594037927949 144115188075856273 1650 2 72057594037927950 144115188075856273 1602 2 72057594037927951 144115188075856273 1651 2 72057594037927952 144115188075856273 1695 2 72057594037927953 144115188075856273 2290 2 1224979098644774913 144115188075856273 2105 2 1224979098644774913 216172782113787185 2320 2 13 1224979098644774913 2293 2 1224979098644774914 144115188075856273 2105 2 1224979098644774914 216172782113787185 4 0 2147483679 2 1224979098644774914 1224979098644774913 2320 2 14 1224979098644774914 2133 2 72057594037927954 1 5 0 2319 1 14 2133 2 72057594037927954 0 3 0 2291 2 1224979098644774915 144115188075856273 4 0 3221225504 2 1224979098644774915 0 2147483780 1 1224979098644774915 2320 2 15 216172782113787002 5 0 2330 2 15 1224979098644774915 3 0 2294 2 1224979098644774916 144115188075856273 2133 2 72057594037927955 1 4 0 31 2 1224979098644774916 1224979098644774915 2133 2 72057594037927955 0 5 0 3221225504 2 1224979098644774916 0 2147483780 1 1224979098644774916 2320 2 16 216172782113787002 5 0 2330 2 16 1224979098644774916 3 0 2292 2 2 144115188075856273 726 2 72057594037927956 2 727 2 72057594037927957 2 4 0 33 3 144115188075856273 648518346341351445 648518346341351873 2133 2 144115188075856213 144115188075856273 1 1 936748722493063566 5 0 31 2 144115188075856790 576460752303423494 2031 1 1441151880758558720 5 0 31 2 144115188075856790 576460752303423496 2031 1 1441151880758558760 5 0 31 2 144115188075856790 576460752303423497 2031 1 1441151880758558725 5 0 31 2 144115188075856790 576460752303423498 2031 1 1441151880758558739 5 0 31 2 144115188075856790 576460752303423499 2031 1 1441151880758558768 5 0 1073741855 2 144115188075856790 576460752303423500 1073741855 2 144115188075856790 576460752303423495 31 2 144115188075856790 576460752303423511 2031 1 1441151880758558739 5 0 31 2 144115188075856790 576460752303423530 2031 1 1441151880758558746 5 0 31 2 144115188075856790 576460752303423529 1652 3 1224979098644774912 144115188075856273 0 30 2 1224979098644774912 1 520 3 1224979098644774917 1224979098644774912 14 4 0 31 2 1224979098644774917 15 2031 1 1441151880758558762 5 0 31 2 1224979098644774917 16 2031 1 1441151880758558767 5 0 31 2 1224979098644774917 17 2031 1 1441151880758558757 5 0 31 2 1224979098644774917 18 2031 1 1441151880758558758 3 0 3 0 10
 mno_talk  0  Encounter_the_party_(Shift_to_goto).  9 4 0 1073741894 1 42 70 1 54 1625 2 1 144115188075856273 1626 2 648518346341351424 1 2052 0 5 0 1 3 936748722493063177 144115188075856273 -1 3 0  .  mno_slots  0  Dump_all_slot_values.  1 2060 1 864691128455135497  .  mno_reinf  0  Reinforce_party.  18 4 0 33 3 144115188075856273 648518346341351621 648518346341351873 1 2 936748722493063439 144115188075856273 5 0 33 3 144115188075856787 432345564227567630 432345564227567635 1 2 936748722493063426 144115188075856273 5 0 1073741855 2 144115188075856787 432345564227567640 33 3 144115188075856787 432345564227567631 432345564227567635 1652 3 1224979098644774912 144115188075856273 0 2173 2 144115188075856787 1224979098644774912 2136 3 1224979098644774913 77 80 522 3 1224979098644774914 144115188075856787 1224979098644774913 1675 2 144115188075856273 1224979098644774914 5 0 1609 2 1224979098644774914 144115188075856273 1675 2 144115188075856273 1224979098644774914 3 0  .  mno_exp  0  Upgrade_party.  53 1650 2 1224979098644774912 144115188075856273 1617 1 648518346341351425 7 3 1224979098644774913 0 1224979098644774912 1652 3 1224979098644774914 144115188075856273 1224979098644774913 4 0 1653 3 1224979098644774915 144115188075856273 1224979098644774913 4 0 1507 1 1224979098644774914 2171 2 1224979098644774916 1224979098644774914 2133 2 1224979098644774917 100 4 0 2147483680 2 1224979098644774916 10 2133 2 1224979098644774918 100 5 0 2147483680 2 1224979098644774916 25 2133 2 1224979098644774918 1000 5 0 2147483680 2 1224979098644774916 35 2133 2 1224979098644774918 10000 5 0 2147483680 2 1224979098644774916 50 2133 2 1224979098644774918 30000 5 0 2147483680 2 1224979098644774916 60 2133 2 1224979098644774918 1000000 5 0 2133 2 1224979098644774918 10000000 3 0 6 3 1224979098644774919 0 1224979098644774917 1670 3 144115188075856273 1224979098644774913 1224979098644774918 1062 2 1 1224979098644774914 2171 2 1224979098644774920 1224979098644774914 2147483678 2 1224979098644774916 1224979098644774920 2133 2 1224979098644774917 0 3 0 5 0 1561 3 1224979098644774921 1224979098644774914 0 32 2 1224979098644774921 0 1561 3 1224979098644774922 1224979098644774914 1 4 0 32 2 1224979098644774922 0 2136 3 1224979098644774923 0 2 31 2 1224979098644774923 0 2133 2 1224979098644774921 1224979098644774922 3 0 1610 3 648518346341351425 1224979098644774921 1224979098644774915 1654 3 1224979098644774924 144115188075856273 1224979098644774913 1618 3 648518346341351425 1224979098644774921 1224979098644774924 1615 3 144115188075856273 1224979098644774914 1224979098644774915 3 0 3 0 3 0 1 3 936748722493063346 144115188075856273 648518346341351425  .  mno_wound  0  Wound_party.  1 1 2 936748722493063404 144115188075856273  .  mno_heal  0  Heal_party.  1 1 2 936748722493063909 144115188075856273  .  mno_rename  0  Rename_party.  2 2133 2 144115188075856480 3 900 1 1513209474796486683  .  mno_exchange  0  Exchange_with_party.  1 2043 1 1  .  mno_bandits  1 33 3 144115188075856273 648518346341351445 648518346341351873  Spawn_bandits_nearby.  5 1103 1 25 6 3 1224979098644774912 0 10 2136 3 1224979098644774913 576460752303423495 576460752303423500 1100 2 144115188075856273 1224979098644774913 3 0  .  mno_leave  0  Leave.  2 2133 2 144115188075856011 1 2040 0  . 
menu_display_troop_slots 18374854704950673408 {s1}^{s2} none 68 2133 2 72057594037927937 144115188075855987 2322 2 1 144115188075855987 2323 2 2 144115188075855987 2173 2 1224979098644774912 144115188075855987 2335 2 3 1224979098644774912 1516 2 1224979098644774913 144115188075855987 2346 2 4 1224979098644774913 2171 2 72057594037927938 144115188075855987 2320 2 1 1585267068834416397 4 0 2147485155 1 144115188075855987 4 0 1561 3 1224979098644774914 144115188075855987 0 32 2 1224979098644774914 0 2323 2 2 1224979098644774914 2320 2 1 1585267068834416398 1561 3 1224979098644774915 144115188075855987 1 32 2 1224979098644774915 0 2323 2 2 1224979098644774915 2320 2 1 1585267068834416399 3 0 1 2 936748722493063190 144115188075855987 2133 2 72057594037927946 72057594037927936 1 2 936748722493063191 144115188075855987 2133 2 72057594037927947 72057594037927936 2320 2 1 1585267068834416400 1 3 936748722493063187 144115188075855987 -1 2133 2 72057594037927948 72057594037927936 1 2 936748722493063189 144115188075855987 2133 2 72057594037927949 72057594037927936 2133 2 1224979098644774916 144115188075855987 2133 2 144115188075855987 360287970189639932 1 2 936748722493063192 1224979098644774916 2133 2 72057594037927950 72057594037927936 2133 2 144115188075855987 1224979098644774916 2320 2 1 1585267068834416401 5 0 1507 1 144115188075855987 2320 2 2 1585267068834415809 1 4 936748722493063916 144115188075855987 2 0 2320 2 1 1585267068834416402 4 0 2149 2 1224979098644774917 144115188075855987 32 2 1224979098644774917 0 2133 2 72057594037927937 1224979098644774917 2320 2 1 1585267068834416403 3 0 3 0 2319 1 2 6 3 72057594037927937 0 1000 520 3 72057594037927936 144115188075855987 72057594037927937 2147483679 2 72057594037927936 0 2320 2 2 1585267068834416404 3 0 2124 1 100 701 1 0 4 0 2318 1 2 729 2 0 17 730 2 0 30 731 2 0 100 5 0 729 2 0 60 730 2 0 20 731 2 0 100 3 0 2122 3 1224979098644774916 144115188075855987 2 2032 3 1729382256910270467 1224979098644774916 0 12
 mno_notes  1 33 3 144115188075855987 360287970189639979 360287970189640294  View_Notes.  1 2053 2 1 144115188075855987  .  mno_prev_range  3 32 2 144115188075855987 360287970189639680 1 4 936748722493063916 144115188075855987 3 -1 2322 2 3 72057594037927936  Head_({s3}).  3 1 4 936748722493063916 144115188075855987 0 -1 2133 2 144115188075855987 72057594037927936 2060 1 864691128455135499  .  mno_next_range  2 1 4 936748722493063916 144115188075855987 3 1 2322 2 3 72057594037927936  Tail_({s3}).  3 1 4 936748722493063916 144115188075855987 0 1 2133 2 144115188075855987 72057594037927936 2060 1 864691128455135499  .  mno_prev  3 32 2 144115188075855987 360287970189639680 2121 3 1224979098644774912 144115188075855987 1 2322 2 2 1224979098644774912  Previous_Troop_({s2}).  2 2106 2 144115188075855987 1 2060 1 864691128455135499  .  mno_next  3 2147483678 2 144115188075855987 360287970189641432 2120 3 1224979098644774912 144115188075855987 1 2322 2 2 1224979098644774912  Next_Troop_({s2}).  2 2105 2 144115188075855987 1 2060 1 864691128455135499  .  mno_rename  0  Rename.  3 2133 2 144115188075856169 144115188075855987 2133 2 144115188075856480 4 900 1 1513209474796486683  .  mno_change  0  Modify_slots.  3 2133 2 144115188075856480 0 2133 2 144115188075856622 4 900 1 1513209474796486710  .  mno_encounter  3 1507 1 144115188075855987 521 3 1224979098644774912 144115188075855987 10 132 1 1224979098644774912  Find_leaded_party.  2 521 3 144115188075856273 144115188075855987 10 2060 1 864691128455135498  .  mno_inventory  0  Modify_inventory_(Shift_for_Equip).  7 4 0 1073741894 1 42 70 1 54 2051 1 144115188075855987 5 0 2041 1 144115188075855987 3 0  .  mno_gender  0  Toggle_gender.  15 4 0 31 2 144115188075855987 360287970189639680 2121 3 144115188075856162 1 144115188075856162 1505 2 360287970189639680 144115188075856162 5 0 1506 2 1224979098644774912 144115188075855987 2121 3 1224979098644774912 1 1224979098644774912 1505 2 144115188075855987 1224979098644774912 4 0 1073742364 3 144115188075855987 2 2 540 3 144115188075855987 2 6 2173 2 1224979098644774913 144115188075855987 1 3 936748722493063414 144115188075855987 1224979098644774913 3 0 3 0  .  mno_recruit  9 1073741929 1 1 106 1 1 4 0 1507 1 144115188075855987 2161 3 1224979098644774912 144115188075855987 648518346341351424 1073741856 2 1224979098644774912 0 110 1 144115188075855987 2061 0 3 0  Add_to_party_(Shift_for_prisoner).  12 4 0 1073741894 1 42 70 1 54 1611 3 648518346341351424 144115188075855987 1 5 0 4 0 1507 1 144115188075855987 1 2 936748722493063483 144115188075855987 5 0 1610 3 648518346341351424 144115188075855987 1 3 0 3 0  .  mno_continue  0  Continue.  1 2052 0  . 
menu_dplmc_choose_disguise 0 You_are_about_to_sneak_into_{s1}._Make_sure_you_don't_bring_suspicious_items_or_excess_crowns_that_might_be_confiscated._{s2} none 44 2330 2 1 144115188075856213 4 0 31 2 144115188075856215 0 2320 2 2 1585267068834416405 2133 2 144115188075856007 0 5 0 31 2 144115188075856215 1 2320 2 2 1585267068834416406 2133 2 144115188075856007 6 5 0 31 2 144115188075856215 2 2320 2 2 1585267068834416407 2133 2 144115188075856007 15 5 0 31 2 144115188075856215 4 2320 2 2 1585267068834416408 2133 2 144115188075856007 12 5 0 31 2 144115188075856215 8 2320 2 2 1585267068834416409 2133 2 144115188075856007 6 5 0 31 2 144115188075856215 16 2320 2 2 1585267068834416410 2133 2 144115188075856007 32 5 0 31 2 144115188075856215 32 2320 2 2 1585267068834416411 2133 2 144115188075856007 9 3 0 2124 1 100 701 1 0 4 0 2318 1 2 729 2 0 17 730 2 0 30 731 2 0 100 5 0 729 2 0 60 730 2 0 20 731 2 0 100 3 0 2032 3 1729382256910270465 360287970189639680 0 520 3 144115188075856068 360287970189639680 80 10
 mno_continue  2 32 2 144115188075856007 0 2133 2 72057594037927937 144115188075856007  Choose_up_to_{reg1}_items_to_bring.  1 2041 1 360287970189639685  .  mno_continue  1 2147483679 2 144115188075856215 0  Select_how_much_gold_to_carry.  2 2133 2 144115188075857100 360287970189639685 900 1 1513209474796486711  .  mno_continue  1 2147483679 2 144115188075856215 0  Attempt_to_sneak_in...  31 1107 1 0 1532 1 360287970189639683 1 3 936748722493063819 360287970189639680 360287970189639683 1 3 936748722493063819 360287970189639685 360287970189639680 1 3 936748722493063819 360287970189639683 360287970189639685 2149 2 1224979098644774912 360287970189639685 2149 2 1224979098644774913 360287970189639680 1529 2 360287970189639680 1224979098644774913 1529 2 360287970189639685 1224979098644774912 1528 2 360287970189639680 1224979098644774912 1528 2 360287970189639685 1224979098644774913 1107 1 1 522 3 1224979098644774914 144115188075856787 30 1601 2 1224979098644774915 648518346341351424 1602 2 1224979098644774916 648518346341351424 2105 2 1224979098644774915 1224979098644774916 2107 2 1224979098644774915 2 2108 2 1224979098644774915 3 2120 3 1224979098644774917 1224979098644774914 1224979098644774915 2136 3 1224979098644774918 0 100 4 0 1073741854 2 144115188075856163 1 1073741854 2 1224979098644774918 1224979098644774917 31 2 144115188075856221 144115188075856273 2133 2 144115188075856221 0 2133 2 144115188075856216 1 2060 1 864691128455135355 2133 2 144115188075856156 1 5 0 2060 1 864691128455135356 3 0  .  mno_disguise_pilgrim  1 2147483679 2 144115188075856215 1  Don_the_robes_of_a_poor_pilgrim.  1 2133 2 144115188075856215 1  .  mno_disguise_farmer  3 2117 3 1224979098644774912 144115188075856068 2 31 2 1224979098644774912 2 2147483679 2 144115188075856215 2  Accept_your_fate_as_a_downtrodden_farmer.  1 2133 2 144115188075856215 2  .  mno_disguise_hunter  3 2117 3 1224979098644774912 144115188075856068 4 31 2 1224979098644774912 4 2147483679 2 144115188075856215 4  Disguise_yourself_as_a_skilled_{huntsman/huntress}.  1 2133 2 144115188075856215 4  .  mno_disguise_guard  3 2117 3 1224979098644774912 144115188075856068 8 31 2 1224979098644774912 8 2147483679 2 144115188075856215 8  Pass_yourself_off_as_a_caravan_guard.  1 2133 2 144115188075856215 8  .  mno_disguise_merchant  3 2117 3 1224979098644774912 144115188075856068 16 31 2 1224979098644774912 16 2147483679 2 144115188075856215 16  Adopt_the_guise_of_a_trader.  1 2133 2 144115188075856215 16  .  mno_disguise_bard  3 2117 3 1224979098644774912 144115188075856068 32 31 2 1224979098644774912 32 2147483679 2 144115188075856215 32  Try_your_luck_as_a_bard.  1 2133 2 144115188075856215 32  .  mno_back  0  Never_mind...  5 1107 1 0 1 4 936748722493063920 360287970189639685 360287970189639680 -1 1107 1 1 2133 2 144115188075856215 0 2060 1 864691128455135293  . 
menu_armour_progression_notification 0 War_rages_on..._^With_the_ever_increasing_demand_of_armour_and_armaments_it_is_only_natural_for_new_fashions_and_technological_improvements_to_appear_and_for_nations_to_adapt._^(The_equipment_of_several_troops_will_be_modified,_new_armour_and_weapons_introduced_in_their_kits.) none 1 2031 1 1441151880758558721 2
 mno_embrace_modernity  0  Embrace_Progress.  3 2040 0 2133 2 144115188075857184 2 1 1 936748722493064065  .  mno_reject_modernity  0  Reject_Progress.  2 2133 2 144115188075857184 3 2060 1 864691128455135502  . 
menu_armour_progression_notification_declined 0 You_can_still_change_your_mind_by_accessing_the_'Take_an_Action'_menu_in_the_camp_and_triggering_the_event_at_any_moment. none 0 1
 mno_confirm  0  Carry_on_your_journey.  1 2040 0  . 
menu_dac_relocate_party 0 This_menu_relocates_the_player_party_after_using_script_setup_random_scene. none 2 1 1 936748722493063485 2052 0 0

menu_dac_start_quest 0 {s10} none 1 1 1 936748722493064035 6
 mno_start_merc  1 31 2 144115188075856171 5  Discuss_your_options...  1 1 1 936748722493064036  .  mno_start_hunter  1 31 2 144115188075856171 4  Discuss_your_options...  1 1 1 936748722493064036  .  mno_start_guard  1 31 2 144115188075856171 3  Discuss_your_options...  1 1 1 936748722493064036  .  mno_start_merchant  1 31 2 144115188075856171 2  Discuss_your_options...  1 1 1 936748722493064036  .  mno_start_noble  1 31 2 144115188075856171 1  Speak_to_the_angry_man...  1 1 1 936748722493064036  .  mno_start_generic  0  Skip_Intro_Quest...  1 2040 0  . 
menu_dac_stand_fight 0 You_and_your_men_prepare_for_the_attack... none 0 5
 mno_merc_stand_fight  1 31 2 144115188075856171 5  Lead_your_men  2 1 1 936748722493064037 2048 0  .  mno_hunter_stand_fight  1 31 2 144115188075856171 4  Lead_your_men  2 1 1 936748722493064038 2048 0  .  mno_guard_stand_fight  1 31 2 144115188075856171 3  Lead_your_men  2 1 1 936748722493064039 2048 0  .  mno_guard_stand_fight  1 31 2 144115188075856171 2  Lead_your_men  2 1 1 936748722493064040 2048 0  .  mno_noble_stand_fight  1 31 2 144115188075856171 1  Duel  3 1 1 936748722493064041 1030 3 3 1000 0 2048 0  . 
menu_starting_quest_victory_merc 0 {s10} none 1 1 2 936748722493064042 0 1
 mno_end_merc_quest  0  Continue...  2 1 2 936748722493064042 1 2052 0  . 
menu_start_game_1 18374686479671624192 Select_your_character's_gender. none 1 2133 2 144115188075856199 0 3
 mno_start_male  0  Male  15 1505 2 360287970189639680 0 2133 2 144115188075856162 0 2750 3 57 360287970189641602 0 2750 3 58 360287970189641602 1 2751 3 360287970189639680 57 0 2751 3 360287970189639680 58 1 4 0 31 2 144115188075856172 0 2133 2 144115188075856171 1 2133 2 144115188075857183 1 900 1 1513209474796486724 5 0 31 2 144115188075856172 1 900 1 1513209474796486723 3 0  .  mno_start_female  0  Female  7 1505 2 360287970189639680 1 2133 2 144115188075856162 1 2750 3 57 360287970189641601 0 2750 3 58 360287970189641601 1 2751 3 360287970189639680 57 0 2751 3 360287970189639680 58 1 2060 1 864691128455135491  .  mno_go_back  0  Go_back  1 2055 0  . 
menu_auto_return 0 {!}This_menu_automatically_returns_to_caller. none 1 2040 1 0 0

menu_dac_start_character_background 512 Choose_Your_Background none 1 2133 2 72057594037927947 144115188075856162 11
 mno_dac_start_noble  1 2147483679 2 144115188075856162 1  An_impoverished_noble.  2 2133 2 144115188075856171 1 2060 1 864691128455135511  .  mno_dac_start_merchant  1 2147483679 2 144115188075856162 1  A_travelling_merchant.  2 2133 2 144115188075856171 2 2060 1 864691128455135511  .  mno_dac_start_soldier  1 2147483679 2 144115188075856162 1  A_veteran_soldier.  2 2133 2 144115188075856171 3 2060 1 864691128455135511  .  mno_dac_start_hunter  1 2147483679 2 144115188075856162 1  A_hunter.  2 2133 2 144115188075856171 4 2060 1 864691128455135511  .  mno_dac_start_mercenary  1 2147483679 2 144115188075856162 1  A_rugged_mercenary.  2 2133 2 144115188075856171 5 2060 1 864691128455135511  .  mno_dac_start_noblewoman  1 31 2 144115188075856162 1  An_impoverished_noblewoman,_dealing_with_the_death_of_her_father_during_the_war.  2 2133 2 144115188075856171 1 2060 1 864691128455135511  .  mno_dac_start_peasant  1 31 2 144115188075856162 1  a_Peasant,_inspired_by_the_tales_of_Jeanne,_La_Pucelle_d'Orléans.  2 2133 2 144115188075856171 6 2060 1 864691128455135511  .  mno_dac_start_craftswoman  1 31 2 144115188075856162 1  a_Craftswoman,_supporting_the_war_efforts.  2 2133 2 144115188075856171 2 2060 1 864691128455135511  .  mno_dac_start_healer  1 31 2 144115188075856162 1  a_Healer,_tending_to_the_wounded_during_the_war.  2 2133 2 144115188075856171 7 2060 1 864691128455135511  .  mno_choose_scene  1 255 0  Scene_Chooser  1 2060 1 864691128455135540  .  mno_go_back  0  Go_back  1 2060 1 864691128455135507  . 
menu_start_as_vassal_choose_faction 512 Select_your_character's_faction. none 0 5
 mno_fac1  0  Kingdom_of_France  2 2133 2 144115188075856173 432345564227567631 2060 1 864691128455135511  .  mno_fac2  0  Kingdom_of_England  2 2133 2 144115188075856173 432345564227567632 2060 1 864691128455135511  .  mno_fac3  0  Duchy_of_Burgundy  2 2133 2 144115188075856173 432345564227567633 2060 1 864691128455135511  .  mno_fac4  0  Duchy_of_Brittany  2 2133 2 144115188075856173 432345564227567634 2060 1 864691128455135511  .  mno_go_back  0  Go_back  6 4 0 31 2 144115188075856162 1 2060 1 864691128455135491 5 0 2060 1 864691128455135507 3 0  . 
menu_dac_choose_skill 512 Onwards,_to_France! none 0 4
 mno_begin_adventuring  1 31 2 144115188075856172 0  Become_an_adventurer_and_ride_to_your_destiny.  101 1107 1 0 4 0 1073741855 2 144115188075857183 17 1073741855 2 144115188075857183 19 1073741855 2 144115188075857183 8 31 2 144115188075857183 10 2133 2 144115188075857158 0 5 0 2133 2 144115188075857158 1 3 0 4 0 1073741855 2 144115188075857183 21 1073741855 2 144115188075857183 17 31 2 144115188075857183 19 500 3 360287970189639680 168 -1 500 3 360287970189639680 166 -1 500 3 360287970189639680 167 -1 500 3 360287970189639680 169 -1 3 0 4 0 31 2 144115188075856171 5 6 3 1224979098644774912 432345564227567630 432345564227567635 502 3 1224979098644774912 31 0 3 0 3 0 4 0 31 2 144115188075857183 16 1 3 936748722493063461 432345564227567631 40 1 3 936748722493063461 432345564227567632 -40 3 0 4 0 31 2 144115188075857183 9 6 3 1224979098644774913 288230376151711833 288230376151711840 507 3 1224979098644774913 2 1000 507 3 1224979098644774913 3 1 3 0 3 0 4 0 31 2 144115188075857183 21 2133 2 144115188075857185 0 2133 2 144115188075857160 0 500 3 360287970189639680 170 -1 3 0 4 0 31 2 144115188075857183 13 1530 2 360287970189641675 288230376151713231 1530 2 360287970189641675 288230376151713244 1530 2 360287970189641678 288230376151713232 1530 2 360287970189641681 288230376151713232 1530 2 360287970189641678 288230376151713244 1530 2 360287970189641681 288230376151713244 3 0 4 0 31 2 144115188075857183 18 1675 2 648518346341351424 576460752303423499 6 3 1224979098644774914 432345564227567649 432345564227567654 502 3 1224979098644774914 101 -1 3 0 6 3 1224979098644774912 432345564227567630 432345564227567635 2147483679 2 1224979098644774912 432345564227567630 1 3 936748722493063461 1224979098644774912 -40 3 0 502 3 432345564227567649 77 576460752303423554 502 3 432345564227567650 77 576460752303423555 502 3 432345564227567651 77 576460752303423556 502 3 432345564227567652 77 576460752303423557 502 3 432345564227567653 77 576460752303423558 3 0 4 0 2133 2 1224979098644774915 1 4 0 2147483679 2 144115188075856171 1 2105 2 1224979098644774915 2 3 0 4 0 31 2 144115188075856171 4 2105 2 1224979098644774915 4 3 0 4 0 31 2 144115188075856171 2 2105 2 1224979098644774915 16 3 0 4 0 1073741855 2 144115188075856171 3 31 2 144115188075856171 5 2105 2 1224979098644774915 8 3 0 4 0 31 2 144115188075856172 1 2105 2 1224979098644774915 32 3 0 3 0 500 3 360287970189639680 80 1224979098644774915 4 0 31 2 144115188075856171 1 2060 1 864691128455135508 900 1 1513209474796486685 5 0 2040 1 0 3 0 1107 1 1  .  mno_begin_ruling  1 31 2 144115188075856172 2  Become_a_ruler_during_the_Hundred_Years_War  4 1 2 936748722493064134 144115188075857290 2133 2 144115188075856171 1 2133 2 144115188075857186 1 2040 1 0  .  mno_begin_serving  1 31 2 144115188075856172 1  Become_a_vassal_during_the_Hundred_Years_War  5 1 2 936748722493064133 144115188075856173 2133 2 144115188075856171 1 2133 2 144115188075857186 2 2060 1 864691128455135508 900 1 1513209474796486685  .  mno_go_back_dot  0  Go_back.  15 4 0 31 2 144115188075856172 1 900 1 1513209474796486723 5 0 31 2 144115188075856172 2 2133 2 144115188075857150 -1 2133 2 144115188075856172 2 900 1 1513209474796486722 5 0 2133 2 144115188075856171 1 2133 2 144115188075857186 1 1 1 936748722493064142 1 1 936748722493064141 900 1 1513209474796486724 3 0  . 
menu_dac_start_game_lord_name_option 512 Mod_Option^^_In_Deeds_of_Arms_and_Chivalry_the_lords_and_regents_carry_the_titles_they_would_have_held_in_1429_in_their_names._If_the_long_titles_are_inconvenient_for_you,_you_have_the_option_to_shorten_the_names_of_lords_and_regents_or_only_the_lords,_otherwise_you_can_keep_it_as_it_is,_long_and_uncut._This_is_a_one_time_irreversible_change._For_example,_John_Fastolf_Lieutenant-general_of_Normandy_will_simply_be_refered_as_John_Fastolf_if_you_select_to_remove_the_titles. none 0 3
 mno_no  0  Keep_it_as_it_is.  1 2040 0  .  mno_also_yes_kinda  0  Remove_only_the_lord_titles._(Keep_the_regent_titles)  5 6 3 1224979098644774912 360287970189639999 360287970189640145 2323 2 7 1224979098644774912 1501 2 1224979098644774912 7 3 0 2040 0  .  mno_yes  0  Remove_all_the_titles.  5 6 3 1224979098644774912 360287970189639995 360287970189640145 2323 2 7 1224979098644774912 1501 2 1224979098644774912 7 3 0 2040 0  . 
menu_manage_hidden_chest 512 You_discreetely_make_your_way_to_your_hidden_stash..._^____{s10}_out_of_a_maximum_of_{reg4}_items_^____You_stored_{reg5}_crowns_out_of_a_maximum_of_{reg6}_^____Current_Stash_Level:_{reg7}/10 none 29 2133 2 72057594037927939 0 1540 2 1224979098644774912 360287970189641325 2133 2 72057594037927940 1224979098644774912 6 3 1224979098644774913 0 1224979098644774912 1541 3 1224979098644774914 360287970189641325 1224979098644774913 30 2 1224979098644774914 0 2147483799 2 360287970189641325 1224979098644774914 2105 2 72057594037927939 1 3 0 4 0 31 2 72057594037927939 0 2320 2 10 216172782113788156 5 0 31 2 72057594037927939 1 2320 2 10 216172782113788157 5 0 2320 2 10 216172782113788158 3 0 2149 2 1224979098644774915 360287970189641325 2133 2 72057594037927941 1224979098644774915 2170 3 1224979098644774916 12 360287970189641325 4 0 2147483678 2 12 5 2122 3 1224979098644774917 1224979098644774916 500 5 0 2122 3 1224979098644774917 1224979098644774916 1000 3 0 2133 2 72057594037927942 1224979098644774917 2133 2 72057594037927943 1224979098644774916 10
 mno_access_stash_items  0  Open_the_Stash  1 2041 1 360287970189641325  .  mno_upgrade_stash  3 2147483678 2 72057594037927943 10 2149 2 1224979098644774912 360287970189639680 30 2 1224979098644774912 72057594037927942  Upgrade_the_Stash:_{reg6}_Crowns  2 1529 2 360287970189639680 72057594037927942 1521 3 360287970189641325 12 1  .  mno_deposit_500_crowns  5 2149 2 1224979098644774912 360287970189641325 2121 3 1224979098644774913 72057594037927942 500 2147483680 2 1224979098644774912 1224979098644774913 2149 2 1224979098644774914 360287970189639680 30 2 1224979098644774914 500  Deposit_500_Crowns  2 1529 2 360287970189639680 500 1528 2 360287970189641325 500  .  mno_deposit_200_crowns  5 2149 2 1224979098644774912 360287970189641325 2121 3 1224979098644774913 72057594037927942 200 2147483680 2 1224979098644774912 1224979098644774913 2149 2 1224979098644774914 360287970189639680 30 2 1224979098644774914 200  Deposit_200_Crowns  2 1529 2 360287970189639680 200 1528 2 360287970189641325 200  .  mno_deposit_100_crowns  5 2149 2 1224979098644774912 360287970189641325 2121 3 1224979098644774913 72057594037927942 100 2147483680 2 1224979098644774912 1224979098644774913 2149 2 1224979098644774914 360287970189639680 30 2 1224979098644774914 100  Deposit_100_Crowns  2 1529 2 360287970189639680 100 1528 2 360287970189641325 100  .  mno_withdraw_all_crowns  2 2149 2 1224979098644774912 360287970189641325 32 2 1224979098644774912 0  Withdraw_All_Crowns  2 1529 2 360287970189641325 72057594037927941 1528 2 360287970189639680 72057594037927941  .  mno_withdraw_500_crowns  2 2149 2 1224979098644774912 360287970189641325 30 2 1224979098644774912 500  Withdraw_500_Crowns  2 1529 2 360287970189641325 500 1528 2 360287970189639680 500  .  mno_withdraw_200_crowns  2 2149 2 1224979098644774912 360287970189641325 30 2 1224979098644774912 200  Withdraw_200_Crowns  2 1529 2 360287970189641325 200 1528 2 360287970189639680 200  .  mno_withdraw_100_crowns  2 2149 2 1224979098644774912 360287970189641325 30 2 1224979098644774912 100  Withdraw_100_Crowns  2 1529 2 360287970189641325 100 1528 2 360287970189639680 100  .  mno_go_back  0  Go_back  1 2060 1 864691128455135259  . 
menu_dac_work_town_village 512 As_a_{s1}_you_can_expect_to_find_work_{s2}.^With_your_current_attributes_required_by_the_job_[{s3}:_{reg1}]_you_would_earn_{reg3}_per_hour._^____{s4} none 47 4 0 31 2 144115188075857183 17 2320 2 1 216172782113788121 2320 2 2 1585267068834416412 2320 2 3 1585267068834416413 2172 3 1224979098644774912 360287970189639680 0 5 0 31 2 144115188075857183 19 2320 2 1 216172782113788123 2320 2 2 1585267068834416414 2320 2 3 1585267068834416415 2172 3 1224979098644774912 360287970189639680 1 5 0 2320 2 1 1585267068834416416 2320 2 2 1585267068834416417 2320 2 3 1585267068834416413 2172 3 1224979098644774912 360287970189639680 0 3 0 2133 2 72057594037927937 1224979098644774912 2172 3 1224979098644774913 360287970189639680 3 2133 2 72057594037927938 1224979098644774913 2122 3 1224979098644774914 1224979098644774912 3 2108 2 1224979098644774914 4 2133 2 72057594037927939 1224979098644774914 500 3 360287970189639680 167 1224979098644774914 2170 3 1224979098644774915 7 360287970189639680 2170 3 1224979098644774916 0 360287970189639680 4 0 1073741856 2 1224979098644774915 0 32 2 1224979098644774916 0 4 0 30 2 1224979098644774915 1224979098644774916 2320 2 5 1585267068834416418 2133 2 72057594037927940 1224979098644774915 2120 3 1224979098644774917 1224979098644774915 1 5 0 2320 2 5 1585267068834416419 2133 2 72057594037927940 1224979098644774916 2120 3 1224979098644774917 1224979098644774916 1 3 0 2122 3 1224979098644774918 1224979098644774917 3 2108 2 1224979098644774918 2 2120 3 1224979098644774918 1224979098644774914 1224979098644774918 2133 2 72057594037927941 1224979098644774918 2320 2 4 1585267068834416420 500 3 360287970189639680 167 1224979098644774918 3 0 3
 mno_start_working_full  0  Start_a_full_day_of_work_(10_Hours).  7 2133 2 144115188075857158 1 500 3 360287970189639680 166 10 500 3 360287970189639680 169 10 1030 3 1000 5 0 2133 2 144115188075856088 144115188075856213 2133 2 144115188075856220 1 2040 0  .  mno_start_working_half  0  Start_a_half_day_of_work_(5_Hours).  7 2133 2 144115188075857158 1 500 3 360287970189639680 166 5 500 3 360287970189639680 169 5 1030 3 1000 5 0 2133 2 144115188075856088 144115188075856213 2133 2 144115188075856220 1 2040 0  .  mno_work_later  0  Put_it_off_until_later.  6 4 0 541 3 144115188075856213 0 3 2060 1 864691128455135343 5 0 2060 1 864691128455135321 3 0  . 
menu_dac_work_town_village_complete 512 You've_made_{reg3}_crowns_from_you_work_day._^You_will_need_proper_rest_for_a_few_hours_before_you_can_work_again,_either_at_your_camp,_or_somewhere_indoors. none 5 520 3 1224979098644774912 360287970189639680 167 520 3 1224979098644774913 360287970189639680 169 2122 3 72057594037927939 1224979098644774913 1224979098644774912 2123 3 1224979098644774914 1224979098644774913 2 500 3 360287970189639680 168 1224979098644774914 1
 mno_continue  0  Continue...  1 2040 0  . 
menu_player_hideout_encounter 0 You_approach_your_hideout..._^{reg6?^^You_are_currently_upgrading_to:_{s7}._^The_process_will_take_{reg8}_day{reg9?s:}_and_you_won't_be_able_to_access_the_hideout_until_the_work_is_finished.:} none 15 2031 1 1441151880758558728 2133 2 72057594037927942 0 4 0 521 3 1224979098644774912 648518346341352012 124 31 2 1224979098644774912 357 1 2 936748722493064167 1224979098644774912 2320 2 7 0 2133 2 72057594037927942 1 2270 1 1224979098644774913 521 3 1224979098644774914 648518346341352011 125 2106 2 1224979098644774914 1224979098644774913 2123 3 72057594037927944 1224979098644774914 24 2111 2 72057594037927944 1 2121 3 72057594037927945 72057594037927944 1 3 0 4
 mno_player_hideout_meet_recruiter  1 31 2 72057594037927942 0  Speak_to_the_Recruiter.  7 1261 1 720575940379280645 1262 0 2133 2 144115188075856156 0 1912 1 0 1263 2 17 360287970189641326 1910 1 720575940379280645 2049 1 360287970189641326  .  mno_player_hideout_meet_merchant  1 31 2 72057594037927942 0  Speak_to_the_Broker.  7 1261 1 720575940379280645 1262 0 2133 2 144115188075856156 0 1912 1 0 1263 2 17 360287970189641327 1910 1 720575940379280645 2049 1 360287970189641327  .  mno_player_hideout_wait  0  Wait_here_for_some_time.  2 1031 3 168 5 0 2040 0  .  mno_leave  0  Leave.  2 1301 0 2040 0  . 
menu_player_hideout_relocate 0 Do_you_wish_to_relocate_the_hideout_to_your_current_position?_^As_the_party_member_with_the_highest_engineer_skill_({reg2}),_{reg3?you_reckon:{s3}_reckons}_that_relocating_will_cost_you_{reg5}_crowns_and_will_take_{reg6}_days._^Until_the_relocation_you_won't_be_able_to_access_the_hideout_functionalities,_do_you_wish_to_proceed_anyway? none 28 2281 3 144115188075857187 648518346341351424 648518346341352012 2133 2 144115188075856247 357 1 2 936748722493064167 144115188075856247 2133 2 1224979098644774912 72057594037927936 1 2 936748722493063625 1369094286720630792 2133 2 1224979098644774913 72057594037927936 2133 2 1224979098644774914 72057594037927937 2133 2 72057594037927938 1224979098644774913 2121 3 1224979098644774915 20 1224979098644774913 2107 2 1224979098644774912 1224979098644774915 2108 2 1224979098644774912 20 2123 3 1224979098644774916 1224979098644774912 250 2133 2 72057594037927941 1224979098644774912 2133 2 72057594037927942 1224979098644774916 4 0 31 2 1224979098644774914 360287970189639680 2133 2 72057594037927939 1 5 0 2133 2 72057594037927939 0 2322 2 3 1224979098644774914 3 0 2133 2 144115188075857082 1224979098644774912 2133 2 144115188075857084 1224979098644774916 2124 1 100 729 2 0 70 730 2 0 5 731 2 0 75 2032 3 1729382256910270490 1224979098644774914 0 4
 mno_relocate_cheat  1 30 1 144115188075856163  [Cheat]_Relocate_the_hideout_instantly.  3 1623 2 648518346341352012 648518346341351424 1231 1 648518346341352012 2040 0  .  mno_relocate  2 2149 2 1224979098644774912 360287970189639680 30 2 1224979098644774912 144115188075857082  Relocate_the_hideout.  5 1529 2 360287970189639680 144115188075857082 1 3 936748722493064166 648518346341352012 144115188075857084 1623 2 648518346341352012 648518346341351424 1231 1 648518346341352012 2040 0  .  mno_relocation_condition_not_met  3 2149 2 1224979098644774912 360287970189639680 2147483678 2 1224979098644774912 144115188075857082 2061 0  I_don't_have_enough_money_for_that.  0  .  mno_return  0  Return.  1 2040 0  . 
menu_dac_jeanne_execution 512 You_appointed_yourself_as_judge,_jury_and_executioner_as_she_stands_atop_a_pyre._Mouth_gagged,_unable_to_respond_to_the_lithany_of_accusations_you_hurl_at_her,_her_head_bowed_in_a_silent_prayer.____Your_zealous_performance_goes_on_for_a_while_until_you_run_out_of_condemnations_and_your_coarse_voice_becomes_nearly_inaudible.^____You_finally_light_the_fire_that_will_bring_the_maiden's_demise_and_can't_help_but_feel_a_bit_underwhelmed_at_the_lack_of_spectacle._Even_though_the_fires_start_to_embrace_her,_there_are_no_cries_to_be_heard____and_from_the_small_crowd_gathered_a_few_cheer_loudly_while_the_rest_remain_silent,_not_quite_sure_what_to_make_of_it.^____Thus_ends_the_life_of_Joan_of_Arc,_the_Maiden_of_Orléans,_who_claimed_to_be_ordained_by_God_to_return_France_to_its_rightful_ruler._A_flower_nipped_in_the_bud_before_it_could_bloom. none 0 1
 mno_continue  0  The_witch_is_dead...  1 2040 0  . 
menu_dac_jeanne_execution_easter_egg 512 In_your_overzealous_lighting_of_the_pyre_you_accidentally_set_fire_to_your_garment_and_become_a_living_human_torch,_your_cries_of_pain_slowly_smothered_by_the_smoke_entering_your_lungs.____Onlookers_stand_in_shock,_not_even_your_own_men_dare_move_a_muscle._Was_this_a_cruel_twist_of_fate_or_an_act_of_God?_Your_demise_becomes_a_testimony_for_the_sanctity_of_the_one_you_sought_to_destroy_and_your_name_merely_a_footnote_in_the_annals_of_history. none 0 1
 mno_continue  0  Your_journey_is_cut_short...  1 2055 0  . 
menu_dac_preach_town_village 512 You_make_your_way_to_the_{reg1?town:village}_square,_here_you_can:^_Preach_to_the_masses_and_earn_donations^Engage_in_public_theological_debate_with_the_local_priest_and_increase_your_renown none 6 4 0 541 3 144115188075856213 0 3 2133 2 72057594037927937 0 5 0 2133 2 72057594037927937 1 3 0 3
 mno_start_preaching  0  [CHARISMA_+_PERSUASION]_Preach_to_the_masses_(6_Hours).  17 2133 2 144115188075857158 1 500 3 360287970189639680 166 6 500 3 360287970189639680 169 6 2172 3 1224979098644774912 360287970189639680 3 2170 3 1224979098644774913 7 360287970189639680 4 0 32 2 1224979098644774913 0 2105 2 1224979098644774913 1 2107 2 1224979098644774913 3 2108 2 1224979098644774913 2 3 0 2120 3 1224979098644774914 1224979098644774912 1224979098644774913 500 3 360287970189639680 167 1224979098644774914 1030 3 1000 2 0 2133 2 144115188075856088 144115188075856213 2133 2 144115188075856220 1 2040 0  .  mno_start_debating  0  [INTELLIGENCE_+_PERSUASION]_Engage_in_Theological_debate_(4_Hours).  18 2133 2 144115188075857158 2 500 3 360287970189639680 166 4 500 3 360287970189639680 169 4 2172 3 1224979098644774912 360287970189639680 2 2108 2 1224979098644774912 2 2170 3 1224979098644774913 7 360287970189639680 4 0 32 2 1224979098644774913 0 2105 2 1224979098644774913 1 2107 2 1224979098644774913 3 2108 2 1224979098644774913 2 3 0 2120 3 1224979098644774914 1224979098644774912 1224979098644774913 500 3 360287970189639680 167 1224979098644774914 1030 3 1000 2 0 2133 2 144115188075856088 144115188075856213 2133 2 144115188075856220 1 2040 0  .  mno_work_later  0  Put_it_off_until_later.  6 4 0 541 3 144115188075856213 0 3 2060 1 864691128455135343 5 0 2060 1 864691128455135321 3 0  . 
menu_dac_preach_town_village_complete 512 {s1} none 17 2319 1 1 520 3 1224979098644774912 360287970189639680 167 520 3 1224979098644774913 360287970189639680 169 4 0 31 2 1224979098644774912 1 2320 2 1 216172782113788175 5 0 31 2 1224979098644774912 0 2320 2 1 216172782113788177 5 0 31 2 1224979098644774912 2 2320 2 1 216172782113788176 5 0 2320 2 1 216172782113788178 3 0 2123 3 1224979098644774914 1224979098644774913 2 500 3 360287970189639680 168 1224979098644774914 1
 mno_continue  0  Continue...  1 2040 0  . 
menu_dac_heresy_notification 512 You_have_betrayed_your_vows_by_committing_a_despicable_act,_was_this_a_simple_misstep_or_the_first_step_in_a_long_march_towards_the_bowels_of_Hell?_Remember_your_vows,_don't_commit_murder,_don't_steal,_don't_attack_the_innocent_or_you_may_face_dire_consequences. none 0 1
 mno_continue  0  Carry_on_your_journey...  2 500 3 360287970189639680 170 1 2040 0  . 
menu_dac_heresy_inquisitor_meeting 512 The_inquisition_army_dissipates_almost_as_quickly_as_it_materialized._During_you_short_encounter_with_the_Inquisitor_you_attempted_a_quick_head_count_of_the_army_^____and_you_estimate_them_to_number_around_a_hundred_men_strong._Now_you_ponder,_is_that_a_fight_worth_pursuing?_Should_you_seek_repentance_or_the_protection_of_a_strong_liege? none 0 1
 mno_continue  1 1130 1 216172782113788186  Alea_Iacta_Est...  5 4 0 132 1 144115188075856273 1232 1 144115188075856273 3 0 2040 0  . 
menu_dac_heresy_inquisitor_repent 512 You_go_through_a_lenghty_trial_in_which_the_goal_is_not_the_truth_but_your_humiliation_and_abasement._A_procession_of_witnesses,_most_of_which_you_have_never_met_before,_hurl_accusations_at_you._^^«____Those_range_from_petty_theft_or_foul_language_to_outright_devil_worship_and_consorting_with_demons._Normally_such_accusations_if_proven_true_would_lead_to_your_demise_but_the_inquisitor_seems_more_satisfied_with_the_process_itself._^____^The_trial_comes_to_an_end,_you_are_declared_an_apostate_and_branded_as_a_heretic._You_are_now_Persona_Non_Grata_in_churches_and_places_of_worship,_which_given_the_power_of_the_Church_is_____essentially_everywhere._You_are_sent_away_on_your_path_of_repentance..._^^[You_resume_your_game_with_a_new_background_[Peasant]_and_class_[Revolutionary],_you_lose_the_perks_of_the_previous_background_and_class_minus_the_attributes____and_stats_and_gain_the_perks_from_the_new_one._Namely_taking_over_bandit_hideouts_and_eventually_taking_over_the_various_bandit_factions] none 0 1
 mno_continue  1 1130 1 216172782113788187  Sic_Est...  19 2133 2 144115188075856171 6 2133 2 144115188075857183 18 6 3 1224979098644774912 432345564227567649 432345564227567654 502 3 1224979098644774912 101 -1 3 0 6 3 1224979098644774913 432345564227567630 432345564227567635 2147483648 2 1224979098644774913 432345564227567630 1 3 936748722493063461 1224979098644774913 -40 3 0 502 3 432345564227567649 77 576460752303423554 502 3 432345564227567650 77 576460752303423555 502 3 432345564227567651 77 576460752303423556 502 3 432345564227567652 77 576460752303423557 502 3 432345564227567653 77 576460752303423558 4 0 132 1 144115188075856273 1232 1 144115188075856273 3 0 2040 0  . 
menu_dac_heresy_inquisitor_victory 512 The_inquisition's_army_lays_defeated_at_your_feet,_you_make_quick_work_of_executing_the_prisoners_and_throwing_all_the_corpses_into_a_mass_grave,_taking_care_of_looting_the_bodies_beforehand._^____After_all,_it_is_better_if_this_looks_like_the_work_of_mere_bandits._Amongst_the_Inquisitor's_possessions_you_notice_a_unique_crossbow_that_you_decide_to_keep_as_a_trophy.____^^With_the_work_done_you_wonder_if_it_is_the_last_you_will_see_of_the_inquisition..._____Will_they_send_another_Inquisitor_to_France?_Or_perhaps_the_events_taking_place_in_Bohemia_will_have_the_full_attention_of_the_Inquisition_for_the_time_being... none 0 1
 mno_continue  1 1130 1 216172782113788188  Deorum_Injuriae_Diis_Curae...  27 1530 2 360287970189639680 288230376151713383 1 3 936748722493063977 5000 7000 2133 2 1224979098644774912 72057594037927936 1 3 936748722493063643 360287970189639680 1224979098644774912 500 3 360287970189639680 170 4 4 0 31 2 144115188075856206 0 2133 2 144115188075856206 1 1532 1 360287970189639683 1 2 936748722493063336 648518346341351442 32 2 72057594037927936 0 1511 1 360287970189639683 4 0 1 1 936748722493063856 2133 2 144115188075857101 864691128455135277 2133 2 144115188075856023 360287970189639680 2060 1 864691128455135457 5 0 2041 1 360287970189639683 3 0 3 0 4 0 132 1 144115188075856273 1232 1 144115188075856273 3 0 1301 0 2040 0  . 
menu_dac_heresy_inquisitor_defeat 512 Your_army_is_cut_down_by_the_inquisition_forces_and_your_unconscious_body_is_dragged_to_a_damp_dungeon_where_you_are_left_to_starve_whilst_awaiting_your_trial._^____Your_only_company,_if_you_can_call_it_that,_is_the_Inquisitor_himself._Hell-bent_on_extracting_a_confession_to_use_against_you_in_the_trial,_your_days_alternate_between_torture_and_^____hearings... none 0 1
 mno_continue  1 1130 1 216172782113788189  Inter_Spem_et_Metum...  5 4 0 132 1 144115188075856273 1232 1 144115188075856273 3 0 2060 1 864691128455135527  . 
menu_dac_heresy_inquisitor_torture 512 You_go_through_a_lenghty_trial_in_which_the_goal_is_not_the_truth_but_your_humiliation_and_abasement._^____The_inquisitor_{s1}_until_he_could_extract_a_confession_from_you_which_you_very_much_obliged._^____The_court,_in_its_magnanimous_mercy,_or_the_inquisition's_desire_to_cross_paths_with_you_again,_decided_to_merely_excommunicate_you.^____You_are_now_Persona_Non_Grata_in_churches_and_places_of_worship,_which_given_the_power_of_the_Church_is_^____essentially_everywhere._You_are_sent_away_on_your_path_of_repentance...^^[You_resume_your_game_with_a_new_background_[Peasant]_and_class_[Revolutionary],_you_lose_the_perks_of_the_previous_background_and_class_minus_the_attributes____and_stats_and_gain_the_perks_from_the_new_one._Namely_taking_over_bandit_hideouts_and_eventually_taking_over_the_various_bandit_factions] none 16 2319 1 1 2136 3 1224979098644774912 0 4 4 0 31 2 1224979098644774912 0 2320 2 1 216172782113788182 5 0 31 2 1224979098644774912 1 2320 2 1 216172782113788183 5 0 31 2 1224979098644774912 2 2320 2 1 216172782113788184 5 0 31 2 1224979098644774912 3 2320 2 1 216172782113788185 3 0 1520 3 360287970189639680 1224979098644774912 -1 1
 mno_continue  1 1130 1 216172782113788190  Consummatum_Est...  19 2133 2 144115188075856171 6 2133 2 144115188075857183 18 6 3 1224979098644774912 432345564227567649 432345564227567654 502 3 1224979098644774912 101 -1 3 0 6 3 1224979098644774913 432345564227567630 432345564227567635 1 3 936748722493063461 1224979098644774913 -40 1 3 936748722493063461 1224979098644774913 -40 3 0 502 3 432345564227567649 77 576460752303423554 502 3 432345564227567650 77 576460752303423555 502 3 432345564227567651 77 576460752303423556 502 3 432345564227567652 77 576460752303423557 502 3 432345564227567653 77 576460752303423558 4 0 132 1 144115188075856273 1232 1 144115188075856273 3 0 2040 0  . 
menu_dac_name_troops 0 This_menu_automatically_returns_to_caller. none 1 900 1 1513209474796486725 0

menu_dac_name_troops_2 0 This_menu_automatically_returns_to_caller. none 1 1 3 936748722493063341 360287970189641707 -1 0

menu_dac_name_troops_3 0 This_menu_automatically_returns_to_caller. none 1 1 3 936748722493063341 360287970189641708 -1 0

menu_dac_view_armoury 0 This_menu_automatically_returns_to_caller. none 1 900 1 1513209474796486726 0

menu_dac_customize_armour 0 This_menu_automatically_returns_to_caller. none 1 900 1 1513209474796486720 0

menu_player_camp_notification 0 Yet_another_day_is_spent_on_the_road..._^Feeling_weary_and_tired,_you_sit_to_rest_by_the_campfire_as_thoughts_cycle_through_your_mind._You_think_of_the_war_and_your_place_in_the_world,_you_wonder_why_the_great_mercenary_companies_never_reformed_as_the_short-lived_peace_was_broken._Certainly_it_would_be_very_profitable_for_a_distinguished_mercenary_company_to_sell_its_services_to_one_of_the_belligerent_factions,_perhaps_you_could_be_the_one?_You_believe_you_have_the_experience_and_the_renown_to_establish_your_own_mercenary_company,_should_you_wish_to_do_so._^(You_can_now_create_a_mercenary_company_from_the_camp_menu_under_'Take_an_Action') none 0 2
 mno_player_camp_start_quest  0  Make_it_your_priority.  7 2040 0 4 0 1290 1 504403158265495644 2320 2 2 1585267068834416421 1 3 936748722493063577 504403158265495644 360287970189639680 506 3 504403158265495644 11 1 3 0  .  mno_player_camp_ignore  0  Discard_that_thought.  2 506 3 504403158265495644 11 11 2040 0  . 
menu_dac_create_merc_camp 0 ^^Creating_a_Mercenary_Camp_requires_you_to_have_{reg44}_troops,_and_will_cost_{reg45}_gold,_{reg46}_tools,_and_{reg47}_wool_cloth. none 4 2133 2 72057594037927980 15 2133 2 72057594037927981 1000 2133 2 72057594037927982 2 2133 2 72057594037927983 5 2
 mno_dac_create_merc_camp_create  24 1601 2 1224979098644774912 648518346341351424 2149 2 1224979098644774913 360287970189639680 1540 2 1224979098644774914 360287970189639680 2133 2 1224979098644774915 0 6 3 1224979098644774916 10 1224979098644774914 1541 3 1224979098644774917 360287970189639680 1224979098644774916 31 2 1224979098644774917 288230376151711855 2105 2 1224979098644774915 1 3 0 2133 2 1224979098644774918 0 6 3 1224979098644774919 10 1224979098644774914 1541 3 1224979098644774920 360287970189639680 1224979098644774919 31 2 1224979098644774920 288230376151711850 2105 2 1224979098644774918 1 3 0 2133 2 72057594037927990 1224979098644774912 2133 2 72057594037927991 1224979098644774913 2133 2 72057594037927992 1224979098644774915 2133 2 72057594037927993 1224979098644774918 1106 1 1585267068834416422 30 2 1224979098644774912 15 30 2 1224979098644774913 1000 30 2 1224979098644774915 2 30 2 1224979098644774918 5  Set_up_Mercenary_Camp.  24 1623 2 648518346341352011 648518346341351424 1231 1 648518346341352011 1097 2 648518346341352011 1 2319 1 1 2342 2 1 648518346341352011 1 2 936748722493063829 360287970189639680 2133 2 72057594037927937 72057594037927936 1117 3 360287970189639680 2 216172782113787968 501 3 648518346341352011 356 1 2133 2 144115188075857172 1 1 1 936748722493064168 1 1 936748722493064165 1536 3 360287970189639680 288230376151711855 2 1536 3 360287970189639680 288230376151711850 5 1529 2 360287970189639680 1000 4 0 546 3 504403158265495644 11 1 1062 2 50 360287970189639680 2320 2 2 1585267068834416423 1113 4 504403158265495644 2 2 0 506 3 504403158265495644 11 2 3 0 2133 2 144115188075856075 1 2040 0  .  mno_dac_create_merc_camp_back  0  Back_to_camp_menu.  1 2060 1 864691128455135247  . 
menu_player_camp_encounter 0 You_approach_your_{s11}..._^{reg6?^^You_are_currently_upgrading_to_»_{s7}._^The_process_will_take_{reg8}_day{reg9?s:}_and_you_won't_be_able_to_access_the_camp_until_the_work_is_finished.:} none 34 2319 1 11 2319 1 7 521 3 1224979098644774912 648518346341352011 356 4 0 31 2 1224979098644774912 1 2320 2 11 1585267068834416424 2031 1 1441151880758558728 5 0 31 2 1224979098644774912 2 2320 2 11 1585267068834415976 2031 1 1441151880758558744 5 0 31 2 1224979098644774912 3 2320 2 11 1585267068834415574 2031 1 1441151880758558743 5 0 2320 2 11 1585267068834415977 2031 1 1441151880758558753 3 0 2133 2 72057594037927942 0 4 0 521 3 1224979098644774913 648518346341352011 124 1073741855 2 1224979098644774913 356 31 2 1224979098644774913 357 1 2 936748722493064167 1224979098644774913 2320 2 7 0 2133 2 72057594037927942 1 2270 1 1224979098644774914 521 3 1224979098644774915 648518346341352011 125 2106 2 1224979098644774915 1224979098644774914 2123 3 72057594037927944 1224979098644774915 24 2111 2 72057594037927944 1 2121 3 72057594037927945 72057594037927944 1 3 0 8
 mno_player_camp_meet_quartermaster  1 31 2 72057594037927942 0  Speak_to_the_Quartermaster.  7 1261 1 720575940379280645 1262 0 2133 2 144115188075856156 0 1912 1 0 1263 2 17 360287970189641707 1910 1 720575940379280645 2049 1 360287970189641707  .  mno_player_camp_meet_smith  2 31 2 72057594037927942 0 541 3 648518346341352011 350 1  Speak_to_the_Smith.  7 1261 1 720575940379280645 1262 0 2133 2 144115188075856156 0 1912 1 0 1263 2 17 360287970189641708 1910 1 720575940379280645 2049 1 360287970189641708  .  mno_player_camp_meet_merchant  2 31 2 72057594037927942 0 541 3 648518346341352011 353 1  Speak_to_the_Merchant.  7 1261 1 720575940379280645 1262 0 2133 2 144115188075856156 0 1912 1 0 1263 2 17 360287970189641709 1910 1 720575940379280645 2049 1 360287970189641709  .  mno_player_camp_meet_ransom_broker  2 31 2 72057594037927942 0 541 3 648518346341352011 354 1  Speak_to_the_Ransom_Broker.  7 1261 1 720575940379280645 1262 0 2133 2 144115188075856156 0 1912 1 0 1263 2 17 360287970189641710 1910 1 720575940379280645 2049 1 360287970189641710  .  mno_player_camp_enter  1 31 2 72057594037927942 0  Enter_the_{s11}.  33 1608 2 1224979098644774912 648518346341352011 4 0 1073741855 2 1224979098644774912 11 31 2 1224979098644774912 10 2133 2 1224979098644774913 720575940379280665 5 0 2133 2 1224979098644774913 720575940379280664 3 0 1261 1 1224979098644774913 1262 0 2133 2 144115188075856156 0 1912 1 1 1263 2 2 360287970189641707 4 0 541 3 648518346341352011 350 1 1263 2 3 360287970189641708 3 0 4 0 541 3 648518346341352011 353 1 1263 2 4 360287970189641709 3 0 4 0 541 3 648518346341352011 354 1 1263 2 5 360287970189641710 3 0 4 0 1 1 936748722493064068 1 3 936748722493064069 792633534417207350 1 1940 3 792633534417207350 1 511 3 0 1911 1 792633534417207350 1910 1 1224979098644774913 2048 0  .  mno_player_camp_manage  1 31 2 72057594037927942 0  Manage_the_{s11}.  1 2060 1 864691128455135536  .  mno_player_camp_wait  0  Wait_here_for_some_time.  2 1031 3 168 5 0 2040 0  .  mno_leave  0  Leave.  2 1301 0 2040 0  . 
menu_player_camp_management 0 Management_Options_^^{s19}^{reg6?^^You_are_currently_building_{s7}._The_building_will_be_completed_after_{reg8}_day{reg9?s:}.:} none 48 2319 1 11 521 3 1224979098644774912 648518346341352011 356 4 0 31 2 1224979098644774912 1 2320 2 11 1585267068834416424 5 0 31 2 1224979098644774912 2 2320 2 11 1585267068834415976 5 0 31 2 1224979098644774912 3 2320 2 11 1585267068834415574 5 0 2320 2 11 1585267068834415977 3 0 2133 2 1224979098644774913 0 2319 1 18 6 3 1224979098644774914 350 356 561 3 648518346341352011 1224979098644774914 1 2105 2 1224979098644774913 1 1 2 936748722493064167 1224979098644774914 4 0 31 2 1224979098644774913 1 2321 2 18 0 5 0 2320 2 18 1585267068834415104 3 0 3 0 4 0 31 2 1224979098644774913 0 2320 2 19 1585267068834416425 5 0 2320 2 19 1585267068834416426 3 0 2133 2 72057594037927942 0 4 0 521 3 1224979098644774915 648518346341352011 124 32 2 1224979098644774915 0 1 2 936748722493064167 1224979098644774915 2320 2 7 0 2133 2 72057594037927942 1 2270 1 1224979098644774916 521 3 1224979098644774917 648518346341352011 125 2106 2 1224979098644774917 1224979098644774916 2123 3 72057594037927944 1224979098644774917 24 2111 2 72057594037927944 1 2121 3 72057594037927945 72057594037927944 1 3 0 2133 2 72057594037927946 1224979098644774912 11
 mno_camp_build_cheats  1 30 2 144115188075856163 1  CHEAT_MENU  1 2060 1 864691128455135538  .  mno_player_camp_change_name  0  Change_the_name_of_your_company.  1 900 1 1513209474796486728  .  mno_player_camp_upgrade  2 31 2 72057594037927942 0 2147483678 2 72057594037927946 4  Upgrade_the_{s11}._(Current_level:_{reg10},_Max_level:_4)  2 2133 2 144115188075856247 356 2060 1 864691128455135537  .  mno_player_camp_build_smithy  2 31 2 72057594037927942 0 541 3 648518346341352011 350 -1  Build_a_Smithy.  2 2133 2 144115188075856247 350 2060 1 864691128455135537  .  mno_player_camp_build_archery_range  3 31 2 72057594037927942 0 30 2 72057594037927946 2 541 3 648518346341352011 351 -1  Build_an_Archery_Range.  2 2133 2 144115188075856247 351 2060 1 864691128455135537  .  mno_player_camp_build_corral  3 31 2 72057594037927942 0 30 2 72057594037927946 3 541 3 648518346341352011 352 -1  Build_a_Corral.  2 2133 2 144115188075856247 352 2060 1 864691128455135537  .  mno_player_camp_build_market  3 31 2 72057594037927942 0 30 2 72057594037927946 2 541 3 648518346341352011 353 -1  Build_a_Market.  2 2133 2 144115188075856247 353 2060 1 864691128455135537  .  mno_player_camp_build_gaol  3 31 2 72057594037927942 0 30 2 72057594037927946 2 541 3 648518346341352011 354 -1  Build_a_Gaol.  2 2133 2 144115188075856247 354 2060 1 864691128455135537  .  mno_player_camp_build_chapterhouse  3 31 2 72057594037927942 0 30 2 72057594037927946 4 541 3 648518346341352011 355 -1  Build_a_Chapterhouse.  2 2133 2 144115188075856247 355 2060 1 864691128455135537  .  mno_center_cancel_build  1 31 2 72057594037927942 1  Cancel_building_the_{s7}.  2 501 3 648518346341352011 124 0 2060 1 864691128455135536  .  mno_return  0  Return.  1 2060 1 864691128455135535  . 
menu_player_camp_build_improvements 0 {s19}_^As_the_party_member_with_the_highest_engineer_skill_({reg2}),_{reg3?you_reckon:{s3}_reckons}_that_building_the_{s4}_will_cost_you_{reg5}_crowns_and_will_take_{reg6}_days. none 28 1 2 936748722493064167 144115188075856247 2133 2 1224979098644774912 72057594037927936 2320 2 4 0 2320 2 19 1 1 2 936748722493063625 1369094286720630792 2133 2 1224979098644774913 72057594037927936 2133 2 1224979098644774914 72057594037927937 2133 2 72057594037927938 1224979098644774913 2121 3 1224979098644774915 20 1224979098644774913 2107 2 1224979098644774912 1224979098644774915 2108 2 1224979098644774912 20 2123 3 1224979098644774916 1224979098644774912 500 2133 2 72057594037927941 1224979098644774912 2133 2 72057594037927942 1224979098644774916 4 0 31 2 1224979098644774914 360287970189639680 2133 2 72057594037927939 1 5 0 2133 2 72057594037927939 0 2322 2 3 1224979098644774914 3 0 2133 2 144115188075857082 1224979098644774912 2133 2 144115188075857084 1224979098644774916 2124 1 100 729 2 0 70 730 2 0 5 731 2 0 75 2032 3 1729382256910270490 1224979098644774914 0 3
 mno_improve_cont  2 2149 2 1224979098644774912 360287970189639680 30 2 1224979098644774912 144115188075857082  Build_the_improvements.  8 4 0 30 2 144115188075856163 1 2133 2 144115188075857084 0 5 0 1529 2 360287970189639680 144115188075857082 3 0 1 3 936748722493064166 144115188075856273 144115188075857084 2060 1 864691128455135536  .  mno_improve_not_enough_gold  3 2149 2 1224979098644774912 360287970189639680 2147483678 2 1224979098644774912 144115188075857082 2061 0  I_don't_have_enough_money_for_that.  0  .  mno_forget_it  0  Forget_it.  1 2060 1 864691128455135536  . 
menu_player_camp_cheats 0 Instant_Build_Cheat_Menu. none 0 16
 mno_player_camp_upgrade  2 521 3 1224979098644774912 648518346341352011 356 2133 2 72057594037927937 1224979098644774912  Upgrade_the_{s11}._(Current_level:_{reg1})  9 521 3 1224979098644774912 648518346341352011 356 4 0 2147483678 2 1224979098644774912 4 2105 2 1224979098644774912 1 501 3 648518346341352011 356 1224979098644774912 1 1 936748722493064165 5 0 1106 2 1585267068834416427 16732240 3 0  .  mno_player_camp_degrade  2 521 3 1224979098644774912 648518346341352011 356 2133 2 72057594037927937 1224979098644774912  Degrade_the_{s11}._(Current_level:_{reg1})  9 521 3 1224979098644774912 648518346341352011 356 4 0 32 2 1224979098644774912 1 2106 2 1224979098644774912 1 501 3 648518346341352011 356 1224979098644774912 1 1 936748722493064165 5 0 1106 2 1585267068834416428 16732240 3 0  .  mno_player_camp_build_smithy  1 541 3 648518346341352011 350 -1  Build_the_Smithy.  2 501 3 648518346341352011 350 1 1106 2 1585267068834416429 5308240  .  mno_player_camp_dismantle_smithy  1 541 3 648518346341352011 350 1  Dismantle_the_Smithy.  2 501 3 648518346341352011 350 -1 1106 2 1585267068834416430 16732240  .  mno_player_camp_build_archery_range  1 541 3 648518346341352011 351 -1  Build_the_Archery_Range.  2 501 3 648518346341352011 351 1 1106 2 1585267068834416431 5308240  .  mno_player_camp_dismantle_archery_range  1 541 3 648518346341352011 351 1  Dismantle_the_Archery_Range.  2 501 3 648518346341352011 351 -1 1106 2 1585267068834416432 16732240  .  mno_player_camp_build_corral  1 541 3 648518346341352011 352 -1  Build_the_Corral.  2 501 3 648518346341352011 352 1 1106 2 1585267068834416433 5308240  .  mno_player_camp_dismantle_corral  1 541 3 648518346341352011 352 1  Dismantle_the_Corral.  2 501 3 648518346341352011 352 -1 1106 2 1585267068834416434 16732240  .  mno_player_camp_build_market  1 541 3 648518346341352011 353 -1  Build_the_Market.  3 501 3 648518346341352011 353 1 1106 2 1585267068834416435 5308240 1 1 936748722493064169  .  mno_player_camp_dismantle_market  1 541 3 648518346341352011 353 1  Dismantle_the_Market.  2 501 3 648518346341352011 353 -1 1106 2 1585267068834416436 16732240  .  mno_player_camp_build_gaol  1 541 3 648518346341352011 354 -1  Build_the_Gaol.  2 501 3 648518346341352011 354 1 1106 2 1585267068834416484 5308240  .  mno_player_camp_dismantle_gaol  1 541 3 648518346341352011 354 1  Dismantle_the_Gaol.  2 501 3 648518346341352011 354 -1 1106 2 1585267068834416485 16732240  .  mno_player_camp_build_chapterhouse  1 541 3 648518346341352011 355 -1  Build_the_Chapterhouse.  2 501 3 648518346341352011 355 1 1106 2 1585267068834416437 5308240  .  mno_player_camp_dismantle_chapterhouse  1 541 3 648518346341352011 355 1  Dismantle_the_Chapterhouse.  2 501 3 648518346341352011 355 -1 1106 2 1585267068834416438 16732240  .  mno_player_camp_refresh_recruits  0  Refresh_the_available_recruits.  2 1 1 936748722493064168 1106 2 1585267068834416439 5308240  .  mno_return  0  Return.  1 2060 1 864691128455135536  . 
menu_player_camp_relocate 0 Do_you_wish_to_relocate_the_{s11}_to_your_current_position?_^As_the_party_member_with_the_highest_engineer_skill_({reg2}),_{reg3?you_reckon:{s3}_reckons}_that_relocating_will_cost_you_{reg5}_crowns_and_will_take_{reg6}_days._^Until_the_relocation_you_won't_be_able_to_access_the_camp_functionalities,_do_you_wish_to_proceed_anyway? none 42 2281 3 144115188075857187 648518346341351424 648518346341352011 2319 1 11 521 3 1224979098644774912 648518346341352011 356 4 0 31 2 1224979098644774912 1 2320 2 11 1585267068834416424 5 0 31 2 1224979098644774912 2 2320 2 11 1585267068834415976 5 0 31 2 1224979098644774912 3 2320 2 11 1585267068834415574 5 0 2320 2 11 1585267068834415977 3 0 2133 2 144115188075856247 357 1 2 936748722493064167 144115188075856247 2133 2 1224979098644774913 72057594037927936 1 2 936748722493063625 1369094286720630792 2133 2 1224979098644774914 72057594037927936 2133 2 1224979098644774915 72057594037927937 2133 2 72057594037927938 1224979098644774914 2121 3 1224979098644774916 20 1224979098644774914 2107 2 1224979098644774913 1224979098644774916 2108 2 1224979098644774913 20 2123 3 1224979098644774917 1224979098644774913 250 2133 2 72057594037927941 1224979098644774913 2133 2 72057594037927942 1224979098644774917 4 0 31 2 1224979098644774915 360287970189639680 2133 2 72057594037927939 1 5 0 2133 2 72057594037927939 0 2322 2 3 1224979098644774915 3 0 2133 2 144115188075857082 1224979098644774913 2133 2 144115188075857084 1224979098644774917 2124 1 100 729 2 0 70 730 2 0 5 731 2 0 75 2032 3 1729382256910270490 1224979098644774915 0 4
 mno_relocate_cheat  1 30 2 144115188075856163 1  [Cheat]_Relocate_the_{s11}_instantly.  3 1623 2 648518346341352011 648518346341351424 1231 1 648518346341352011 2040 0  .  mno_relocate  2 2149 2 1224979098644774912 360287970189639680 30 2 1224979098644774912 144115188075857082  Relocate_the_{s11}.  5 1529 2 360287970189639680 144115188075857082 1 3 936748722493064166 648518346341352011 144115188075857084 1623 2 648518346341352011 648518346341351424 1231 1 648518346341352011 2040 0  .  mno_relocation_condition_not_met  3 2149 2 1224979098644774912 360287970189639680 2147483678 2 1224979098644774912 144115188075857082 2061 0  I_don't_have_enough_money_for_that.  0  .  mno_return  0  Return.  1 2040 0  . 
menu_choose_scenes_0 0 Choose_a_scene:_(Page_1_of_102) none 0 15
 mno_back  0  Go_back.  1 2055 0  .  mno_next  0  Next...  1 2060 1 864691128455135541  .  mno_choose_scene_0  0  bandit_camp_flayer:_generate  2 1910 1 720575940379280671 2048 0  .  mno_choose_scene_1  0  bandit_camp_peasant_bandit:_generate  2 1910 1 720575940379280674 2048 0  .  mno_choose_scene_2  0  bandit_camp_retondeur:_generate  2 1910 1 720575940379280672 2048 0  .  mno_choose_scene_3  0  bandit_camp_routier:_generate  2 1910 1 720575940379280670 2048 0  .  mno_choose_scene_4  0  bandit_camp_tard_venu:_generate  2 1910 1 720575940379280673 2048 0  .  mno_choose_scene_5  0  battlefield_road_1:_generate  2 1910 1 720575940379280677 2048 0  .  mno_choose_scene_6  0  battlefield_road_2:_generate  2 1910 1 720575940379280678 2048 0  .  mno_choose_scene_7  0  battlefield_road_3:_generate  2 1910 1 720575940379280679 2048 0  .  mno_choose_scene_8  0  battlefield_road_4:_generate  2 1910 1 720575940379280680 2048 0  .  mno_choose_scene_9  0  battlefield_road_5:_generate  2 1910 1 720575940379280681 2048 0  .  mno_choose_scene_10  0  breton_castle_10_exterior:_generate  2 1910 1 720575940379280300 2048 0  .  mno_choose_scene_11  0  breton_castle_10_interior:_indoors  2 1910 1 720575940379280301 2048 0  .  mno_choose_scene_12  0  breton_castle_10_prison:_indoors  2 1910 1 720575940379280302 2048 0  . 
menu_choose_scenes_13 0 Choose_a_scene:_(Page_2_of_102) none 0 16
 mno_back  0  Go_back.  1 2055 0  .  mno_next  0  Next...  1 2060 1 864691128455135542  .  mno_previous  0  Previous...  1 2060 1 864691128455135540  .  mno_choose_scene_13  0  breton_castle_11_exterior:_generate  2 1910 1 720575940379280303 2048 0  .  mno_choose_scene_14  0  breton_castle_11_interior:_indoors  2 1910 1 720575940379280304 2048 0  .  mno_choose_scene_15  0  breton_castle_11_prison:_indoors  2 1910 1 720575940379280305 2048 0  .  mno_choose_scene_16  0  breton_castle_12_exterior:_generate  2 1910 1 720575940379280306 2048 0  .  mno_choose_scene_17  0  breton_castle_12_interior:_indoors  2 1910 1 720575940379280307 2048 0  .  mno_choose_scene_18  0  breton_castle_12_prison:_indoors  2 1910 1 720575940379280308 2048 0  .  mno_choose_scene_19  0  breton_castle_13_exterior:_generate  2 1910 1 720575940379280309 2048 0  .  mno_choose_scene_20  0  breton_castle_13_interior:_indoors  2 1910 1 720575940379280310 2048 0  .  mno_choose_scene_21  0  breton_castle_13_prison:_indoors  2 1910 1 720575940379280311 2048 0  .  mno_choose_scene_22  0  breton_castle_14_exterior:_generate  2 1910 1 720575940379280312 2048 0  .  mno_choose_scene_23  0  breton_castle_14_interior:_indoors  2 1910 1 720575940379280313 2048 0  .  mno_choose_scene_24  0  breton_castle_14_prison:_indoors  2 1910 1 720575940379280314 2048 0  .  mno_choose_scene_25  0  breton_castle_15_exterior:_generate  2 1910 1 720575940379280315 2048 0  . 
menu_choose_scenes_26 0 Choose_a_scene:_(Page_3_of_102) none 0 16
 mno_back  0  Go_back.  1 2055 0  .  mno_next  0  Next...  1 2060 1 864691128455135543  .  mno_previous  0  Previous...  1 2060 1 864691128455135541  .  mno_choose_scene_26  0  breton_castle_15_interior:_indoors  2 1910 1 720575940379280316 2048 0  .  mno_choose_scene_27  0  breton_castle_15_prison:_indoors  2 1910 1 720575940379280317 2048 0  .  mno_choose_scene_28  0  breton_castle_16_exterior:_generate  2 1910 1 720575940379280318 2048 0  .  mno_choose_scene_29  0  breton_castle_16_interior:_indoors  2 1910 1 720575940379280319 2048 0  .  mno_choose_scene_30  0  breton_castle_16_prison:_indoors  2 1910 1 720575940379280320 2048 0  .  mno_choose_scene_31  0  breton_castle_17_exterior:_generate  2 1910 1 720575940379280321 2048 0  .  mno_choose_scene_32  0  breton_castle_17_interior:_indoors  2 1910 1 720575940379280322 2048 0  .  mno_choose_scene_33  0  breton_castle_17_prison:_indoors  2 1910 1 720575940379280323 2048 0  .  mno_choose_scene_34  0  breton_castle_18_exterior:_generate  2 1910 1 720575940379280324 2048 0  .  mno_choose_scene_35  0  breton_castle_18_interior:_indoors  2 1910 1 720575940379280325 2048 0  .  mno_choose_scene_36  0  breton_castle_18_prison:_indoors  2 1910 1 720575940379280326 2048 0  .  mno_choose_scene_37  0  breton_castle_19_exterior:_generate  2 1910 1 720575940379280327 2048 0  .  mno_choose_scene_38  0  breton_castle_19_interior:_indoors  2 1910 1 720575940379280328 2048 0  . 
menu_choose_scenes_39 0 Choose_a_scene:_(Page_4_of_102) none 0 16
 mno_back  0  Go_back.  1 2055 0  .  mno_next  0  Next...  1 2060 1 864691128455135544  .  mno_previous  0  Previous...  1 2060 1 864691128455135542  .  mno_choose_scene_39  0  breton_castle_19_prison:_indoors  2 1910 1 720575940379280329 2048 0  .  mno_choose_scene_40  0  breton_castle_1_exterior:_generate  2 1910 1 720575940379280273 2048 0  .  mno_choose_scene_41  0  breton_castle_1_interior:_indoors  2 1910 1 720575940379280274 2048 0  .  mno_choose_scene_42  0  breton_castle_1_prison:_indoors  2 1910 1 720575940379280275 2048 0  .  mno_choose_scene_43  0  breton_castle_20_exterior:_generate  2 1910 1 720575940379280330 2048 0  .  mno_choose_scene_44  0  breton_castle_20_interior:_indoors  2 1910 1 720575940379280331 2048 0  .  mno_choose_scene_45  0  breton_castle_20_prison:_indoors  2 1910 1 720575940379280332 2048 0  .  mno_choose_scene_46  0  breton_castle_21_exterior:_generate  2 1910 1 720575940379280333 2048 0  .  mno_choose_scene_47  0  breton_castle_21_interior:_indoors  2 1910 1 720575940379280334 2048 0  .  mno_choose_scene_48  0  breton_castle_21_prison:_indoors  2 1910 1 720575940379280335 2048 0  .  mno_choose_scene_49  0  breton_castle_22_exterior:_generate  2 1910 1 720575940379280336 2048 0  .  mno_choose_scene_50  0  breton_castle_22_interior:_indoors  2 1910 1 720575940379280337 2048 0  .  mno_choose_scene_51  0  breton_castle_22_prison:_indoors  2 1910 1 720575940379280338 2048 0  . 
menu_choose_scenes_52 0 Choose_a_scene:_(Page_5_of_102) none 0 16
 mno_back  0  Go_back.  1 2055 0  .  mno_next  0  Next...  1 2060 1 864691128455135545  .  mno_previous  0  Previous...  1 2060 1 864691128455135543  .  mno_choose_scene_52  0  breton_castle_2_exterior:_generate  2 1910 1 720575940379280276 2048 0  .  mno_choose_scene_53  0  breton_castle_2_interior:_indoors  2 1910 1 720575940379280277 2048 0  .  mno_choose_scene_54  0  breton_castle_2_prison:_indoors  2 1910 1 720575940379280278 2048 0  .  mno_choose_scene_55  0  breton_castle_3_exterior:_generate  2 1910 1 720575940379280279 2048 0  .  mno_choose_scene_56  0  breton_castle_3_interior:_indoors  2 1910 1 720575940379280280 2048 0  .  mno_choose_scene_57  0  breton_castle_3_prison:_indoors  2 1910 1 720575940379280281 2048 0  .  mno_choose_scene_58  0  breton_castle_4_exterior:_generate  2 1910 1 720575940379280282 2048 0  .  mno_choose_scene_59  0  breton_castle_4_interior:_indoors  2 1910 1 720575940379280283 2048 0  .  mno_choose_scene_60  0  breton_castle_4_prison:_indoors  2 1910 1 720575940379280284 2048 0  .  mno_choose_scene_61  0  breton_castle_5_exterior:_generate  2 1910 1 720575940379280285 2048 0  .  mno_choose_scene_62  0  breton_castle_5_interior:_indoors  2 1910 1 720575940379280286 2048 0  .  mno_choose_scene_63  0  breton_castle_5_prison:_indoors  2 1910 1 720575940379280287 2048 0  .  mno_choose_scene_64  0  breton_castle_6_exterior:_generate  2 1910 1 720575940379280288 2048 0  . 
menu_choose_scenes_65 0 Choose_a_scene:_(Page_6_of_102) none 0 16
 mno_back  0  Go_back.  1 2055 0  .  mno_next  0  Next...  1 2060 1 864691128455135546  .  mno_previous  0  Previous...  1 2060 1 864691128455135544  .  mno_choose_scene_65  0  breton_castle_6_interior:_indoors  2 1910 1 720575940379280289 2048 0  .  mno_choose_scene_66  0  breton_castle_6_prison:_indoors  2 1910 1 720575940379280290 2048 0  .  mno_choose_scene_67  0  breton_castle_7_exterior:_generate  2 1910 1 720575940379280291 2048 0  .  mno_choose_scene_68  0  breton_castle_7_interior:_indoors  2 1910 1 720575940379280292 2048 0  .  mno_choose_scene_69  0  breton_castle_7_prison:_indoors  2 1910 1 720575940379280293 2048 0  .  mno_choose_scene_70  0  breton_castle_8_exterior:_generate  2 1910 1 720575940379280294 2048 0  .  mno_choose_scene_71  0  breton_castle_8_interior:_indoors  2 1910 1 720575940379280295 2048 0  .  mno_choose_scene_72  0  breton_castle_8_prison:_indoors  2 1910 1 720575940379280296 2048 0  .  mno_choose_scene_73  0  breton_castle_9_exterior:_generate  2 1910 1 720575940379280297 2048 0  .  mno_choose_scene_74  0  breton_castle_9_interior:_indoors  2 1910 1 720575940379280298 2048 0  .  mno_choose_scene_75  0  breton_castle_9_prison:_indoors  2 1910 1 720575940379280299 2048 0  .  mno_choose_scene_76  0  breton_town_1_alley:_generate|muddy_water  2 1910 1 720575940379280025 2048 0  .  mno_choose_scene_77  0  breton_town_1_arena:_generate  2 1910 1 720575940379279803 2048 0  . 
menu_choose_scenes_78 0 Choose_a_scene:_(Page_7_of_102) none 0 16
 mno_back  0  Go_back.  1 2055 0  .  mno_next  0  Next...  1 2060 1 864691128455135547  .  mno_previous  0  Previous...  1 2060 1 864691128455135545  .  mno_choose_scene_78  0  breton_town_1_castle:_indoors  2 1910 1 720575940379279581 2048 0  .  mno_choose_scene_79  0  breton_town_1_center:_generate|muddy_water  2 1910 1 720575940379279507 2048 0  .  mno_choose_scene_80  0  breton_town_1_prison:_indoors  2 1910 1 720575940379279877 2048 0  .  mno_choose_scene_81  0  breton_town_1_store:_indoors  2 1910 1 720575940379279729 2048 0  .  mno_choose_scene_82  0  breton_town_1_tavern:_indoors  2 1910 1 720575940379279655 2048 0  .  mno_choose_scene_83  0  breton_town_1_walls:_generate|muddy_water  2 1910 1 720575940379279951 2048 0  .  mno_choose_scene_84  0  breton_town_2_alley:_generate  2 1910 1 720575940379280026 2048 0  .  mno_choose_scene_85  0  breton_town_2_arena:_generate  2 1910 1 720575940379279804 2048 0  .  mno_choose_scene_86  0  breton_town_2_castle:_indoors  2 1910 1 720575940379279582 2048 0  .  mno_choose_scene_87  0  breton_town_2_center:_generate  2 1910 1 720575940379279508 2048 0  .  mno_choose_scene_88  0  breton_town_2_prison:_indoors  2 1910 1 720575940379279878 2048 0  .  mno_choose_scene_89  0  breton_town_2_store:_indoors  2 1910 1 720575940379279730 2048 0  .  mno_choose_scene_90  0  breton_town_2_tavern:_indoors  2 1910 1 720575940379279656 2048 0  . 
menu_choose_scenes_91 0 Choose_a_scene:_(Page_8_of_102) none 0 16
 mno_back  0  Go_back.  1 2055 0  .  mno_next  0  Next...  1 2060 1 864691128455135548  .  mno_previous  0  Previous...  1 2060 1 864691128455135546  .  mno_choose_scene_91  0  breton_town_2_walls:_generate  2 1910 1 720575940379279952 2048 0  .  mno_choose_scene_92  0  breton_town_3_alley:_generate  2 1910 1 720575940379280027 2048 0  .  mno_choose_scene_93  0  breton_town_3_arena:_generate  2 1910 1 720575940379279805 2048 0  .  mno_choose_scene_94  0  breton_town_3_castle:_indoors  2 1910 1 720575940379279583 2048 0  .  mno_choose_scene_95  0  breton_town_3_center:_generate  2 1910 1 720575940379279509 2048 0  .  mno_choose_scene_96  0  breton_town_3_prison:_indoors  2 1910 1 720575940379279879 2048 0  .  mno_choose_scene_97  0  breton_town_3_store:_indoors  2 1910 1 720575940379279731 2048 0  .  mno_choose_scene_98  0  breton_town_3_tavern:_indoors  2 1910 1 720575940379279657 2048 0  .  mno_choose_scene_99  0  breton_town_3_walls:_generate  2 1910 1 720575940379279953 2048 0  .  mno_choose_scene_100  0  breton_town_4_alley:_generate  2 1910 1 720575940379280028 2048 0  .  mno_choose_scene_101  0  breton_town_4_arena:_generate  2 1910 1 720575940379279806 2048 0  .  mno_choose_scene_102  0  breton_town_4_castle:_indoors  2 1910 1 720575940379279584 2048 0  .  mno_choose_scene_103  0  breton_town_4_center:_generate  2 1910 1 720575940379279510 2048 0  . 
menu_choose_scenes_104 0 Choose_a_scene:_(Page_9_of_102) none 0 16
 mno_back  0  Go_back.  1 2055 0  .  mno_next  0  Next...  1 2060 1 864691128455135549  .  mno_previous  0  Previous...  1 2060 1 864691128455135547  .  mno_choose_scene_104  0  breton_town_4_prison:_indoors  2 1910 1 720575940379279880 2048 0  .  mno_choose_scene_105  0  breton_town_4_store:_indoors  2 1910 1 720575940379279732 2048 0  .  mno_choose_scene_106  0  breton_town_4_tavern:_indoors  2 1910 1 720575940379279658 2048 0  .  mno_choose_scene_107  0  breton_town_4_walls:_generate  2 1910 1 720575940379279954 2048 0  .  mno_choose_scene_108  0  breton_town_5_alley:_generate  2 1910 1 720575940379280029 2048 0  .  mno_choose_scene_109  0  breton_town_5_arena:_generate  2 1910 1 720575940379279807 2048 0  .  mno_choose_scene_110  0  breton_town_5_castle  2 1910 1 720575940379279585 2048 0  .  mno_choose_scene_111  0  breton_town_5_center:_generate  2 1910 1 720575940379279511 2048 0  .  mno_choose_scene_112  0  breton_town_5_prison:_indoors  2 1910 1 720575940379279881 2048 0  .  mno_choose_scene_113  0  breton_town_5_store:_indoors  2 1910 1 720575940379279733 2048 0  .  mno_choose_scene_114  0  breton_town_5_tavern:_indoors  2 1910 1 720575940379279659 2048 0  .  mno_choose_scene_115  0  breton_town_5_walls:_generate  2 1910 1 720575940379279955 2048 0  .  mno_choose_scene_116  0  breton_town_6_alley:_generate  2 1910 1 720575940379280030 2048 0  . 
menu_choose_scenes_117 0 Choose_a_scene:_(Page_10_of_102) none 0 16
 mno_back  0  Go_back.  1 2055 0  .  mno_next  0  Next...  1 2060 1 864691128455135550  .  mno_previous  0  Previous...  1 2060 1 864691128455135548  .  mno_choose_scene_117  0  breton_town_6_arena:_generate  2 1910 1 720575940379279808 2048 0  .  mno_choose_scene_118  0  breton_town_6_castle:_indoors  2 1910 1 720575940379279586 2048 0  .  mno_choose_scene_119  0  breton_town_6_center:_generate  2 1910 1 720575940379279512 2048 0  .  mno_choose_scene_120  0  breton_town_6_prison:_indoors  2 1910 1 720575940379279882 2048 0  .  mno_choose_scene_121  0  breton_town_6_store:_indoors  2 1910 1 720575940379279734 2048 0  .  mno_choose_scene_122  0  breton_town_6_tavern:_indoors  2 1910 1 720575940379279660 2048 0  .  mno_choose_scene_123  0  breton_town_6_walls:_generate  2 1910 1 720575940379279956 2048 0  .  mno_choose_scene_124  0  breton_town_7_alley:_generate  2 1910 1 720575940379280031 2048 0  .  mno_choose_scene_125  0  breton_town_7_arena:_generate  2 1910 1 720575940379279809 2048 0  .  mno_choose_scene_126  0  breton_town_7_castle:_indoors  2 1910 1 720575940379279587 2048 0  .  mno_choose_scene_127  0  breton_town_7_center:_generate  2 1910 1 720575940379279513 2048 0  .  mno_choose_scene_128  0  breton_town_7_prison:_indoors  2 1910 1 720575940379279883 2048 0  .  mno_choose_scene_129  0  breton_town_7_store:_indoors  2 1910 1 720575940379279735 2048 0  . 
menu_choose_scenes_130 0 Choose_a_scene:_(Page_11_of_102) none 0 16
 mno_back  0  Go_back.  1 2055 0  .  mno_next  0  Next...  1 2060 1 864691128455135551  .  mno_previous  0  Previous...  1 2060 1 864691128455135549  .  mno_choose_scene_130  0  breton_town_7_tavern:_indoors  2 1910 1 720575940379279661 2048 0  .  mno_choose_scene_131  0  breton_town_7_walls:_generate  2 1910 1 720575940379279957 2048 0  .  mno_choose_scene_132  0  breton_town_8_alley:_generate  2 1910 1 720575940379280032 2048 0  .  mno_choose_scene_133  0  breton_town_8_arena:_generate  2 1910 1 720575940379279810 2048 0  .  mno_choose_scene_134  0  breton_town_8_castle:_indoors  2 1910 1 720575940379279588 2048 0  .  mno_choose_scene_135  0  breton_town_8_center:_generate  2 1910 1 720575940379279514 2048 0  .  mno_choose_scene_136  0  breton_town_8_prison:_indoors  2 1910 1 720575940379279884 2048 0  .  mno_choose_scene_137  0  breton_town_8_store:_indoors  2 1910 1 720575940379279736 2048 0  .  mno_choose_scene_138  0  breton_town_8_tavern:_indoors  2 1910 1 720575940379279662 2048 0  .  mno_choose_scene_139  0  breton_town_8_walls:_generate  2 1910 1 720575940379279958 2048 0  .  mno_choose_scene_140  0  breton_village_1:_generate  2 1910 1 720575940379280552 2048 0  .  mno_choose_scene_141  0  breton_village_10:_generate  2 1910 1 720575940379280561 2048 0  .  mno_choose_scene_142  0  breton_village_11:_generate  2 1910 1 720575940379280562 2048 0  . 
menu_choose_scenes_143 0 Choose_a_scene:_(Page_12_of_102) none 0 16
 mno_back  0  Go_back.  1 2055 0  .  mno_next  0  Next...  1 2060 1 864691128455135552  .  mno_previous  0  Previous...  1 2060 1 864691128455135550  .  mno_choose_scene_143  0  breton_village_12:_generate  2 1910 1 720575940379280563 2048 0  .  mno_choose_scene_144  0  breton_village_13:_generate  2 1910 1 720575940379280564 2048 0  .  mno_choose_scene_145  0  breton_village_14:_generate  2 1910 1 720575940379280565 2048 0  .  mno_choose_scene_146  0  breton_village_15:_generate  2 1910 1 720575940379280566 2048 0  .  mno_choose_scene_147  0  breton_village_16:_generate  2 1910 1 720575940379280567 2048 0  .  mno_choose_scene_148  0  breton_village_17:_generate  2 1910 1 720575940379280568 2048 0  .  mno_choose_scene_149  0  breton_village_18:_generate  2 1910 1 720575940379280569 2048 0  .  mno_choose_scene_150  0  breton_village_19:_generate  2 1910 1 720575940379280570 2048 0  .  mno_choose_scene_151  0  breton_village_2:_generate  2 1910 1 720575940379280553 2048 0  .  mno_choose_scene_152  0  breton_village_20:_generate  2 1910 1 720575940379280571 2048 0  .  mno_choose_scene_153  0  breton_village_21:_generate  2 1910 1 720575940379280572 2048 0  .  mno_choose_scene_154  0  breton_village_22:_generate  2 1910 1 720575940379280573 2048 0  .  mno_choose_scene_155  0  breton_village_23:_generate  2 1910 1 720575940379280574 2048 0  . 
menu_choose_scenes_156 0 Choose_a_scene:_(Page_13_of_102) none 0 16
 mno_back  0  Go_back.  1 2055 0  .  mno_next  0  Next...  1 2060 1 864691128455135553  .  mno_previous  0  Previous...  1 2060 1 864691128455135551  .  mno_choose_scene_156  0  breton_village_24:_generate  2 1910 1 720575940379280575 2048 0  .  mno_choose_scene_157  0  breton_village_25:_generate  2 1910 1 720575940379280576 2048 0  .  mno_choose_scene_158  0  breton_village_26:_generate  2 1910 1 720575940379280577 2048 0  .  mno_choose_scene_159  0  breton_village_27:_generate  2 1910 1 720575940379280578 2048 0  .  mno_choose_scene_160  0  breton_village_28:_generate  2 1910 1 720575940379280579 2048 0  .  mno_choose_scene_161  0  breton_village_29:_generate  2 1910 1 720575940379280580 2048 0  .  mno_choose_scene_162  0  breton_village_3:_generate  2 1910 1 720575940379280554 2048 0  .  mno_choose_scene_163  0  breton_village_30:_generate  2 1910 1 720575940379280581 2048 0  .  mno_choose_scene_164  0  breton_village_31:_generate  2 1910 1 720575940379280582 2048 0  .  mno_choose_scene_165  0  breton_village_32:_generate  2 1910 1 720575940379280583 2048 0  .  mno_choose_scene_166  0  breton_village_33:_generate  2 1910 1 720575940379280584 2048 0  .  mno_choose_scene_167  0  breton_village_34:_generate  2 1910 1 720575940379280585 2048 0  .  mno_choose_scene_168  0  breton_village_35:_generate  2 1910 1 720575940379280586 2048 0  . 
menu_choose_scenes_169 0 Choose_a_scene:_(Page_14_of_102) none 0 16
 mno_back  0  Go_back.  1 2055 0  .  mno_next  0  Next...  1 2060 1 864691128455135554  .  mno_previous  0  Previous...  1 2060 1 864691128455135552  .  mno_choose_scene_169  0  breton_village_36:_generate  2 1910 1 720575940379280587 2048 0  .  mno_choose_scene_170  0  breton_village_37:_generate  2 1910 1 720575940379280588 2048 0  .  mno_choose_scene_171  0  breton_village_38:_generate  2 1910 1 720575940379280589 2048 0  .  mno_choose_scene_172  0  breton_village_39:_generate  2 1910 1 720575940379280590 2048 0  .  mno_choose_scene_173  0  breton_village_4:_generate  2 1910 1 720575940379280555 2048 0  .  mno_choose_scene_174  0  breton_village_5:_generate  2 1910 1 720575940379280556 2048 0  .  mno_choose_scene_175  0  breton_village_6:_generate  2 1910 1 720575940379280557 2048 0  .  mno_choose_scene_176  0  breton_village_7:_generate  2 1910 1 720575940379280558 2048 0  .  mno_choose_scene_177  0  breton_village_8:_generate  2 1910 1 720575940379280559 2048 0  .  mno_choose_scene_178  0  breton_village_9:_generate  2 1910 1 720575940379280560 2048 0  .  mno_choose_scene_179  0  burgundian_castle_10_exterior:_generate  2 1910 1 720575940379280234 2048 0  .  mno_choose_scene_180  0  burgundian_castle_10_interior:_indoors  2 1910 1 720575940379280235 2048 0  .  mno_choose_scene_181  0  burgundian_castle_10_prison:_indoors  2 1910 1 720575940379280236 2048 0  . 
menu_choose_scenes_182 0 Choose_a_scene:_(Page_15_of_102) none 0 16
 mno_back  0  Go_back.  1 2055 0  .  mno_next  0  Next...  1 2060 1 864691128455135555  .  mno_previous  0  Previous...  1 2060 1 864691128455135553  .  mno_choose_scene_182  0  burgundian_castle_11_exterior:_generate  2 1910 1 720575940379280237 2048 0  .  mno_choose_scene_183  0  burgundian_castle_11_interior:_indoors  2 1910 1 720575940379280238 2048 0  .  mno_choose_scene_184  0  burgundian_castle_11_prison:_indoors  2 1910 1 720575940379280239 2048 0  .  mno_choose_scene_185  0  burgundian_castle_12_exterior:_generate  2 1910 1 720575940379280240 2048 0  .  mno_choose_scene_186  0  burgundian_castle_12_interior:_indoors  2 1910 1 720575940379280241 2048 0  .  mno_choose_scene_187  0  burgundian_castle_12_prison:_indoors  2 1910 1 720575940379280242 2048 0  .  mno_choose_scene_188  0  burgundian_castle_13_exterior:_generate  2 1910 1 720575940379280243 2048 0  .  mno_choose_scene_189  0  burgundian_castle_13_interior:_indoors  2 1910 1 720575940379280244 2048 0  .  mno_choose_scene_190  0  burgundian_castle_13_prison:_indoors  2 1910 1 720575940379280245 2048 0  .  mno_choose_scene_191  0  burgundian_castle_14_exterior:_generate  2 1910 1 720575940379280246 2048 0  .  mno_choose_scene_192  0  burgundian_castle_14_interior:_indoors  2 1910 1 720575940379280247 2048 0  .  mno_choose_scene_193  0  burgundian_castle_14_prison:_indoors  2 1910 1 720575940379280248 2048 0  .  mno_choose_scene_194  0  burgundian_castle_15_exterior:_generate  2 1910 1 720575940379280249 2048 0  . 
menu_choose_scenes_195 0 Choose_a_scene:_(Page_16_of_102) none 0 16
 mno_back  0  Go_back.  1 2055 0  .  mno_next  0  Next...  1 2060 1 864691128455135556  .  mno_previous  0  Previous...  1 2060 1 864691128455135554  .  mno_choose_scene_195  0  burgundian_castle_15_interior:_indoors  2 1910 1 720575940379280250 2048 0  .  mno_choose_scene_196  0  burgundian_castle_15_prison:_indoors  2 1910 1 720575940379280251 2048 0  .  mno_choose_scene_197  0  burgundian_castle_16_exterior:_generate  2 1910 1 720575940379280252 2048 0  .  mno_choose_scene_198  0  burgundian_castle_16_interior:_indoors  2 1910 1 720575940379280253 2048 0  .  mno_choose_scene_199  0  burgundian_castle_16_prison:_indoors  2 1910 1 720575940379280254 2048 0  .  mno_choose_scene_200  0  burgundian_castle_17_exterior:_generate  2 1910 1 720575940379280255 2048 0  .  mno_choose_scene_201  0  burgundian_castle_17_interior:_indoors  2 1910 1 720575940379280256 2048 0  .  mno_choose_scene_202  0  burgundian_castle_17_prison:_indoors  2 1910 1 720575940379280257 2048 0  .  mno_choose_scene_203  0  burgundian_castle_18_exterior:_generate  2 1910 1 720575940379280258 2048 0  .  mno_choose_scene_204  0  burgundian_castle_18_interior:_indoors  2 1910 1 720575940379280259 2048 0  .  mno_choose_scene_205  0  burgundian_castle_18_prison:_indoors  2 1910 1 720575940379280260 2048 0  .  mno_choose_scene_206  0  burgundian_castle_19_exterior:_generate  2 1910 1 720575940379280261 2048 0  .  mno_choose_scene_207  0  burgundian_castle_19_interior:_indoors  2 1910 1 720575940379280262 2048 0  . 
menu_choose_scenes_208 0 Choose_a_scene:_(Page_17_of_102) none 0 16
 mno_back  0  Go_back.  1 2055 0  .  mno_next  0  Next...  1 2060 1 864691128455135557  .  mno_previous  0  Previous...  1 2060 1 864691128455135555  .  mno_choose_scene_208  0  burgundian_castle_19_prison:_indoors  2 1910 1 720575940379280263 2048 0  .  mno_choose_scene_209  0  burgundian_castle_1_exterior:_generate  2 1910 1 720575940379280207 2048 0  .  mno_choose_scene_210  0  burgundian_castle_1_interior:_indoors  2 1910 1 720575940379280208 2048 0  .  mno_choose_scene_211  0  burgundian_castle_1_prison:_indoors  2 1910 1 720575940379280209 2048 0  .  mno_choose_scene_212  0  burgundian_castle_20_exterior:_generate  2 1910 1 720575940379280264 2048 0  .  mno_choose_scene_213  0  burgundian_castle_20_interior:_indoors  2 1910 1 720575940379280265 2048 0  .  mno_choose_scene_214  0  burgundian_castle_20_prison:_indoors  2 1910 1 720575940379280266 2048 0  .  mno_choose_scene_215  0  burgundian_castle_21_exterior:_generate  2 1910 1 720575940379280267 2048 0  .  mno_choose_scene_216  0  burgundian_castle_21_interior:_indoors  2 1910 1 720575940379280268 2048 0  .  mno_choose_scene_217  0  burgundian_castle_21_prison:_indoors  2 1910 1 720575940379280269 2048 0  .  mno_choose_scene_218  0  burgundian_castle_22_exterior:_generate  2 1910 1 720575940379280270 2048 0  .  mno_choose_scene_219  0  burgundian_castle_22_interior:_indoors  2 1910 1 720575940379280271 2048 0  .  mno_choose_scene_220  0  burgundian_castle_22_prison:_indoors  2 1910 1 720575940379280272 2048 0  . 
menu_choose_scenes_221 0 Choose_a_scene:_(Page_18_of_102) none 0 16
 mno_back  0  Go_back.  1 2055 0  .  mno_next  0  Next...  1 2060 1 864691128455135558  .  mno_previous  0  Previous...  1 2060 1 864691128455135556  .  mno_choose_scene_221  0  burgundian_castle_2_exterior:_generate  2 1910 1 720575940379280210 2048 0  .  mno_choose_scene_222  0  burgundian_castle_2_interior:_indoors  2 1910 1 720575940379280211 2048 0  .  mno_choose_scene_223  0  burgundian_castle_2_prison:_indoors  2 1910 1 720575940379280212 2048 0  .  mno_choose_scene_224  0  burgundian_castle_3_exterior:_generate  2 1910 1 720575940379280213 2048 0  .  mno_choose_scene_225  0  burgundian_castle_3_interior:_indoors  2 1910 1 720575940379280214 2048 0  .  mno_choose_scene_226  0  burgundian_castle_3_prison:_indoors  2 1910 1 720575940379280215 2048 0  .  mno_choose_scene_227  0  burgundian_castle_4_exterior:_generate  2 1910 1 720575940379280216 2048 0  .  mno_choose_scene_228  0  burgundian_castle_4_interior:_indoors  2 1910 1 720575940379280217 2048 0  .  mno_choose_scene_229  0  burgundian_castle_4_prison:_indoors  2 1910 1 720575940379280218 2048 0  .  mno_choose_scene_230  0  burgundian_castle_5_exterior:_generate  2 1910 1 720575940379280219 2048 0  .  mno_choose_scene_231  0  burgundian_castle_5_interior:_indoors  2 1910 1 720575940379280220 2048 0  .  mno_choose_scene_232  0  burgundian_castle_5_prison:_indoors  2 1910 1 720575940379280221 2048 0  .  mno_choose_scene_233  0  burgundian_castle_6_exterior:_generate  2 1910 1 720575940379280222 2048 0  . 
menu_choose_scenes_234 0 Choose_a_scene:_(Page_19_of_102) none 0 16
 mno_back  0  Go_back.  1 2055 0  .  mno_next  0  Next...  1 2060 1 864691128455135559  .  mno_previous  0  Previous...  1 2060 1 864691128455135557  .  mno_choose_scene_234  0  burgundian_castle_6_interior:_indoors  2 1910 1 720575940379280223 2048 0  .  mno_choose_scene_235  0  burgundian_castle_6_prison:_indoors  2 1910 1 720575940379280224 2048 0  .  mno_choose_scene_236  0  burgundian_castle_7_exterior:_generate  2 1910 1 720575940379280225 2048 0  .  mno_choose_scene_237  0  burgundian_castle_7_interior:_indoors  2 1910 1 720575940379280226 2048 0  .  mno_choose_scene_238  0  burgundian_castle_7_prison:_indoors  2 1910 1 720575940379280227 2048 0  .  mno_choose_scene_239  0  burgundian_castle_8_exterior:_generate  2 1910 1 720575940379280228 2048 0  .  mno_choose_scene_240  0  burgundian_castle_8_interior:_indoors  2 1910 1 720575940379280229 2048 0  .  mno_choose_scene_241  0  burgundian_castle_8_prison:_indoors  2 1910 1 720575940379280230 2048 0  .  mno_choose_scene_242  0  burgundian_castle_9_exterior:_generate  2 1910 1 720575940379280231 2048 0  .  mno_choose_scene_243  0  burgundian_castle_9_interior:_indoors  2 1910 1 720575940379280232 2048 0  .  mno_choose_scene_244  0  burgundian_castle_9_prison:_indoors  2 1910 1 720575940379280233 2048 0  .  mno_choose_scene_245  0  burgundian_town_10_alley:_generate  2 1910 1 720575940379280019 2048 0  .  mno_choose_scene_246  0  burgundian_town_10_arena:_generate  2 1910 1 720575940379279797 2048 0  . 
menu_choose_scenes_247 0 Choose_a_scene:_(Page_20_of_102) none 0 16
 mno_back  0  Go_back.  1 2055 0  .  mno_next  0  Next...  1 2060 1 864691128455135560  .  mno_previous  0  Previous...  1 2060 1 864691128455135558  .  mno_choose_scene_247  0  burgundian_town_10_castle:_indoors  2 1910 1 720575940379279575 2048 0  .  mno_choose_scene_248  0  burgundian_town_10_center:_generate  2 1910 1 720575940379279501 2048 0  .  mno_choose_scene_249  0  burgundian_town_10_prison:_indoors  2 1910 1 720575940379279871 2048 0  .  mno_choose_scene_250  0  burgundian_town_10_store:_indoors  2 1910 1 720575940379279723 2048 0  .  mno_choose_scene_251  0  burgundian_town_10_tavern:_indoors  2 1910 1 720575940379279649 2048 0  .  mno_choose_scene_252  0  burgundian_town_10_walls:_generate  2 1910 1 720575940379279945 2048 0  .  mno_choose_scene_253  0  burgundian_town_11_alley:_generate  2 1910 1 720575940379280020 2048 0  .  mno_choose_scene_254  0  burgundian_town_11_arena:_generate  2 1910 1 720575940379279798 2048 0  .  mno_choose_scene_255  0  burgundian_town_11_castle:_indoors  2 1910 1 720575940379279576 2048 0  .  mno_choose_scene_256  0  burgundian_town_11_center:_generate  2 1910 1 720575940379279502 2048 0  .  mno_choose_scene_257  0  burgundian_town_11_prison:_indoors  2 1910 1 720575940379279872 2048 0  .  mno_choose_scene_258  0  burgundian_town_11_store:_indoors  2 1910 1 720575940379279724 2048 0  .  mno_choose_scene_259  0  burgundian_town_11_tavern:_indoors  2 1910 1 720575940379279650 2048 0  . 
menu_choose_scenes_260 0 Choose_a_scene:_(Page_21_of_102) none 0 16
 mno_back  0  Go_back.  1 2055 0  .  mno_next  0  Next...  1 2060 1 864691128455135561  .  mno_previous  0  Previous...  1 2060 1 864691128455135559  .  mno_choose_scene_260  0  burgundian_town_11_walls:_generate  2 1910 1 720575940379279946 2048 0  .  mno_choose_scene_261  0  burgundian_town_12_alley:_generate  2 1910 1 720575940379280021 2048 0  .  mno_choose_scene_262  0  burgundian_town_12_arena:_generate  2 1910 1 720575940379279799 2048 0  .  mno_choose_scene_263  0  burgundian_town_12_castle:_indoors  2 1910 1 720575940379279577 2048 0  .  mno_choose_scene_264  0  burgundian_town_12_center:_generate  2 1910 1 720575940379279503 2048 0  .  mno_choose_scene_265  0  burgundian_town_12_prison:_indoors  2 1910 1 720575940379279873 2048 0  .  mno_choose_scene_266  0  burgundian_town_12_store:_indoors  2 1910 1 720575940379279725 2048 0  .  mno_choose_scene_267  0  burgundian_town_12_tavern:_indoors  2 1910 1 720575940379279651 2048 0  .  mno_choose_scene_268  0  burgundian_town_12_walls:_generate  2 1910 1 720575940379279947 2048 0  .  mno_choose_scene_269  0  burgundian_town_13_alley:_generate  2 1910 1 720575940379280022 2048 0  .  mno_choose_scene_270  0  burgundian_town_13_arena:_generate  2 1910 1 720575940379279800 2048 0  .  mno_choose_scene_271  0  burgundian_town_13_castle:_indoors  2 1910 1 720575940379279578 2048 0  .  mno_choose_scene_272  0  burgundian_town_13_center:_generate  2 1910 1 720575940379279504 2048 0  . 
menu_choose_scenes_273 0 Choose_a_scene:_(Page_22_of_102) none 0 16
 mno_back  0  Go_back.  1 2055 0  .  mno_next  0  Next...  1 2060 1 864691128455135562  .  mno_previous  0  Previous...  1 2060 1 864691128455135560  .  mno_choose_scene_273  0  burgundian_town_13_prison:_indoors  2 1910 1 720575940379279874 2048 0  .  mno_choose_scene_274  0  burgundian_town_13_store:_indoors  2 1910 1 720575940379279726 2048 0  .  mno_choose_scene_275  0  burgundian_town_13_tavern:_indoors  2 1910 1 720575940379279652 2048 0  .  mno_choose_scene_276  0  burgundian_town_13_walls:_generate  2 1910 1 720575940379279948 2048 0  .  mno_choose_scene_277  0  burgundian_town_14_alley:_generate  2 1910 1 720575940379280023 2048 0  .  mno_choose_scene_278  0  burgundian_town_14_arena:_generate  2 1910 1 720575940379279801 2048 0  .  mno_choose_scene_279  0  burgundian_town_14_castle:_indoors  2 1910 1 720575940379279579 2048 0  .  mno_choose_scene_280  0  burgundian_town_14_center:_generate  2 1910 1 720575940379279505 2048 0  .  mno_choose_scene_281  0  burgundian_town_14_prison:_indoors  2 1910 1 720575940379279875 2048 0  .  mno_choose_scene_282  0  burgundian_town_14_store:_indoors  2 1910 1 720575940379279727 2048 0  .  mno_choose_scene_283  0  burgundian_town_14_tavern:_indoors  2 1910 1 720575940379279653 2048 0  .  mno_choose_scene_284  0  burgundian_town_14_walls:_generate  2 1910 1 720575940379279949 2048 0  .  mno_choose_scene_285  0  burgundian_town_15_alley:_generate  2 1910 1 720575940379280024 2048 0  . 
menu_choose_scenes_286 0 Choose_a_scene:_(Page_23_of_102) none 0 16
 mno_back  0  Go_back.  1 2055 0  .  mno_next  0  Next...  1 2060 1 864691128455135563  .  mno_previous  0  Previous...  1 2060 1 864691128455135561  .  mno_choose_scene_286  0  burgundian_town_15_arena:_generate  2 1910 1 720575940379279802 2048 0  .  mno_choose_scene_287  0  burgundian_town_15_castle:_indoors  2 1910 1 720575940379279580 2048 0  .  mno_choose_scene_288  0  burgundian_town_15_center:_generate  2 1910 1 720575940379279506 2048 0  .  mno_choose_scene_289  0  burgundian_town_15_prison:_indoors  2 1910 1 720575940379279876 2048 0  .  mno_choose_scene_290  0  burgundian_town_15_store:_indoors  2 1910 1 720575940379279728 2048 0  .  mno_choose_scene_291  0  burgundian_town_15_tavern:_indoors  2 1910 1 720575940379279654 2048 0  .  mno_choose_scene_292  0  burgundian_town_15_walls:_generate  2 1910 1 720575940379279950 2048 0  .  mno_choose_scene_293  0  burgundian_town_1_alley:_generate  2 1910 1 720575940379280010 2048 0  .  mno_choose_scene_294  0  burgundian_town_1_arena:_generate  2 1910 1 720575940379279788 2048 0  .  mno_choose_scene_295  0  burgundian_town_1_castle:_indoors  2 1910 1 720575940379279566 2048 0  .  mno_choose_scene_296  0  burgundian_town_1_center:_generate  2 1910 1 720575940379279492 2048 0  .  mno_choose_scene_297  0  burgundian_town_1_prison:_indoors  2 1910 1 720575940379279862 2048 0  .  mno_choose_scene_298  0  burgundian_town_1_store:_indoors  2 1910 1 720575940379279714 2048 0  . 
menu_choose_scenes_299 0 Choose_a_scene:_(Page_24_of_102) none 0 16
 mno_back  0  Go_back.  1 2055 0  .  mno_next  0  Next...  1 2060 1 864691128455135564  .  mno_previous  0  Previous...  1 2060 1 864691128455135562  .  mno_choose_scene_299  0  burgundian_town_1_tavern:_indoors  2 1910 1 720575940379279640 2048 0  .  mno_choose_scene_300  0  burgundian_town_1_walls:_generate  2 1910 1 720575940379279936 2048 0  .  mno_choose_scene_301  0  burgundian_town_2_alley:_generate  2 1910 1 720575940379280011 2048 0  .  mno_choose_scene_302  0  burgundian_town_2_arena:_generate  2 1910 1 720575940379279789 2048 0  .  mno_choose_scene_303  0  burgundian_town_2_castle:_indoors  2 1910 1 720575940379279567 2048 0  .  mno_choose_scene_304  0  burgundian_town_2_center:_generate  2 1910 1 720575940379279493 2048 0  .  mno_choose_scene_305  0  burgundian_town_2_prison:_indoors  2 1910 1 720575940379279863 2048 0  .  mno_choose_scene_306  0  burgundian_town_2_store:_indoors  2 1910 1 720575940379279715 2048 0  .  mno_choose_scene_307  0  burgundian_town_2_tavern:_indoors  2 1910 1 720575940379279641 2048 0  .  mno_choose_scene_308  0  burgundian_town_2_walls:_generate  2 1910 1 720575940379279937 2048 0  .  mno_choose_scene_309  0  burgundian_town_3_alley:_generate  2 1910 1 720575940379280012 2048 0  .  mno_choose_scene_310  0  burgundian_town_3_arena:_generate  2 1910 1 720575940379279790 2048 0  .  mno_choose_scene_311  0  burgundian_town_3_castle:_indoors  2 1910 1 720575940379279568 2048 0  . 
menu_choose_scenes_312 0 Choose_a_scene:_(Page_25_of_102) none 0 16
 mno_back  0  Go_back.  1 2055 0  .  mno_next  0  Next...  1 2060 1 864691128455135565  .  mno_previous  0  Previous...  1 2060 1 864691128455135563  .  mno_choose_scene_312  0  burgundian_town_3_center:_generate  2 1910 1 720575940379279494 2048 0  .  mno_choose_scene_313  0  burgundian_town_3_prison:_indoors  2 1910 1 720575940379279864 2048 0  .  mno_choose_scene_314  0  burgundian_town_3_store:_indoors  2 1910 1 720575940379279716 2048 0  .  mno_choose_scene_315  0  burgundian_town_3_tavern:_indoors  2 1910 1 720575940379279642 2048 0  .  mno_choose_scene_316  0  burgundian_town_3_walls:_generate  2 1910 1 720575940379279938 2048 0  .  mno_choose_scene_317  0  burgundian_town_4_alley:_generate  2 1910 1 720575940379280013 2048 0  .  mno_choose_scene_318  0  burgundian_town_4_arena:_generate  2 1910 1 720575940379279791 2048 0  .  mno_choose_scene_319  0  burgundian_town_4_castle:_indoors  2 1910 1 720575940379279569 2048 0  .  mno_choose_scene_320  0  burgundian_town_4_center:_generate  2 1910 1 720575940379279495 2048 0  .  mno_choose_scene_321  0  burgundian_town_4_prison:_indoors  2 1910 1 720575940379279865 2048 0  .  mno_choose_scene_322  0  burgundian_town_4_store:_indoors  2 1910 1 720575940379279717 2048 0  .  mno_choose_scene_323  0  burgundian_town_4_tavern:_indoors  2 1910 1 720575940379279643 2048 0  .  mno_choose_scene_324  0  burgundian_town_4_walls:_generate  2 1910 1 720575940379279939 2048 0  . 
menu_choose_scenes_325 0 Choose_a_scene:_(Page_26_of_102) none 0 16
 mno_back  0  Go_back.  1 2055 0  .  mno_next  0  Next...  1 2060 1 864691128455135566  .  mno_previous  0  Previous...  1 2060 1 864691128455135564  .  mno_choose_scene_325  0  burgundian_town_5_alley:_generate  2 1910 1 720575940379280014 2048 0  .  mno_choose_scene_326  0  burgundian_town_5_arena:_generate  2 1910 1 720575940379279792 2048 0  .  mno_choose_scene_327  0  burgundian_town_5_castle:_indoors  2 1910 1 720575940379279570 2048 0  .  mno_choose_scene_328  0  burgundian_town_5_center:_generate  2 1910 1 720575940379279496 2048 0  .  mno_choose_scene_329  0  burgundian_town_5_prison:_indoors  2 1910 1 720575940379279866 2048 0  .  mno_choose_scene_330  0  burgundian_town_5_store:_indoors  2 1910 1 720575940379279718 2048 0  .  mno_choose_scene_331  0  burgundian_town_5_tavern:_indoors  2 1910 1 720575940379279644 2048 0  .  mno_choose_scene_332  0  burgundian_town_5_walls:_generate  2 1910 1 720575940379279940 2048 0  .  mno_choose_scene_333  0  burgundian_town_6_alley:_generate  2 1910 1 720575940379280015 2048 0  .  mno_choose_scene_334  0  burgundian_town_6_arena:_generate  2 1910 1 720575940379279793 2048 0  .  mno_choose_scene_335  0  burgundian_town_6_castle:_indoors  2 1910 1 720575940379279571 2048 0  .  mno_choose_scene_336  0  burgundian_town_6_center:_generate  2 1910 1 720575940379279497 2048 0  .  mno_choose_scene_337  0  burgundian_town_6_prison:_indoors  2 1910 1 720575940379279867 2048 0  . 
menu_choose_scenes_338 0 Choose_a_scene:_(Page_27_of_102) none 0 16
 mno_back  0  Go_back.  1 2055 0  .  mno_next  0  Next...  1 2060 1 864691128455135567  .  mno_previous  0  Previous...  1 2060 1 864691128455135565  .  mno_choose_scene_338  0  burgundian_town_6_store:_indoors  2 1910 1 720575940379279719 2048 0  .  mno_choose_scene_339  0  burgundian_town_6_tavern:_indoors  2 1910 1 720575940379279645 2048 0  .  mno_choose_scene_340  0  burgundian_town_6_walls:_generate  2 1910 1 720575940379279941 2048 0  .  mno_choose_scene_341  0  burgundian_town_7_alley:_generate|muddy_water  2 1910 1 720575940379280016 2048 0  .  mno_choose_scene_342  0  burgundian_town_7_arena:_generate  2 1910 1 720575940379279794 2048 0  .  mno_choose_scene_343  0  burgundian_town_7_castle:_indoors  2 1910 1 720575940379279572 2048 0  .  mno_choose_scene_344  0  burgundian_town_7_center:_generate|muddy_water  2 1910 1 720575940379279498 2048 0  .  mno_choose_scene_345  0  burgundian_town_7_prison:_indoors  2 1910 1 720575940379279868 2048 0  .  mno_choose_scene_346  0  burgundian_town_7_store:_indoors  2 1910 1 720575940379279720 2048 0  .  mno_choose_scene_347  0  burgundian_town_7_tavern:_indoors  2 1910 1 720575940379279646 2048 0  .  mno_choose_scene_348  0  burgundian_town_7_walls:_generate|muddy_water  2 1910 1 720575940379279942 2048 0  .  mno_choose_scene_349  0  burgundian_town_8_alley:_generate  2 1910 1 720575940379280017 2048 0  .  mno_choose_scene_350  0  burgundian_town_8_arena:_generate  2 1910 1 720575940379279795 2048 0  . 
menu_choose_scenes_351 0 Choose_a_scene:_(Page_28_of_102) none 0 16
 mno_back  0  Go_back.  1 2055 0  .  mno_next  0  Next...  1 2060 1 864691128455135568  .  mno_previous  0  Previous...  1 2060 1 864691128455135566  .  mno_choose_scene_351  0  burgundian_town_8_castle:_indoors  2 1910 1 720575940379279573 2048 0  .  mno_choose_scene_352  0  burgundian_town_8_center:_generate  2 1910 1 720575940379279499 2048 0  .  mno_choose_scene_353  0  burgundian_town_8_prison:_indoors  2 1910 1 720575940379279869 2048 0  .  mno_choose_scene_354  0  burgundian_town_8_store:_indoors  2 1910 1 720575940379279721 2048 0  .  mno_choose_scene_355  0  burgundian_town_8_tavern:_indoors  2 1910 1 720575940379279647 2048 0  .  mno_choose_scene_356  0  burgundian_town_8_walls:_generate  2 1910 1 720575940379279943 2048 0  .  mno_choose_scene_357  0  burgundian_town_9_alley:_generate|muddy_water  2 1910 1 720575940379280018 2048 0  .  mno_choose_scene_358  0  burgundian_town_9_arena:_generate|muddy_water  2 1910 1 720575940379279796 2048 0  .  mno_choose_scene_359  0  burgundian_town_9_castle:_indoors  2 1910 1 720575940379279574 2048 0  .  mno_choose_scene_360  0  burgundian_town_9_center:_generate|muddy_water  2 1910 1 720575940379279500 2048 0  .  mno_choose_scene_361  0  burgundian_town_9_prison:_indoors  2 1910 1 720575940379279870 2048 0  .  mno_choose_scene_362  0  burgundian_town_9_store:_indoors  2 1910 1 720575940379279722 2048 0  .  mno_choose_scene_363  0  burgundian_town_9_tavern:_indoors  2 1910 1 720575940379279648 2048 0  . 
menu_choose_scenes_364 0 Choose_a_scene:_(Page_29_of_102) none 0 16
 mno_back  0  Go_back.  1 2055 0  .  mno_next  0  Next...  1 2060 1 864691128455135569  .  mno_previous  0  Previous...  1 2060 1 864691128455135567  .  mno_choose_scene_364  0  burgundian_town_9_walls:_generate|muddy_water  2 1910 1 720575940379279944 2048 0  .  mno_choose_scene_365  0  burgundian_village_1:_generate  2 1910 1 720575940379280500 2048 0  .  mno_choose_scene_366  0  burgundian_village_10:_generate  2 1910 1 720575940379280509 2048 0  .  mno_choose_scene_367  0  burgundian_village_11:_generate  2 1910 1 720575940379280510 2048 0  .  mno_choose_scene_368  0  burgundian_village_12:_generate  2 1910 1 720575940379280511 2048 0  .  mno_choose_scene_369  0  burgundian_village_13:_generate  2 1910 1 720575940379280512 2048 0  .  mno_choose_scene_370  0  burgundian_village_14:_generate  2 1910 1 720575940379280513 2048 0  .  mno_choose_scene_371  0  burgundian_village_15:_generate  2 1910 1 720575940379280514 2048 0  .  mno_choose_scene_372  0  burgundian_village_16:_generate  2 1910 1 720575940379280515 2048 0  .  mno_choose_scene_373  0  burgundian_village_17:_generate  2 1910 1 720575940379280516 2048 0  .  mno_choose_scene_374  0  burgundian_village_18:_generate  2 1910 1 720575940379280517 2048 0  .  mno_choose_scene_375  0  burgundian_village_19:_generate  2 1910 1 720575940379280518 2048 0  .  mno_choose_scene_376  0  burgundian_village_2:_generate  2 1910 1 720575940379280501 2048 0  . 
menu_choose_scenes_377 0 Choose_a_scene:_(Page_30_of_102) none 0 16
 mno_back  0  Go_back.  1 2055 0  .  mno_next  0  Next...  1 2060 1 864691128455135570  .  mno_previous  0  Previous...  1 2060 1 864691128455135568  .  mno_choose_scene_377  0  burgundian_village_20:_generate  2 1910 1 720575940379280519 2048 0  .  mno_choose_scene_378  0  burgundian_village_21:_generate  2 1910 1 720575940379280520 2048 0  .  mno_choose_scene_379  0  burgundian_village_22:_generate  2 1910 1 720575940379280521 2048 0  .  mno_choose_scene_380  0  burgundian_village_23:_generate  2 1910 1 720575940379280522 2048 0  .  mno_choose_scene_381  0  burgundian_village_24:_generate  2 1910 1 720575940379280523 2048 0  .  mno_choose_scene_382  0  burgundian_village_25:_generate  2 1910 1 720575940379280524 2048 0  .  mno_choose_scene_383  0  burgundian_village_26:_generate  2 1910 1 720575940379280525 2048 0  .  mno_choose_scene_384  0  burgundian_village_27:_generate  2 1910 1 720575940379280526 2048 0  .  mno_choose_scene_385  0  burgundian_village_28:_generate  2 1910 1 720575940379280527 2048 0  .  mno_choose_scene_386  0  burgundian_village_29:_generate  2 1910 1 720575940379280528 2048 0  .  mno_choose_scene_387  0  burgundian_village_3:_generate  2 1910 1 720575940379280502 2048 0  .  mno_choose_scene_388  0  burgundian_village_30:_generate  2 1910 1 720575940379280529 2048 0  .  mno_choose_scene_389  0  burgundian_village_31:_generate  2 1910 1 720575940379280530 2048 0  . 
menu_choose_scenes_390 0 Choose_a_scene:_(Page_31_of_102) none 0 16
 mno_back  0  Go_back.  1 2055 0  .  mno_next  0  Next...  1 2060 1 864691128455135571  .  mno_previous  0  Previous...  1 2060 1 864691128455135569  .  mno_choose_scene_390  0  burgundian_village_32:_generate  2 1910 1 720575940379280531 2048 0  .  mno_choose_scene_391  0  burgundian_village_33:_generate  2 1910 1 720575940379280532 2048 0  .  mno_choose_scene_392  0  burgundian_village_34:_generate  2 1910 1 720575940379280533 2048 0  .  mno_choose_scene_393  0  burgundian_village_35:_generate  2 1910 1 720575940379280534 2048 0  .  mno_choose_scene_394  0  burgundian_village_36:_generate  2 1910 1 720575940379280535 2048 0  .  mno_choose_scene_395  0  burgundian_village_37:_generate  2 1910 1 720575940379280536 2048 0  .  mno_choose_scene_396  0  burgundian_village_38:_generate  2 1910 1 720575940379280537 2048 0  .  mno_choose_scene_397  0  burgundian_village_39:_generate  2 1910 1 720575940379280538 2048 0  .  mno_choose_scene_398  0  burgundian_village_4:_generate  2 1910 1 720575940379280503 2048 0  .  mno_choose_scene_399  0  burgundian_village_40:_generate  2 1910 1 720575940379280539 2048 0  .  mno_choose_scene_400  0  burgundian_village_41:_generate  2 1910 1 720575940379280540 2048 0  .  mno_choose_scene_401  0  burgundian_village_42:_generate  2 1910 1 720575940379280541 2048 0  .  mno_choose_scene_402  0  burgundian_village_43:_generate  2 1910 1 720575940379280542 2048 0  . 
menu_choose_scenes_403 0 Choose_a_scene:_(Page_32_of_102) none 0 16
 mno_back  0  Go_back.  1 2055 0  .  mno_next  0  Next...  1 2060 1 864691128455135572  .  mno_previous  0  Previous...  1 2060 1 864691128455135570  .  mno_choose_scene_403  0  burgundian_village_44:_generate  2 1910 1 720575940379280543 2048 0  .  mno_choose_scene_404  0  burgundian_village_45:_generate  2 1910 1 720575940379280544 2048 0  .  mno_choose_scene_405  0  burgundian_village_46:_generate  2 1910 1 720575940379280545 2048 0  .  mno_choose_scene_406  0  burgundian_village_47:_generate  2 1910 1 720575940379280546 2048 0  .  mno_choose_scene_407  0  burgundian_village_48:_generate  2 1910 1 720575940379280547 2048 0  .  mno_choose_scene_408  0  burgundian_village_49:_generate  2 1910 1 720575940379280548 2048 0  .  mno_choose_scene_409  0  burgundian_village_5:_generate  2 1910 1 720575940379280504 2048 0  .  mno_choose_scene_410  0  burgundian_village_50:_generate  2 1910 1 720575940379280549 2048 0  .  mno_choose_scene_411  0  burgundian_village_51:_generate  2 1910 1 720575940379280550 2048 0  .  mno_choose_scene_412  0  burgundian_village_52:_generate  2 1910 1 720575940379280551 2048 0  .  mno_choose_scene_413  0  burgundian_village_6:_generate  2 1910 1 720575940379280505 2048 0  .  mno_choose_scene_414  0  burgundian_village_7:_generate  2 1910 1 720575940379280506 2048 0  .  mno_choose_scene_415  0  burgundian_village_8:_generate  2 1910 1 720575940379280507 2048 0  . 
menu_choose_scenes_416 0 Choose_a_scene:_(Page_33_of_102) none 0 16
 mno_back  0  Go_back.  1 2055 0  .  mno_next  0  Next...  1 2060 1 864691128455135573  .  mno_previous  0  Previous...  1 2060 1 864691128455135571  .  mno_choose_scene_416  0  burgundian_village_9:_generate  2 1910 1 720575940379280508 2048 0  .  mno_choose_scene_417  0  camp_scene:_generate|auto_entry_points  2 1910 1 720575940379279398 2048 0  .  mno_choose_scene_418  0  camp_scene_horse_track:_generate|auto_entry_points  2 1910 1 720575940379279399 2048 0  .  mno_choose_scene_419  0  camp_test_scene:_generate  2 1910 1 720575940379280666 2048 0  .  mno_choose_scene_420  0  chateau_de_derval:_generate  2 1910 1 720575940379280669 2048 0  .  mno_choose_scene_421  0  chateau_de_vincennes:_generate  2 1910 1 720575940379280668 2048 0  .  mno_choose_scene_422  0  conversation_scene  2 1910 1 720575940379279364 2048 0  .  mno_choose_scene_423  0  conversation_scene_tld_forest:_generate  2 1910 1 720575940379280663 2048 0  .  mno_choose_scene_424  0  conversation_scene_tld_plain:_generate  2 1910 1 720575940379280661 2048 0  .  mno_choose_scene_425  0  conversation_scene_tld_snow:_generate  2 1910 1 720575940379280662 2048 0  .  mno_choose_scene_426  0  dhorak_keep:_generate  2 1910 1 720575940379279412 2048 0  .  mno_choose_scene_427  0  english_castle_10_exterior:_generate  2 1910 1 720575940379280156 2048 0  .  mno_choose_scene_428  0  english_castle_10_interior:_indoors  2 1910 1 720575940379280157 2048 0  . 
menu_choose_scenes_429 0 Choose_a_scene:_(Page_34_of_102) none 0 16
 mno_back  0  Go_back.  1 2055 0  .  mno_next  0  Next...  1 2060 1 864691128455135574  .  mno_previous  0  Previous...  1 2060 1 864691128455135572  .  mno_choose_scene_429  0  english_castle_10_prison:_indoors  2 1910 1 720575940379280158 2048 0  .  mno_choose_scene_430  0  english_castle_11_exterior:_generate  2 1910 1 720575940379280159 2048 0  .  mno_choose_scene_431  0  english_castle_11_interior:_indoors  2 1910 1 720575940379280160 2048 0  .  mno_choose_scene_432  0  english_castle_11_prison:_indoors  2 1910 1 720575940379280161 2048 0  .  mno_choose_scene_433  0  english_castle_12_exterior:_generate  2 1910 1 720575940379280162 2048 0  .  mno_choose_scene_434  0  english_castle_12_interior:_indoors  2 1910 1 720575940379280163 2048 0  .  mno_choose_scene_435  0  english_castle_12_prison:_indoors  2 1910 1 720575940379280164 2048 0  .  mno_choose_scene_436  0  english_castle_13_exterior:_generate  2 1910 1 720575940379280165 2048 0  .  mno_choose_scene_437  0  english_castle_13_interior:_indoors  2 1910 1 720575940379280166 2048 0  .  mno_choose_scene_438  0  english_castle_13_prison:_indoors  2 1910 1 720575940379280167 2048 0  .  mno_choose_scene_439  0  english_castle_14_exterior:_generate  2 1910 1 720575940379280168 2048 0  .  mno_choose_scene_440  0  english_castle_14_interior:_indoors  2 1910 1 720575940379280169 2048 0  .  mno_choose_scene_441  0  english_castle_14_prison:_indoors  2 1910 1 720575940379280170 2048 0  . 
menu_choose_scenes_442 0 Choose_a_scene:_(Page_35_of_102) none 0 16
 mno_back  0  Go_back.  1 2055 0  .  mno_next  0  Next...  1 2060 1 864691128455135575  .  mno_previous  0  Previous...  1 2060 1 864691128455135573  .  mno_choose_scene_442  0  english_castle_15_exterior:_generate  2 1910 1 720575940379280171 2048 0  .  mno_choose_scene_443  0  english_castle_15_interior:_indoors  2 1910 1 720575940379280172 2048 0  .  mno_choose_scene_444  0  english_castle_15_prison:_indoors  2 1910 1 720575940379280173 2048 0  .  mno_choose_scene_445  0  english_castle_16_exterior:_generate  2 1910 1 720575940379280174 2048 0  .  mno_choose_scene_446  0  english_castle_16_interior:_indoors  2 1910 1 720575940379280175 2048 0  .  mno_choose_scene_447  0  english_castle_16_prison:_indoors  2 1910 1 720575940379280176 2048 0  .  mno_choose_scene_448  0  english_castle_17_exterior:_generate  2 1910 1 720575940379280177 2048 0  .  mno_choose_scene_449  0  english_castle_17_interior:_indoors  2 1910 1 720575940379280178 2048 0  .  mno_choose_scene_450  0  english_castle_17_prison:_indoors  2 1910 1 720575940379280179 2048 0  .  mno_choose_scene_451  0  english_castle_18_exterior:_generate  2 1910 1 720575940379280180 2048 0  .  mno_choose_scene_452  0  english_castle_18_interior:_indoors  2 1910 1 720575940379280181 2048 0  .  mno_choose_scene_453  0  english_castle_18_prison:_indoors  2 1910 1 720575940379280182 2048 0  .  mno_choose_scene_454  0  english_castle_19_exterior:_generate  2 1910 1 720575940379280183 2048 0  . 
menu_choose_scenes_455 0 Choose_a_scene:_(Page_36_of_102) none 0 16
 mno_back  0  Go_back.  1 2055 0  .  mno_next  0  Next...  1 2060 1 864691128455135576  .  mno_previous  0  Previous...  1 2060 1 864691128455135574  .  mno_choose_scene_455  0  english_castle_19_interior:_indoors  2 1910 1 720575940379280184 2048 0  .  mno_choose_scene_456  0  english_castle_19_prison:_indoors  2 1910 1 720575940379280185 2048 0  .  mno_choose_scene_457  0  english_castle_1_exterior:_generate  2 1910 1 720575940379280129 2048 0  .  mno_choose_scene_458  0  english_castle_1_interior:_indoors  2 1910 1 720575940379280130 2048 0  .  mno_choose_scene_459  0  english_castle_1_prison:_indoors  2 1910 1 720575940379280131 2048 0  .  mno_choose_scene_460  0  english_castle_20_exterior:_generate  2 1910 1 720575940379280186 2048 0  .  mno_choose_scene_461  0  english_castle_20_interior:_indoors  2 1910 1 720575940379280187 2048 0  .  mno_choose_scene_462  0  english_castle_20_prison:_indoors  2 1910 1 720575940379280188 2048 0  .  mno_choose_scene_463  0  english_castle_21_exterior:_generate  2 1910 1 720575940379280189 2048 0  .  mno_choose_scene_464  0  english_castle_21_interior:_indoors  2 1910 1 720575940379280190 2048 0  .  mno_choose_scene_465  0  english_castle_21_prison:_indoors  2 1910 1 720575940379280191 2048 0  .  mno_choose_scene_466  0  english_castle_22_exterior:_generate  2 1910 1 720575940379280192 2048 0  .  mno_choose_scene_467  0  english_castle_22_interior:_indoors  2 1910 1 720575940379280193 2048 0  . 
menu_choose_scenes_468 0 Choose_a_scene:_(Page_37_of_102) none 0 16
 mno_back  0  Go_back.  1 2055 0  .  mno_next  0  Next...  1 2060 1 864691128455135577  .  mno_previous  0  Previous...  1 2060 1 864691128455135575  .  mno_choose_scene_468  0  english_castle_22_prison:_indoors  2 1910 1 720575940379280194 2048 0  .  mno_choose_scene_469  0  english_castle_23_exterior:_generate  2 1910 1 720575940379280195 2048 0  .  mno_choose_scene_470  0  english_castle_23_interior:_indoors  2 1910 1 720575940379280196 2048 0  .  mno_choose_scene_471  0  english_castle_23_prison:_indoors  2 1910 1 720575940379280197 2048 0  .  mno_choose_scene_472  0  english_castle_24_exterior:_generate  2 1910 1 720575940379280198 2048 0  .  mno_choose_scene_473  0  english_castle_24_interior:_indoors  2 1910 1 720575940379280199 2048 0  .  mno_choose_scene_474  0  english_castle_24_prison:_indoors  2 1910 1 720575940379280200 2048 0  .  mno_choose_scene_475  0  english_castle_25_exterior:_generate  2 1910 1 720575940379280201 2048 0  .  mno_choose_scene_476  0  english_castle_25_interior:_indoors  2 1910 1 720575940379280202 2048 0  .  mno_choose_scene_477  0  english_castle_25_prison:_indoors  2 1910 1 720575940379280203 2048 0  .  mno_choose_scene_478  0  english_castle_26_exterior:_generate  2 1910 1 720575940379280204 2048 0  .  mno_choose_scene_479  0  english_castle_26_interior:_indoors  2 1910 1 720575940379280205 2048 0  .  mno_choose_scene_480  0  english_castle_26_prison:_indoors  2 1910 1 720575940379280206 2048 0  . 
menu_choose_scenes_481 0 Choose_a_scene:_(Page_38_of_102) none 0 16
 mno_back  0  Go_back.  1 2055 0  .  mno_next  0  Next...  1 2060 1 864691128455135578  .  mno_previous  0  Previous...  1 2060 1 864691128455135576  .  mno_choose_scene_481  0  english_castle_2_exterior:_generate  2 1910 1 720575940379280132 2048 0  .  mno_choose_scene_482  0  english_castle_2_interior:_indoors  2 1910 1 720575940379280133 2048 0  .  mno_choose_scene_483  0  english_castle_2_prison:_indoors  2 1910 1 720575940379280134 2048 0  .  mno_choose_scene_484  0  english_castle_3_exterior:_generate  2 1910 1 720575940379280135 2048 0  .  mno_choose_scene_485  0  english_castle_3_interior:_indoors  2 1910 1 720575940379280136 2048 0  .  mno_choose_scene_486  0  english_castle_3_prison:_indoors  2 1910 1 720575940379280137 2048 0  .  mno_choose_scene_487  0  english_castle_4_exterior:_generate  2 1910 1 720575940379280138 2048 0  .  mno_choose_scene_488  0  english_castle_4_interior:_indoors  2 1910 1 720575940379280139 2048 0  .  mno_choose_scene_489  0  english_castle_4_prison:_indoors  2 1910 1 720575940379280140 2048 0  .  mno_choose_scene_490  0  english_castle_5_exterior:_generate  2 1910 1 720575940379280141 2048 0  .  mno_choose_scene_491  0  english_castle_5_interior:_indoors  2 1910 1 720575940379280142 2048 0  .  mno_choose_scene_492  0  english_castle_5_prison:_indoors  2 1910 1 720575940379280143 2048 0  .  mno_choose_scene_493  0  english_castle_6_exterior:_generate  2 1910 1 720575940379280144 2048 0  . 
menu_choose_scenes_494 0 Choose_a_scene:_(Page_39_of_102) none 0 16
 mno_back  0  Go_back.  1 2055 0  .  mno_next  0  Next...  1 2060 1 864691128455135579  .  mno_previous  0  Previous...  1 2060 1 864691128455135577  .  mno_choose_scene_494  0  english_castle_6_interior:_indoors  2 1910 1 720575940379280145 2048 0  .  mno_choose_scene_495  0  english_castle_6_prison:_indoors  2 1910 1 720575940379280146 2048 0  .  mno_choose_scene_496  0  english_castle_7_exterior:_generate  2 1910 1 720575940379280147 2048 0  .  mno_choose_scene_497  0  english_castle_7_interior:_indoors  2 1910 1 720575940379280148 2048 0  .  mno_choose_scene_498  0  english_castle_7_prison:_indoors  2 1910 1 720575940379280149 2048 0  .  mno_choose_scene_499  0  english_castle_8_exterior:_generate  2 1910 1 720575940379280150 2048 0  .  mno_choose_scene_500  0  english_castle_8_interior:_indoors  2 1910 1 720575940379280151 2048 0  .  mno_choose_scene_501  0  english_castle_8_prison:_indoors  2 1910 1 720575940379280152 2048 0  .  mno_choose_scene_502  0  english_castle_9_exterior:_generate  2 1910 1 720575940379280153 2048 0  .  mno_choose_scene_503  0  english_castle_9_interior:_indoors  2 1910 1 720575940379280154 2048 0  .  mno_choose_scene_504  0  english_castle_9_prison:_indoors  2 1910 1 720575940379280155 2048 0  .  mno_choose_scene_505  0  english_town_10_alley:_generate  2 1910 1 720575940379279997 2048 0  .  mno_choose_scene_506  0  english_town_10_arena:_generate  2 1910 1 720575940379279775 2048 0  . 
menu_choose_scenes_507 0 Choose_a_scene:_(Page_40_of_102) none 0 16
 mno_back  0  Go_back.  1 2055 0  .  mno_next  0  Next...  1 2060 1 864691128455135580  .  mno_previous  0  Previous...  1 2060 1 864691128455135578  .  mno_choose_scene_507  0  english_town_10_castle:_indoors  2 1910 1 720575940379279553 2048 0  .  mno_choose_scene_508  0  english_town_10_center:_generate  2 1910 1 720575940379279479 2048 0  .  mno_choose_scene_509  0  english_town_10_prison:_indoors  2 1910 1 720575940379279849 2048 0  .  mno_choose_scene_510  0  english_town_10_store:_indoors  2 1910 1 720575940379279701 2048 0  .  mno_choose_scene_511  0  english_town_10_tavern:_indoors  2 1910 1 720575940379279627 2048 0  .  mno_choose_scene_512  0  english_town_10_walls:_generate  2 1910 1 720575940379279923 2048 0  .  mno_choose_scene_513  0  english_town_11_alley:_generate  2 1910 1 720575940379279998 2048 0  .  mno_choose_scene_514  0  english_town_11_arena:_generate  2 1910 1 720575940379279776 2048 0  .  mno_choose_scene_515  0  english_town_11_castle  2 1910 1 720575940379279554 2048 0  .  mno_choose_scene_516  0  english_town_11_center:_generate  2 1910 1 720575940379279480 2048 0  .  mno_choose_scene_517  0  english_town_11_prison:_indoors  2 1910 1 720575940379279850 2048 0  .  mno_choose_scene_518  0  english_town_11_store:_indoors  2 1910 1 720575940379279702 2048 0  .  mno_choose_scene_519  0  english_town_11_tavern:_indoors  2 1910 1 720575940379279628 2048 0  . 
menu_choose_scenes_520 0 Choose_a_scene:_(Page_41_of_102) none 0 16
 mno_back  0  Go_back.  1 2055 0  .  mno_next  0  Next...  1 2060 1 864691128455135581  .  mno_previous  0  Previous...  1 2060 1 864691128455135579  .  mno_choose_scene_520  0  english_town_11_walls:_generate  2 1910 1 720575940379279924 2048 0  .  mno_choose_scene_521  0  english_town_12_alley:_generate  2 1910 1 720575940379279999 2048 0  .  mno_choose_scene_522  0  english_town_12_arena:_generate  2 1910 1 720575940379279777 2048 0  .  mno_choose_scene_523  0  english_town_12_castle:_indoors  2 1910 1 720575940379279555 2048 0  .  mno_choose_scene_524  0  english_town_12_center:_generate  2 1910 1 720575940379279481 2048 0  .  mno_choose_scene_525  0  english_town_12_prison:_indoors  2 1910 1 720575940379279851 2048 0  .  mno_choose_scene_526  0  english_town_12_store:_indoors  2 1910 1 720575940379279703 2048 0  .  mno_choose_scene_527  0  english_town_12_tavern:_indoors  2 1910 1 720575940379279629 2048 0  .  mno_choose_scene_528  0  english_town_12_walls:_generate  2 1910 1 720575940379279925 2048 0  .  mno_choose_scene_529  0  english_town_13_alley:_generate  2 1910 1 720575940379280000 2048 0  .  mno_choose_scene_530  0  english_town_13_arena:_generate  2 1910 1 720575940379279778 2048 0  .  mno_choose_scene_531  0  english_town_13_castle  2 1910 1 720575940379279556 2048 0  .  mno_choose_scene_532  0  english_town_13_center:_generate  2 1910 1 720575940379279482 2048 0  . 
menu_choose_scenes_533 0 Choose_a_scene:_(Page_42_of_102) none 0 16
 mno_back  0  Go_back.  1 2055 0  .  mno_next  0  Next...  1 2060 1 864691128455135582  .  mno_previous  0  Previous...  1 2060 1 864691128455135580  .  mno_choose_scene_533  0  english_town_13_prison:_indoors  2 1910 1 720575940379279852 2048 0  .  mno_choose_scene_534  0  english_town_13_store:_indoors  2 1910 1 720575940379279704 2048 0  .  mno_choose_scene_535  0  english_town_13_tavern:_indoors  2 1910 1 720575940379279630 2048 0  .  mno_choose_scene_536  0  english_town_13_walls:_generate  2 1910 1 720575940379279926 2048 0  .  mno_choose_scene_537  0  english_town_14_alley:_generate  2 1910 1 720575940379280001 2048 0  .  mno_choose_scene_538  0  english_town_14_arena:_generate  2 1910 1 720575940379279779 2048 0  .  mno_choose_scene_539  0  english_town_14_castle:_indoors  2 1910 1 720575940379279557 2048 0  .  mno_choose_scene_540  0  english_town_14_center:_generate  2 1910 1 720575940379279483 2048 0  .  mno_choose_scene_541  0  english_town_14_prison:_indoors  2 1910 1 720575940379279853 2048 0  .  mno_choose_scene_542  0  english_town_14_store:_indoors  2 1910 1 720575940379279705 2048 0  .  mno_choose_scene_543  0  english_town_14_tavern:_indoors  2 1910 1 720575940379279631 2048 0  .  mno_choose_scene_544  0  english_town_14_walls:_generate  2 1910 1 720575940379279927 2048 0  .  mno_choose_scene_545  0  english_town_15_alley:_generate  2 1910 1 720575940379280002 2048 0  . 
menu_choose_scenes_546 0 Choose_a_scene:_(Page_43_of_102) none 0 16
 mno_back  0  Go_back.  1 2055 0  .  mno_next  0  Next...  1 2060 1 864691128455135583  .  mno_previous  0  Previous...  1 2060 1 864691128455135581  .  mno_choose_scene_546  0  english_town_15_arena:_generate  2 1910 1 720575940379279780 2048 0  .  mno_choose_scene_547  0  english_town_15_castle:_indoors  2 1910 1 720575940379279558 2048 0  .  mno_choose_scene_548  0  english_town_15_center:_generate  2 1910 1 720575940379279484 2048 0  .  mno_choose_scene_549  0  english_town_15_prison:_indoors  2 1910 1 720575940379279854 2048 0  .  mno_choose_scene_550  0  english_town_15_store:_indoors  2 1910 1 720575940379279706 2048 0  .  mno_choose_scene_551  0  english_town_15_tavern:_indoors  2 1910 1 720575940379279632 2048 0  .  mno_choose_scene_552  0  english_town_15_walls:_generate  2 1910 1 720575940379279928 2048 0  .  mno_choose_scene_553  0  english_town_16_alley:_generate  2 1910 1 720575940379280003 2048 0  .  mno_choose_scene_554  0  english_town_16_arena:_generate  2 1910 1 720575940379279781 2048 0  .  mno_choose_scene_555  0  english_town_16_castle:_indoors  2 1910 1 720575940379279559 2048 0  .  mno_choose_scene_556  0  english_town_16_center:_generate  2 1910 1 720575940379279485 2048 0  .  mno_choose_scene_557  0  english_town_16_prison:_indoors  2 1910 1 720575940379279855 2048 0  .  mno_choose_scene_558  0  english_town_16_store:_indoors  2 1910 1 720575940379279707 2048 0  . 
menu_choose_scenes_559 0 Choose_a_scene:_(Page_44_of_102) none 0 16
 mno_back  0  Go_back.  1 2055 0  .  mno_next  0  Next...  1 2060 1 864691128455135584  .  mno_previous  0  Previous...  1 2060 1 864691128455135582  .  mno_choose_scene_559  0  english_town_16_tavern:_indoors  2 1910 1 720575940379279633 2048 0  .  mno_choose_scene_560  0  english_town_16_walls:_generate  2 1910 1 720575940379279929 2048 0  .  mno_choose_scene_561  0  english_town_17_alley:_generate|muddy_water  2 1910 1 720575940379280004 2048 0  .  mno_choose_scene_562  0  english_town_17_arena:_generate|muddy_water  2 1910 1 720575940379279782 2048 0  .  mno_choose_scene_563  0  english_town_17_castle:_indoors  2 1910 1 720575940379279560 2048 0  .  mno_choose_scene_564  0  english_town_17_center:_generate|muddy_water  2 1910 1 720575940379279486 2048 0  .  mno_choose_scene_565  0  english_town_17_prison:_indoors  2 1910 1 720575940379279856 2048 0  .  mno_choose_scene_566  0  english_town_17_store:_indoors  2 1910 1 720575940379279708 2048 0  .  mno_choose_scene_567  0  english_town_17_tavern:_indoors  2 1910 1 720575940379279634 2048 0  .  mno_choose_scene_568  0  english_town_17_walls:_generate|muddy_water  2 1910 1 720575940379279930 2048 0  .  mno_choose_scene_569  0  english_town_18_alley:_generate  2 1910 1 720575940379280005 2048 0  .  mno_choose_scene_570  0  english_town_18_arena:_generate  2 1910 1 720575940379279783 2048 0  .  mno_choose_scene_571  0  english_town_18_castle:_indoors  2 1910 1 720575940379279561 2048 0  . 
menu_choose_scenes_572 0 Choose_a_scene:_(Page_45_of_102) none 0 16
 mno_back  0  Go_back.  1 2055 0  .  mno_next  0  Next...  1 2060 1 864691128455135585  .  mno_previous  0  Previous...  1 2060 1 864691128455135583  .  mno_choose_scene_572  0  english_town_18_center:_generate  2 1910 1 720575940379279487 2048 0  .  mno_choose_scene_573  0  english_town_18_prison:_indoors  2 1910 1 720575940379279857 2048 0  .  mno_choose_scene_574  0  english_town_18_store:_indoors  2 1910 1 720575940379279709 2048 0  .  mno_choose_scene_575  0  english_town_18_tavern:_indoors  2 1910 1 720575940379279635 2048 0  .  mno_choose_scene_576  0  english_town_18_walls:_generate  2 1910 1 720575940379279931 2048 0  .  mno_choose_scene_577  0  english_town_19_alley:_generate  2 1910 1 720575940379280006 2048 0  .  mno_choose_scene_578  0  english_town_19_arena:_generate  2 1910 1 720575940379279784 2048 0  .  mno_choose_scene_579  0  english_town_19_castle:_indoors  2 1910 1 720575940379279562 2048 0  .  mno_choose_scene_580  0  english_town_19_center:_generate  2 1910 1 720575940379279488 2048 0  .  mno_choose_scene_581  0  english_town_19_prison:_indoors  2 1910 1 720575940379279858 2048 0  .  mno_choose_scene_582  0  english_town_19_store:_indoors  2 1910 1 720575940379279710 2048 0  .  mno_choose_scene_583  0  english_town_19_tavern:_indoors  2 1910 1 720575940379279636 2048 0  .  mno_choose_scene_584  0  english_town_19_walls:_generate  2 1910 1 720575940379279932 2048 0  . 
menu_choose_scenes_585 0 Choose_a_scene:_(Page_46_of_102) none 0 16
 mno_back  0  Go_back.  1 2055 0  .  mno_next  0  Next...  1 2060 1 864691128455135586  .  mno_previous  0  Previous...  1 2060 1 864691128455135584  .  mno_choose_scene_585  0  english_town_1_alley:_generate|muddy_water  2 1910 1 720575940379279988 2048 0  .  mno_choose_scene_586  0  english_town_1_arena:_generate  2 1910 1 720575940379279766 2048 0  .  mno_choose_scene_587  0  english_town_1_castle:_indoors  2 1910 1 720575940379279544 2048 0  .  mno_choose_scene_588  0  english_town_1_center:_generate  2 1910 1 720575940379279470 2048 0  .  mno_choose_scene_589  0  english_town_1_prison:_indoors  2 1910 1 720575940379279840 2048 0  .  mno_choose_scene_590  0  english_town_1_store:_indoors  2 1910 1 720575940379279692 2048 0  .  mno_choose_scene_591  0  english_town_1_tavern:_indoors  2 1910 1 720575940379279618 2048 0  .  mno_choose_scene_592  0  english_town_1_walls:_generate  2 1910 1 720575940379279914 2048 0  .  mno_choose_scene_593  0  english_town_20_alley:_generate  2 1910 1 720575940379280007 2048 0  .  mno_choose_scene_594  0  english_town_20_arena:_generate  2 1910 1 720575940379279785 2048 0  .  mno_choose_scene_595  0  english_town_20_castle:_indoors  2 1910 1 720575940379279563 2048 0  .  mno_choose_scene_596  0  english_town_20_center:_generate  2 1910 1 720575940379279489 2048 0  .  mno_choose_scene_597  0  english_town_20_prison:_indoors  2 1910 1 720575940379279859 2048 0  . 
menu_choose_scenes_598 0 Choose_a_scene:_(Page_47_of_102) none 0 16
 mno_back  0  Go_back.  1 2055 0  .  mno_next  0  Next...  1 2060 1 864691128455135587  .  mno_previous  0  Previous...  1 2060 1 864691128455135585  .  mno_choose_scene_598  0  english_town_20_store:_indoors  2 1910 1 720575940379279711 2048 0  .  mno_choose_scene_599  0  english_town_20_tavern:_indoors  2 1910 1 720575940379279637 2048 0  .  mno_choose_scene_600  0  english_town_20_walls:_generate  2 1910 1 720575940379279933 2048 0  .  mno_choose_scene_601  0  english_town_21_alley:_generate  2 1910 1 720575940379280008 2048 0  .  mno_choose_scene_602  0  english_town_21_arena:_generate  2 1910 1 720575940379279786 2048 0  .  mno_choose_scene_603  0  english_town_21_castle:_indoors  2 1910 1 720575940379279564 2048 0  .  mno_choose_scene_604  0  english_town_21_center:_generate  2 1910 1 720575940379279490 2048 0  .  mno_choose_scene_605  0  english_town_21_prison:_indoors  2 1910 1 720575940379279860 2048 0  .  mno_choose_scene_606  0  english_town_21_store:_indoors  2 1910 1 720575940379279712 2048 0  .  mno_choose_scene_607  0  english_town_21_tavern:_indoors  2 1910 1 720575940379279638 2048 0  .  mno_choose_scene_608  0  english_town_21_walls:_generate  2 1910 1 720575940379279934 2048 0  .  mno_choose_scene_609  0  english_town_22_alley:_generate  2 1910 1 720575940379280009 2048 0  .  mno_choose_scene_610  0  english_town_22_arena:_generate  2 1910 1 720575940379279787 2048 0  . 
menu_choose_scenes_611 0 Choose_a_scene:_(Page_48_of_102) none 0 16
 mno_back  0  Go_back.  1 2055 0  .  mno_next  0  Next...  1 2060 1 864691128455135588  .  mno_previous  0  Previous...  1 2060 1 864691128455135586  .  mno_choose_scene_611  0  english_town_22_castle:_indoors  2 1910 1 720575940379279565 2048 0  .  mno_choose_scene_612  0  english_town_22_center:_generate  2 1910 1 720575940379279491 2048 0  .  mno_choose_scene_613  0  english_town_22_prison:_indoors  2 1910 1 720575940379279861 2048 0  .  mno_choose_scene_614  0  english_town_22_store:_indoors  2 1910 1 720575940379279713 2048 0  .  mno_choose_scene_615  0  english_town_22_tavern:_indoors  2 1910 1 720575940379279639 2048 0  .  mno_choose_scene_616  0  english_town_22_walls:_generate  2 1910 1 720575940379279935 2048 0  .  mno_choose_scene_617  0  english_town_2_alley:_generate  2 1910 1 720575940379279989 2048 0  .  mno_choose_scene_618  0  english_town_2_arena:_generate  2 1910 1 720575940379279767 2048 0  .  mno_choose_scene_619  0  english_town_2_castle:_indoors  2 1910 1 720575940379279545 2048 0  .  mno_choose_scene_620  0  english_town_2_center:_generate  2 1910 1 720575940379279471 2048 0  .  mno_choose_scene_621  0  english_town_2_prison:_indoors  2 1910 1 720575940379279841 2048 0  .  mno_choose_scene_622  0  english_town_2_store:_indoors  2 1910 1 720575940379279693 2048 0  .  mno_choose_scene_623  0  english_town_2_tavern:_indoors  2 1910 1 720575940379279619 2048 0  . 
menu_choose_scenes_624 0 Choose_a_scene:_(Page_49_of_102) none 0 16
 mno_back  0  Go_back.  1 2055 0  .  mno_next  0  Next...  1 2060 1 864691128455135589  .  mno_previous  0  Previous...  1 2060 1 864691128455135587  .  mno_choose_scene_624  0  english_town_2_walls:_generate  2 1910 1 720575940379279915 2048 0  .  mno_choose_scene_625  0  english_town_3_alley:_generate  2 1910 1 720575940379279990 2048 0  .  mno_choose_scene_626  0  english_town_3_arena:_generate  2 1910 1 720575940379279768 2048 0  .  mno_choose_scene_627  0  english_town_3_castle:_indoors  2 1910 1 720575940379279546 2048 0  .  mno_choose_scene_628  0  english_town_3_center:_generate  2 1910 1 720575940379279472 2048 0  .  mno_choose_scene_629  0  english_town_3_prison:_indoors  2 1910 1 720575940379279842 2048 0  .  mno_choose_scene_630  0  english_town_3_store:_indoors  2 1910 1 720575940379279694 2048 0  .  mno_choose_scene_631  0  english_town_3_tavern:_indoors  2 1910 1 720575940379279620 2048 0  .  mno_choose_scene_632  0  english_town_3_walls:_generate  2 1910 1 720575940379279916 2048 0  .  mno_choose_scene_633  0  english_town_4_alley:_generate  2 1910 1 720575940379279991 2048 0  .  mno_choose_scene_634  0  english_town_4_arena:_generate  2 1910 1 720575940379279769 2048 0  .  mno_choose_scene_635  0  english_town_4_castle:_indoors  2 1910 1 720575940379279547 2048 0  .  mno_choose_scene_636  0  english_town_4_center:_generate  2 1910 1 720575940379279473 2048 0  . 
menu_choose_scenes_637 0 Choose_a_scene:_(Page_50_of_102) none 0 16
 mno_back  0  Go_back.  1 2055 0  .  mno_next  0  Next...  1 2060 1 864691128455135590  .  mno_previous  0  Previous...  1 2060 1 864691128455135588  .  mno_choose_scene_637  0  english_town_4_prison:_indoors  2 1910 1 720575940379279843 2048 0  .  mno_choose_scene_638  0  english_town_4_store:_indoors  2 1910 1 720575940379279695 2048 0  .  mno_choose_scene_639  0  english_town_4_tavern:_indoors  2 1910 1 720575940379279621 2048 0  .  mno_choose_scene_640  0  english_town_4_walls:_generate  2 1910 1 720575940379279917 2048 0  .  mno_choose_scene_641  0  english_town_5_alley:_generate  2 1910 1 720575940379279992 2048 0  .  mno_choose_scene_642  0  english_town_5_arena:_generate  2 1910 1 720575940379279770 2048 0  .  mno_choose_scene_643  0  english_town_5_castle:_indoors  2 1910 1 720575940379279548 2048 0  .  mno_choose_scene_644  0  english_town_5_center:_generate  2 1910 1 720575940379279474 2048 0  .  mno_choose_scene_645  0  english_town_5_prison:_indoors  2 1910 1 720575940379279844 2048 0  .  mno_choose_scene_646  0  english_town_5_store:_indoors  2 1910 1 720575940379279696 2048 0  .  mno_choose_scene_647  0  english_town_5_tavern:_indoors  2 1910 1 720575940379279622 2048 0  .  mno_choose_scene_648  0  english_town_5_walls:_generate  2 1910 1 720575940379279918 2048 0  .  mno_choose_scene_649  0  english_town_6_alley:_generate  2 1910 1 720575940379279993 2048 0  . 
menu_choose_scenes_650 0 Choose_a_scene:_(Page_51_of_102) none 0 16
 mno_back  0  Go_back.  1 2055 0  .  mno_next  0  Next...  1 2060 1 864691128455135591  .  mno_previous  0  Previous...  1 2060 1 864691128455135589  .  mno_choose_scene_650  0  english_town_6_arena:_generate  2 1910 1 720575940379279771 2048 0  .  mno_choose_scene_651  0  english_town_6_castle:_indoors  2 1910 1 720575940379279549 2048 0  .  mno_choose_scene_652  0  english_town_6_center:_generate  2 1910 1 720575940379279475 2048 0  .  mno_choose_scene_653  0  english_town_6_prison:_indoors  2 1910 1 720575940379279845 2048 0  .  mno_choose_scene_654  0  english_town_6_store:_indoors  2 1910 1 720575940379279697 2048 0  .  mno_choose_scene_655  0  english_town_6_tavern:_indoors  2 1910 1 720575940379279623 2048 0  .  mno_choose_scene_656  0  english_town_6_walls:_generate  2 1910 1 720575940379279919 2048 0  .  mno_choose_scene_657  0  english_town_7_alley:_generate  2 1910 1 720575940379279994 2048 0  .  mno_choose_scene_658  0  english_town_7_arena:_generate  2 1910 1 720575940379279772 2048 0  .  mno_choose_scene_659  0  english_town_7_castle:_indoors  2 1910 1 720575940379279550 2048 0  .  mno_choose_scene_660  0  english_town_7_center:_generate  2 1910 1 720575940379279476 2048 0  .  mno_choose_scene_661  0  english_town_7_prison:_indoors  2 1910 1 720575940379279846 2048 0  .  mno_choose_scene_662  0  english_town_7_store:_indoors  2 1910 1 720575940379279698 2048 0  . 
menu_choose_scenes_663 0 Choose_a_scene:_(Page_52_of_102) none 0 16
 mno_back  0  Go_back.  1 2055 0  .  mno_next  0  Next...  1 2060 1 864691128455135592  .  mno_previous  0  Previous...  1 2060 1 864691128455135590  .  mno_choose_scene_663  0  english_town_7_tavern:_indoors  2 1910 1 720575940379279624 2048 0  .  mno_choose_scene_664  0  english_town_7_walls:_generate  2 1910 1 720575940379279920 2048 0  .  mno_choose_scene_665  0  english_town_8_alley:_generate  2 1910 1 720575940379279995 2048 0  .  mno_choose_scene_666  0  english_town_8_arena:_generate  2 1910 1 720575940379279773 2048 0  .  mno_choose_scene_667  0  english_town_8_castle:_indoors  2 1910 1 720575940379279551 2048 0  .  mno_choose_scene_668  0  english_town_8_center:_generate  2 1910 1 720575940379279477 2048 0  .  mno_choose_scene_669  0  english_town_8_prison:_indoors  2 1910 1 720575940379279847 2048 0  .  mno_choose_scene_670  0  english_town_8_store:_indoors  2 1910 1 720575940379279699 2048 0  .  mno_choose_scene_671  0  english_town_8_tavern:_indoors  2 1910 1 720575940379279625 2048 0  .  mno_choose_scene_672  0  english_town_8_walls:_generate  2 1910 1 720575940379279921 2048 0  .  mno_choose_scene_673  0  english_town_9_alley:_generate  2 1910 1 720575940379279996 2048 0  .  mno_choose_scene_674  0  english_town_9_arena:_generate  2 1910 1 720575940379279774 2048 0  .  mno_choose_scene_675  0  english_town_9_castle:_indoors  2 1910 1 720575940379279552 2048 0  . 
menu_choose_scenes_676 0 Choose_a_scene:_(Page_53_of_102) none 0 16
 mno_back  0  Go_back.  1 2055 0  .  mno_next  0  Next...  1 2060 1 864691128455135593  .  mno_previous  0  Previous...  1 2060 1 864691128455135591  .  mno_choose_scene_676  0  english_town_9_center:_generate  2 1910 1 720575940379279478 2048 0  .  mno_choose_scene_677  0  english_town_9_prison:_indoors  2 1910 1 720575940379279848 2048 0  .  mno_choose_scene_678  0  english_town_9_store:_indoors  2 1910 1 720575940379279700 2048 0  .  mno_choose_scene_679  0  english_town_9_tavern:_indoors  2 1910 1 720575940379279626 2048 0  .  mno_choose_scene_680  0  english_town_9_walls:_generate  2 1910 1 720575940379279922 2048 0  .  mno_choose_scene_681  0  english_village_1:_generate  2 1910 1 720575940379280421 2048 0  .  mno_choose_scene_682  0  english_village_10:_generate  2 1910 1 720575940379280430 2048 0  .  mno_choose_scene_683  0  english_village_11:_generate  2 1910 1 720575940379280431 2048 0  .  mno_choose_scene_684  0  english_village_12:_generate  2 1910 1 720575940379280432 2048 0  .  mno_choose_scene_685  0  english_village_13:_generate  2 1910 1 720575940379280433 2048 0  .  mno_choose_scene_686  0  english_village_14:_generate  2 1910 1 720575940379280434 2048 0  .  mno_choose_scene_687  0  english_village_15:_generate  2 1910 1 720575940379280435 2048 0  .  mno_choose_scene_688  0  english_village_16:_generate  2 1910 1 720575940379280436 2048 0  . 
menu_choose_scenes_689 0 Choose_a_scene:_(Page_54_of_102) none 0 16
 mno_back  0  Go_back.  1 2055 0  .  mno_next  0  Next...  1 2060 1 864691128455135594  .  mno_previous  0  Previous...  1 2060 1 864691128455135592  .  mno_choose_scene_689  0  english_village_17:_generate  2 1910 1 720575940379280437 2048 0  .  mno_choose_scene_690  0  english_village_18:_generate  2 1910 1 720575940379280438 2048 0  .  mno_choose_scene_691  0  english_village_19:_generate  2 1910 1 720575940379280439 2048 0  .  mno_choose_scene_692  0  english_village_2:_generate  2 1910 1 720575940379280422 2048 0  .  mno_choose_scene_693  0  english_village_20:_generate  2 1910 1 720575940379280440 2048 0  .  mno_choose_scene_694  0  english_village_21:_generate  2 1910 1 720575940379280441 2048 0  .  mno_choose_scene_695  0  english_village_22:_generate  2 1910 1 720575940379280442 2048 0  .  mno_choose_scene_696  0  english_village_23:_generate  2 1910 1 720575940379280443 2048 0  .  mno_choose_scene_697  0  english_village_24:_generate  2 1910 1 720575940379280444 2048 0  .  mno_choose_scene_698  0  english_village_25:_generate  2 1910 1 720575940379280445 2048 0  .  mno_choose_scene_699  0  english_village_26:_generate  2 1910 1 720575940379280446 2048 0  .  mno_choose_scene_700  0  english_village_27:_generate  2 1910 1 720575940379280447 2048 0  .  mno_choose_scene_701  0  english_village_28:_generate  2 1910 1 720575940379280448 2048 0  . 
menu_choose_scenes_702 0 Choose_a_scene:_(Page_55_of_102) none 0 16
 mno_back  0  Go_back.  1 2055 0  .  mno_next  0  Next...  1 2060 1 864691128455135595  .  mno_previous  0  Previous...  1 2060 1 864691128455135593  .  mno_choose_scene_702  0  english_village_29:_generate  2 1910 1 720575940379280449 2048 0  .  mno_choose_scene_703  0  english_village_3:_generate  2 1910 1 720575940379280423 2048 0  .  mno_choose_scene_704  0  english_village_30:_generate  2 1910 1 720575940379280450 2048 0  .  mno_choose_scene_705  0  english_village_31:_generate  2 1910 1 720575940379280451 2048 0  .  mno_choose_scene_706  0  english_village_32:_generate  2 1910 1 720575940379280452 2048 0  .  mno_choose_scene_707  0  english_village_33:_generate  2 1910 1 720575940379280453 2048 0  .  mno_choose_scene_708  0  english_village_34:_generate  2 1910 1 720575940379280454 2048 0  .  mno_choose_scene_709  0  english_village_35:_generate  2 1910 1 720575940379280455 2048 0  .  mno_choose_scene_710  0  english_village_36:_generate  2 1910 1 720575940379280456 2048 0  .  mno_choose_scene_711  0  english_village_37:_generate  2 1910 1 720575940379280457 2048 0  .  mno_choose_scene_712  0  english_village_38:_generate  2 1910 1 720575940379280458 2048 0  .  mno_choose_scene_713  0  english_village_39:_generate  2 1910 1 720575940379280459 2048 0  .  mno_choose_scene_714  0  english_village_4:_generate  2 1910 1 720575940379280424 2048 0  . 
menu_choose_scenes_715 0 Choose_a_scene:_(Page_56_of_102) none 0 16
 mno_back  0  Go_back.  1 2055 0  .  mno_next  0  Next...  1 2060 1 864691128455135596  .  mno_previous  0  Previous...  1 2060 1 864691128455135594  .  mno_choose_scene_715  0  english_village_40:_generate  2 1910 1 720575940379280460 2048 0  .  mno_choose_scene_716  0  english_village_41:_generate  2 1910 1 720575940379280461 2048 0  .  mno_choose_scene_717  0  english_village_42:_generate  2 1910 1 720575940379280462 2048 0  .  mno_choose_scene_718  0  english_village_43:_generate  2 1910 1 720575940379280463 2048 0  .  mno_choose_scene_719  0  english_village_44:_generate  2 1910 1 720575940379280464 2048 0  .  mno_choose_scene_720  0  english_village_45:_generate  2 1910 1 720575940379280465 2048 0  .  mno_choose_scene_721  0  english_village_46:_generate  2 1910 1 720575940379280466 2048 0  .  mno_choose_scene_722  0  english_village_47:_generate  2 1910 1 720575940379280467 2048 0  .  mno_choose_scene_723  0  english_village_48:_generate  2 1910 1 720575940379280468 2048 0  .  mno_choose_scene_724  0  english_village_49:_generate  2 1910 1 720575940379280469 2048 0  .  mno_choose_scene_725  0  english_village_5:_generate  2 1910 1 720575940379280425 2048 0  .  mno_choose_scene_726  0  english_village_50:_generate  2 1910 1 720575940379280470 2048 0  .  mno_choose_scene_727  0  english_village_51:_generate  2 1910 1 720575940379280471 2048 0  . 
menu_choose_scenes_728 0 Choose_a_scene:_(Page_57_of_102) none 0 16
 mno_back  0  Go_back.  1 2055 0  .  mno_next  0  Next...  1 2060 1 864691128455135597  .  mno_previous  0  Previous...  1 2060 1 864691128455135595  .  mno_choose_scene_728  0  english_village_52:_generate  2 1910 1 720575940379280472 2048 0  .  mno_choose_scene_729  0  english_village_53:_generate  2 1910 1 720575940379280473 2048 0  .  mno_choose_scene_730  0  english_village_54:_generate  2 1910 1 720575940379280474 2048 0  .  mno_choose_scene_731  0  english_village_55:_generate  2 1910 1 720575940379280475 2048 0  .  mno_choose_scene_732  0  english_village_56:_generate  2 1910 1 720575940379280476 2048 0  .  mno_choose_scene_733  0  english_village_57:_generate  2 1910 1 720575940379280477 2048 0  .  mno_choose_scene_734  0  english_village_58:_generate  2 1910 1 720575940379280478 2048 0  .  mno_choose_scene_735  0  english_village_59:_generate  2 1910 1 720575940379280479 2048 0  .  mno_choose_scene_736  0  english_village_6:_generate  2 1910 1 720575940379280426 2048 0  .  mno_choose_scene_737  0  english_village_60:_generate  2 1910 1 720575940379280480 2048 0  .  mno_choose_scene_738  0  english_village_61:_generate  2 1910 1 720575940379280481 2048 0  .  mno_choose_scene_739  0  english_village_62:_generate  2 1910 1 720575940379280482 2048 0  .  mno_choose_scene_740  0  english_village_63:_generate  2 1910 1 720575940379280483 2048 0  . 
menu_choose_scenes_741 0 Choose_a_scene:_(Page_58_of_102) none 0 16
 mno_back  0  Go_back.  1 2055 0  .  mno_next  0  Next...  1 2060 1 864691128455135598  .  mno_previous  0  Previous...  1 2060 1 864691128455135596  .  mno_choose_scene_741  0  english_village_64:_generate  2 1910 1 720575940379280484 2048 0  .  mno_choose_scene_742  0  english_village_65:_generate  2 1910 1 720575940379280485 2048 0  .  mno_choose_scene_743  0  english_village_66:_generate  2 1910 1 720575940379280486 2048 0  .  mno_choose_scene_744  0  english_village_67:_generate  2 1910 1 720575940379280487 2048 0  .  mno_choose_scene_745  0  english_village_68:_generate  2 1910 1 720575940379280488 2048 0  .  mno_choose_scene_746  0  english_village_69:_generate  2 1910 1 720575940379280489 2048 0  .  mno_choose_scene_747  0  english_village_7:_generate  2 1910 1 720575940379280427 2048 0  .  mno_choose_scene_748  0  english_village_70:_generate  2 1910 1 720575940379280490 2048 0  .  mno_choose_scene_749  0  english_village_71:_generate  2 1910 1 720575940379280491 2048 0  .  mno_choose_scene_750  0  english_village_72:_generate  2 1910 1 720575940379280492 2048 0  .  mno_choose_scene_751  0  english_village_73:_generate  2 1910 1 720575940379280493 2048 0  .  mno_choose_scene_752  0  english_village_74:_generate  2 1910 1 720575940379280494 2048 0  .  mno_choose_scene_753  0  english_village_75:_generate  2 1910 1 720575940379280495 2048 0  . 
menu_choose_scenes_754 0 Choose_a_scene:_(Page_59_of_102) none 0 16
 mno_back  0  Go_back.  1 2055 0  .  mno_next  0  Next...  1 2060 1 864691128455135599  .  mno_previous  0  Previous...  1 2060 1 864691128455135597  .  mno_choose_scene_754  0  english_village_76:_generate  2 1910 1 720575940379280496 2048 0  .  mno_choose_scene_755  0  english_village_77:_generate  2 1910 1 720575940379280497 2048 0  .  mno_choose_scene_756  0  english_village_78:_generate  2 1910 1 720575940379280498 2048 0  .  mno_choose_scene_757  0  english_village_79:_generate  2 1910 1 720575940379280499 2048 0  .  mno_choose_scene_758  0  english_village_8:_generate  2 1910 1 720575940379280428 2048 0  .  mno_choose_scene_759  0  english_village_9:_generate  2 1910 1 720575940379280429 2048 0  .  mno_choose_scene_760  0  enterprise_brewery:_indoors  2 1910 1 720575940379280659 2048 0  .  mno_choose_scene_761  0  enterprise_dyeworks:_indoors  2 1910 1 720575940379280656 2048 0  .  mno_choose_scene_762  0  enterprise_linen_weavery:_indoors  2 1910 1 720575940379280657 2048 0  .  mno_choose_scene_763  0  enterprise_mill:_indoors  2 1910 1 720575940379280654 2048 0  .  mno_choose_scene_764  0  enterprise_oil_press:_indoors  2 1910 1 720575940379280660 2048 0  .  mno_choose_scene_765  0  enterprise_smithy:_indoors  2 1910 1 720575940379280655 2048 0  .  mno_choose_scene_766  0  enterprise_tannery:_generate  2 1910 1 720575940379280652 2048 0  . 
menu_choose_scenes_767 0 Choose_a_scene:_(Page_60_of_102) none 0 16
 mno_back  0  Go_back.  1 2055 0  .  mno_next  0  Next...  1 2060 1 864691128455135600  .  mno_previous  0  Previous...  1 2060 1 864691128455135598  .  mno_choose_scene_767  0  enterprise_winery:_indoors  2 1910 1 720575940379280653 2048 0  .  mno_choose_scene_768  0  enterprise_wool_weavery:_indoors  2 1910 1 720575940379280658 2048 0  .  mno_choose_scene_769  0  field_1:_generate  2 1910 1 720575940379280591 2048 0  .  mno_choose_scene_770  0  field_2:_generate  2 1910 1 720575940379280592 2048 0  .  mno_choose_scene_771  0  field_3:_generate  2 1910 1 720575940379280593 2048 0  .  mno_choose_scene_772  0  field_4:_generate  2 1910 1 720575940379280594 2048 0  .  mno_choose_scene_773  0  field_5:_generate  2 1910 1 720575940379280595 2048 0  .  mno_choose_scene_774  0  four_ways_inn:_generate  2 1910 1 720575940379279400 2048 0  .  mno_choose_scene_775  0  french_castle_10_exterior:_generate  2 1910 1 720575940379280060 2048 0  .  mno_choose_scene_776  0  french_castle_10_interior:_indoors  2 1910 1 720575940379280061 2048 0  .  mno_choose_scene_777  0  french_castle_10_prison:_indoors  2 1910 1 720575940379280062 2048 0  .  mno_choose_scene_778  0  french_castle_11_exterior:_generate  2 1910 1 720575940379280063 2048 0  .  mno_choose_scene_779  0  french_castle_11_interior:_indoors  2 1910 1 720575940379280064 2048 0  . 
menu_choose_scenes_780 0 Choose_a_scene:_(Page_61_of_102) none 0 16
 mno_back  0  Go_back.  1 2055 0  .  mno_next  0  Next...  1 2060 1 864691128455135601  .  mno_previous  0  Previous...  1 2060 1 864691128455135599  .  mno_choose_scene_780  0  french_castle_11_prison:_indoors  2 1910 1 720575940379280065 2048 0  .  mno_choose_scene_781  0  french_castle_12_exterior:_generate  2 1910 1 720575940379280066 2048 0  .  mno_choose_scene_782  0  french_castle_12_interior:_indoors  2 1910 1 720575940379280067 2048 0  .  mno_choose_scene_783  0  french_castle_12_prison:_indoors  2 1910 1 720575940379280068 2048 0  .  mno_choose_scene_784  0  french_castle_13_exterior:_generate  2 1910 1 720575940379280069 2048 0  .  mno_choose_scene_785  0  french_castle_13_interior:_indoors  2 1910 1 720575940379280070 2048 0  .  mno_choose_scene_786  0  french_castle_13_prison:_indoors  2 1910 1 720575940379280071 2048 0  .  mno_choose_scene_787  0  french_castle_14_exterior:_generate  2 1910 1 720575940379280072 2048 0  .  mno_choose_scene_788  0  french_castle_14_interior:_indoors  2 1910 1 720575940379280073 2048 0  .  mno_choose_scene_789  0  french_castle_14_prison:_indoors  2 1910 1 720575940379280074 2048 0  .  mno_choose_scene_790  0  french_castle_15_exterior:_generate  2 1910 1 720575940379280075 2048 0  .  mno_choose_scene_791  0  french_castle_15_interior:_indoors  2 1910 1 720575940379280076 2048 0  .  mno_choose_scene_792  0  french_castle_15_prison:_indoors  2 1910 1 720575940379280077 2048 0  . 
menu_choose_scenes_793 0 Choose_a_scene:_(Page_62_of_102) none 0 16
 mno_back  0  Go_back.  1 2055 0  .  mno_next  0  Next...  1 2060 1 864691128455135602  .  mno_previous  0  Previous...  1 2060 1 864691128455135600  .  mno_choose_scene_793  0  french_castle_16_exterior:_generate  2 1910 1 720575940379280078 2048 0  .  mno_choose_scene_794  0  french_castle_16_interior:_indoors  2 1910 1 720575940379280079 2048 0  .  mno_choose_scene_795  0  french_castle_16_prison:_indoors  2 1910 1 720575940379280080 2048 0  .  mno_choose_scene_796  0  french_castle_17_exterior:_generate  2 1910 1 720575940379280081 2048 0  .  mno_choose_scene_797  0  french_castle_17_interior:_indoors  2 1910 1 720575940379280082 2048 0  .  mno_choose_scene_798  0  french_castle_17_prison:_indoors  2 1910 1 720575940379280083 2048 0  .  mno_choose_scene_799  0  french_castle_18_exterior:_generate  2 1910 1 720575940379280084 2048 0  .  mno_choose_scene_800  0  french_castle_18_interior:_indoors  2 1910 1 720575940379280085 2048 0  .  mno_choose_scene_801  0  french_castle_18_prison:_indoors  2 1910 1 720575940379280086 2048 0  .  mno_choose_scene_802  0  french_castle_19_exterior:_generate  2 1910 1 720575940379280087 2048 0  .  mno_choose_scene_803  0  french_castle_19_interior:_indoors  2 1910 1 720575940379280088 2048 0  .  mno_choose_scene_804  0  french_castle_19_prison:_indoors  2 1910 1 720575940379280089 2048 0  .  mno_choose_scene_805  0  french_castle_1_exterior:_generate  2 1910 1 720575940379280033 2048 0  . 
menu_choose_scenes_806 0 Choose_a_scene:_(Page_63_of_102) none 0 16
 mno_back  0  Go_back.  1 2055 0  .  mno_next  0  Next...  1 2060 1 864691128455135603  .  mno_previous  0  Previous...  1 2060 1 864691128455135601  .  mno_choose_scene_806  0  french_castle_1_interior:_indoors  2 1910 1 720575940379280034 2048 0  .  mno_choose_scene_807  0  french_castle_1_prison:_indoors  2 1910 1 720575940379280035 2048 0  .  mno_choose_scene_808  0  french_castle_20_exterior:_generate  2 1910 1 720575940379280090 2048 0  .  mno_choose_scene_809  0  french_castle_20_interior:_indoors  2 1910 1 720575940379280091 2048 0  .  mno_choose_scene_810  0  french_castle_20_prison:_indoors  2 1910 1 720575940379280092 2048 0  .  mno_choose_scene_811  0  french_castle_21_exterior:_generate  2 1910 1 720575940379280093 2048 0  .  mno_choose_scene_812  0  french_castle_21_interior:_indoors  2 1910 1 720575940379280094 2048 0  .  mno_choose_scene_813  0  french_castle_21_prison:_indoors  2 1910 1 720575940379280095 2048 0  .  mno_choose_scene_814  0  french_castle_22_exterior:_generate  2 1910 1 720575940379280096 2048 0  .  mno_choose_scene_815  0  french_castle_22_interior:_indoors  2 1910 1 720575940379280097 2048 0  .  mno_choose_scene_816  0  french_castle_22_prison:_indoors  2 1910 1 720575940379280098 2048 0  .  mno_choose_scene_817  0  french_castle_23_exterior:_generate  2 1910 1 720575940379280099 2048 0  .  mno_choose_scene_818  0  french_castle_23_interior:_indoors  2 1910 1 720575940379280100 2048 0  . 
menu_choose_scenes_819 0 Choose_a_scene:_(Page_64_of_102) none 0 16
 mno_back  0  Go_back.  1 2055 0  .  mno_next  0  Next...  1 2060 1 864691128455135604  .  mno_previous  0  Previous...  1 2060 1 864691128455135602  .  mno_choose_scene_819  0  french_castle_23_prison:_indoors  2 1910 1 720575940379280101 2048 0  .  mno_choose_scene_820  0  french_castle_24_exterior:_generate  2 1910 1 720575940379280102 2048 0  .  mno_choose_scene_821  0  french_castle_24_interior:_indoors  2 1910 1 720575940379280103 2048 0  .  mno_choose_scene_822  0  french_castle_24_prison:_indoors  2 1910 1 720575940379280104 2048 0  .  mno_choose_scene_823  0  french_castle_25_exterior:_generate  2 1910 1 720575940379280105 2048 0  .  mno_choose_scene_824  0  french_castle_25_interior:_indoors  2 1910 1 720575940379280106 2048 0  .  mno_choose_scene_825  0  french_castle_25_prison:_indoors  2 1910 1 720575940379280107 2048 0  .  mno_choose_scene_826  0  french_castle_26_exterior:_generate  2 1910 1 720575940379280108 2048 0  .  mno_choose_scene_827  0  french_castle_26_interior:_indoors  2 1910 1 720575940379280109 2048 0  .  mno_choose_scene_828  0  french_castle_26_prison:_indoors  2 1910 1 720575940379280110 2048 0  .  mno_choose_scene_829  0  french_castle_27_exterior:_generate  2 1910 1 720575940379280111 2048 0  .  mno_choose_scene_830  0  french_castle_27_interior:_indoors  2 1910 1 720575940379280112 2048 0  .  mno_choose_scene_831  0  french_castle_27_prison:_indoors  2 1910 1 720575940379280113 2048 0  . 
menu_choose_scenes_832 0 Choose_a_scene:_(Page_65_of_102) none 0 16
 mno_back  0  Go_back.  1 2055 0  .  mno_next  0  Next...  1 2060 1 864691128455135605  .  mno_previous  0  Previous...  1 2060 1 864691128455135603  .  mno_choose_scene_832  0  french_castle_28_exterior:_generate  2 1910 1 720575940379280114 2048 0  .  mno_choose_scene_833  0  french_castle_28_interior:_indoors  2 1910 1 720575940379280115 2048 0  .  mno_choose_scene_834  0  french_castle_28_prison:_indoors  2 1910 1 720575940379280116 2048 0  .  mno_choose_scene_835  0  french_castle_29_exterior:_generate  2 1910 1 720575940379280117 2048 0  .  mno_choose_scene_836  0  french_castle_29_interior:_indoors  2 1910 1 720575940379280118 2048 0  .  mno_choose_scene_837  0  french_castle_29_prison:_indoors  2 1910 1 720575940379280119 2048 0  .  mno_choose_scene_838  0  french_castle_2_exterior:_generate  2 1910 1 720575940379280036 2048 0  .  mno_choose_scene_839  0  french_castle_2_interior:_indoors  2 1910 1 720575940379280037 2048 0  .  mno_choose_scene_840  0  french_castle_2_prison:_indoors  2 1910 1 720575940379280038 2048 0  .  mno_choose_scene_841  0  french_castle_30_exterior:_generate  2 1910 1 720575940379280120 2048 0  .  mno_choose_scene_842  0  french_castle_30_interior:_indoors  2 1910 1 720575940379280121 2048 0  .  mno_choose_scene_843  0  french_castle_30_prison:_indoors  2 1910 1 720575940379280122 2048 0  .  mno_choose_scene_844  0  french_castle_31_exterior:_generate  2 1910 1 720575940379280123 2048 0  . 
menu_choose_scenes_845 0 Choose_a_scene:_(Page_66_of_102) none 0 16
 mno_back  0  Go_back.  1 2055 0  .  mno_next  0  Next...  1 2060 1 864691128455135606  .  mno_previous  0  Previous...  1 2060 1 864691128455135604  .  mno_choose_scene_845  0  french_castle_31_interior:_indoors  2 1910 1 720575940379280124 2048 0  .  mno_choose_scene_846  0  french_castle_31_prison:_indoors  2 1910 1 720575940379280125 2048 0  .  mno_choose_scene_847  0  french_castle_32_exterior:_generate  2 1910 1 720575940379280126 2048 0  .  mno_choose_scene_848  0  french_castle_32_interior:_indoors  2 1910 1 720575940379280127 2048 0  .  mno_choose_scene_849  0  french_castle_32_prison:_indoors  2 1910 1 720575940379280128 2048 0  .  mno_choose_scene_850  0  french_castle_3_exterior:_generate  2 1910 1 720575940379280039 2048 0  .  mno_choose_scene_851  0  french_castle_3_interior:_indoors  2 1910 1 720575940379280040 2048 0  .  mno_choose_scene_852  0  french_castle_3_prison:_indoors  2 1910 1 720575940379280041 2048 0  .  mno_choose_scene_853  0  french_castle_4_exterior:_generate  2 1910 1 720575940379280042 2048 0  .  mno_choose_scene_854  0  french_castle_4_interior:_indoors  2 1910 1 720575940379280043 2048 0  .  mno_choose_scene_855  0  french_castle_4_prison:_indoors  2 1910 1 720575940379280044 2048 0  .  mno_choose_scene_856  0  french_castle_5_exterior:_generate  2 1910 1 720575940379280045 2048 0  .  mno_choose_scene_857  0  french_castle_5_interior:_indoors  2 1910 1 720575940379280046 2048 0  . 
menu_choose_scenes_858 0 Choose_a_scene:_(Page_67_of_102) none 0 16
 mno_back  0  Go_back.  1 2055 0  .  mno_next  0  Next...  1 2060 1 864691128455135607  .  mno_previous  0  Previous...  1 2060 1 864691128455135605  .  mno_choose_scene_858  0  french_castle_5_prison:_indoors  2 1910 1 720575940379280047 2048 0  .  mno_choose_scene_859  0  french_castle_6_exterior:_generate  2 1910 1 720575940379280048 2048 0  .  mno_choose_scene_860  0  french_castle_6_interior:_indoors  2 1910 1 720575940379280049 2048 0  .  mno_choose_scene_861  0  french_castle_6_prison:_indoors  2 1910 1 720575940379280050 2048 0  .  mno_choose_scene_862  0  french_castle_7_exterior:_generate  2 1910 1 720575940379280051 2048 0  .  mno_choose_scene_863  0  french_castle_7_interior:_indoors  2 1910 1 720575940379280052 2048 0  .  mno_choose_scene_864  0  french_castle_7_prison:_indoors  2 1910 1 720575940379280053 2048 0  .  mno_choose_scene_865  0  french_castle_8_exterior:_generate  2 1910 1 720575940379280054 2048 0  .  mno_choose_scene_866  0  french_castle_8_interior:_indoors  2 1910 1 720575940379280055 2048 0  .  mno_choose_scene_867  0  french_castle_8_prison:_indoors  2 1910 1 720575940379280056 2048 0  .  mno_choose_scene_868  0  french_castle_9_exterior:_generate  2 1910 1 720575940379280057 2048 0  .  mno_choose_scene_869  0  french_castle_9_interior:_indoors  2 1910 1 720575940379280058 2048 0  .  mno_choose_scene_870  0  french_castle_9_prison:_indoors  2 1910 1 720575940379280059 2048 0  . 
menu_choose_scenes_871 0 Choose_a_scene:_(Page_68_of_102) none 0 16
 mno_back  0  Go_back.  1 2055 0  .  mno_next  0  Next...  1 2060 1 864691128455135608  .  mno_previous  0  Previous...  1 2060 1 864691128455135606  .  mno_choose_scene_871  0  french_town_10_alley:_generate  2 1910 1 720575940379279968 2048 0  .  mno_choose_scene_872  0  french_town_10_arena:_generate  2 1910 1 720575940379279746 2048 0  .  mno_choose_scene_873  0  french_town_10_castle:_indoors  2 1910 1 720575940379279524 2048 0  .  mno_choose_scene_874  0  french_town_10_center:_generate  2 1910 1 720575940379279450 2048 0  .  mno_choose_scene_875  0  french_town_10_prison:_indoors  2 1910 1 720575940379279820 2048 0  .  mno_choose_scene_876  0  french_town_10_room:_indoors  2 1910 1 720575940379280642 2048 0  .  mno_choose_scene_877  0  french_town_10_store:_indoors  2 1910 1 720575940379279672 2048 0  .  mno_choose_scene_878  0  french_town_10_tavern:_indoors  2 1910 1 720575940379279598 2048 0  .  mno_choose_scene_879  0  french_town_10_walls:_generate  2 1910 1 720575940379279894 2048 0  .  mno_choose_scene_880  0  french_town_11_alley:_generate  2 1910 1 720575940379279969 2048 0  .  mno_choose_scene_881  0  french_town_11_arena:_generate  2 1910 1 720575940379279747 2048 0  .  mno_choose_scene_882  0  french_town_11_castle:_indoors  2 1910 1 720575940379279525 2048 0  .  mno_choose_scene_883  0  french_town_11_center:_generate  2 1910 1 720575940379279451 2048 0  . 
menu_choose_scenes_884 0 Choose_a_scene:_(Page_69_of_102) none 0 16
 mno_back  0  Go_back.  1 2055 0  .  mno_next  0  Next...  1 2060 1 864691128455135609  .  mno_previous  0  Previous...  1 2060 1 864691128455135607  .  mno_choose_scene_884  0  french_town_11_prison:_indoors  2 1910 1 720575940379279821 2048 0  .  mno_choose_scene_885  0  french_town_11_store:_indoors  2 1910 1 720575940379279673 2048 0  .  mno_choose_scene_886  0  french_town_11_tavern:_indoors  2 1910 1 720575940379279599 2048 0  .  mno_choose_scene_887  0  french_town_11_walls:_generate  2 1910 1 720575940379279895 2048 0  .  mno_choose_scene_888  0  french_town_12_alley:_generate  2 1910 1 720575940379279970 2048 0  .  mno_choose_scene_889  0  french_town_12_arena:_generate  2 1910 1 720575940379279748 2048 0  .  mno_choose_scene_890  0  french_town_12_castle:_indoors  2 1910 1 720575940379279526 2048 0  .  mno_choose_scene_891  0  french_town_12_center:_generate  2 1910 1 720575940379279452 2048 0  .  mno_choose_scene_892  0  french_town_12_prison:_indoors  2 1910 1 720575940379279822 2048 0  .  mno_choose_scene_893  0  french_town_12_store:_indoors  2 1910 1 720575940379279674 2048 0  .  mno_choose_scene_894  0  french_town_12_tavern:_indoors  2 1910 1 720575940379279600 2048 0  .  mno_choose_scene_895  0  french_town_12_walls:_generate  2 1910 1 720575940379279896 2048 0  .  mno_choose_scene_896  0  french_town_13_alley:_generate|muddy_water  2 1910 1 720575940379279971 2048 0  . 
menu_choose_scenes_897 0 Choose_a_scene:_(Page_70_of_102) none 0 16
 mno_back  0  Go_back.  1 2055 0  .  mno_next  0  Next...  1 2060 1 864691128455135610  .  mno_previous  0  Previous...  1 2060 1 864691128455135608  .  mno_choose_scene_897  0  french_town_13_arena:_generate|muddy_water  2 1910 1 720575940379279749 2048 0  .  mno_choose_scene_898  0  french_town_13_castle:_indoors  2 1910 1 720575940379279527 2048 0  .  mno_choose_scene_899  0  french_town_13_center:_generate|muddy_water  2 1910 1 720575940379279453 2048 0  .  mno_choose_scene_900  0  french_town_13_prison:_indoors  2 1910 1 720575940379279823 2048 0  .  mno_choose_scene_901  0  french_town_13_store:_indoors  2 1910 1 720575940379279675 2048 0  .  mno_choose_scene_902  0  french_town_13_tavern:_indoors  2 1910 1 720575940379279601 2048 0  .  mno_choose_scene_903  0  french_town_13_walls:_generate|muddy_water  2 1910 1 720575940379279897 2048 0  .  mno_choose_scene_904  0  french_town_14_alley:_generate  2 1910 1 720575940379279972 2048 0  .  mno_choose_scene_905  0  french_town_14_arena:_generate  2 1910 1 720575940379279750 2048 0  .  mno_choose_scene_906  0  french_town_14_castle:_indoors  2 1910 1 720575940379279528 2048 0  .  mno_choose_scene_907  0  french_town_14_center:_generate  2 1910 1 720575940379279454 2048 0  .  mno_choose_scene_908  0  french_town_14_prison:_indoors  2 1910 1 720575940379279824 2048 0  .  mno_choose_scene_909  0  french_town_14_store:_indoors  2 1910 1 720575940379279676 2048 0  . 
menu_choose_scenes_910 0 Choose_a_scene:_(Page_71_of_102) none 0 16
 mno_back  0  Go_back.  1 2055 0  .  mno_next  0  Next...  1 2060 1 864691128455135611  .  mno_previous  0  Previous...  1 2060 1 864691128455135609  .  mno_choose_scene_910  0  french_town_14_tavern:_indoors  2 1910 1 720575940379279602 2048 0  .  mno_choose_scene_911  0  french_town_14_walls:_generate  2 1910 1 720575940379279898 2048 0  .  mno_choose_scene_912  0  french_town_15_alley:_generate  2 1910 1 720575940379279973 2048 0  .  mno_choose_scene_913  0  french_town_15_arena:_generate  2 1910 1 720575940379279751 2048 0  .  mno_choose_scene_914  0  french_town_15_castle:_indoors  2 1910 1 720575940379279529 2048 0  .  mno_choose_scene_915  0  french_town_15_center:_generate  2 1910 1 720575940379279455 2048 0  .  mno_choose_scene_916  0  french_town_15_prison:_indoors  2 1910 1 720575940379279825 2048 0  .  mno_choose_scene_917  0  french_town_15_store:_indoors  2 1910 1 720575940379279677 2048 0  .  mno_choose_scene_918  0  french_town_15_tavern:_indoors  2 1910 1 720575940379279603 2048 0  .  mno_choose_scene_919  0  french_town_15_walls:_generate  2 1910 1 720575940379279899 2048 0  .  mno_choose_scene_920  0  french_town_16_alley:_generate  2 1910 1 720575940379279974 2048 0  .  mno_choose_scene_921  0  french_town_16_arena:_generate  2 1910 1 720575940379279752 2048 0  .  mno_choose_scene_922  0  french_town_16_castle:_indoors  2 1910 1 720575940379279530 2048 0  . 
menu_choose_scenes_923 0 Choose_a_scene:_(Page_72_of_102) none 0 16
 mno_back  0  Go_back.  1 2055 0  .  mno_next  0  Next...  1 2060 1 864691128455135612  .  mno_previous  0  Previous...  1 2060 1 864691128455135610  .  mno_choose_scene_923  0  french_town_16_center:_generate  2 1910 1 720575940379279456 2048 0  .  mno_choose_scene_924  0  french_town_16_prison:_indoors  2 1910 1 720575940379279826 2048 0  .  mno_choose_scene_925  0  french_town_16_store:_indoors  2 1910 1 720575940379279678 2048 0  .  mno_choose_scene_926  0  french_town_16_tavern:_indoors  2 1910 1 720575940379279604 2048 0  .  mno_choose_scene_927  0  french_town_16_walls:_generate  2 1910 1 720575940379279900 2048 0  .  mno_choose_scene_928  0  french_town_17_alley:_generate  2 1910 1 720575940379279975 2048 0  .  mno_choose_scene_929  0  french_town_17_arena:_generate  2 1910 1 720575940379279753 2048 0  .  mno_choose_scene_930  0  french_town_17_castle  2 1910 1 720575940379279531 2048 0  .  mno_choose_scene_931  0  french_town_17_center:_generate  2 1910 1 720575940379279457 2048 0  .  mno_choose_scene_932  0  french_town_17_prison:_indoors  2 1910 1 720575940379279827 2048 0  .  mno_choose_scene_933  0  french_town_17_store:_indoors  2 1910 1 720575940379279679 2048 0  .  mno_choose_scene_934  0  french_town_17_tavern:_indoors  2 1910 1 720575940379279605 2048 0  .  mno_choose_scene_935  0  french_town_17_walls:_generate  2 1910 1 720575940379279901 2048 0  . 
menu_choose_scenes_936 0 Choose_a_scene:_(Page_73_of_102) none 0 16
 mno_back  0  Go_back.  1 2055 0  .  mno_next  0  Next...  1 2060 1 864691128455135613  .  mno_previous  0  Previous...  1 2060 1 864691128455135611  .  mno_choose_scene_936  0  french_town_18_alley:_generate  2 1910 1 720575940379279976 2048 0  .  mno_choose_scene_937  0  french_town_18_arena:_generate  2 1910 1 720575940379279754 2048 0  .  mno_choose_scene_938  0  french_town_18_castle:_indoors  2 1910 1 720575940379279532 2048 0  .  mno_choose_scene_939  0  french_town_18_center:_generate  2 1910 1 720575940379279458 2048 0  .  mno_choose_scene_940  0  french_town_18_prison:_indoors  2 1910 1 720575940379279828 2048 0  .  mno_choose_scene_941  0  french_town_18_store:_indoors  2 1910 1 720575940379279680 2048 0  .  mno_choose_scene_942  0  french_town_18_tavern:_indoors  2 1910 1 720575940379279606 2048 0  .  mno_choose_scene_943  0  french_town_18_walls:_generate  2 1910 1 720575940379279902 2048 0  .  mno_choose_scene_944  0  french_town_19_alley:_generate  2 1910 1 720575940379279977 2048 0  .  mno_choose_scene_945  0  french_town_19_arena:_generate  2 1910 1 720575940379279755 2048 0  .  mno_choose_scene_946  0  french_town_19_castle:_indoors  2 1910 1 720575940379279533 2048 0  .  mno_choose_scene_947  0  french_town_19_center:_generate  2 1910 1 720575940379279459 2048 0  .  mno_choose_scene_948  0  french_town_19_prison:_indoors  2 1910 1 720575940379279829 2048 0  . 
menu_choose_scenes_949 0 Choose_a_scene:_(Page_74_of_102) none 0 16
 mno_back  0  Go_back.  1 2055 0  .  mno_next  0  Next...  1 2060 1 864691128455135614  .  mno_previous  0  Previous...  1 2060 1 864691128455135612  .  mno_choose_scene_949  0  french_town_19_room:_indoors  2 1910 1 720575940379280643 2048 0  .  mno_choose_scene_950  0  french_town_19_store:_indoors  2 1910 1 720575940379279681 2048 0  .  mno_choose_scene_951  0  french_town_19_tavern:_indoors  2 1910 1 720575940379279607 2048 0  .  mno_choose_scene_952  0  french_town_19_walls:_generate  2 1910 1 720575940379279903 2048 0  .  mno_choose_scene_953  0  french_town_1_alley:_generate  2 1910 1 720575940379279959 2048 0  .  mno_choose_scene_954  0  french_town_1_arena:_generate  2 1910 1 720575940379279737 2048 0  .  mno_choose_scene_955  0  french_town_1_castle:_indoors  2 1910 1 720575940379279515 2048 0  .  mno_choose_scene_956  0  french_town_1_center:_generate  2 1910 1 720575940379279441 2048 0  .  mno_choose_scene_957  0  french_town_1_prison:_indoors  2 1910 1 720575940379279811 2048 0  .  mno_choose_scene_958  0  french_town_1_room:_indoors  2 1910 1 720575940379280638 2048 0  .  mno_choose_scene_959  0  french_town_1_store:_indoors  2 1910 1 720575940379279663 2048 0  .  mno_choose_scene_960  0  french_town_1_tavern:_indoors  2 1910 1 720575940379279589 2048 0  .  mno_choose_scene_961  0  french_town_1_walls:_generate  2 1910 1 720575940379279885 2048 0  . 
menu_choose_scenes_962 0 Choose_a_scene:_(Page_75_of_102) none 0 16
 mno_back  0  Go_back.  1 2055 0  .  mno_next  0  Next...  1 2060 1 864691128455135615  .  mno_previous  0  Previous...  1 2060 1 864691128455135613  .  mno_choose_scene_962  0  french_town_20_alley:_generate  2 1910 1 720575940379279978 2048 0  .  mno_choose_scene_963  0  french_town_20_arena:_generate  2 1910 1 720575940379279756 2048 0  .  mno_choose_scene_964  0  french_town_20_castle:_indoors  2 1910 1 720575940379279534 2048 0  .  mno_choose_scene_965  0  french_town_20_center:_generate  2 1910 1 720575940379279460 2048 0  .  mno_choose_scene_966  0  french_town_20_prison:_indoors  2 1910 1 720575940379279830 2048 0  .  mno_choose_scene_967  0  french_town_20_store:_indoors  2 1910 1 720575940379279682 2048 0  .  mno_choose_scene_968  0  french_town_20_tavern:_indoors  2 1910 1 720575940379279608 2048 0  .  mno_choose_scene_969  0  french_town_20_walls:_generate  2 1910 1 720575940379279904 2048 0  .  mno_choose_scene_970  0  french_town_21_alley:_generate  2 1910 1 720575940379279979 2048 0  .  mno_choose_scene_971  0  french_town_21_arena:_generate  2 1910 1 720575940379279757 2048 0  .  mno_choose_scene_972  0  french_town_21_castle:_indoors  2 1910 1 720575940379279535 2048 0  .  mno_choose_scene_973  0  french_town_21_center:_generate  2 1910 1 720575940379279461 2048 0  .  mno_choose_scene_974  0  french_town_21_prison:_indoors  2 1910 1 720575940379279831 2048 0  . 
menu_choose_scenes_975 0 Choose_a_scene:_(Page_76_of_102) none 0 16
 mno_back  0  Go_back.  1 2055 0  .  mno_next  0  Next...  1 2060 1 864691128455135616  .  mno_previous  0  Previous...  1 2060 1 864691128455135614  .  mno_choose_scene_975  0  french_town_21_store:_indoors  2 1910 1 720575940379279683 2048 0  .  mno_choose_scene_976  0  french_town_21_tavern:_indoors  2 1910 1 720575940379279609 2048 0  .  mno_choose_scene_977  0  french_town_21_walls:_generate  2 1910 1 720575940379279905 2048 0  .  mno_choose_scene_978  0  french_town_22_alley:_generate  2 1910 1 720575940379279980 2048 0  .  mno_choose_scene_979  0  french_town_22_arena:_generate  2 1910 1 720575940379279758 2048 0  .  mno_choose_scene_980  0  french_town_22_castle:_indoors  2 1910 1 720575940379279536 2048 0  .  mno_choose_scene_981  0  french_town_22_center:_generate  2 1910 1 720575940379279462 2048 0  .  mno_choose_scene_982  0  french_town_22_prison:_indoors  2 1910 1 720575940379279832 2048 0  .  mno_choose_scene_983  0  french_town_22_store:_indoors  2 1910 1 720575940379279684 2048 0  .  mno_choose_scene_984  0  french_town_22_tavern:_indoors  2 1910 1 720575940379279610 2048 0  .  mno_choose_scene_985  0  french_town_22_walls:_generate  2 1910 1 720575940379279906 2048 0  .  mno_choose_scene_986  0  french_town_23_alley:_generate|muddy_water  2 1910 1 720575940379279981 2048 0  .  mno_choose_scene_987  0  french_town_23_arena:_generate|muddy_water  2 1910 1 720575940379279759 2048 0  . 
menu_choose_scenes_988 0 Choose_a_scene:_(Page_77_of_102) none 0 16
 mno_back  0  Go_back.  1 2055 0  .  mno_next  0  Next...  1 2060 1 864691128455135617  .  mno_previous  0  Previous...  1 2060 1 864691128455135615  .  mno_choose_scene_988  0  french_town_23_castle:_indoors  2 1910 1 720575940379279537 2048 0  .  mno_choose_scene_989  0  french_town_23_center:_generate|muddy_water  2 1910 1 720575940379279463 2048 0  .  mno_choose_scene_990  0  french_town_23_prison:_indoors  2 1910 1 720575940379279833 2048 0  .  mno_choose_scene_991  0  french_town_23_store:_indoors  2 1910 1 720575940379279685 2048 0  .  mno_choose_scene_992  0  french_town_23_tavern:_indoors  2 1910 1 720575940379279611 2048 0  .  mno_choose_scene_993  0  french_town_23_walls:_generate|muddy_water  2 1910 1 720575940379279907 2048 0  .  mno_choose_scene_994  0  french_town_24_alley:_generate  2 1910 1 720575940379279982 2048 0  .  mno_choose_scene_995  0  french_town_24_arena:_generate  2 1910 1 720575940379279760 2048 0  .  mno_choose_scene_996  0  french_town_24_castle:_indoors  2 1910 1 720575940379279538 2048 0  .  mno_choose_scene_997  0  french_town_24_center:_generate  2 1910 1 720575940379279464 2048 0  .  mno_choose_scene_998  0  french_town_24_prison:_indoors  2 1910 1 720575940379279834 2048 0  .  mno_choose_scene_999  0  french_town_24_store:_indoors  2 1910 1 720575940379279686 2048 0  .  mno_choose_scene_1000  0  french_town_24_tavern:_indoors  2 1910 1 720575940379279612 2048 0  . 
menu_choose_scenes_1001 0 Choose_a_scene:_(Page_78_of_102) none 0 16
 mno_back  0  Go_back.  1 2055 0  .  mno_next  0  Next...  1 2060 1 864691128455135618  .  mno_previous  0  Previous...  1 2060 1 864691128455135616  .  mno_choose_scene_1001  0  french_town_24_walls:_generate  2 1910 1 720575940379279908 2048 0  .  mno_choose_scene_1002  0  french_town_25_alley:_generate  2 1910 1 720575940379279983 2048 0  .  mno_choose_scene_1003  0  french_town_25_arena:_generate  2 1910 1 720575940379279761 2048 0  .  mno_choose_scene_1004  0  french_town_25_castle:_indoors  2 1910 1 720575940379279539 2048 0  .  mno_choose_scene_1005  0  french_town_25_center:_generate  2 1910 1 720575940379279465 2048 0  .  mno_choose_scene_1006  0  french_town_25_prison:_indoors  2 1910 1 720575940379279835 2048 0  .  mno_choose_scene_1007  0  french_town_25_store:_indoors  2 1910 1 720575940379279687 2048 0  .  mno_choose_scene_1008  0  french_town_25_tavern:_indoors  2 1910 1 720575940379279613 2048 0  .  mno_choose_scene_1009  0  french_town_25_walls:_generate  2 1910 1 720575940379279909 2048 0  .  mno_choose_scene_1010  0  french_town_26_alley:_generate  2 1910 1 720575940379279984 2048 0  .  mno_choose_scene_1011  0  french_town_26_arena:_generate  2 1910 1 720575940379279762 2048 0  .  mno_choose_scene_1012  0  french_town_26_castle:_indoors  2 1910 1 720575940379279540 2048 0  .  mno_choose_scene_1013  0  french_town_26_center:_generate  2 1910 1 720575940379279466 2048 0  . 
menu_choose_scenes_1014 0 Choose_a_scene:_(Page_79_of_102) none 0 16
 mno_back  0  Go_back.  1 2055 0  .  mno_next  0  Next...  1 2060 1 864691128455135619  .  mno_previous  0  Previous...  1 2060 1 864691128455135617  .  mno_choose_scene_1014  0  french_town_26_prison:_indoors  2 1910 1 720575940379279836 2048 0  .  mno_choose_scene_1015  0  french_town_26_store:_indoors  2 1910 1 720575940379279688 2048 0  .  mno_choose_scene_1016  0  french_town_26_tavern:_indoors  2 1910 1 720575940379279614 2048 0  .  mno_choose_scene_1017  0  french_town_26_walls:_generate  2 1910 1 720575940379279910 2048 0  .  mno_choose_scene_1018  0  french_town_27_alley:_generate  2 1910 1 720575940379279985 2048 0  .  mno_choose_scene_1019  0  french_town_27_arena:_generate  2 1910 1 720575940379279763 2048 0  .  mno_choose_scene_1020  0  french_town_27_castle:_indoors  2 1910 1 720575940379279541 2048 0  .  mno_choose_scene_1021  0  french_town_27_center:_generate  2 1910 1 720575940379279467 2048 0  .  mno_choose_scene_1022  0  french_town_27_prison:_indoors  2 1910 1 720575940379279837 2048 0  .  mno_choose_scene_1023  0  french_town_27_store:_indoors  2 1910 1 720575940379279689 2048 0  .  mno_choose_scene_1024  0  french_town_27_tavern:_indoors  2 1910 1 720575940379279615 2048 0  .  mno_choose_scene_1025  0  french_town_27_walls:_generate  2 1910 1 720575940379279911 2048 0  .  mno_choose_scene_1026  0  french_town_28_alley:_generate  2 1910 1 720575940379279986 2048 0  . 
menu_choose_scenes_1027 0 Choose_a_scene:_(Page_80_of_102) none 0 16
 mno_back  0  Go_back.  1 2055 0  .  mno_next  0  Next...  1 2060 1 864691128455135620  .  mno_previous  0  Previous...  1 2060 1 864691128455135618  .  mno_choose_scene_1027  0  french_town_28_arena:_generate  2 1910 1 720575940379279764 2048 0  .  mno_choose_scene_1028  0  french_town_28_castle:_indoors  2 1910 1 720575940379279542 2048 0  .  mno_choose_scene_1029  0  french_town_28_center:_generate  2 1910 1 720575940379279468 2048 0  .  mno_choose_scene_1030  0  french_town_28_prison:_indoors  2 1910 1 720575940379279838 2048 0  .  mno_choose_scene_1031  0  french_town_28_store:_indoors  2 1910 1 720575940379279690 2048 0  .  mno_choose_scene_1032  0  french_town_28_tavern:_indoors  2 1910 1 720575940379279616 2048 0  .  mno_choose_scene_1033  0  french_town_28_walls:_generate  2 1910 1 720575940379279912 2048 0  .  mno_choose_scene_1034  0  french_town_29_alley:_generate  2 1910 1 720575940379279987 2048 0  .  mno_choose_scene_1035  0  french_town_29_arena:_generate  2 1910 1 720575940379279765 2048 0  .  mno_choose_scene_1036  0  french_town_29_castle:_indoors  2 1910 1 720575940379279543 2048 0  .  mno_choose_scene_1037  0  french_town_29_center:_generate  2 1910 1 720575940379279469 2048 0  .  mno_choose_scene_1038  0  french_town_29_prison:_indoors  2 1910 1 720575940379279839 2048 0  .  mno_choose_scene_1039  0  french_town_29_store:_indoors  2 1910 1 720575940379279691 2048 0  . 
menu_choose_scenes_1040 0 Choose_a_scene:_(Page_81_of_102) none 0 16
 mno_back  0  Go_back.  1 2055 0  .  mno_next  0  Next...  1 2060 1 864691128455135621  .  mno_previous  0  Previous...  1 2060 1 864691128455135619  .  mno_choose_scene_1040  0  french_town_29_tavern:_indoors  2 1910 1 720575940379279617 2048 0  .  mno_choose_scene_1041  0  french_town_29_walls:_generate  2 1910 1 720575940379279913 2048 0  .  mno_choose_scene_1042  0  french_town_2_alley:_generate|muddy_water  2 1910 1 720575940379279960 2048 0  .  mno_choose_scene_1043  0  french_town_2_arena:_generate  2 1910 1 720575940379279738 2048 0  .  mno_choose_scene_1044  0  french_town_2_castle:_indoors  2 1910 1 720575940379279516 2048 0  .  mno_choose_scene_1045  0  french_town_2_center:_generate|muddy_water  2 1910 1 720575940379279442 2048 0  .  mno_choose_scene_1046  0  french_town_2_prison:_indoors  2 1910 1 720575940379279812 2048 0  .  mno_choose_scene_1047  0  french_town_2_store:_indoors  2 1910 1 720575940379279664 2048 0  .  mno_choose_scene_1048  0  french_town_2_tavern:_indoors  2 1910 1 720575940379279590 2048 0  .  mno_choose_scene_1049  0  french_town_2_walls:_generate|muddy_water  2 1910 1 720575940379279886 2048 0  .  mno_choose_scene_1050  0  french_town_3_alley:_generate  2 1910 1 720575940379279961 2048 0  .  mno_choose_scene_1051  0  french_town_3_arena:_generate  2 1910 1 720575940379279739 2048 0  .  mno_choose_scene_1052  0  french_town_3_castle:_indoors  2 1910 1 720575940379279517 2048 0  . 
menu_choose_scenes_1053 0 Choose_a_scene:_(Page_82_of_102) none 0 16
 mno_back  0  Go_back.  1 2055 0  .  mno_next  0  Next...  1 2060 1 864691128455135622  .  mno_previous  0  Previous...  1 2060 1 864691128455135620  .  mno_choose_scene_1053  0  french_town_3_center:_generate  2 1910 1 720575940379279443 2048 0  .  mno_choose_scene_1054  0  french_town_3_prison:_indoors  2 1910 1 720575940379279813 2048 0  .  mno_choose_scene_1055  0  french_town_3_store:_indoors  2 1910 1 720575940379279665 2048 0  .  mno_choose_scene_1056  0  french_town_3_tavern:_indoors  2 1910 1 720575940379279591 2048 0  .  mno_choose_scene_1057  0  french_town_3_walls:_generate  2 1910 1 720575940379279887 2048 0  .  mno_choose_scene_1058  0  french_town_4_alley:_generate  2 1910 1 720575940379279962 2048 0  .  mno_choose_scene_1059  0  french_town_4_arena:_generate  2 1910 1 720575940379279740 2048 0  .  mno_choose_scene_1060  0  french_town_4_castle:_indoors  2 1910 1 720575940379279518 2048 0  .  mno_choose_scene_1061  0  french_town_4_center:_generate  2 1910 1 720575940379279444 2048 0  .  mno_choose_scene_1062  0  french_town_4_prison:_indoors  2 1910 1 720575940379279814 2048 0  .  mno_choose_scene_1063  0  french_town_4_store:_indoors  2 1910 1 720575940379279666 2048 0  .  mno_choose_scene_1064  0  french_town_4_tavern:_indoors  2 1910 1 720575940379279592 2048 0  .  mno_choose_scene_1065  0  french_town_4_walls:_generate  2 1910 1 720575940379279888 2048 0  . 
menu_choose_scenes_1066 0 Choose_a_scene:_(Page_83_of_102) none 0 16
 mno_back  0  Go_back.  1 2055 0  .  mno_next  0  Next...  1 2060 1 864691128455135623  .  mno_previous  0  Previous...  1 2060 1 864691128455135621  .  mno_choose_scene_1066  0  french_town_5_alley:_generate  2 1910 1 720575940379279963 2048 0  .  mno_choose_scene_1067  0  french_town_5_arena:_generate  2 1910 1 720575940379279741 2048 0  .  mno_choose_scene_1068  0  french_town_5_castle:_indoors  2 1910 1 720575940379279519 2048 0  .  mno_choose_scene_1069  0  french_town_5_center:_generate  2 1910 1 720575940379279445 2048 0  .  mno_choose_scene_1070  0  french_town_5_prison:_indoors  2 1910 1 720575940379279815 2048 0  .  mno_choose_scene_1071  0  french_town_5_room:_indoors  2 1910 1 720575940379280639 2048 0  .  mno_choose_scene_1072  0  french_town_5_store:_indoors  2 1910 1 720575940379279667 2048 0  .  mno_choose_scene_1073  0  french_town_5_tavern:_indoors  2 1910 1 720575940379279593 2048 0  .  mno_choose_scene_1074  0  french_town_5_walls:_generate  2 1910 1 720575940379279889 2048 0  .  mno_choose_scene_1075  0  french_town_6_alley:_generate  2 1910 1 720575940379279964 2048 0  .  mno_choose_scene_1076  0  french_town_6_arena:_generate  2 1910 1 720575940379279742 2048 0  .  mno_choose_scene_1077  0  french_town_6_castle:_indoors  2 1910 1 720575940379279520 2048 0  .  mno_choose_scene_1078  0  french_town_6_center:_generate  2 1910 1 720575940379279446 2048 0  . 
menu_choose_scenes_1079 0 Choose_a_scene:_(Page_84_of_102) none 0 16
 mno_back  0  Go_back.  1 2055 0  .  mno_next  0  Next...  1 2060 1 864691128455135624  .  mno_previous  0  Previous...  1 2060 1 864691128455135622  .  mno_choose_scene_1079  0  french_town_6_prison:_indoors  2 1910 1 720575940379279816 2048 0  .  mno_choose_scene_1080  0  french_town_6_room:_indoors  2 1910 1 720575940379280640 2048 0  .  mno_choose_scene_1081  0  french_town_6_store:_indoors  2 1910 1 720575940379279668 2048 0  .  mno_choose_scene_1082  0  french_town_6_tavern:_indoors  2 1910 1 720575940379279594 2048 0  .  mno_choose_scene_1083  0  french_town_6_walls:_generate  2 1910 1 720575940379279890 2048 0  .  mno_choose_scene_1084  0  french_town_7_alley:_generate  2 1910 1 720575940379279965 2048 0  .  mno_choose_scene_1085  0  french_town_7_arena:_generate  2 1910 1 720575940379279743 2048 0  .  mno_choose_scene_1086  0  french_town_7_castle:_indoors  2 1910 1 720575940379279521 2048 0  .  mno_choose_scene_1087  0  french_town_7_center:_generate  2 1910 1 720575940379279447 2048 0  .  mno_choose_scene_1088  0  french_town_7_prison:_indoors  2 1910 1 720575940379279817 2048 0  .  mno_choose_scene_1089  0  french_town_7_store:_indoors  2 1910 1 720575940379279669 2048 0  .  mno_choose_scene_1090  0  french_town_7_tavern:_indoors  2 1910 1 720575940379279595 2048 0  .  mno_choose_scene_1091  0  french_town_7_walls:_generate  2 1910 1 720575940379279891 2048 0  . 
menu_choose_scenes_1092 0 Choose_a_scene:_(Page_85_of_102) none 0 16
 mno_back  0  Go_back.  1 2055 0  .  mno_next  0  Next...  1 2060 1 864691128455135625  .  mno_previous  0  Previous...  1 2060 1 864691128455135623  .  mno_choose_scene_1092  0  french_town_8_alley:_generate  2 1910 1 720575940379279966 2048 0  .  mno_choose_scene_1093  0  french_town_8_arena:_generate  2 1910 1 720575940379279744 2048 0  .  mno_choose_scene_1094  0  french_town_8_castle:_indoors  2 1910 1 720575940379279522 2048 0  .  mno_choose_scene_1095  0  french_town_8_center:_generate  2 1910 1 720575940379279448 2048 0  .  mno_choose_scene_1096  0  french_town_8_prison:_indoors  2 1910 1 720575940379279818 2048 0  .  mno_choose_scene_1097  0  french_town_8_room:_indoors  2 1910 1 720575940379280641 2048 0  .  mno_choose_scene_1098  0  french_town_8_store:_indoors  2 1910 1 720575940379279670 2048 0  .  mno_choose_scene_1099  0  french_town_8_tavern:_indoors  2 1910 1 720575940379279596 2048 0  .  mno_choose_scene_1100  0  french_town_8_walls:_generate  2 1910 1 720575940379279892 2048 0  .  mno_choose_scene_1101  0  french_town_9_alley:_generate  2 1910 1 720575940379279967 2048 0  .  mno_choose_scene_1102  0  french_town_9_arena:_generate  2 1910 1 720575940379279745 2048 0  .  mno_choose_scene_1103  0  french_town_9_castle:_indoors  2 1910 1 720575940379279523 2048 0  .  mno_choose_scene_1104  0  french_town_9_center:_generate  2 1910 1 720575940379279449 2048 0  . 
menu_choose_scenes_1105 0 Choose_a_scene:_(Page_86_of_102) none 0 16
 mno_back  0  Go_back.  1 2055 0  .  mno_next  0  Next...  1 2060 1 864691128455135626  .  mno_previous  0  Previous...  1 2060 1 864691128455135624  .  mno_choose_scene_1105  0  french_town_9_prison:_indoors  2 1910 1 720575940379279819 2048 0  .  mno_choose_scene_1106  0  french_town_9_store:_indoors  2 1910 1 720575940379279671 2048 0  .  mno_choose_scene_1107  0  french_town_9_tavern:_indoors  2 1910 1 720575940379279597 2048 0  .  mno_choose_scene_1108  0  french_town_9_walls:_generate  2 1910 1 720575940379279893 2048 0  .  mno_choose_scene_1109  0  french_village_1:_generate  2 1910 1 720575940379280339 2048 0  .  mno_choose_scene_1110  0  french_village_10:_generate  2 1910 1 720575940379280348 2048 0  .  mno_choose_scene_1111  0  french_village_11:_generate  2 1910 1 720575940379280349 2048 0  .  mno_choose_scene_1112  0  french_village_12:_generate  2 1910 1 720575940379280350 2048 0  .  mno_choose_scene_1113  0  french_village_13:_generate  2 1910 1 720575940379280351 2048 0  .  mno_choose_scene_1114  0  french_village_14:_generate  2 1910 1 720575940379280352 2048 0  .  mno_choose_scene_1115  0  french_village_15:_generate  2 1910 1 720575940379280353 2048 0  .  mno_choose_scene_1116  0  french_village_16:_generate  2 1910 1 720575940379280354 2048 0  .  mno_choose_scene_1117  0  french_village_17:_generate  2 1910 1 720575940379280355 2048 0  . 
menu_choose_scenes_1118 0 Choose_a_scene:_(Page_87_of_102) none 0 16
 mno_back  0  Go_back.  1 2055 0  .  mno_next  0  Next...  1 2060 1 864691128455135627  .  mno_previous  0  Previous...  1 2060 1 864691128455135625  .  mno_choose_scene_1118  0  french_village_18:_generate  2 1910 1 720575940379280356 2048 0  .  mno_choose_scene_1119  0  french_village_19:_generate  2 1910 1 720575940379280357 2048 0  .  mno_choose_scene_1120  0  french_village_2:_generate  2 1910 1 720575940379280340 2048 0  .  mno_choose_scene_1121  0  french_village_20:_generate  2 1910 1 720575940379280358 2048 0  .  mno_choose_scene_1122  0  french_village_21:_generate  2 1910 1 720575940379280359 2048 0  .  mno_choose_scene_1123  0  french_village_22:_generate  2 1910 1 720575940379280360 2048 0  .  mno_choose_scene_1124  0  french_village_23:_generate  2 1910 1 720575940379280361 2048 0  .  mno_choose_scene_1125  0  french_village_24:_generate  2 1910 1 720575940379280362 2048 0  .  mno_choose_scene_1126  0  french_village_25:_generate  2 1910 1 720575940379280363 2048 0  .  mno_choose_scene_1127  0  french_village_26:_generate  2 1910 1 720575940379280364 2048 0  .  mno_choose_scene_1128  0  french_village_27:_generate  2 1910 1 720575940379280365 2048 0  .  mno_choose_scene_1129  0  french_village_28:_generate  2 1910 1 720575940379280366 2048 0  .  mno_choose_scene_1130  0  french_village_29:_generate  2 1910 1 720575940379280367 2048 0  . 
menu_choose_scenes_1131 0 Choose_a_scene:_(Page_88_of_102) none 0 16
 mno_back  0  Go_back.  1 2055 0  .  mno_next  0  Next...  1 2060 1 864691128455135628  .  mno_previous  0  Previous...  1 2060 1 864691128455135626  .  mno_choose_scene_1131  0  french_village_3:_generate  2 1910 1 720575940379280341 2048 0  .  mno_choose_scene_1132  0  french_village_30:_generate  2 1910 1 720575940379280368 2048 0  .  mno_choose_scene_1133  0  french_village_31:_generate  2 1910 1 720575940379280369 2048 0  .  mno_choose_scene_1134  0  french_village_32:_generate  2 1910 1 720575940379280370 2048 0  .  mno_choose_scene_1135  0  french_village_33:_generate  2 1910 1 720575940379280371 2048 0  .  mno_choose_scene_1136  0  french_village_34:_generate  2 1910 1 720575940379280372 2048 0  .  mno_choose_scene_1137  0  french_village_35:_generate  2 1910 1 720575940379280373 2048 0  .  mno_choose_scene_1138  0  french_village_36:_generate  2 1910 1 720575940379280374 2048 0  .  mno_choose_scene_1139  0  french_village_37:_generate  2 1910 1 720575940379280375 2048 0  .  mno_choose_scene_1140  0  french_village_38:_generate  2 1910 1 720575940379280376 2048 0  .  mno_choose_scene_1141  0  french_village_39:_generate  2 1910 1 720575940379280377 2048 0  .  mno_choose_scene_1142  0  french_village_4:_generate  2 1910 1 720575940379280342 2048 0  .  mno_choose_scene_1143  0  french_village_40:_generate  2 1910 1 720575940379280378 2048 0  . 
menu_choose_scenes_1144 0 Choose_a_scene:_(Page_89_of_102) none 0 16
 mno_back  0  Go_back.  1 2055 0  .  mno_next  0  Next...  1 2060 1 864691128455135629  .  mno_previous  0  Previous...  1 2060 1 864691128455135627  .  mno_choose_scene_1144  0  french_village_41:_generate  2 1910 1 720575940379280379 2048 0  .  mno_choose_scene_1145  0  french_village_42:_generate  2 1910 1 720575940379280380 2048 0  .  mno_choose_scene_1146  0  french_village_43:_generate  2 1910 1 720575940379280381 2048 0  .  mno_choose_scene_1147  0  french_village_44:_generate  2 1910 1 720575940379280382 2048 0  .  mno_choose_scene_1148  0  french_village_45:_generate  2 1910 1 720575940379280383 2048 0  .  mno_choose_scene_1149  0  french_village_46:_generate  2 1910 1 720575940379280384 2048 0  .  mno_choose_scene_1150  0  french_village_47:_generate  2 1910 1 720575940379280385 2048 0  .  mno_choose_scene_1151  0  french_village_48:_generate  2 1910 1 720575940379280386 2048 0  .  mno_choose_scene_1152  0  french_village_49:_generate  2 1910 1 720575940379280387 2048 0  .  mno_choose_scene_1153  0  french_village_5:_generate  2 1910 1 720575940379280343 2048 0  .  mno_choose_scene_1154  0  french_village_50:_generate  2 1910 1 720575940379280388 2048 0  .  mno_choose_scene_1155  0  french_village_51:_generate  2 1910 1 720575940379280389 2048 0  .  mno_choose_scene_1156  0  french_village_52:_generate  2 1910 1 720575940379280390 2048 0  . 
menu_choose_scenes_1157 0 Choose_a_scene:_(Page_90_of_102) none 0 16
 mno_back  0  Go_back.  1 2055 0  .  mno_next  0  Next...  1 2060 1 864691128455135630  .  mno_previous  0  Previous...  1 2060 1 864691128455135628  .  mno_choose_scene_1157  0  french_village_53:_generate  2 1910 1 720575940379280391 2048 0  .  mno_choose_scene_1158  0  french_village_54:_generate  2 1910 1 720575940379280392 2048 0  .  mno_choose_scene_1159  0  french_village_55:_generate  2 1910 1 720575940379280393 2048 0  .  mno_choose_scene_1160  0  french_village_56:_generate  2 1910 1 720575940379280394 2048 0  .  mno_choose_scene_1161  0  french_village_57:_generate  2 1910 1 720575940379280395 2048 0  .  mno_choose_scene_1162  0  french_village_58:_generate  2 1910 1 720575940379280396 2048 0  .  mno_choose_scene_1163  0  french_village_59:_generate  2 1910 1 720575940379280397 2048 0  .  mno_choose_scene_1164  0  french_village_6:_generate  2 1910 1 720575940379280344 2048 0  .  mno_choose_scene_1165  0  french_village_60:_generate  2 1910 1 720575940379280398 2048 0  .  mno_choose_scene_1166  0  french_village_61:_generate  2 1910 1 720575940379280399 2048 0  .  mno_choose_scene_1167  0  french_village_62:_generate  2 1910 1 720575940379280400 2048 0  .  mno_choose_scene_1168  0  french_village_63:_generate  2 1910 1 720575940379280401 2048 0  .  mno_choose_scene_1169  0  french_village_64:_generate  2 1910 1 720575940379280402 2048 0  . 
menu_choose_scenes_1170 0 Choose_a_scene:_(Page_91_of_102) none 0 16
 mno_back  0  Go_back.  1 2055 0  .  mno_next  0  Next...  1 2060 1 864691128455135631  .  mno_previous  0  Previous...  1 2060 1 864691128455135629  .  mno_choose_scene_1170  0  french_village_65:_generate  2 1910 1 720575940379280403 2048 0  .  mno_choose_scene_1171  0  french_village_66:_generate  2 1910 1 720575940379280404 2048 0  .  mno_choose_scene_1172  0  french_village_67:_generate  2 1910 1 720575940379280405 2048 0  .  mno_choose_scene_1173  0  french_village_68:_generate  2 1910 1 720575940379280406 2048 0  .  mno_choose_scene_1174  0  french_village_69:_generate  2 1910 1 720575940379280407 2048 0  .  mno_choose_scene_1175  0  french_village_7:_generate  2 1910 1 720575940379280345 2048 0  .  mno_choose_scene_1176  0  french_village_70:_generate  2 1910 1 720575940379280408 2048 0  .  mno_choose_scene_1177  0  french_village_71:_generate  2 1910 1 720575940379280409 2048 0  .  mno_choose_scene_1178  0  french_village_72:_generate  2 1910 1 720575940379280410 2048 0  .  mno_choose_scene_1179  0  french_village_73:_generate  2 1910 1 720575940379280411 2048 0  .  mno_choose_scene_1180  0  french_village_74:_generate  2 1910 1 720575940379280412 2048 0  .  mno_choose_scene_1181  0  french_village_75:_generate  2 1910 1 720575940379280413 2048 0  .  mno_choose_scene_1182  0  french_village_76:_generate  2 1910 1 720575940379280414 2048 0  . 
menu_choose_scenes_1183 0 Choose_a_scene:_(Page_92_of_102) none 0 16
 mno_back  0  Go_back.  1 2055 0  .  mno_next  0  Next...  1 2060 1 864691128455135632  .  mno_previous  0  Previous...  1 2060 1 864691128455135630  .  mno_choose_scene_1183  0  french_village_77:_generate  2 1910 1 720575940379280415 2048 0  .  mno_choose_scene_1184  0  french_village_78:_generate  2 1910 1 720575940379280416 2048 0  .  mno_choose_scene_1185  0  french_village_79:_generate  2 1910 1 720575940379280417 2048 0  .  mno_choose_scene_1186  0  french_village_8:_generate  2 1910 1 720575940379280346 2048 0  .  mno_choose_scene_1187  0  french_village_80:_generate  2 1910 1 720575940379280418 2048 0  .  mno_choose_scene_1188  0  french_village_81:_generate  2 1910 1 720575940379280419 2048 0  .  mno_choose_scene_1189  0  french_village_82:_generate  2 1910 1 720575940379280420 2048 0  .  mno_choose_scene_1190  0  french_village_9:_generate  2 1910 1 720575940379280347 2048 0  .  mno_choose_scene_1191  0  lair_desert_bandits:_generate  2 1910 1 720575940379280627 2048 0  .  mno_choose_scene_1192  0  lair_forest_bandits:_generate  2 1910 1 720575940379280628 2048 0  .  mno_choose_scene_1193  0  lair_mountain_bandits:_generate  2 1910 1 720575940379280629 2048 0  .  mno_choose_scene_1194  0  lair_sea_raiders:_generate  2 1910 1 720575940379280630 2048 0  .  mno_choose_scene_1195  0  lair_steppe_bandits:_generate  2 1910 1 720575940379280625 2048 0  . 
menu_choose_scenes_1196 0 Choose_a_scene:_(Page_93_of_102) none 0 16
 mno_back  0  Go_back.  1 2055 0  .  mno_next  0  Next...  1 2060 1 864691128455135633  .  mno_previous  0  Previous...  1 2060 1 864691128455135631  .  mno_choose_scene_1196  0  lair_taiga_bandits:_generate  2 1910 1 720575940379280626 2048 0  .  mno_choose_scene_1197  0  meeting_scene_desert  2 1910 1 720575940379280647 2048 0  .  mno_choose_scene_1198  0  meeting_scene_desert_forest  2 1910 1 720575940379280651 2048 0  .  mno_choose_scene_1199  0  meeting_scene_plain  2 1910 1 720575940379280645 2048 0  .  mno_choose_scene_1200  0  meeting_scene_plain_forest  2 1910 1 720575940379280649 2048 0  .  mno_choose_scene_1201  0  meeting_scene_snow  2 1910 1 720575940379280646 2048 0  .  mno_choose_scene_1202  0  meeting_scene_snow_forest  2 1910 1 720575940379280650 2048 0  .  mno_choose_scene_1203  0  meeting_scene_steppe  2 1910 1 720575940379280644 2048 0  .  mno_choose_scene_1204  0  meeting_scene_steppe_forest  2 1910 1 720575940379280648 2048 0  .  mno_choose_scene_1205  0  mont_st_michel:_generate  2 1910 1 720575940379280667 2048 0  .  mno_choose_scene_1206  0  multi_scene_1:_generate  2 1910 1 720575940379280598 2048 0  .  mno_choose_scene_1207  0  multi_scene_10:_generate  2 1910 1 720575940379280607 2048 0  .  mno_choose_scene_1208  0  multi_scene_11:_generate  2 1910 1 720575940379280608 2048 0  . 
menu_choose_scenes_1209 0 Choose_a_scene:_(Page_94_of_102) none 0 16
 mno_back  0  Go_back.  1 2055 0  .  mno_next  0  Next...  1 2060 1 864691128455135634  .  mno_previous  0  Previous...  1 2060 1 864691128455135632  .  mno_choose_scene_1209  0  multi_scene_12:_generate  2 1910 1 720575940379280609 2048 0  .  mno_choose_scene_1210  0  multi_scene_13:_generate  2 1910 1 720575940379280610 2048 0  .  mno_choose_scene_1211  0  multi_scene_14:_generate  2 1910 1 720575940379280611 2048 0  .  mno_choose_scene_1212  0  multi_scene_15:_generate  2 1910 1 720575940379280612 2048 0  .  mno_choose_scene_1213  0  multi_scene_16:_generate  2 1910 1 720575940379280613 2048 0  .  mno_choose_scene_1214  0  multi_scene_17:_generate  2 1910 1 720575940379280614 2048 0  .  mno_choose_scene_1215  0  multi_scene_18:_generate|muddy_water  2 1910 1 720575940379280615 2048 0  .  mno_choose_scene_1216  0  multi_scene_19:_generate  2 1910 1 720575940379280616 2048 0  .  mno_choose_scene_1217  0  multi_scene_2:_generate  2 1910 1 720575940379280599 2048 0  .  mno_choose_scene_1218  0  multi_scene_20:_generate  2 1910 1 720575940379280617 2048 0  .  mno_choose_scene_1219  0  multi_scene_21:_generate  2 1910 1 720575940379280618 2048 0  .  mno_choose_scene_1220  0  multi_scene_3:_generate  2 1910 1 720575940379280600 2048 0  .  mno_choose_scene_1221  0  multi_scene_4:_generate  2 1910 1 720575940379280601 2048 0  . 
menu_choose_scenes_1222 0 Choose_a_scene:_(Page_95_of_102) none 0 16
 mno_back  0  Go_back.  1 2055 0  .  mno_next  0  Next...  1 2060 1 864691128455135635  .  mno_previous  0  Previous...  1 2060 1 864691128455135633  .  mno_choose_scene_1222  0  multi_scene_5:_generate  2 1910 1 720575940379280602 2048 0  .  mno_choose_scene_1223  0  multi_scene_6:_generate  2 1910 1 720575940379280603 2048 0  .  mno_choose_scene_1224  0  multi_scene_7:_generate  2 1910 1 720575940379280604 2048 0  .  mno_choose_scene_1225  0  multi_scene_8:_generate  2 1910 1 720575940379280605 2048 0  .  mno_choose_scene_1226  0  multi_scene_9:_generate  2 1910 1 720575940379280606 2048 0  .  mno_choose_scene_1227  0  multiplayer_maps_end:_generate  2 1910 1 720575940379280623 2048 0  .  mno_choose_scene_1228  0  novice_ground:_indoors  2 1910 1 720575940379279410 2048 0  .  mno_choose_scene_1229  0  player_camp:_no_horses|generate  2 1910 1 720575940379280664 2048 0  .  mno_choose_scene_1230  0  player_camp_forest:_no_horses|generate  2 1910 1 720575940379280665 2048 0  .  mno_choose_scene_1231  0  quick_battle_1:_generate  2 1910 1 720575940379279402 2048 0  .  mno_choose_scene_1232  0  quick_battle_2:_generate  2 1910 1 720575940379279403 2048 0  .  mno_choose_scene_1233  0  quick_battle_3:_generate  2 1910 1 720575940379279404 2048 0  .  mno_choose_scene_1234  0  quick_battle_4:_generate  2 1910 1 720575940379279405 2048 0  . 
menu_choose_scenes_1235 0 Choose_a_scene:_(Page_96_of_102) none 0 16
 mno_back  0  Go_back.  1 2055 0  .  mno_next  0  Next...  1 2060 1 864691128455135636  .  mno_previous  0  Previous...  1 2060 1 864691128455135634  .  mno_choose_scene_1235  0  quick_battle_5:_generate  2 1910 1 720575940379279406 2048 0  .  mno_choose_scene_1236  0  quick_battle_6:_generate  2 1910 1 720575940379279407 2048 0  .  mno_choose_scene_1237  0  quick_battle_7:_generate  2 1910 1 720575940379279408 2048 0  .  mno_choose_scene_1238  0  quick_battle_maps_end:_generate  2 1910 1 720575940379280636 2048 0  .  mno_choose_scene_1239  0  quick_battle_scene_1:_generate  2 1910 1 720575940379280631 2048 0  .  mno_choose_scene_1240  0  quick_battle_scene_2:_generate  2 1910 1 720575940379280632 2048 0  .  mno_choose_scene_1241  0  quick_battle_scene_3:_generate  2 1910 1 720575940379280633 2048 0  .  mno_choose_scene_1242  0  quick_battle_scene_4:_generate  2 1910 1 720575940379280634 2048 0  .  mno_choose_scene_1243  0  quick_battle_scene_5:_generate  2 1910 1 720575940379280635 2048 0  .  mno_choose_scene_1244  0  raided_village_1:_generate  2 1910 1 720575940379280676 2048 0  .  mno_choose_scene_1245  0  random_multi_plain_large:_generate|auto_entry_points|randomize  2 1910 1 720575940379280620 2048 0  .  mno_choose_scene_1246  0  random_multi_plain_medium:_generate|auto_entry_points|randomize  2 1910 1 720575940379280619 2048 0  .  mno_choose_scene_1247  0  random_multi_steppe_large:_generate|auto_entry_points|randomize  2 1910 1 720575940379280622 2048 0  . 
menu_choose_scenes_1248 0 Choose_a_scene:_(Page_97_of_102) none 0 16
 mno_back  0  Go_back.  1 2055 0  .  mno_next  0  Next...  1 2060 1 864691128455135637  .  mno_previous  0  Previous...  1 2060 1 864691128455135635  .  mno_choose_scene_1248  0  random_multi_steppe_medium:_generate|auto_entry_points|randomize  2 1910 1 720575940379280621 2048 0  .  mno_choose_scene_1249  0  random_scene:_generate|auto_entry_points|randomize  2 1910 1 720575940379279361 2048 0  .  mno_choose_scene_1250  0  random_scene_desert:_generate|auto_entry_points|randomize  2 1910 1 720575940379279379 2048 0  .  mno_choose_scene_1251  0  random_scene_desert_extra_large:_generate|auto_entry_points|randomize  2 1910 1 720575940379279381 2048 0  .  mno_choose_scene_1252  0  random_scene_desert_forest:_generate|auto_entry_points|randomize  2 1910 1 720575940379279395 2048 0  .  mno_choose_scene_1253  0  random_scene_desert_forest_extra_large:_generate|auto_entry_points|randomize  2 1910 1 720575940379279397 2048 0  .  mno_choose_scene_1254  0  random_scene_desert_forest_large:_generate|auto_entry_points|randomize  2 1910 1 720575940379279396 2048 0  .  mno_choose_scene_1255  0  random_scene_desert_forest_small:_generate|auto_entry_points|randomize  2 1910 1 720575940379279394 2048 0  .  mno_choose_scene_1256  0  random_scene_desert_large:_generate|auto_entry_points|randomize  2 1910 1 720575940379279380 2048 0  .  mno_choose_scene_1257  0  random_scene_desert_small:_generate|auto_entry_points|randomize  2 1910 1 720575940379279378 2048 0  .  mno_choose_scene_1258  0  random_scene_extra_large:_generate|auto_entry_points|randomize  2 1910 1 720575940379279363 2048 0  .  mno_choose_scene_1259  0  random_scene_large:_generate|auto_entry_points|randomize  2 1910 1 720575940379279362 2048 0  .  mno_choose_scene_1260  0  random_scene_plain:_generate|auto_entry_points|randomize  2 1910 1 720575940379279371 2048 0  . 
menu_choose_scenes_1261 0 Choose_a_scene:_(Page_98_of_102) none 0 16
 mno_back  0  Go_back.  1 2055 0  .  mno_next  0  Next...  1 2060 1 864691128455135638  .  mno_previous  0  Previous...  1 2060 1 864691128455135636  .  mno_choose_scene_1261  0  random_scene_plain_extra_large:_generate|auto_entry_points|randomize  2 1910 1 720575940379279373 2048 0  .  mno_choose_scene_1262  0  random_scene_plain_forest:_generate|auto_entry_points|randomize  2 1910 1 720575940379279387 2048 0  .  mno_choose_scene_1263  0  random_scene_plain_forest_extra_large:_generate|auto_entry_points|randomize  2 1910 1 720575940379279389 2048 0  .  mno_choose_scene_1264  0  random_scene_plain_forest_large:_generate|auto_entry_points|randomize  2 1910 1 720575940379279388 2048 0  .  mno_choose_scene_1265  0  random_scene_plain_forest_small:_generate|auto_entry_points|randomize  2 1910 1 720575940379279386 2048 0  .  mno_choose_scene_1266  0  random_scene_plain_large:_generate|auto_entry_points|randomize  2 1910 1 720575940379279372 2048 0  .  mno_choose_scene_1267  0  random_scene_plain_small:_generate|auto_entry_points|randomize  2 1910 1 720575940379279370 2048 0  .  mno_choose_scene_1268  0  random_scene_small:_generate|auto_entry_points|randomize  2 1910 1 720575940379279360 2048 0  .  mno_choose_scene_1269  0  random_scene_snow:_generate|auto_entry_points|randomize  2 1910 1 720575940379279375 2048 0  .  mno_choose_scene_1270  0  random_scene_snow_extra_large:_generate|auto_entry_points|randomize  2 1910 1 720575940379279377 2048 0  .  mno_choose_scene_1271  0  random_scene_snow_forest:_generate|auto_entry_points|randomize  2 1910 1 720575940379279391 2048 0  .  mno_choose_scene_1272  0  random_scene_snow_forest_extra_large:_generate|auto_entry_points|randomize  2 1910 1 720575940379279393 2048 0  .  mno_choose_scene_1273  0  random_scene_snow_forest_large:_generate|auto_entry_points|randomize  2 1910 1 720575940379279392 2048 0  . 
menu_choose_scenes_1274 0 Choose_a_scene:_(Page_99_of_102) none 0 16
 mno_back  0  Go_back.  1 2055 0  .  mno_next  0  Next...  1 2060 1 864691128455135639  .  mno_previous  0  Previous...  1 2060 1 864691128455135637  .  mno_choose_scene_1274  0  random_scene_snow_forest_small:_generate|auto_entry_points|randomize  2 1910 1 720575940379279390 2048 0  .  mno_choose_scene_1275  0  random_scene_snow_large:_generate|auto_entry_points|randomize  2 1910 1 720575940379279376 2048 0  .  mno_choose_scene_1276  0  random_scene_snow_small:_generate|auto_entry_points|randomize  2 1910 1 720575940379279374 2048 0  .  mno_choose_scene_1277  0  random_scene_steppe:_generate|auto_entry_points|randomize  2 1910 1 720575940379279367 2048 0  .  mno_choose_scene_1278  0  random_scene_steppe_extra_large:_generate|auto_entry_points|randomize  2 1910 1 720575940379279369 2048 0  .  mno_choose_scene_1279  0  random_scene_steppe_forest:_generate|auto_entry_points|randomize  2 1910 1 720575940379279383 2048 0  .  mno_choose_scene_1280  0  random_scene_steppe_forest_extra_large:_generate|auto_entry_points|randomize  2 1910 1 720575940379279385 2048 0  .  mno_choose_scene_1281  0  random_scene_steppe_forest_large:_generate|auto_entry_points|randomize  2 1910 1 720575940379279384 2048 0  .  mno_choose_scene_1282  0  random_scene_steppe_forest_small:_generate|auto_entry_points|randomize  2 1910 1 720575940379279382 2048 0  .  mno_choose_scene_1283  0  random_scene_steppe_large:_generate|auto_entry_points|randomize  2 1910 1 720575940379279368 2048 0  .  mno_choose_scene_1284  0  random_scene_steppe_small:_generate|auto_entry_points|randomize  2 1910 1 720575940379279366 2048 0  .  mno_choose_scene_1285  0  reserved10  2 1910 1 720575940379279419 2048 0  .  mno_choose_scene_1286  0  reserved11  2 1910 1 720575940379279420 2048 0  . 
menu_choose_scenes_1287 0 Choose_a_scene:_(Page_100_of_102) none 0 16
 mno_back  0  Go_back.  1 2055 0  .  mno_next  0  Next...  1 2060 1 864691128455135640  .  mno_previous  0  Previous...  1 2060 1 864691128455135638  .  mno_choose_scene_1287  0  reserved12:_indoors  2 1910 1 720575940379279421 2048 0  .  mno_choose_scene_1288  0  reserved4:_generate  2 1910 1 720575940379279413 2048 0  .  mno_choose_scene_1289  0  reserved5:_generate  2 1910 1 720575940379279414 2048 0  .  mno_choose_scene_1290  0  reserved6:_generate  2 1910 1 720575940379279415 2048 0  .  mno_choose_scene_1291  0  reserved7:_generate  2 1910 1 720575940379279416 2048 0  .  mno_choose_scene_1292  0  reserved8:_generate  2 1910 1 720575940379279417 2048 0  .  mno_choose_scene_1293  0  reserved9:_indoors  2 1910 1 720575940379279418 2048 0  .  mno_choose_scene_1294  0  salt_mine:_generate  2 1910 1 720575940379279409 2048 0  .  mno_choose_scene_1295  0  test2:_generate  2 1910 1 720575940379280596 2048 0  .  mno_choose_scene_1296  0  test3:_generate  2 1910 1 720575940379280597 2048 0  .  mno_choose_scene_1297  0  test_scene:_generate  2 1910 1 720575940379279401 2048 0  .  mno_choose_scene_1298  0  the_happy_boar:_indoors  2 1910 1 720575940379279439 2048 0  .  mno_choose_scene_1299  0  tourney_1:_generate  2 1910 1 720575940379280675 2048 0  . 
menu_choose_scenes_1300 0 Choose_a_scene:_(Page_101_of_102) none 0 16
 mno_back  0  Go_back.  1 2055 0  .  mno_next  0  Next...  1 2060 1 864691128455135641  .  mno_previous  0  Previous...  1 2060 1 864691128455135639  .  mno_choose_scene_1300  0  training_ground:_generate  2 1910 1 720575940379279422 2048 0  .  mno_choose_scene_1301  0  training_ground_horse_track_1:_generate  2 1910 1 720575940379279428 2048 0  .  mno_choose_scene_1302  0  training_ground_horse_track_2:_generate  2 1910 1 720575940379279429 2048 0  .  mno_choose_scene_1303  0  training_ground_horse_track_3:_generate  2 1910 1 720575940379279430 2048 0  .  mno_choose_scene_1304  0  training_ground_horse_track_4:_generate  2 1910 1 720575940379279431 2048 0  .  mno_choose_scene_1305  0  training_ground_horse_track_5:_generate  2 1910 1 720575940379279432 2048 0  .  mno_choose_scene_1306  0  training_ground_ranged_melee_1:_generate  2 1910 1 720575940379279433 2048 0  .  mno_choose_scene_1307  0  training_ground_ranged_melee_2:_generate  2 1910 1 720575940379279434 2048 0  .  mno_choose_scene_1308  0  training_ground_ranged_melee_3:_generate  2 1910 1 720575940379279435 2048 0  .  mno_choose_scene_1309  0  training_ground_ranged_melee_4:_generate  2 1910 1 720575940379279436 2048 0  .  mno_choose_scene_1310  0  training_ground_ranged_melee_5:_generate  2 1910 1 720575940379279437 2048 0  .  mno_choose_scene_1311  0  tutorial_1:_indoors  2 1910 1 720575940379279423 2048 0  .  mno_choose_scene_1312  0  tutorial_2:_indoors  2 1910 1 720575940379279424 2048 0  . 
menu_choose_scenes_1313 0 Choose_a_scene:_(Page_102_of_102) none 0 11
 mno_back  0  Go_back.  1 2055 0  .  mno_previous  0  Previous...  1 2060 1 864691128455135640  .  mno_choose_scene_1313  0  tutorial_3:_indoors  2 1910 1 720575940379279425 2048 0  .  mno_choose_scene_1314  0  tutorial_4:_generate  2 1910 1 720575940379279426 2048 0  .  mno_choose_scene_1315  0  tutorial_5:_generate  2 1910 1 720575940379279427 2048 0  .  mno_choose_scene_1316  0  tutorial_training_ground:_generate  2 1910 1 720575940379280637 2048 0  .  mno_choose_scene_1317  0  water  2 1910 1 720575940379279365 2048 0  .  mno_choose_scene_1318  0  wedding:_indoors  2 1910 1 720575940379280624 2048 0  .  mno_choose_scene_1319  0  zendar_arena:_generate  2 1910 1 720575940379279411 2048 0  .  mno_choose_scene_1320  0  zendar_center:_generate  2 1910 1 720575940379279438 2048 0  .  mno_choose_scene_1321  0  zendar_merchant:_indoors  2 1910 1 720575940379279440 2048 0  . 
