missionsfile version 1
 56
mst_town_default town_default 0  -1
Default_town_visit 

41 0 4100 256 0 1 5  137 136 25 1503 675 
1 4100 256 0 1 0  
2 4100 256 0 1 0  
3 4100 256 0 1 0  
4 4100 256 0 1 0  
5 4100 256 0 1 0  
6 4100 256 0 1 0  
7 4100 256 0 1 0  
8 4 256 0 1 0  
9 4 256 0 1 0  
10 4 256 0 1 0  
11 4 256 0 1 0  
12 4 256 0 1 0  
13 4 0 0 1 0  
14 4 0 0 1 0  
15 4 0 0 1 0  
16 16 256 0 1 0  
17 16 256 0 1 0  
18 16 256 0 1 0  
19 16 256 0 1 0  
20 16 256 0 1 0  
21 16 256 0 1 0  
22 16 256 0 1 0  
23 16 256 0 1 0  
24 16 256 0 1 0  
25 16 256 0 1 0  
26 16 256 0 1 0  
27 16 256 0 1 0  
28 16 256 0 1 0  
29 16 256 0 1 0  
30 16 256 0 1 0  
31 16 256 0 1 0  
1 16 384 0 1 0  
2 16 384 0 1 0  
3 16 384 0 1 0  
4 16 384 0 1 0  
5 16 384 0 1 0  
6 16 384 0 1 0  
7 16 384 0 1 0  
8 16 384 0 1 0  
10 16 384 0 1 0  
18
-25.000000 1.000000 0.000000  51 31 2 144115188075856110 14 2071 1 1224979098644774912 1718 2 1224979098644774913 1224979098644774912 4 0 33 3 1224979098644774913 360287970189639975 360287970189639977 4 0 1729 2 1224979098644774912 288230376151713249 1741 2 1224979098644774912 1801439850948198907 1740 2 1224979098644774912 1801439850948198907 1750 2 1224979098644774912 1152921504606847154 2077 2 1224979098644774912 0 5 0 1729 2 1224979098644774912 288230376151713250 1741 2 1224979098644774912 1801439850948198909 1740 2 1224979098644774912 1801439850948198909 1750 2 1224979098644774912 1152921504606847155 2077 2 1224979098644774912 0 3 0 2136 3 1224979098644774914 0 300 1743 2 1224979098644774912 1224979098644774914 5 0 33 3 1224979098644774913 360287970189639962 360287970189639967 4 0 1729 2 1224979098644774912 288230376151713249 1741 2 1224979098644774912 1801439850948198908 1740 2 1224979098644774912 1801439850948198908 1750 2 1224979098644774912 1152921504606847154 5 0 1729 2 1224979098644774912 288230376151713250 1741 2 1224979098644774912 1801439850948198910 1740 2 1224979098644774912 1801439850948198910 1750 2 1224979098644774912 1152921504606847155 3 0 2136 3 1224979098644774914 0 300 1743 2 1224979098644774912 1224979098644774914 5 0 33 3 1224979098644774913 360287970189639902 360287970189639912 4 0 1729 2 1224979098644774912 288230376151713248 1741 2 1224979098644774912 1801439850948198905 1740 2 1224979098644774912 1801439850948198905 2077 2 1224979098644774912 0 2136 3 1224979098644774914 0 300 5 0 1741 2 1224979098644774912 1801439850948198906 1740 2 1224979098644774912 1801439850948198906 2077 2 1224979098644774912 0 2136 3 1224979098644774914 0 300 3 0 1743 2 1224979098644774912 1224979098644774914 3 0  0 
0.000000 0.000000 1.000000  6 2147484654 0 71 1 35 1700 1 1224979098644774912 1804 3 1224979098644774913 1224979098644774912 4 32 2 1224979098644774913 0 567 3 1224979098644774913 5 1  9 1700 1 1224979098644774912 1804 3 1224979098644774913 1224979098644774912 4 527 3 1224979098644774914 1224979098644774913 5 32 2 1224979098644774914 1 1542 3 1224979098644774915 360287970189639680 4 1774 3 1224979098644774912 1224979098644774913 4 1779 4 1224979098644774912 1224979098644774914 4 1224979098644774915 1740 3 1224979098644774912 1801439850948198570 1 600 1 1152921504606847167 
0.000000 0.300000 0.000000  10 31 2 144115188075857329 1 4 0 1 1 936748722493064068 1541 3 1224979098644774912 360287970189641324 5 5 0 1541 3 1224979098644774912 360287970189639680 5 3 0 30 2 1224979098644774912 0 2700 2 1224979098644774913 1224979098644774912 30 2 1224979098644774913 800  20 1700 1 1224979098644774912 4 0 1 1 936748722493064068 1541 3 1224979098644774913 360287970189641324 5 5 0 1541 3 1224979098644774913 360287970189639680 5 3 0 30 2 1224979098644774913 0 2700 2 1224979098644774914 1224979098644774913 30 2 1224979098644774914 800 4 0 33 3 1224979098644774914 800 2100 2133 2 1224979098644774915 1152921504606847156 5 0 30 2 1224979098644774914 2100 2133 2 1224979098644774915 1152921504606847157 3 0 1768 2 1224979098644774916 1224979098644774912 33 3 1224979098644774916 1801439850948198426 1801439850948198522 1750 2 1224979098644774912 1224979098644774915 
-25.000000 0.000000 0.000000  0  10 2071 1 1224979098644774912 1712 1 1224979098644774912 1702 1 1224979098644774912 4 0 1804 3 1224979098644774913 1224979098644774912 6 31 2 1224979098644774913 -1 1804 3 1224979098644774914 1224979098644774912 5 32 2 1224979098644774914 0 1779 2 1224979098644774912 288230376151713382 3 0 
1.000000 0.000000 100000000.000000  0  11 2211 1 1224979098644774912 503 3 1224979098644774912 0 1 4 0 32 2 144115188075856215 0 1 2 936748722493063691 16384 5 0 31 2 144115188075856110 14 1 2 936748722493063691 512 5 0 1 2 936748722493063691 8192 3 0 
-19.000000 0.000000 0.000000  0  2 1 1 936748722493063528 1 1 936748722493063766 
-25.000000 0.000000 0.000000  6 31 2 144115188075856110 14 2071 1 1224979098644774912 1718 2 1224979098644774913 1224979098644774912 33 3 1224979098644774913 360287970189639962 360287970189639967 1073742364 3 1224979098644774913 12 144115188075856213 541 3 144115188075856213 99 1224979098644774913  17 2071 1 1224979098644774912 1718 2 1224979098644774913 1224979098644774912 2133 2 1224979098644774914 -1 2165 3 1224979098644774915 288230376151711883 1224979098644774913 4 0 1073741856 2 1224979098644774915 0 151 2 1224979098644774913 288230376151711883 2133 2 1224979098644774914 288230376151711883 5 0 2165 3 1224979098644774915 288230376151711884 1224979098644774913 1073741856 2 1224979098644774915 0 151 2 1224979098644774913 288230376151711884 2133 2 1224979098644774914 288230376151711884 3 0 2147483679 2 1224979098644774914 -1 1779 2 1224979098644774912 1224979098644774914 1747 2 1224979098644774912 -1 
-20.000000 0.000000 0.000000  2 2008 1 4285751890 2009 2 7561810 1500  0 
-22.000000 0.000000 0.000000  7 4 0 1073741855 2 144115188075856009 0 2147483679 2 144115188075856110 14 2075 1 1 5 0 1106 1 1585267068834414917 3 0  0 
1.000000 0.000000 0.000000  5 32 2 144115188075856911 0 1780 2 0 0 1710 2 1 144115188075856911 710 3 1224979098644774912 0 1 2147483680 2 1224979098644774912 150  2 1749 1 144115188075856911 2133 2 144115188075856911 0 
-21.000000 0.000000 0.000000  6 4 0 31 2 144115188075856009 0 2075 1 1 5 0 1106 1 216172782113786879 3 0  0 
2.000000 0.000000 0.000000  5 2147483690 0 31 2 144115188075856110 14 2147484188 3 360287970189641347 12 144115188075856273 540 3 360287970189641346 12 144115188075856273 31 2 144115188075856010 0  32 4 0 31 2 144115188075856923 0 2133 2 144115188075856923 1 12 1 1224979098644774912 1718 2 1224979098644774913 1224979098644774912 31 2 1224979098644774913 360287970189641346 2133 2 144115188075856924 1224979098644774912 3 0 5 0 31 2 144115188075856923 1 1712 1 144115188075856924 1702 1 144115188075856924 1700 1 1224979098644774914 1710 2 0 1224979098644774914 1710 2 1 144115188075856924 710 3 1224979098644774915 0 1 728 2 1224979098644774916 0 728 2 1224979098644774917 1 2121 3 1224979098644774918 1224979098644774917 1224979098644774916 4 0 2147483680 2 1224979098644774918 0 2107 2 1224979098644774918 -1 3 0 2122 3 1224979098644774919 1224979098644774918 3 2105 2 1224979098644774915 1224979098644774919 2136 3 1224979098644774920 0 200 2120 3 1224979098644774921 400 1224979098644774920 2147483680 2 1224979098644774915 1224979098644774921 1 1 936748722493063739 1920 1 360287970189641346 2133 2 144115188075856923 2 3 0 
2.000000 0.000000 0.000000  3 2147483690 0 31 2 144115188075856110 14 540 3 360287970189641347 12 144115188075856273  31 4 0 31 2 144115188075856925 0 2133 2 144115188075856925 1 12 1 1224979098644774912 1718 2 1224979098644774913 1224979098644774912 31 2 1224979098644774913 360287970189641347 2133 2 144115188075856926 1224979098644774912 3 0 5 0 31 2 144115188075856925 1 1712 1 144115188075856926 1702 1 144115188075856926 1700 1 1224979098644774914 1710 2 0 1224979098644774914 1710 2 1 144115188075856926 710 3 1224979098644774915 0 1 728 2 1224979098644774916 0 728 2 1224979098644774917 1 2121 3 1224979098644774918 1224979098644774917 1224979098644774916 4 0 2147483680 2 1224979098644774918 0 2107 2 1224979098644774918 -1 3 0 2122 3 1224979098644774919 1224979098644774918 3 2105 2 1224979098644774915 1224979098644774919 2136 3 1224979098644774920 0 200 2120 3 1224979098644774921 400 1224979098644774920 2147483680 2 1224979098644774915 1224979098644774921 1 1 936748722493063739 2133 2 144115188075856925 2 3 0 
3.000000 0.000000 100000000.000000  5 2147483690 0 31 2 144115188075856110 14 32 2 144115188075856009 0 3221227174 1 144115188075856009 1703 1 144115188075856009  8 1935 0 12 1 1224979098644774912 1702 1 1224979098644774912 1710 2 4 1224979098644774912 1730 2 1224979098644774912 4 3 0 521 3 1224979098644774913 144115188075856273 20 1920 1 1224979098644774913 
3.000000 0.000000 100000000.000000  4 2147483690 0 31 2 144115188075856110 14 32 2 144115188075856009 0 1006 0  2 2060 1 864691128455135362 1907 1 0 
1.000000 0.000000 0.000000  12 2147483690 0 31 2 144115188075856110 14 32 2 144115188075856009 0 1700 1 1224979098644774912 1702 1 1224979098644774912 1 3 936748722493063852 360287970189639680 144115188075856787 2147483678 2 72057594037927936 10 1726 3 1224979098644774913 1224979098644774912 0 32 2 1224979098644774913 0 1570 2 1224979098644774914 1224979098644774913 1073741857 3 1224979098644774914 8 11 33 3 1224979098644774914 16 18  2 521 3 1224979098644774912 144115188075856273 20 1920 1 1224979098644774912 
3.000000 0.000000 0.000000  6 31 2 144115188075856110 14 30 2 144115188075856923 1 32 2 144115188075856009 0 1702 1 144115188075856009 2136 3 1224979098644774912 0 3 31 2 1224979098644774912 0  4 2136 3 1224979098644774912 1801439850948198816 1801439850948198828 1740 2 144115188075856009 1224979098644774912 2136 3 1224979098644774913 0 100 1743 2 144115188075856009 1224979098644774913 
1.000000 0.000000 0.000000  1 32 2 144115188075856009 0  3 1726 3 1224979098644774912 144115188075856009 0 2111 2 144115188075856290 1224979098644774912 1 1 936748722493063743 


mst_conversation_encounter conversation_encounter 0  -1
Conversation_encounter 

32 0 16 512 0 1 0  
1 16 287 0 1 0  
2 16 0 0 1 0  
3 16 0 0 1 0  
4 16 0 0 1 0  
5 16 0 0 1 0  
6 16 0 0 1 0  
7 16 0 0 1 0  
8 16 0 0 1 0  
9 16 0 0 1 0  
10 16 0 0 1 0  
11 16 0 0 1 0  
12 16 0 0 1 0  
13 16 0 0 1 0  
14 16 0 0 1 0  
15 16 0 0 1 0  
16 16 0 0 1 0  
17 16 0 0 1 0  
18 16 0 0 1 0  
19 16 0 16 1 0  
20 16 0 16 1 0  
21 16 0 16 1 0  
22 16 0 16 1 0  
23 16 0 16 1 0  
24 16 0 16 1 0  
25 16 0 16 1 0  
26 16 0 16 1 0  
27 16 0 16 1 0  
28 16 0 16 1 0  
29 16 0 16 1 0  
30 16 0 16 1 0  
31 16 447 0 1 0  
1
-25.000000 0.000000 0.000000  0  4 2071 1 1224979098644774912 1704 1 1224979098644774912 2136 3 72057594037927936 0 100 1743 2 1224979098644774912 72057594037927936 


mst_town_center town_center 0  -1
Default_town_visit 

48 0 4100 256 0 1 5  137 136 25 1503 675 
1 4100 0 0 1 0  
2 4100 256 0 1 5  137 136 25 1503 675 
3 4100 256 0 1 5  137 136 25 1503 675 
4 4100 256 0 1 5  137 136 25 1503 675 
5 4100 256 0 1 5  137 136 25 1503 675 
6 4100 256 0 1 5  137 136 25 1503 675 
7 4100 256 0 1 5  137 136 25 1503 675 
8 16 256 0 1 0  
9 16 256 0 1 0  
10 16 256 0 1 0  
11 16 256 0 1 0  
12 16 256 0 1 0  
13 16 0 0 1 0  
14 4 0 0 1 0  
15 4 0 0 1 0  
16 16 256 0 1 0  
17 16 256 0 1 0  
18 16 256 0 1 0  
19 16 256 0 1 0  
20 16 256 0 1 0  
21 16 256 0 1 0  
22 16 256 0 1 0  
23 16 256 0 1 0  
24 16 256 0 1 0  
25 16 256 0 1 0  
26 16 256 0 1 0  
27 16 256 0 1 0  
28 16 256 0 1 0  
29 16 256 0 1 0  
30 16 256 0 1 0  
31 16 256 0 1 0  
32 16 256 0 1 0  
33 16 256 0 1 0  
34 16 256 0 1 0  
35 16 256 0 1 0  
36 16 256 0 1 0  
37 16 256 0 1 0  
38 16 256 0 1 0  
39 16 256 0 1 0  
40 8208 256 16 1 0  
41 8208 256 16 1 0  
42 8208 256 16 1 0  
43 8208 256 16 1 0  
44 8208 256 16 1 0  
45 8208 256 16 1 0  
46 8208 256 16 1 0  
47 8208 256 16 1 0  
18
-25.000000 0.000000 0.000000  0  17 2071 1 1224979098644774912 4 0 1073741855 2 144115188075856110 19 31 2 144115188075856110 18 1718 2 1224979098644774913 1224979098644774912 540 3 1224979098644774913 161 1 1771 2 1224979098644774912 0 1753 2 1224979098644774912 5 500 3 1224979098644774913 161 0 4 0 540 3 1224979098644774913 149 3 1710 2 1 1224979098644774912 1730 2 1224979098644774912 1 3 0 5 0 1 2 936748722493063541 1224979098644774912 3 0 
-19.000000 0.000000 0.000000  0  1 2133 2 144115188075856009 0 
1.000000 0.000000 100000000.000000  0  12 4 0 31 2 144115188075856156 0 2211 1 1224979098644774912 503 3 1224979098644774912 0 1 3 0 1 1 936748722493063542 4 0 32 2 144115188075856215 0 1 2 936748722493063691 16384 5 0 1 2 936748722493063691 8192 3 0 
-19.000000 0.000000 0.000000  0  1 1 1 936748722493063528 
-22.000000 0.000000 0.000000  9 4 0 31 2 144115188075856156 0 2075 1 1 5 0 31 2 144115188075856156 1 1106 1 216172782113783925 5 0 1106 1 216172782113783923 3 0  0 
-21.000000 0.000000 0.000000  12 4 0 1073741855 2 144115188075856110 19 31 2 144115188075856110 18 1106 1 216172782113786879 5 0 1073741855 2 144115188075856156 0 31 2 144115188075856156 1 1935 0 2075 1 1 5 0 1106 1 216172782113786879 3 0  0 
-30.000000 0.000000 0.000000  4 4 0 31 2 144115188075856236 0 2133 2 144115188075856081 1 3 0  6 4 0 31 2 144115188075856110 19 1 1 936748722493063752 2060 1 864691128455135357 3 0 1935 0 
0.000000 0.000000 100000000.000000  0  6 541 3 144115188075856213 0 3 1 2 936748722493063547 0 4 0 31 2 144115188075856244 0 600 2 1152921504606847147 2 3 0 
3.000000 0.000000 0.000000  1 1 1 936748722493063545  0 
2.000000 0.000000 0.000000  1 1 1 936748722493063534  0 
1.000000 0.000000 0.000000  2 1073741855 2 144115188075856110 18 31 2 144115188075856110 19  2 1 1 936748722493063743 1936 0 
1.000000 0.000000 100000000.000000  1 31 2 144115188075856110 19  16 1700 1 1224979098644774912 2133 2 72057594037927942 1224979098644774912 1 1 936748722493063741 1700 1 1224979098644774912 1710 2 4 1224979098644774912 6 3 1224979098644774913 360287970189639979 360287970189640294 560 3 1224979098644774913 149 2 2322 2 4 1224979098644774913 1106 1 216172782113786278 2211 1 1224979098644774914 1261 1 1224979098644774914 2211 1 1224979098644774914 1261 1 1224979098644774914 1265 5 24 1224979098644774913 1 0 0 500 3 1224979098644774913 161 1 3 0 
3.000000 0.000000 0.000000  1 1006 1 0  14 4 0 1073741855 2 144115188075856110 18 31 2 144115188075856110 19 1 1 936748722493063752 2060 1 864691128455135392 2133 2 1224979098644774912 360287970189640294 6 3 1224979098644774913 360287970189639979 1224979098644774912 500 3 1224979098644774913 149 0 3 0 1935 0 1907 1 0 5 0 2075 1 1 3 0 
3.000000 0.000000 0.000000  5 31 2 144115188075856110 19 2147484654 1 0 2370 1 1224979098644774912 30 2 1224979098644774912 10 1003 0  14 1 1 936748722493063752 12 1 1224979098644774912 1718 2 1224979098644774913 1224979098644774912 560 3 1224979098644774913 149 2 4 0 1702 1 1224979098644774912 500 3 1224979098644774913 149 4 5 0 500 3 1224979098644774913 149 5 3 0 3 0 2060 1 864691128455135358 1935 0 1907 1 0 
-26.000000 0.000000 0.000000  0  16 2071 1 1224979098644774912 2072 1 1224979098644774913 1718 2 1224979098644774914 1224979098644774912 1718 2 1224979098644774915 1224979098644774913 4 0 1073741855 2 1224979098644774914 360287970189639776 1073741855 2 1224979098644774914 360287970189639803 1073741855 2 1224979098644774914 360287970189639836 31 2 1224979098644774914 360287970189639868 31 2 1224979098644774915 360287970189639680 1106 2 1585267068834414918 15785267 5 0 1507 1 1224979098644774914 560 3 1224979098644774914 149 2 500 3 1224979098644774914 149 5 3 0 
0.000000 0.300000 0.000000  5 31 2 144115188075857329 1 1541 3 1224979098644774912 360287970189639680 5 30 2 1224979098644774912 0 2700 2 1224979098644774913 1224979098644774912 30 2 1224979098644774913 800  15 1700 1 1224979098644774912 1541 3 1224979098644774913 360287970189639680 5 30 2 1224979098644774913 0 2700 2 1224979098644774914 1224979098644774913 30 2 1224979098644774914 800 4 0 33 3 1224979098644774914 800 2100 2133 2 1224979098644774915 1152921504606847156 5 0 30 2 1224979098644774914 2100 2133 2 1224979098644774915 1152921504606847157 3 0 1768 2 1224979098644774916 1224979098644774912 33 3 1224979098644774916 1801439850948198426 1801439850948198522 1750 2 1224979098644774912 1224979098644774915 
0.000000 0.000000 1.000000  6 2147484654 0 71 1 35 1700 1 1224979098644774912 1804 3 1224979098644774913 1224979098644774912 4 32 2 1224979098644774913 0 567 3 1224979098644774913 5 1  9 1700 1 1224979098644774912 1804 3 1224979098644774913 1224979098644774912 4 527 3 1224979098644774914 1224979098644774913 5 32 2 1224979098644774914 1 1542 3 1224979098644774915 360287970189639680 4 1774 3 1224979098644774912 1224979098644774913 4 1779 4 1224979098644774912 1224979098644774914 4 1224979098644774915 1740 3 1224979098644774912 1801439850948198570 1 600 1 1152921504606847167 
-25.000000 0.000000 0.000000  0  10 2071 1 1224979098644774912 1712 1 1224979098644774912 1702 1 1224979098644774912 4 0 1804 3 1224979098644774913 1224979098644774912 6 31 2 1224979098644774913 -1 1804 3 1224979098644774914 1224979098644774912 5 32 2 1224979098644774914 0 1779 2 1224979098644774912 288230376151713382 3 0 


mst_village_center village_center 0  -1
village_center 

48 0 4100 0 0 1 0  
1 4100 0 0 1 0  
2 4100 256 0 1 0  
3 4100 256 0 1 0  
4 4100 256 0 1 0  
5 4100 256 0 1 0  
6 4100 256 0 1 0  
7 4100 256 0 1 0  
8 16 256 0 1 0  
9 16 256 0 1 0  
10 16 256 0 1 0  
11 16 256 0 1 0  
12 16 256 0 1 0  
13 16 0 0 1 0  
14 16 0 0 1 0  
15 16 0 0 1 0  
16 16 256 0 1 0  
17 16 256 0 1 0  
18 16 256 0 1 0  
19 16 256 0 1 0  
20 16 256 0 1 0  
21 16 256 0 1 0  
22 16 256 0 1 0  
23 16 256 0 1 0  
24 16 256 0 1 0  
25 16 256 0 1 0  
26 16 256 0 1 0  
27 16 256 0 1 0  
28 16 256 0 1 0  
29 16 256 0 1 0  
30 16 256 0 1 0  
31 16 256 0 1 0  
32 16 256 0 1 0  
33 16 256 0 1 0  
34 16 256 0 1 0  
35 16 256 0 1 0  
36 16 256 0 1 0  
37 16 256 0 1 0  
38 16 256 0 1 0  
39 16 256 0 1 0  
40 16 256 0 1 0  
41 16 256 0 1 0  
42 16 256 0 1 0  
43 16 256 0 1 0  
44 16 256 0 1 0  
45 16 256 0 1 0  
46 16 256 0 1 0  
47 16 256 0 1 0  
11
1.000000 0.000000 100000000.000000  0  4 2211 1 1224979098644774912 503 3 1224979098644774912 0 1 1 1 936748722493063542 1 2 936748722493063691 65536 
-19.000000 0.000000 0.000000  0  1 1 1 936748722493063528 
-22.000000 0.000000 0.000000  9 4 0 200 1 504403158265495558 2147483850 1 504403158265495558 2147483851 1 504403158265495558 546 3 504403158265495558 11 1 1106 1 216172782113783923 5 0 2075 1 1 3 0  0 
-21.000000 0.000000 0.000000  14 4 0 200 1 504403158265495558 2147483850 1 504403158265495558 2147483851 1 504403158265495558 546 3 504403158265495558 1 144115188075856213 546 3 504403158265495558 11 1 4 0 1 2 936748722493063628 360287970189641345 1 2 936748722493063580 504403158265495558 5 0 1 2 936748722493063579 504403158265495558 3 0 3 0 2075 1 1  0 
-30.000000 0.000000 0.000000  3 4 0 2133 2 144115188075856081 1 3 0  0 
3.000000 0.000000 0.000000  1 1 1 936748722493063545  0 
2.000000 0.000000 0.000000  1 1 1 936748722493063533  0 
-26.000000 0.000000 0.000000  3 200 1 504403158265495558 546 3 504403158265495558 1 144115188075856213 2147483850 1 504403158265495558  32 2071 1 1224979098644774912 1704 1 1224979098644774912 2073 1 1224979098644774913 1700 1 1224979098644774914 1718 2 1224979098644774915 1224979098644774912 4 0 1073741855 2 1224979098644774912 1224979098644774914 1006 0 2060 1 864691128455135324 1907 1 4 5 0 31 2 1224979098644774915 360287970189641345 1615 3 144115188075856213 360287970189641345 1 4 0 31 2 1224979098644774913 0 1 3 936748722493063460 144115188075856213 -2 5 0 1614 3 648518346341351424 360287970189641345 1 506 3 504403158265495558 11 2 3 0 1726 3 1224979098644774916 1224979098644774912 0 4 0 32 2 1224979098644774916 0 2136 3 1224979098644774917 0 10 1530 3 360287970189639680 1224979098644774916 1224979098644774917 1774 2 1224979098644774912 1224979098644774916 3 0 1 2 936748722493063579 504403158265495558 1 1 936748722493063740 5 0 1 3 936748722493063460 144115188075856213 -1 3 0 
0.000000 0.300000 0.000000  5 31 2 144115188075857329 1 1541 3 1224979098644774912 360287970189639680 5 30 2 1224979098644774912 0 2700 2 1224979098644774913 1224979098644774912 30 2 1224979098644774913 800  15 1700 1 1224979098644774912 1541 3 1224979098644774913 360287970189639680 5 30 2 1224979098644774913 0 2700 2 1224979098644774914 1224979098644774913 30 2 1224979098644774914 800 4 0 33 3 1224979098644774914 800 2100 2133 2 1224979098644774915 1152921504606847156 5 0 30 2 1224979098644774914 2100 2133 2 1224979098644774915 1152921504606847157 3 0 1768 2 1224979098644774916 1224979098644774912 33 3 1224979098644774916 1801439850948198426 1801439850948198522 1750 2 1224979098644774912 1224979098644774915 
0.000000 0.000000 1.000000  6 2147484654 0 71 1 35 1700 1 1224979098644774912 1804 3 1224979098644774913 1224979098644774912 4 32 2 1224979098644774913 0 567 3 1224979098644774913 5 1  9 1700 1 1224979098644774912 1804 3 1224979098644774913 1224979098644774912 4 527 3 1224979098644774914 1224979098644774913 5 32 2 1224979098644774914 1 1542 3 1224979098644774915 360287970189639680 4 1774 3 1224979098644774912 1224979098644774913 4 1779 4 1224979098644774912 1224979098644774914 4 1224979098644774915 1740 3 1224979098644774912 1801439850948198570 1 600 1 1152921504606847167 
-25.000000 0.000000 0.000000  0  10 2071 1 1224979098644774912 1712 1 1224979098644774912 1702 1 1224979098644774912 4 0 1804 3 1224979098644774913 1224979098644774912 6 31 2 1224979098644774913 -1 1804 3 1224979098644774914 1224979098644774912 5 32 2 1224979098644774914 0 1779 2 1224979098644774912 288230376151713382 3 0 


mst_bandits_at_night bandits_at_night 0  -1
Default_town_visit 

48 0 4100 256 16 1 5  137 136 25 1503 675 
1 4100 0 0 1 0  
2 4100 256 0 1 0  
3 4100 256 0 1 0  
4 4112 256 16 1 0  
5 4100 256 0 1 0  
6 4100 256 0 1 0  
7 4100 256 0 1 0  
8 4 256 0 1 0  
9 16 256 0 1 0  
10 16 256 0 1 0  
11 16 256 16 1 0  
12 16 256 0 1 0  
13 4 0 0 1 0  
14 4 0 0 1 0  
15 4 0 0 1 0  
16 16 256 0 1 0  
17 16 256 0 1 0  
18 16 256 0 1 0  
19 16 256 0 1 0  
20 16 256 0 1 0  
21 16 256 0 1 0  
22 16 256 0 1 0  
23 16 256 0 1 0  
24 16 256 0 1 0  
25 16 256 0 1 0  
26 16 256 0 1 0  
27 16 256 16 1 0  
28 16 256 16 1 0  
29 16 256 0 1 0  
30 16 256 0 1 0  
31 16 256 0 1 0  
32 16 256 0 1 0  
33 16 256 0 1 0  
34 16 256 0 1 0  
35 16 256 0 1 0  
36 16 256 0 1 0  
37 16 256 0 1 0  
38 16 256 0 1 0  
39 16 256 0 1 0  
40 8208 256 16 1 0  
41 8208 256 16 1 0  
42 8208 256 16 1 0  
43 8208 256 16 1 0  
44 8208 256 16 1 0  
45 8208 256 16 1 0  
46 8208 256 16 1 0  
47 8208 256 16 1 0  
11
-25.000000 0.000000 0.000000  0  4 2071 1 1224979098644774912 1718 2 1224979098644774913 1224979098644774912 2147483679 2 1224979098644774913 360287970189639680 1771 2 1224979098644774912 1 
-19.000000 0.000000 0.000000  0  1 1 1 936748722493063528 
-22.000000 0.000000 0.000000  1 1106 1 216172782113783923  0 
-21.000000 0.000000 0.000000  1 1106 1 216172782113786879  0 
-30.000000 0.000000 0.000000  4 4 0 31 2 144115188075856236 0 2133 2 144115188075856081 1 3 0  0 
0.000000 0.000000 100000000.000000  0  4 1 2 936748722493063691 4096 1020 0 541 3 144115188075856213 0 3 1 2 936748722493063547 0 
1.000000 4.000000 100000000.000000  4 2370 1 1224979098644774912 30 2 1224979098644774912 5 1073742830 0 1005 1 1  7 4 0 1006 0 2060 1 864691128455135330 5 0 2060 1 864691128455135331 3 0 1907 0 
0.000000 0.300000 0.000000  5 31 2 144115188075857329 1 1541 3 1224979098644774912 360287970189639680 5 30 2 1224979098644774912 0 2700 2 1224979098644774913 1224979098644774912 30 2 1224979098644774913 800  15 1700 1 1224979098644774912 1541 3 1224979098644774913 360287970189639680 5 30 2 1224979098644774913 0 2700 2 1224979098644774914 1224979098644774913 30 2 1224979098644774914 800 4 0 33 3 1224979098644774914 800 2100 2133 2 1224979098644774915 1152921504606847156 5 0 30 2 1224979098644774914 2100 2133 2 1224979098644774915 1152921504606847157 3 0 1768 2 1224979098644774916 1224979098644774912 33 3 1224979098644774916 1801439850948198426 1801439850948198522 1750 2 1224979098644774912 1224979098644774915 
0.000000 0.000000 1.000000  6 2147484654 0 71 1 35 1700 1 1224979098644774912 1804 3 1224979098644774913 1224979098644774912 4 32 2 1224979098644774913 0 567 3 1224979098644774913 5 1  9 1700 1 1224979098644774912 1804 3 1224979098644774913 1224979098644774912 4 527 3 1224979098644774914 1224979098644774913 5 32 2 1224979098644774914 1 1542 3 1224979098644774915 360287970189639680 4 1774 3 1224979098644774912 1224979098644774913 4 1779 4 1224979098644774912 1224979098644774914 4 1224979098644774915 1740 3 1224979098644774912 1801439850948198570 1 600 1 1152921504606847167 
0.000000 0.000000 1.000000  6 2147484654 0 73 1 9 1700 1 1224979098644774912 1726 3 1224979098644774913 1224979098644774912 0 32 2 1224979098644774913 0 567 3 1224979098644774913 5 1  12 1700 1 1224979098644774912 1726 3 1224979098644774913 1224979098644774912 0 527 3 1224979098644774914 1224979098644774913 5 32 2 1224979098644774914 1 6 3 1224979098644774915 0 4 1804 3 1224979098644774916 1224979098644774912 1224979098644774915 31 2 1224979098644774916 1224979098644774913 1542 3 1224979098644774917 360287970189639680 1224979098644774915 1774 3 1224979098644774912 1224979098644774913 1224979098644774915 1779 4 1224979098644774912 1224979098644774914 1224979098644774915 1224979098644774917 1747 2 1224979098644774912 1224979098644774914 3 0 
-25.000000 0.000000 0.000000  0  10 2071 1 1224979098644774912 1712 1 1224979098644774912 1702 1 1224979098644774912 4 0 1804 3 1224979098644774913 1224979098644774912 6 31 2 1224979098644774913 -1 1804 3 1224979098644774914 1224979098644774912 5 32 2 1224979098644774914 0 1779 2 1224979098644774912 288230376151713382 3 0 


mst_village_training village_training 1  -1
village_training 

2 2 4112 511 16 1 2  25 41 
4 8208 511 16 1 2  25 41 
5
-19.000000 0.000000 0.000000  0  2 2133 2 144115188075856291 0 1 1 936748722493063528 
-21.000000 0.000000 0.000000  0  1 1121 1 216172782113783949 
-8.000000 0.000000 0.000000  0  3 2071 1 1224979098644774912 31 2 1224979098644774912 0 1907 0 
-22.000000 0.000000 0.000000  1 1106 1 216172782113783923  0 
1.000000 4.000000 100000000.000000  2 1073742830 0 1005 1 1  5 4 0 2147484654 0 2133 2 144115188075856291 1 3 0 1907 0 


mst_visit_town_castle visit_town_castle 0  -1
You_enter_the_halls_of_the_lord. 

32 0 4100 287 0 1 0  
1 4100 256 0 1 0  
2 4100 256 0 1 0  
3 4100 256 0 1 0  
4 4100 256 0 1 0  
5 4112 256 0 1 0  
6 4112 256 0 1 0  
7 4112 256 0 1 0  
8 16 256 0 1 0  
9 16 256 0 1 0  
10 4 256 0 1 0  
11 4 256 0 1 0  
12 16 256 0 1 0  
13 16 0 0 1 0  
14 16 0 0 1 0  
15 16 0 0 1 0  
16 16 268435727 0 1 0  
17 16 268435727 0 1 0  
18 16 268435727 0 1 0  
19 16 268435727 0 1 0  
20 16 268435727 0 1 0  
21 16 268435727 0 1 0  
22 16 268435727 0 1 0  
23 16 268435727 0 1 0  
24 16 268435727 0 1 0  
25 16 268435727 0 1 0  
26 16 268435727 0 1 0  
27 16 268435727 0 1 0  
28 16 268435727 0 1 0  
29 16 268435727 0 1 0  
30 16 268435727 0 1 0  
31 16 268435727 0 1 0  
11
-25.000000 0.000000 0.000000  0  2 2071 1 1224979098644774912 1 2 936748722493063541 1224979098644774912 
-19.000000 0.000000 0.000000  0  1 1 1 936748722493063528 
-22.000000 0.000000 0.000000  1 2075 1 1  0 
-21.000000 0.000000 0.000000  2 2147483679 2 144115188075856110 18 2075 1 1  0 
-30.000000 0.000000 0.000000  1 31 2 144115188075856110 18  2 1106 1 216172782113786280 1911 1 792633534417207318 
-20.000000 0.000000 100000000.000000  0  62 2133 2 1224979098644774912 0 4 0 31 2 144115188075856285 144115188075856213 31 2 144115188075856110 1 1073742365 3 144115188075856213 248 648518346341351425 541 3 144115188075856213 248 648518346341351427 1700 1 1224979098644774913 1780 2 1 16 1712 1 1224979098644774913 1711 2 1224979098644774913 1 5 0 31 2 144115188075856110 1 541 3 144115188075856213 7 360287970189639680 520 3 1224979098644774914 360287970189641430 165 2147483679 2 1224979098644774914 0 2133 2 144115188075855988 -1 2133 2 144115188075856009 -1 1507 1 1224979098644774914 1 2 936748722493063933 144115188075856213 2133 2 1224979098644774915 72057594037927936 12 1 1224979098644774913 1712 1 1224979098644774913 1704 1 1224979098644774913 1718 2 1224979098644774916 1224979098644774913 4 0 31 2 1224979098644774916 1224979098644774914 2133 2 144115188075855988 1224979098644774913 5 0 31 2 1224979098644774916 1224979098644774915 2133 2 144115188075856009 1224979098644774913 3 0 3 0 2147483679 2 144115188075855988 -1 4 0 2147483679 2 144115188075856009 -1 1710 2 1 144115188075856009 2096 2 144115188075856009 0 1749 1 144115188075856009 1711 2 144115188075855988 1 3 0 1920 1 1224979098644774914 2133 2 1224979098644774912 1 3 0 4 0 31 2 1224979098644774912 0 4 0 31 2 144115188075856110 1 4 0 2204 2 1224979098644774917 144115188075856213 542 3 1224979098644774917 4 6 542 3 1224979098644774917 5 144115188075856213 1 2 936748722493063691 16777216 3 0 2008 1 4285751890 2009 2 7561810 1500 5 0 31 2 1224979098644774912 0 2008 1 4278256131 2009 2 0 3000 1 2 936748722493063691 0 3 0 3 0 
1.000000 0.000000 5.000000  9 70 1 225 1811 3 1224979098644774912 1080863910568919047 0 30 2 1224979098644774912 0 1850 2 1 1224979098644774912 1700 1 1224979098644774913 1712 1 1224979098644774913 1710 2 2 1224979098644774913 710 3 1224979098644774914 1 2 2147483678 2 1224979098644774914 250  4 1122 1 -1 1 2 936748722493063913 144115188075856213 2133 2 144115188075857100 72057594037927936 900 1 1513209474796486711 
2.000000 1.500000 5.000000  10 1811 3 1224979098644774912 1080863910568919047 0 30 2 1224979098644774912 0 1850 2 1 1224979098644774912 1700 1 1224979098644774913 1710 2 2 1224979098644774913 710 3 1224979098644774914 1 2 2147483678 2 1224979098644774914 300 2147484362 2 1 2 2147484551 1 1513209474796486711 2147483690 0  5 1124 2 17 17 1123 2 500 500 1125 1 1 1126 1 1 1122 1 216172782113787337 
2.000000 0.000000 5.000000  4 1811 3 1224979098644774912 1080863910568919047 0 30 2 1224979098644774912 0 1073741866 0 903 1 1513209474796486711  2 1122 1 -1 78 0 
-25.000000 0.000000 0.000000  0  10 2071 1 1224979098644774912 1712 1 1224979098644774912 1702 1 1224979098644774912 4 0 1804 3 1224979098644774913 1224979098644774912 6 31 2 1224979098644774913 -1 1804 3 1224979098644774914 1224979098644774912 5 32 2 1224979098644774914 0 1779 2 1224979098644774912 288230376151713382 3 0 
0.000000 0.300000 0.000000  10 31 2 144115188075857329 1 4 0 1 1 936748722493064068 1541 3 1224979098644774912 360287970189641324 5 5 0 1541 3 1224979098644774912 360287970189639680 5 3 0 30 2 1224979098644774912 0 2700 2 1224979098644774913 1224979098644774912 30 2 1224979098644774913 800  20 1700 1 1224979098644774912 4 0 1 1 936748722493064068 1541 3 1224979098644774913 360287970189641324 5 5 0 1541 3 1224979098644774913 360287970189639680 5 3 0 30 2 1224979098644774913 0 2700 2 1224979098644774914 1224979098644774913 30 2 1224979098644774914 800 4 0 33 3 1224979098644774914 800 2100 2133 2 1224979098644774915 1152921504606847156 5 0 30 2 1224979098644774914 2100 2133 2 1224979098644774915 1152921504606847157 3 0 1768 2 1224979098644774916 1224979098644774912 33 3 1224979098644774916 1801439850948198426 1801439850948198522 1750 2 1224979098644774912 1224979098644774915 


mst_back_alley_kill_local_merchant back_alley_kill_local_merchant 2  -1
You_enter_the_back_alley 

2 0 4112 256 16 1 0  
3 8208 256 16 1 0  
6
-22.000000 0.000000 0.000000  1 1106 1 216172782113783923  0 
-21.000000 0.000000 0.000000  1 1106 1 216172782113786879  0 
-19.000000 0.000000 0.000000  0  1 1 1 936748722493063528 
0.000000 0.000000 100000000.000000  0  1 1 2 936748722493063691 4096 
0.000000 0.000000 100000000.000000  26 2370 1 1224979098644774912 30 2 1224979098644774912 1 2133 2 1224979098644774913 0 2133 2 1224979098644774914 0 2133 2 1224979098644774913 0 2133 2 1224979098644774915 -1 2133 2 1224979098644774916 -1 12 1 1224979098644774917 1718 2 1224979098644774918 1224979098644774917 4 0 31 2 1224979098644774918 360287970189641342 1720 2 1224979098644774913 1224979098644774917 2133 2 1224979098644774915 1224979098644774917 5 0 31 2 1224979098644774918 360287970189639680 1720 2 1224979098644774914 1224979098644774917 2133 2 1224979098644774916 1224979098644774917 3 0 3 0 30 2 1224979098644774916 0 30 2 1224979098644774915 0 1702 1 1224979098644774916 1702 1 1224979098644774915 33 3 1224979098644774913 1 30 32 2 1224979098644774914 50 1920 1 360287970189641342  0 
1.000000 4.000000 100000000.000000  8 2133 2 1224979098644774912 0 4 0 1 2 936748722493063628 360287970189641342 5 0 2133 2 1224979098644774912 1 3 0 1073742830 0 31 2 1224979098644774912 1  8 4 0 1006 0 1 2 936748722493063580 504403158265495559 5 0 1 3 936748722493063460 144115188075856213 -4 1 2 936748722493063579 504403158265495559 3 0 1907 0 


mst_back_alley_revolt back_alley_revolt 2  8
You_lead_your_men_to_battle. 

2 0 33558528 287 16 4 1  25 
3 8208 256 16 1 0  
8
-22.000000 0.000000 0.000000  1 1106 1 216172782113783923  0 
-25.000000 0.000000 0.000000  0  3 2071 1 1224979098644774912 1718 2 1224979098644774913 1224979098644774912 1 4 936748722493063611 1729382256910270468 1224979098644774912 1224979098644774913 
-21.000000 0.000000 0.000000  0  1 1121 1 216172782113783948 
-8.000000 0.000000 0.000000  0  4 2071 1 1224979098644774912 31 2 1224979098644774912 0 2060 1 864691128455135375 1907 0 
-21.000000 0.000000 0.000000  1 1106 1 216172782113786879  0 
-19.000000 0.000000 0.000000  0  1 1 1 936748722493063528 
0.000000 0.000000 100000000.000000  0  1 1 2 936748722493063691 1024 
1.000000 4.000000 100000000.000000  2 1073742830 0 1005 1 1  7 4 0 1006 0 2060 1 864691128455135375 5 0 2060 1 864691128455135374 3 0 1907 0 


mst_lead_charge lead_charge 65538  8
You_lead_your_men_to_battle. 

4 1 4160 0 16 12 0  
0 4160 0 16 0 0  
4 8320 0 16 12 0  
4 8320 0 16 0 0  
84
-25.000000 0.000000 0.000000  1 31 2 144115188075857202 0  2 2071 1 1224979098644774912 1 2 936748722493063576 1224979098644774912 
-25.000000 0.000000 0.000000  0  3 2071 1 1224979098644774912 1718 2 1224979098644774913 1224979098644774912 1 4 936748722493063611 1729382256910270468 1224979098644774912 1224979098644774913 
-21.000000 0.000000 0.000000  0  15 4 0 31 2 144115188075856297 1 1 1 936748722493063624 1907 1 0 5 0 31 2 144115188075857105 0 1073742830 0 31 2 144115188075856292 1 1121 1 216172782113783948 5 0 1 1 936748722493063406 1121 1 216172782113783948 5 0 1106 1 216172782113783952 3 0 
-8.000000 0.000000 0.000000  0  11 2071 1 1224979098644774912 31 2 1224979098644774912 0 2133 2 144115188075856292 0 4 0 2370 1 1224979098644774913 32 2 1224979098644774913 20 2320 2 5 216172782113784204 1 4 936748722493063508 10 20 1 3 0 1 1 936748722493063624 1907 1 0 
-19.000000 0.000000 0.000000  0  8 1796 3 0 2 1 1796 3 1 3 1 1 1 936748722493063658 1617 1 648518346341351443 2133 2 144115188075856293 1 2133 2 144115188075856294 1 2133 2 144115188075856295 1 2133 2 144115188075856296 1 
0.000000 0.000000 100000000.000000  0  7 2133 2 144115188075856297 0 2133 2 144115188075856298 0 2133 2 144115188075856299 0 1 1 936748722493063657 1 1 936748722493063692 2133 2 144115188075856300 2 1 1 936748722493063893 
30.000000 0.000000 0.000000  0  1 1 1 936748722493063692 
2.000000 0.000000 0.000000  0  1 1 1 936748722493063507 
1.000000 0.000000 5.000000  25 1 2 936748722493063371 648518346341351439 2133 2 1224979098644774912 72057594037927936 2133 2 1224979098644774913 0 12 1 1224979098644774914 1704 1 1224979098644774914 1716 2 1224979098644774915 1224979098644774914 4 0 2147483679 2 1224979098644774915 648518346341351424 2147485354 1 1224979098644774914 2105 2 1224979098644774913 1 3 0 3 0 2121 3 1224979098644774916 1224979098644774912 1224979098644774913 4 0 2147483678 2 1224979098644774916 15 30 2 144115188075856298 2 31 2 144115188075856301 0 2105 2 144115188075856300 1 2133 2 144115188075856301 1 3 0 2147483678 2 144115188075856298 144115188075856300 2370 1 1224979098644774917 30 2 1224979098644774917 10 2385 2 1224979098644774918 0 2147483678 2 1224979098644774918 6  3 1930 2 0 7 2133 2 144115188075856301 0 2105 2 144115188075856298 1 
1.000000 0.000000 5.000000  5 2147483678 2 144115188075856299 2 2370 1 1224979098644774912 30 2 1224979098644774912 10 2385 2 1224979098644774913 1 2147483678 2 1224979098644774913 6  2 1930 2 3 7 2105 2 144115188075856299 1 
1.000000 60.000000 100000000.000000  10 2370 1 72057594037927937 30 2 72057594037927937 10 1003 1 5 1073741855 2 144115188075857105 0 2147484654 0 1906 1 1 1106 1 216172782113783831 2133 2 144115188075856297 1 2133 2 144115188075856168 1 1 1 936748722493063693  2 1 1 936748722493063624 1907 1 1 
10.000000 0.000000 0.000000  1 31 2 144115188075856297 1  1 1106 1 216172782113783831 
1.000000 4.000000 0.000000  1 1006 0  11 4 0 1 1 936748722493063889 5 0 2133 2 144115188075856292 1 2320 2 5 216172782113784204 1 4 936748722493063508 10 20 1 2133 2 144115188075856168 -1 1906 1 -1 1 1 936748722493063624 1907 1 0 3 0 
-22.000000 0.000000 0.000000  0  1 1106 1 216172782113783922 
0.100000 0.000000 0.000000  1 903 1 1513209474796486719  1 1 1 936748722493063562 
10.000000 0.000000 0.000000  3 2370 1 1224979098644774912 30 2 1224979098644774912 5 1 1 936748722493064054  0 
3.000000 0.000000 0.000000  13 2133 2 1224979098644774912 0 4 0 31 2 144115188075857330 0 32 2 144115188075857315 150 2133 2 1224979098644774912 1 5 0 31 2 144115188075857330 1 2133 2 1224979098644774912 1 3 0 31 2 1224979098644774912 1 2370 1 1224979098644774913 30 2 1224979098644774913 30 1 1 936748722493064021  0 
0.500000 0.000000 0.000000  23 2133 2 1224979098644774912 0 4 0 31 2 144115188075857330 0 2147483680 2 144115188075857315 150 2133 2 1224979098644774912 1 5 0 31 2 144115188075857330 2 2133 2 1224979098644774912 1 3 0 31 2 1224979098644774912 1 2365 1 1224979098644774913 30 2 1224979098644774913 30000 2123 3 1224979098644774914 1224979098644774913 1000 2123 3 1224979098644774915 1224979098644774913 100 12 1 1224979098644774916 1712 1 1224979098644774916 1704 1 1224979098644774916 1702 1 1224979098644774916 2119 3 1224979098644774917 1224979098644774915 50 2119 3 1224979098644774918 1224979098644774916 50 31 2 1224979098644774918 1224979098644774917 1 3 936748722493064020 1224979098644774916 1224979098644774914 3 0  0 
-25.000000 0.000000 0.000000  1 30 2 144115188075856199 4  21 2071 1 1224979098644774912 1704 1 1224979098644774912 1718 2 1224979098644774913 1224979098644774912 2147485155 1 1224979098644774913 2173 2 1224979098644774914 1224979098644774913 4 0 1716 2 1224979098644774915 1224979098644774912 132 1 1224979098644774915 2204 2 1224979098644774916 1224979098644774915 1 3 936748722493063852 360287970189639680 1224979098644774916 30 2 72057594037927936 60 2133 2 1224979098644774914 432345564227567630 3 0 522 3 1224979098644774917 1224979098644774914 40 2136 3 1224979098644774918 -100 1224979098644774917 4 0 2147483680 2 1224979098644774918 0 1505 2 1224979098644774913 0 5 0 1505 2 1224979098644774913 1 3 0 
1.000000 0.000000 0.000000  1 31 2 144115188075857104 0  26 12 1 1224979098644774912 1702 1 1224979098644774912 1704 1 1224979098644774912 1714 2 1224979098644774913 1224979098644774912 4 0 30 2 1224979098644774913 0 1720 2 1224979098644774914 1224979098644774913 2121 3 1224979098644774915 100 1224979098644774914 4 0 2147483680 2 1224979098644774915 15 2108 2 1224979098644774915 2 2120 3 1224979098644774916 100 1224979098644774915 5 0 2107 2 1224979098644774915 2 2108 2 1224979098644774915 3 2121 3 1224979098644774916 115 1224979098644774915 3 0 1718 2 1224979098644774917 1224979098644774912 2170 3 1224979098644774918 24 1224979098644774917 2122 3 1224979098644774919 1224979098644774918 2 2105 2 1224979098644774919 100 2107 2 1224979098644774916 1224979098644774919 2108 2 1224979098644774916 100 1734 2 1224979098644774912 1224979098644774916 3 0 3 0 
0.000000 0.000000 0.000000  11 31 2 144115188075857110 2 1073741896 1 0 1073741896 1 1 1073741896 1 2 1073741896 1 3 1073741894 1 144115188075857228 1073741894 1 144115188075857229 1073741894 1 144115188075857227 1073741894 1 144115188075857226 1073741895 1 199 72 1 19  65 2124 1 10000 2010 1 47 2133 2 1224979098644774912 0 2133 2 1224979098644774913 0 2133 2 1224979098644774914 0 4 0 72 1 0 2105 2 1224979098644774913 10 5 0 72 1 1 2105 2 1224979098644774913 -10 3 0 4 0 72 1 3 2105 2 1224979098644774912 10 5 0 72 1 2 2105 2 1224979098644774912 -10 3 0 4 0 70 1 144115188075857226 2105 2 1224979098644774914 10 5 0 70 1 144115188075857227 2105 2 1224979098644774914 -10 3 0 4 0 72 1 19 2107 2 1224979098644774912 4 2107 2 1224979098644774913 4 2107 2 1224979098644774914 2 3 0 720 2 47 1224979098644774912 721 2 47 1224979098644774913 722 2 47 1224979098644774914 2011 1 47 4 0 70 1 144115188075857228 30 2 144115188075857188 4 30 2 144115188075857189 3 2106 2 144115188075857188 4 2106 2 144115188075857189 3 2119 3 72057594037927942 144115188075857188 100 2119 3 72057594037927943 144115188075857189 75 4 0 31 2 72057594037927942 0 31 2 72057594037927943 0 2133 2 72057594037927944 144115188075857188 2133 2 72057594037927945 144115188075857189 1106 1 1585267068834414919 3 0 5 0 70 1 144115188075857229 2105 2 144115188075857188 4 2105 2 144115188075857189 3 2119 3 72057594037927942 144115188075857188 100 2119 3 72057594037927943 144115188075857189 75 4 0 31 2 72057594037927942 0 31 2 72057594037927943 0 2133 2 72057594037927944 144115188075857188 2133 2 72057594037927945 144115188075857189 1106 1 1585267068834414920 3 0 3 0 
0.000000 0.000000 0.000000  1 31 2 144115188075857110 2  138 2124 1 10000 4 0 1073742727 1 1513209474796486719 1073741895 1 1 1073741895 1 16 71 1 15 31 2 144115188075857190 0 2133 2 144115188075857190 1 2133 2 144115188075857191 144115188075857194 2133 2 144115188075857192 144115188075857195 3 0 2133 2 1224979098644774912 0 4 0 2147484551 1 1513209474796486719 75 1 1 726 2 72057594037927937 1 727 2 72057594037927938 1 2010 1 47 4 0 2147483679 2 144115188075857190 1 4 0 31 2 72057594037927937 144115188075857196 31 2 72057594037927938 144115188075857197 3221225503 2 72057594037927937 144115188075857194 2147483679 2 72057594037927938 144115188075857195 2105 2 144115188075857193 1 4 0 30 2 144115188075857193 15 2133 2 144115188075857193 0 2133 2 144115188075857194 72057594037927937 2133 2 144115188075857195 72057594037927938 3 0 5 0 2133 2 1224979098644774912 1 2133 2 144115188075857193 0 3 0 2133 2 144115188075857196 72057594037927937 2133 2 144115188075857197 72057594037927938 5 0 4 0 2147483679 2 72057594037927937 144115188075857196 2147483679 2 72057594037927938 144115188075857197 2121 3 1224979098644774913 72057594037927937 144115188075857191 2121 3 1224979098644774914 72057594037927938 144115188075857192 33 3 1224979098644774913 -10 11 33 3 1224979098644774914 -10 11 2133 2 144115188075857190 0 2133 2 144115188075857194 144115188075857191 2133 2 144115188075857195 144115188075857192 5 0 2133 2 144115188075857194 72057594037927937 2133 2 144115188075857195 72057594037927938 3 0 2133 2 144115188075857196 72057594037927937 2133 2 144115188075857197 72057594037927938 3 0 3 0 2133 2 1224979098644774915 0 2133 2 1224979098644774916 0 2133 2 1224979098644774917 0 2133 2 1224979098644774918 0 4 0 70 1 144115188075857232 4 0 30 2 144115188075857198 0 2133 2 144115188075857198 -20 3 0 2105 2 144115188075857198 -1 2133 2 1224979098644774912 2 2133 2 1224979098644774917 -1 5 0 70 1 144115188075857233 4 0 2147483680 2 144115188075857198 0 2133 2 144115188075857198 20 3 0 2105 2 144115188075857198 1 2133 2 1224979098644774912 2 2133 2 1224979098644774917 1 5 0 2133 2 144115188075857198 0 2133 2 1224979098644774917 0 3 0 4 0 70 1 144115188075857230 4 0 2147483680 2 144115188075857199 0 2133 2 144115188075857199 15 3 0 2105 2 144115188075857199 1 2133 2 1224979098644774912 2 2133 2 1224979098644774918 1 5 0 70 1 144115188075857231 4 0 30 2 144115188075857199 0 2133 2 144115188075857199 -15 3 0 2105 2 144115188075857199 -1 2133 2 1224979098644774912 2 2133 2 1224979098644774918 -1 5 0 2133 2 144115188075857199 0 2133 2 1224979098644774918 0 3 0 4 0 31 2 1224979098644774912 1 2121 3 1224979098644774915 72057594037927937 144115188075857194 2121 3 1224979098644774916 72057594037927938 144115188075857195 5 0 31 2 1224979098644774912 2 4 0 2147483679 2 1224979098644774917 0 2112 3 144115188075857198 -80 80 2133 2 1224979098644774915 144115188075857198 3 0 4 0 2147483679 2 1224979098644774918 0 2112 3 144115188075857199 -45 45 2133 2 1224979098644774916 144115188075857199 3 0 3 0 4 0 30 2 1224979098644774912 1 2107 2 1224979098644774915 144115188075857188 2107 2 1224979098644774916 144115188075857189 2112 3 1224979098644774915 -80000 80001 2112 3 1224979098644774916 -60000 60001 2122 3 1224979098644774919 144115188075857200 -1 738 2 47 1224979098644774919 724 2 47 90 738 2 47 1224979098644774915 724 2 47 -90 738 2 47 144115188075857200 738 2 47 1224979098644774916 2105 2 144115188075857200 1224979098644774916 2011 1 47 3 0 
0.000000 0.000000 0.000000  4 1073741855 2 144115188075857110 3 2147484654 0 1073741855 2 144115188075857174 1 31 2 144115188075857243 0  87 4 0 1006 0 32 2 144115188075857306 -1 2133 2 1224979098644774912 144115188075857306 2133 2 1224979098644774913 500 5 0 2133 2 1224979098644774912 144115188075857307 2133 2 1224979098644774913 0 3 0 30 2 1224979098644774912 0 2133 2 1224979098644774914 0 4 0 70 1 144115188075857226 2105 2 144115188075857117 5 2133 2 1224979098644774914 1 4 0 70 1 29 2105 2 144115188075857113 5 3 0 5 0 70 1 144115188075857227 2106 2 144115188075857117 5 2133 2 1224979098644774914 1 4 0 70 1 29 2106 2 144115188075857113 5 3 0 5 0 70 1 144115188075857230 2105 2 144115188075857116 5 2133 2 1224979098644774914 1 4 0 70 1 29 2105 2 144115188075857112 5 3 0 5 0 70 1 144115188075857231 2106 2 144115188075857116 5 2133 2 1224979098644774914 1 4 0 70 1 29 2106 2 144115188075857112 5 3 0 3 0 4 0 70 1 29 4 0 70 1 144115188075857232 2106 2 144115188075857113 5 5 0 70 1 144115188075857233 2105 2 144115188075857113 5 3 0 3 0 4 0 31 2 1224979098644774914 1 62 1 0 2133 2 1224979098644774913 0 2001 1 1 3 0 1709 2 47 1224979098644774912 722 2 47 144115188075857117 721 2 47 144115188075857116 725 2 47 144115188075857114 723 2 47 144115188075857112 724 2 47 144115188075857113 1714 2 1224979098644774915 1224979098644774912 4 0 30 2 1224979098644774915 0 722 2 47 90 2108 2 1224979098644774913 2 3 0 793 2 1224979098644774916 47 4 0 2147483680 2 1224979098644774916 0 791 1 47 722 2 47 15 3 0 4 0 1 1 936748722493063894 2147484654 0 5 0 32 2 1224979098644774913 0 2012 3 47 1224979098644774913 0 5 0 2011 1 47 3 0 
0.000000 0.500000 1.000000  4 1073741895 1 238 71 1 144115188075857228 1006 0 31 2 144115188075857110 3  1 1 1 936748722493063896 
0.000000 0.500000 1.000000  4 1073741895 1 239 71 1 144115188075857229 1006 0 31 2 144115188075857110 3  1 1 1 936748722493063897 
0.000000 0.000000 0.000000  4 31 2 144115188075857105 0 31 2 144115188075857110 1 1073741855 2 144115188075857174 1 31 2 144115188075857243 0  61 2010 1 47 2133 2 1224979098644774912 0 2133 2 1224979098644774913 0 2133 2 1224979098644774914 0 2133 2 1224979098644774915 0 2133 2 1224979098644774916 0 2133 2 1224979098644774917 0 4 0 72 1 2 2106 2 1224979098644774915 10 5 0 72 1 3 2105 2 1224979098644774915 10 3 0 720 2 47 1224979098644774915 4 0 72 1 0 2105 2 1224979098644774916 10 5 0 72 1 1 2106 2 1224979098644774916 10 3 0 721 2 47 1224979098644774916 4 0 70 1 144115188075857226 2105 2 1224979098644774917 10 5 0 70 1 144115188075857227 2106 2 1224979098644774917 10 3 0 722 2 47 1224979098644774917 4 0 70 1 144115188075857232 2105 2 1224979098644774914 1 5 0 70 1 144115188075857233 2106 2 1224979098644774914 1 3 0 725 2 47 1224979098644774914 4 0 70 1 144115188075857228 2105 2 1224979098644774913 1 5 0 70 1 144115188075857229 2106 2 1224979098644774913 1 3 0 724 2 47 1224979098644774913 4 0 70 1 144115188075857230 2105 2 1224979098644774912 1 5 0 70 1 144115188075857231 2106 2 1224979098644774912 1 3 0 723 2 47 1224979098644774912 4 0 1 1 936748722493063894 5 0 2001 1 1 2011 1 47 3 0 
1.000000 0.000000 0.000000  0  116 1700 1 1224979098644774912 12 1 1224979098644774913 1712 1 1224979098644774913 1702 1 1224979098644774913 1704 1 1224979098644774913 1718 2 1224979098644774914 1224979098644774913 2147483679 2 1224979098644774913 1224979098644774912 1770 2 1224979098644774915 1224979098644774913 1773 2 1224979098644774916 1224979098644774913 1787 3 1224979098644774917 1224979098644774915 1224979098644774916 31 2 1224979098644774917 0 1727 2 1224979098644774918 1224979098644774913 2170 3 1224979098644774919 1369094286720630807 1224979098644774914 4 0 32 2 1224979098644774918 0 2133 2 1224979098644774920 0 1726 3 1224979098644774921 1224979098644774913 0 1714 2 1224979098644774922 1224979098644774913 4 0 30 2 1224979098644774922 0 2124 1 10 1689 2 1 1224979098644774913 727 2 1224979098644774923 1 4 0 30 2 1224979098644774923 80 32 2 1224979098644774919 0 2133 2 1224979098644774920 1 5 0 2147483680 2 1224979098644774923 40 1 3 936748722493064063 1224979098644774913 200 2133 2 1224979098644774924 72057594037927936 30 2 1224979098644774924 1 2133 2 1224979098644774920 -1 3 0 3 0 4 0 31 2 1224979098644774920 -1 4 0 32 2 1224979098644774921 0 33 3 1224979098644774921 288230376151713209 288230376151713233 6 3 1224979098644774925 0 4 1804 3 1224979098644774926 1224979098644774913 1224979098644774925 32 2 1224979098644774926 0 1570 2 1224979098644774927 1224979098644774926 2147483679 2 1224979098644774927 7 2147483681 3 1224979098644774926 288230376151713209 288230376151713233 1747 2 1224979098644774913 1224979098644774926 3 0 3 0 5 0 31 2 1224979098644774920 1 4 0 32 2 1224979098644774921 0 2147483681 3 1224979098644774921 288230376151713209 288230376151713233 6 3 1224979098644774925 0 4 1804 3 1224979098644774926 1224979098644774913 1224979098644774925 32 2 1224979098644774926 0 33 3 1224979098644774926 288230376151713209 288230376151713233 2147483681 3 1224979098644774926 288230376151713225 288230376151713231 1747 2 1224979098644774913 1224979098644774926 3 0 3 0 3 0 5 0 2133 2 1224979098644774928 0 1726 3 1224979098644774921 1224979098644774913 0 1714 2 1224979098644774922 1224979098644774913 4 0 30 2 1224979098644774922 0 2124 1 10 1689 2 1 1224979098644774913 727 2 1224979098644774923 1 4 0 30 2 1224979098644774923 80 2133 2 1224979098644774928 1 5 0 2147483680 2 1224979098644774923 40 1 3 936748722493064063 1224979098644774913 200 2133 2 1224979098644774924 72057594037927936 30 2 1224979098644774924 1 2133 2 1224979098644774928 -1 3 0 5 0 2133 2 1224979098644774928 -1 3 0 4 0 31 2 1224979098644774928 -1 4 0 32 2 1224979098644774921 0 2723 2 1224979098644774921 2147483648 2147486371 2 1224979098644774921 562949953421312 6 3 1224979098644774925 0 4 1804 3 1224979098644774926 1224979098644774913 1224979098644774925 32 2 1224979098644774926 0 1570 2 1224979098644774927 1224979098644774926 2147483679 2 1224979098644774927 7 2147486371 2 1224979098644774926 2147483648 1747 2 1224979098644774913 1224979098644774926 3 0 3 0 5 0 31 2 1224979098644774928 1 4 0 32 2 1224979098644774921 0 2147486371 2 1224979098644774921 2147483648 6 3 1224979098644774925 0 4 1804 3 1224979098644774926 1224979098644774913 1224979098644774925 32 2 1224979098644774926 0 2723 2 1224979098644774926 2147483648 2147486371 2 1224979098644774921 562949953421312 1747 2 1224979098644774913 1224979098644774926 3 0 3 0 3 0 3 0 3 0 
0.000000 1.500000 0.000000  20 73 1 5 1003 1 2 1700 1 72057594037927946 1702 1 72057594037927946 4 0 1714 2 72057594037927948 72057594037927946 30 2 72057594037927948 0 1740 2 72057594037927946 1801439850948198897 1740 2 72057594037927948 1801439850948198970 5 0 1740 2 72057594037927946 1801439850948198896 3 0 1718 2 72057594037927947 72057594037927946 4 0 31 2 144115188075857201 0 1 2 936748722493063959 72057594037927947 32 2 72057594037927937 -1 1750 2 72057594037927946 72057594037927937 3 0 2133 2 144115188075857201 1  1 2133 2 144115188075857201 2 
0.000000 0.000000 0.000000  2 31 2 144115188075857201 2 2147483720 1 5  9 1700 1 72057594037927946 1714 2 72057594037927948 72057594037927946 4 0 30 2 72057594037927948 0 1740 2 72057594037927946 1801439850948198899 5 0 1740 2 72057594037927946 1801439850948198898 3 0 2133 2 144115188075857201 0 
-20.000000 0.000000 0.000000  0  2 2008 1 4278190080 2009 2 0 2500 
0.000000 0.000000 1.000000  6 2147484654 0 73 1 9 1700 1 1224979098644774912 1726 3 1224979098644774913 1224979098644774912 0 32 2 1224979098644774913 0 567 3 1224979098644774913 5 1  12 1700 1 1224979098644774912 1726 3 1224979098644774913 1224979098644774912 0 527 3 1224979098644774914 1224979098644774913 5 32 2 1224979098644774914 1 6 3 1224979098644774915 0 4 1804 3 1224979098644774916 1224979098644774912 1224979098644774915 31 2 1224979098644774916 1224979098644774913 1542 3 1224979098644774917 360287970189639680 1224979098644774915 1774 3 1224979098644774912 1224979098644774913 1224979098644774915 1779 4 1224979098644774912 1224979098644774914 1224979098644774915 1224979098644774917 1747 2 1224979098644774912 1224979098644774914 3 0 
0.000000 0.000000 1.000000  6 2147484654 0 71 1 35 1700 1 1224979098644774912 1804 3 1224979098644774913 1224979098644774912 4 32 2 1224979098644774913 0 567 3 1224979098644774913 5 1  9 1700 1 1224979098644774912 1804 3 1224979098644774913 1224979098644774912 4 527 3 1224979098644774914 1224979098644774913 5 32 2 1224979098644774914 1 1542 3 1224979098644774915 360287970189639680 4 1774 3 1224979098644774912 1224979098644774913 4 1779 4 1224979098644774912 1224979098644774914 4 1224979098644774915 1740 3 1224979098644774912 1801439850948198570 1 600 1 1152921504606847167 
-71.000000 0.000000 0.000000  3 2071 1 1224979098644774912 1073741855 2 1224979098644774912 10 31 2 1224979098644774912 9  3 2071 1 1224979098644774912 2072 1 1224979098644774913 1 3 936748722493063563 1224979098644774912 1224979098644774913 
-57.000000 0.000000 0.000000  2 2072 1 1224979098644774912 31 2 1224979098644774912 0  3 2071 1 1224979098644774912 1774 2 1224979098644774912 0 1732 1 1224979098644774912 
-56.000000 0.000000 0.000000  5 2071 1 1224979098644774912 32 2 1224979098644774912 -1 1702 1 1224979098644774912 1707 1 1224979098644774912 1 5 936748722493064105 1224979098644774912 0 0 0  0 
-19.000000 0.000000 0.000000  0  8 2133 2 144115188075857176 0 2133 2 144115188075857174 0 2147483679 2 144115188075857243 0 2133 2 144115188075856012 1 1617 1 648518346341351430 1 3 936748722493063350 648518346341351430 648518346341351424 47 1 360287970189639680 2133 2 144115188075857175 360287970189639680 
5.000000 0.000000 0.000000  3 2147483679 2 144115188075857243 0 1700 1 1224979098644774912 2147485350 1 1224979098644774912  98 2124 1 100 1700 1 1224979098644774912 1770 2 1224979098644774913 1224979098644774912 1765 2 1224979098644774914 1224979098644774912 1710 2 1 1224979098644774912 2133 2 1224979098644774915 0 2133 2 1224979098644774916 -1 2133 2 1224979098644774917 -1 2133 2 1224979098644774918 1000000 12 1 1224979098644774919 31 2 1224979098644774916 -1 1704 1 1224979098644774919 1702 1 1224979098644774919 1770 2 1224979098644774920 1224979098644774919 31 2 1224979098644774920 1224979098644774913 1716 2 1224979098644774921 1224979098644774919 31 2 1224979098644774921 648518346341351424 1718 2 1224979098644774922 1224979098644774919 33 3 1224979098644774922 360287970189639979 360287970189639995 540 3 1224979098644774922 2 5 1710 2 2 1224979098644774919 711 3 1224979098644774923 1 2 2147483678 2 1224979098644774923 1224979098644774918 2133 2 1224979098644774916 1224979098644774922 2133 2 1224979098644774917 1224979098644774919 2133 2 1224979098644774918 1224979098644774923 2322 2 31 1224979098644774916 1106 2 1585267068834414921 5308240 3 0 4 0 31 2 1224979098644774916 -1 31 2 144115188075857243 2 12 1 1224979098644774919 31 2 1224979098644774916 -1 1704 1 1224979098644774919 1702 1 1224979098644774919 1770 2 1224979098644774920 1224979098644774919 31 2 1224979098644774920 1224979098644774913 1718 2 1224979098644774922 1224979098644774919 1716 2 1224979098644774921 1224979098644774919 31 2 1224979098644774921 648518346341351424 1710 2 2 1224979098644774919 711 3 1224979098644774923 1 2 2147483678 2 1224979098644774923 1224979098644774918 2133 2 1224979098644774916 1224979098644774922 2133 2 1224979098644774917 1224979098644774919 2133 2 1224979098644774918 1224979098644774923 2322 2 31 1224979098644774916 1106 2 1585267068834414921 5308240 3 0 3 0 4 0 30 2 1224979098644774916 1 30 2 1224979098644774917 0 1 3 936748722493064062 1224979098644774916 360287970189641434 2133 2 144115188075857175 1224979098644774916 47 1 1224979098644774916 1720 3 1224979098644774924 1224979098644774917 1 1710 2 1 1224979098644774917 731 2 1 -2000 729 2 1 0 730 2 1 0 1710 2 0 1224979098644774917 1970 1 0 1714 2 1224979098644774925 1224979098644774917 4 0 32 2 1224979098644774925 0 1711 2 1224979098644774925 1 1755 1 1224979098644774925 3 0 1711 2 1224979098644774917 1 505 3 1224979098644774917 100 1 525 3 1224979098644774926 1224979098644774917 102 1755 1 1224979098644774917 2133 2 144115188075857202 1 1972 1 1224979098644774916 2133 2 144115188075857202 0 2133 2 1224979098644774912 72057594037927936 505 3 1224979098644774912 102 1224979098644774926 1771 2 1224979098644774912 1224979098644774913 1721 3 1224979098644774912 1224979098644774924 1 1766 2 1224979098644774912 1224979098644774914 505 3 1224979098644774912 100 2 505 3 1224979098644774912 101 1224979098644774916 4 0 1714 2 1224979098644774927 1224979098644774912 32 2 1224979098644774927 0 2147483678 2 1224979098644774925 0 1711 2 1224979098644774927 1 1755 1 1224979098644774927 3 0 47 1 360287970189639680 2133 2 1224979098644774915 1 2133 2 144115188075857176 1 3 0 31 2 1224979098644774916 -1 31 2 1224979098644774915 0 2133 2 144115188075857174 1 
0.000000 0.300000 0.000000  5 31 2 144115188075857329 1 1541 3 1224979098644774912 360287970189639680 5 30 2 1224979098644774912 0 2700 2 1224979098644774913 1224979098644774912 30 2 1224979098644774913 800  15 1700 1 1224979098644774912 1541 3 1224979098644774913 360287970189639680 5 30 2 1224979098644774913 0 2700 2 1224979098644774914 1224979098644774913 30 2 1224979098644774914 800 4 0 33 3 1224979098644774914 800 2100 2133 2 1224979098644774915 1152921504606847156 5 0 30 2 1224979098644774914 2100 2133 2 1224979098644774915 1152921504606847157 3 0 1768 2 1224979098644774916 1224979098644774912 33 3 1224979098644774916 1801439850948198426 1801439850948198522 1750 2 1224979098644774912 1224979098644774915 
-25.000000 0.000000 0.000000  0  10 2071 1 1224979098644774912 1712 1 1224979098644774912 1702 1 1224979098644774912 4 0 1804 3 1224979098644774913 1224979098644774912 6 31 2 1224979098644774913 -1 1804 3 1224979098644774914 1224979098644774912 5 32 2 1224979098644774914 0 1779 2 1224979098644774912 288230376151713382 3 0 
30.000000 0.000000 100000000.000000  1 31 2 144115188075857183 8  3 1106 2 1585267068834414922 5308240 1106 2 1585267068834414922 5308240 2133 2 144115188075857158 1 
0.500000 0.000000 100000000.000000  3 31 2 144115188075857183 8 31 2 144115188075857158 1 71 1 37  11 1700 1 1224979098644774912 1770 2 1224979098644774913 1224979098644774912 12 1 1224979098644774914 1702 1 1224979098644774914 1704 1 1224979098644774914 1770 2 1224979098644774915 1224979098644774914 31 2 1224979098644774915 1224979098644774913 1728 1 1224979098644774914 3 0 1106 2 1585267068834414923 5308240 2133 2 144115188075857158 0 
-26.000000 0.000000 0.000000  0  94 2071 1 1224979098644774912 2072 1 1224979098644774913 2073 1 1224979098644774914 30 2 1224979098644774912 0 1704 1 1224979098644774912 1718 2 1224979098644774915 1224979098644774912 2147485155 1 1224979098644774915 4 0 2147485354 1 1224979098644774912 1610 3 648518346341351442 1224979098644774915 1 3 0 4 0 1073741855 2 1224979098644774915 360287970189641349 31 2 1224979098644774915 360287970189641350 2133 2 1224979098644774914 1 5 0 32 2 1224979098644774913 -1 1726 3 1224979098644774916 1224979098644774913 0 4 0 2147483678 2 1224979098644774916 0 2133 2 1224979098644774916 0 3 0 4 0 1770 2 1224979098644774917 1224979098644774912 1792 2 1224979098644774918 1224979098644774917 4 0 32 2 1224979098644774918 -1 2147485355 1 1224979098644774918 1685 3 1224979098644774919 648518346341351424 1369094286720630794 2107 2 1224979098644774919 3 2105 2 1224979098644774919 25 5 0 32 2 1224979098644774918 -1 1718 2 1224979098644774920 1224979098644774918 1507 1 1224979098644774920 2170 3 1224979098644774919 1369094286720630794 1224979098644774920 2107 2 1224979098644774919 3 2105 2 1224979098644774919 25 5 0 2133 2 1224979098644774919 20 4 0 31 2 144115188075857183 12 2105 2 1224979098644774919 10 3 0 3 0 4 0 31 2 144115188075857183 16 33 3 1224979098644774915 360287970189639738 360287970189639747 2106 2 1224979098644774919 25 3 0 4 0 31 2 144115188075857183 20 2105 2 1224979098644774919 10 3 0 3 0 2721 2 1224979098644774921 1224979098644774916 1 3 936748722493063977 0 101 2133 2 1224979098644774922 72057594037927936 4 0 31 2 1224979098644774921 2 2121 3 1224979098644774919 100 1224979098644774919 2108 2 1224979098644774919 8 32 2 1224979098644774922 1224979098644774919 2133 2 1224979098644774914 1 5 0 2147483680 2 1224979098644774922 1224979098644774919 2133 2 1224979098644774914 1 5 0 2133 2 1224979098644774914 0 3 0 3 0 4 0 31 2 1224979098644774916 288230376151713384 2075 1 2 5 0 31 2 1224979098644774914 1 2075 1 2 4 0 2147485354 1 1224979098644774912 1618 3 648518346341351442 1224979098644774915 1 3 0 5 0 31 2 1224979098644774914 0 2075 1 1 4 0 31 2 144115188075857183 21 1718 2 1224979098644774923 1224979098644774913 31 2 1224979098644774923 360287970189639680 1 2 936748722493064146 1 3 0 5 0 2075 1 0 3 0 1 3 936748722493063496 1224979098644774912 1224979098644774913 
0.000000 0.000000 0.000000  3 1685 3 1224979098644774912 648518346341351424 1369094286720630799 1073741854 2 1224979098644774912 4 31 2 144115188075857183 2  39 1700 1 1224979098644774912 1709 2 1 1224979098644774912 4 0 1702 1 1224979098644774912 2076 4 2 1224979098644774912 9 1 719 2 1 2 3 0 4 0 31 2 144115188075857341 0 2001 1 0 5 0 31 2 144115188075857341 1 722 2 1 300 721 2 1 -600 5 0 31 2 144115188075857341 2 722 2 1 600 721 2 1 -1200 5 0 31 2 144115188075857341 3 722 2 1 2500 721 2 1 -400 723 2 1 -45 3 0 2011 1 1 4 0 71 1 47 2105 2 144115188075857341 1 2109 2 144115188075857341 4 2147483679 2 144115188075857341 0 2001 1 1 3 0 4 0 1073741897 1 20 1073741897 1 19 73 1 21 2001 1 0 2133 2 144115188075857341 0 3 0 
0.050000 0.000000 0.000000  2 2147483679 2 144115188075857204 0 2147484551 1 144115188075857203  3 900 1 144115188075857204 2133 2 144115188075857203 144115188075857204 2133 2 144115188075857204 0 
-25.000000 0.000000 0.000000  0  2 2071 1 1224979098644774912 505 3 1224979098644774912 10 0 
0.000000 0.000000 0.000000  1 73 1 22  7 4 0 903 1 1513209474796486719 902 1 0 5 0 902 1 0 2133 2 144115188075857204 1513209474796486719 3 0 
-20.000000 0.000000 100000000.000000  0  13 1700 1 144115188075857205 4 0 31 2 144115188075857205 -1 2133 2 144115188075857206 -1 5 0 1765 2 144115188075857206 144115188075857205 3 0 2124 1 100 1799 2 2 3 726 2 144115188075857207 3 727 2 144115188075857208 3 726 2 144115188075857209 2 727 2 144115188075857210 2 
-19.000000 0.000000 100000000.000000  0  4 2133 2 144115188075857211 0 2133 2 144115188075857212 0 2133 2 144115188075857213 0 2133 2 144115188075857214 0 
0.050000 0.000000 0.000000  2 2147483679 2 144115188075857204 0 2147484551 1 144115188075857203  3 900 1 144115188075857204 2133 2 144115188075857203 144115188075857204 2133 2 144115188075857204 0 
0.000000 0.000000 0.100000  13 1073741897 1 30 1073741897 1 31 1073741897 1 32 1073741897 1 33 1073741897 1 34 1073741897 1 35 1073741897 1 36 1073741897 1 37 1073741897 1 38 1073741897 1 39 1073741897 1 40 73 1 29 2147484654 0  21 2133 2 144115188075857211 0 4 0 903 1 1513209474796486719 2133 2 144115188075857214 1 3 0 4 0 902 1 0 2133 2 144115188075857204 1513209474796486717 3 0 2133 2 144115188075857213 1 4 0 31 2 144115188075857218 2 6 3 1224979098644774912 0 9 1775 2 144115188075857206 1224979098644774912 2120 3 1224979098644774913 194 1224979098644774912 529 3 1224979098644774914 144115188075857206 1224979098644774913 1107 1 0 1 4 936748722493064110 144115188075857206 1224979098644774912 1224979098644774914 1107 1 1 3 0 3 0 
0.000000 0.000000 0.000000  3 1073742830 0 70 1 1 903 1 1513209474796486717  2 902 1 0 2133 2 144115188075857213 0 
0.000000 0.000000 0.000000  3 1073742830 0 70 1 1 2147483679 2 144115188075857211 0  1 2133 2 144115188075857211 0 
0.100000 0.000000 0.000000  5 2147483679 2 144115188075857215 0 2367 1 72057594037927936 2106 2 72057594037927936 144115188075857215 30 2 72057594037927936 250 31 2 144115188075857211 23  18 2133 2 144115188075857215 0 4 0 72 1 23 2133 2 144115188075857212 2 2133 2 144115188075857211 0 2117 3 72057594037927936 144115188075857302 512 4 0 31 2 72057594037927936 0 2114 2 144115188075857302 512 31 2 144115188075857037 0 1120 2 216172782113787550 1585267068834414924 3 0 5 0 31 2 144115188075857212 1 2133 2 144115188075857212 0 2133 2 144115188075857211 0 1 2 936748722493064098 0 3 0 
0.000000 0.000000 0.000000  2 73 1 23 2147484654 0  25 2367 1 144115188075857215 4 0 2147483679 2 144115188075857211 23 2147483679 2 144115188075857211 24 2147483679 2 144115188075857211 25 2133 2 144115188075857211 23 2133 2 144115188075857213 0 4 0 903 1 1513209474796486719 2133 2 144115188075857214 1 3 0 902 1 0 2133 2 144115188075857212 0 5 0 31 2 144115188075857211 23 2133 2 144115188075857212 1 5 0 31 2 144115188075857211 24 2133 2 144115188075857211 0 902 1 0 1 2 936748722493064098 5 5 0 31 2 144115188075857211 25 2133 2 144115188075857211 0 3 0 
0.000000 0.000000 0.000000  2 73 1 24 2147484654 0  25 4 0 2147483679 2 144115188075857211 23 2147483679 2 144115188075857211 24 2147483679 2 144115188075857211 25 2133 2 144115188075857211 24 2133 2 144115188075857213 0 4 0 903 1 1513209474796486719 2133 2 144115188075857214 1 3 0 902 1 0 2133 2 144115188075857204 1513209474796486717 5 0 31 2 144115188075857211 23 2133 2 144115188075857211 0 1 2 936748722493064098 1 5 0 31 2 144115188075857211 24 2133 2 144115188075857211 0 902 1 0 1 2 936748722493064098 6 5 0 31 2 144115188075857211 25 2133 2 144115188075857211 0 3 0 
0.000000 0.000000 0.000000  2 73 1 25 2147484654 0  24 4 0 2147483679 2 144115188075857211 23 2147483679 2 144115188075857211 24 2147483679 2 144115188075857211 25 2133 2 144115188075857211 25 2133 2 144115188075857213 0 4 0 903 1 1513209474796486719 2133 2 144115188075857214 1 3 0 902 1 0 5 0 31 2 144115188075857211 23 2133 2 144115188075857211 0 1 2 936748722493064098 2 5 0 31 2 144115188075857211 24 2133 2 144115188075857211 0 902 1 0 1 2 936748722493064098 8 5 0 31 2 144115188075857211 25 2133 2 144115188075857211 0 3 0 
0.000000 0.000000 0.000000  2 73 1 26 2147484654 0  55 4 0 31 2 144115188075857211 0 4 0 31 2 144115188075857331 0 2133 2 144115188075857211 26 4 0 903 1 1513209474796486719 2133 2 144115188075857214 1 3 0 902 1 0 2133 2 144115188075857204 1513209474796486717 2117 3 72057594037927936 144115188075857302 1024 4 0 31 2 72057594037927936 0 2114 2 144115188075857302 1024 31 2 144115188075857037 0 1120 2 216172782113787551 1585267068834414925 3 0 5 0 1106 1 1585267068834414926 31 2 144115188075857213 1 4 0 903 1 1513209474796486719 2133 2 144115188075857214 1 3 0 902 1 0 2133 2 144115188075857204 1513209474796486717 3 0 5 0 31 2 144115188075857211 23 2133 2 144115188075857211 0 1 2 936748722493064098 11 5 0 31 2 144115188075857211 24 2133 2 144115188075857211 0 902 1 0 1 2 936748722493064098 7 5 0 31 2 144115188075857211 25 2133 2 144115188075857211 0 5 0 31 2 144115188075857211 26 2133 2 144115188075857211 0 1 1 936748722493064079 6 3 1224979098644774912 0 9 1775 2 144115188075857206 1224979098644774912 2120 3 1224979098644774913 293 1224979098644774912 509 3 144115188075857206 1224979098644774913 -1 2120 3 1224979098644774913 14 1224979098644774912 569 3 144115188075857206 1224979098644774913 1 2120 3 1224979098644774913 221 1224979098644774912 509 3 144115188075857206 1224979098644774913 1 1 4 936748722493064096 1224979098644774912 2 1 3 0 3 0 
0.000000 0.000000 0.000000  2 73 1 27 2147484654 0  32 4 0 31 2 144115188075857211 0 31 2 144115188075857213 1 4 0 903 1 1513209474796486719 2133 2 144115188075857214 1 3 0 902 1 0 2133 2 144115188075857204 1513209474796486717 5 0 31 2 144115188075857211 23 2133 2 144115188075857211 0 1 2 936748722493064098 14 5 0 31 2 144115188075857211 24 2133 2 144115188075857211 0 902 1 0 5 0 31 2 144115188075857211 26 2133 2 144115188075857211 0 1 1 936748722493064079 6 3 1224979098644774912 0 9 1775 2 144115188075857206 1224979098644774912 2120 3 1224979098644774913 293 1224979098644774912 509 3 144115188075857206 1224979098644774913 -1 2120 3 1224979098644774913 14 1224979098644774912 569 3 144115188075857206 1224979098644774913 1 2120 3 1224979098644774913 221 1224979098644774912 509 3 144115188075857206 1224979098644774913 1 1 4 936748722493064096 1224979098644774912 3 1 3 0 3 0 
0.000000 0.000000 0.000000  2 73 1 28 2147484654 0  29 4 0 31 2 144115188075857211 0 31 2 144115188075857213 1 4 0 903 1 1513209474796486719 2133 2 144115188075857214 1 3 0 902 1 0 2133 2 144115188075857204 1513209474796486717 5 0 31 2 144115188075857211 24 2133 2 144115188075857211 0 902 1 0 1 2 936748722493064098 4 5 0 31 2 144115188075857211 26 2133 2 144115188075857211 0 1 1 936748722493064079 6 3 1224979098644774912 0 9 1775 2 144115188075857206 1224979098644774912 2120 3 1224979098644774913 293 1224979098644774912 509 3 144115188075857206 1224979098644774913 -1 2120 3 1224979098644774913 14 1224979098644774912 569 3 144115188075857206 1224979098644774913 1 2120 3 1224979098644774913 221 1224979098644774912 509 3 144115188075857206 1224979098644774913 1 1 4 936748722493064096 1224979098644774912 4 1 3 0 3 0 
0.000000 0.000000 0.000000  2 71 1 65 2147484654 0  27 4 0 31 2 144115188075857211 0 31 2 144115188075857213 1 4 0 903 1 1513209474796486719 2133 2 144115188075857214 1 3 0 902 1 0 2133 2 144115188075857204 1513209474796486717 5 0 31 2 144115188075857211 24 1 1 936748722493064099 5 0 31 2 144115188075857211 26 2133 2 144115188075857211 0 1 1 936748722493064079 6 3 1224979098644774912 0 9 1775 2 144115188075857206 1224979098644774912 2120 3 1224979098644774913 293 1224979098644774912 509 3 144115188075857206 1224979098644774913 -1 2120 3 1224979098644774913 14 1224979098644774912 569 3 144115188075857206 1224979098644774913 1 2120 3 1224979098644774913 221 1224979098644774912 509 3 144115188075857206 1224979098644774913 1 1 4 936748722493064096 1224979098644774912 5 1 3 0 3 0 
0.000000 0.000000 0.000000  2 71 1 66 2147484654 0  17 4 0 31 2 144115188075857211 0 31 2 144115188075857213 1 4 0 903 1 1513209474796486719 2133 2 144115188075857214 1 3 0 902 1 0 2133 2 144115188075857204 1513209474796486717 5 0 31 2 144115188075857211 24 1 1 936748722493064100 5 0 31 2 144115188075857211 26 2133 2 144115188075857211 0 1 2 936748722493064098 2 3 0 
0.700000 0.000000 0.000000  3 31 2 144115188075857214 1 2147484551 1 1513209474796486717 31 2 144115188075857211 0  3 902 1 0 2133 2 144115188075857204 1513209474796486719 2133 2 144115188075857214 0 
-19.000000 0.000000 0.000000  0  8 2133 2 144115188075857216 -2 6 3 1224979098644774912 0 4 509 3 1224979098644774912 5 0 6 3 1224979098644774913 0 9 2120 3 1224979098644774914 185 1224979098644774913 509 3 1224979098644774912 1224979098644774914 -1 3 0 3 0 
0.000000 0.200000 100000000.000000  1 1943 0  62 12 1 1224979098644774912 1704 1 1224979098644774912 4 0 415 1 1224979098644774913 401 1 1224979098644774913 406 2 1224979098644774914 1224979098644774913 31 2 1224979098644774912 1224979098644774914 2133 2 144115188075857205 1224979098644774914 402 2 144115188075857206 1224979098644774913 5 0 1707 1 1224979098644774912 1765 2 1224979098644774915 1224979098644774912 32 2 1224979098644774915 -1 1 2 936748722493064112 1224979098644774912 3 0 3 0 4 0 2147484067 0 2124 1 100 1 1 936748722493064114 2121 3 1224979098644774916 432345564227567635 432345564227567630 2122 3 1224979098644774917 4 1224979098644774916 6 3 1224979098644774918 0 1224979098644774917 509 3 7 1224979098644774918 0 3 0 12 1 1224979098644774919 1704 1 1224979098644774919 1765 2 1224979098644774920 1224979098644774919 1718 2 1224979098644774921 1224979098644774919 2173 2 1224979098644774922 1224979098644774921 33 3 1224979098644774922 432345564227567630 432345564227567635 2122 3 1224979098644774918 1224979098644774920 1224979098644774916 2106 2 1224979098644774922 432345564227567630 2105 2 1224979098644774918 1224979098644774922 529 3 1224979098644774923 7 1224979098644774918 2105 2 1224979098644774923 1 509 3 7 1224979098644774918 1224979098644774923 3 0 6 3 1224979098644774915 0 4 569 3 1224979098644774915 5 1 1792 2 1224979098644774924 1224979098644774915 4 0 30 2 1224979098644774924 0 1718 2 1224979098644774925 1224979098644774924 2173 2 1224979098644774926 1224979098644774925 5 0 2133 2 1224979098644774926 0 2133 2 1224979098644774927 0 2122 3 1224979098644774928 1224979098644774915 1224979098644774916 2120 3 1224979098644774917 1224979098644774928 1224979098644774916 6 3 1224979098644774918 1224979098644774928 1224979098644774917 529 3 1224979098644774923 7 1224979098644774918 32 2 1224979098644774923 1224979098644774927 2133 2 1224979098644774927 1224979098644774923 2121 3 1224979098644774926 1224979098644774928 1224979098644774918 2105 2 1224979098644774926 432345564227567630 3 0 3 0 509 3 1224979098644774915 1 1224979098644774926 3 0 3 0 2105 2 144115188075857216 1 
-25.000000 0.000000 0.000000  1 1 1 936748722493064115  2 2071 1 1224979098644774912 1 2 936748722493064112 1224979098644774912 
0.500000 0.000000 0.000000  2 2147483679 2 144115188075857216 -2 2147484654 0  13 2124 1 100 2367 1 144115188075857216 4 0 6 3 1224979098644774912 0 4 6 3 1224979098644774913 0 9 2120 3 1224979098644774914 185 1224979098644774913 1073742373 3 1224979098644774912 1224979098644774914 4 549 3 1224979098644774912 1224979098644774914 5 509 3 1224979098644774912 1224979098644774914 -1 3 0 3 0 3 0 1 1 936748722493064114 
-19.000000 0.000000 100000000.000000  0  25 2133 2 144115188075857217 1 6 3 1224979098644774912 0 4 6 3 72057594037927936 293 302 509 3 1224979098644774912 72057594037927936 -1 3 0 4 0 31 2 0 1 6 3 72057594037927936 194 203 509 3 1224979098644774912 72057594037927936 -1 3 0 6 3 72057594037927936 311 320 509 3 1224979098644774912 72057594037927936 2 3 0 6 3 72057594037927936 203 212 509 3 1224979098644774912 72057594037927936 1 3 0 5 0 6 3 72057594037927936 194 203 509 3 1224979098644774912 72057594037927936 0 3 0 3 0 6 3 72057594037927936 212 221 509 3 1224979098644774912 72057594037927936 2 3 0 3 0 
1.000000 0.000000 0.000000  2 31 2 144115188075856168 0 1 1 936748722493064115  8 2124 1 100 1 4 936748722493064120 38 144115188075857206 9 2133 2 1224979098644774912 72057594037927936 4 0 32 2 1224979098644774912 0 1 1 936748722493064102 3 0 2105 2 144115188075857216 500 
-21.000000 0.000000 0.000000  2 1073742830 0 31 2 144115188075856297 1  1 2133 2 144115188075857217 0 
-8.000000 0.000000 0.000000  2 2071 1 1224979098644774912 31 2 1224979098644774912 0  1 2133 2 144115188075857217 0 
-20.000000 0.000000 0.000000  2 1073741855 2 144115188075857037 1 2147483679 2 144115188075857173 0  2 2133 2 144115188075857218 1 2133 2 144115188075857173 0 
0.000000 0.000000 100000000.000000  2 31 2 144115188075857218 1 1 1 936748722493064115  89 4 0 31 2 144115188075857217 1 32 2 144115188075857206 -1 2124 1 100 1 1 936748722493064079 1 2 936748722493064078 144115188075857206 700 2 37 2 7 3 1224979098644774912 0 9 2120 3 1224979098644774913 14 1224979098644774912 569 3 144115188075857206 1224979098644774913 1 2120 3 1224979098644774913 218 1224979098644774912 522 3 1224979098644774914 432345564227567629 1224979098644774913 2120 3 1224979098644774913 203 1224979098644774912 529 3 1224979098644774915 144115188075857206 1224979098644774913 4 0 2147483679 2 1224979098644774914 0 2120 3 1224979098644774913 200 1224979098644774912 522 3 1224979098644774916 432345564227567629 1224979098644774913 2120 3 1224979098644774913 194 1224979098644774912 509 3 144115188075857206 1224979098644774913 1224979098644774916 2120 3 1224979098644774913 209 1224979098644774912 522 3 1224979098644774917 432345564227567629 1224979098644774913 1107 1 0 4 0 30 2 1224979098644774917 1224979098644774915 6 3 72057594037927936 1224979098644774915 1224979098644774917 1790 3 144115188075857206 1224979098644774912 8 3 0 5 0 6 3 72057594037927936 1224979098644774917 1224979098644774915 1790 3 144115188075857206 1224979098644774912 7 3 0 3 0 1107 1 1 2120 3 1224979098644774913 203 1224979098644774912 509 3 144115188075857206 1224979098644774913 1224979098644774917 4 0 32 2 1224979098644774916 0 2133 2 72057594037927937 1224979098644774912 2346 2 2 72057594037927937 2105 2 72057594037927937 1 1106 1 1585267068834414927 1 4 936748722493064096 1224979098644774912 1224979098644774916 0 5 0 1 4 936748722493064110 144115188075857206 1224979098644774912 1224979098644774916 1 4 936748722493064080 144115188075857206 1224979098644774912 144115188075857205 31 2 0 0 2133 2 72057594037927936 1224979098644774917 2133 2 72057594037927937 1224979098644774912 2346 2 2 72057594037927937 2105 2 72057594037927937 1 4 0 30 2 72057594037927936 0 1106 1 1585267068834414928 5 0 2107 2 72057594037927936 -1 2105 2 72057594037927936 1 1106 1 1585267068834414929 3 0 3 0 5 0 1795 2 144115188075857206 1224979098644774912 2120 3 1224979098644774913 185 1224979098644774912 31 2 144115188075857331 0 549 3 144115188075857206 1224979098644774913 2 1 4 936748722493064096 1224979098644774912 4 2 5 0 31 2 144115188075857331 0 2147484197 3 144115188075857206 1224979098644774913 1 2147484197 3 144115188075857206 1224979098644774913 5 1 2 936748722493064085 144115188075857206 2133 2 1224979098644774916 72057594037927936 32 2 1224979098644774916 0 1 4 936748722493064096 1224979098644774912 1224979098644774916 2 5 0 1 3 936748722493064089 144115188075857206 1224979098644774912 2133 2 1224979098644774916 72057594037927936 2133 2 1224979098644774918 72057594037927937 2120 3 1224979098644774913 194 1224979098644774912 509 3 144115188075857206 1224979098644774913 1224979098644774916 2120 3 1224979098644774913 311 1224979098644774912 509 3 144115188075857206 1224979098644774913 1224979098644774918 700 2 1 37 1 4 936748722493064081 144115188075857206 1224979098644774912 144115188075857205 1 4 936748722493064110 144115188075857206 1224979098644774912 1224979098644774916 3 0 3 0 3 0 2133 2 144115188075857218 2 
0.000000 0.000000 100000000.000000  1 31 2 144115188075857218 2  5 2133 2 144115188075857218 3 1700 1 1224979098644774912 32 2 1224979098644774912 -1 1770 2 72057594037927936 1224979098644774912 1795 2 72057594037927936 9 
-19.000000 0.000000 0.000000  0  8 6 3 1224979098644774912 0 4 6 3 1224979098644774913 0 9 2120 3 1224979098644774914 248 1224979098644774913 509 3 1224979098644774912 1224979098644774914 10 2120 3 1224979098644774914 221 1224979098644774913 509 3 1224979098644774912 1224979098644774914 1 3 0 3 0 
-28.000000 0.000000 0.000000  6 2070 2 1224979098644774912 5 2147483680 2 1224979098644774912 0 2070 2 1224979098644774913 1 1712 1 1224979098644774913 1704 1 1224979098644774913 1702 1 1224979098644774913  52 2070 2 1224979098644774912 1 2070 2 1224979098644774913 2 2070 2 1224979098644774914 3 4 0 2147483679 2 1224979098644774912 144115188075857205 2147483679 2 1224979098644774913 144115188075857205 1770 2 1224979098644774915 1224979098644774912 1773 2 1224979098644774916 1224979098644774912 2120 3 1224979098644774917 194 1224979098644774916 529 3 1224979098644774918 1224979098644774915 1224979098644774917 1770 2 1224979098644774919 1224979098644774913 1773 2 1224979098644774920 1224979098644774913 2120 3 1224979098644774917 194 1224979098644774920 529 3 1224979098644774921 1224979098644774919 1224979098644774917 4 0 31 2 1224979098644774918 0 2147483679 2 1224979098644774921 0 2120 3 1224979098644774917 257 1224979098644774920 569 3 1224979098644774919 1224979098644774917 80 2120 3 1224979098644774917 203 1224979098644774920 529 3 1224979098644774922 1224979098644774919 1224979098644774917 4 0 31 2 1224979098644774922 0 2107 2 1224979098644774914 6 5 0 31 2 1224979098644774922 1 2107 2 1224979098644774914 5 5 0 2107 2 1224979098644774914 4 3 0 2108 2 1224979098644774914 2 5 0 2147483679 2 1224979098644774918 0 31 2 1224979098644774921 0 2120 3 1224979098644774917 257 1224979098644774916 569 3 1224979098644774915 1224979098644774917 80 2120 3 1224979098644774917 203 1224979098644774916 529 3 1224979098644774922 1224979098644774915 1224979098644774917 2107 2 1224979098644774914 2 4 0 31 2 1224979098644774922 0 2108 2 1224979098644774914 6 5 0 31 2 1224979098644774922 1 2108 2 1224979098644774914 5 5 0 2108 2 1224979098644774914 4 3 0 2111 2 1224979098644774914 1 3 0 3 0 2075 1 1224979098644774914 
2.000000 0.000000 100000000.000000  1 31 2 144115188075856297 1  5 6 3 1224979098644774912 0 9 2120 3 1224979098644774913 14 1224979098644774912 569 3 144115188075857206 1224979098644774913 1 1 3 936748722493064092 144115188075857206 1224979098644774912 3 0 
-19.000000 0.000000 0.000000  0  13 2133 2 144115188075857219 0 2133 2 144115188075857220 0 2133 2 144115188075857221 0 701 1 56 701 1 57 701 1 58 701 1 59 4 0 31 2 144115188075857173 0 2133 2 144115188075857218 3 5 0 2133 2 144115188075857218 0 3 0 
0.000000 0.000000 100000000.000000  1 1 1 936748722493064115  18 2124 1 100 6 3 1224979098644774912 0 4 1 4 936748722493064116 0 1224979098644774912 9 726 2 72057594037927936 0 509 3 1224979098644774912 2 72057594037927936 727 2 72057594037927936 0 509 3 1224979098644774912 3 72057594037927936 2147483679 2 1224979098644774912 144115188075857206 2120 3 1224979098644774913 194 1 509 3 1224979098644774912 1224979098644774913 0 1 2 936748722493064078 1224979098644774912 700 2 1 2 1792 2 1224979098644774914 1224979098644774912 1 1 936748722493064079 6 3 1224979098644774915 0 9 1 4 936748722493064081 1224979098644774912 1224979098644774915 1224979098644774914 3 0 3 0 
0.000000 0.000000 100000000.000000  2 1 1 936748722493064115 30 2 144115188075857218 3  1 1 2 936748722493064073 1 
0.100000 0.000000 0.000000  5 32 2 144115188075857216 0 30 2 144115188075857218 3 2367 1 72057594037927936 2106 2 72057594037927936 144115188075857216 30 2 72057594037927936 250  58 2105 2 144115188075857216 500 4 0 31 2 144115188075857220 0 1 1 936748722493064076 1 1 936748722493064075 2133 2 144115188075857218 6 3 0 2124 1 100 1 1 936748722493064114 4 0 30 2 144115188075857218 6 31 2 144115188075857220 0 1 2 936748722493064073 1 2133 2 144115188075857219 0 2133 2 144115188075857220 1 5 0 30 2 144115188075857218 4 2122 3 1224979098644774912 5 4 2108 2 1224979098644774912 2 2119 3 72057594037927936 144115188075857219 1224979098644774912 1 2 936748722493064073 1 4 0 2147484197 3 0 4 144115188075856298 509 3 0 4 144115188075856298 6 3 1224979098644774913 0 9 2120 3 1224979098644774914 185 1224979098644774913 509 3 0 1224979098644774914 -1 509 3 2 1224979098644774914 -1 3 0 3 0 4 0 2147484197 3 1 4 144115188075856299 509 3 1 4 144115188075856299 6 3 1224979098644774913 0 9 2120 3 1224979098644774914 185 1224979098644774913 509 3 1 1224979098644774914 -1 509 3 3 1224979098644774914 -1 3 0 3 0 5 0 1 2 936748722493064073 0 3 0 4 0 31 2 144115188075857218 3 2133 2 1224979098644774915 0 6 3 1224979098644774916 0 4 2147483679 2 1224979098644774916 144115188075857206 569 3 1224979098644774916 5 1 1 4 936748722493064116 1 1224979098644774916 1 1794 3 0 1224979098644774916 1 710 3 72057594037927936 0 1 32 2 72057594037927936 500 2133 2 1224979098644774915 1 3 0 31 2 1224979098644774915 0 2133 2 144115188075857218 4 3 0 2105 2 144115188075857219 1 
0.000000 0.000000 100000000.000000  2 1006 0 31 2 1 1  10 1107 1 0 1795 2 144115188075857206 9 1790 3 144115188075857206 9 10 1790 3 144115188075857206 9 13 1 2 936748722493064098 14 1107 1 1 12 1 1224979098644774912 1702 1 1224979098644774912 1 2 936748722493064112 1224979098644774912 3 0 
-25.000000 0.000000 0.000000  4 1073742241 0 2147484067 0 2071 1 1224979098644774912 2147485352 1 1224979098644774912  9 2071 1 1224979098644774912 1715 2 1224979098644774913 1224979098644774912 32 2 1224979098644774913 -1 4 0 1707 1 1224979098644774913 505 3 1224979098644774912 26 0 5 0 505 3 1224979098644774912 26 210 3 0 
-55.000000 0.000000 0.000000  2 1073742241 0 2147484067 0  8 2071 1 1224979098644774912 2072 1 1224979098644774913 4 0 1707 1 1224979098644774912 505 3 1224979098644774913 26 0 5 0 505 3 1224979098644774913 26 210 3 0 
10.000000 0.000000 0.000000  3 1073742241 0 2147484067 0 31 2 144115188075857104 0  38 2124 1 1000 4 0 2147484067 0 2133 2 1224979098644774912 30 5 0 2133 2 1224979098644774912 144115188075857050 3 0 12 1 1224979098644774913 1702 1 1224979098644774913 2147485352 1 1224979098644774913 1715 2 1224979098644774914 1224979098644774913 2147483678 2 1224979098644774914 0 525 3 1224979098644774915 1224979098644774913 26 4 0 2147483680 2 1224979098644774915 -90 1710 2 1 1224979098644774913 2133 2 1224979098644774916 -1 12 3 1224979098644774917 1 5000 2147483679 2 1224979098644774917 1224979098644774913 31 2 1224979098644774916 -1 2147485355 1 1224979098644774917 1702 1 1224979098644774917 1704 1 1224979098644774917 1714 2 1224979098644774918 1224979098644774917 2147483678 2 1224979098644774918 0 2133 2 1224979098644774916 1224979098644774917 3 0 31 2 1224979098644774916 -1 1749 1 1224979098644774913 5 0 2106 2 1224979098644774915 1224979098644774912 505 3 1224979098644774913 26 1224979098644774915 4 0 2147483680 2 1224979098644774915 -60 1751 1 1224979098644774913 3 0 3 0 3 0 


mst_village_attack_bandits village_attack_bandits 65538  8
You_lead_your_men_to_battle. 

3 3 8208 0 16 1 0  
1 33558528 0 16 7 0  
1 4112 0 16 1 0  
80
-21.000000 0.000000 0.000000  0  15 4 0 31 2 144115188075856297 1 1 1 936748722493063624 1907 1 0 5 0 31 2 144115188075857105 0 1073742830 0 31 2 144115188075856292 1 1121 1 216172782113783948 5 0 1 1 936748722493063406 1121 1 216172782113783948 5 0 1106 1 216172782113783952 3 0 
-25.000000 0.000000 0.000000  0  3 2071 1 1224979098644774912 1718 2 1224979098644774913 1224979098644774912 1 4 936748722493063611 1729382256910270468 1224979098644774912 1224979098644774913 
-8.000000 0.000000 0.000000  0  8 2071 1 1224979098644774912 31 2 1224979098644774912 0 2133 2 144115188075856292 0 2320 2 5 216172782113784204 1 4 936748722493063508 10 20 1 2133 2 144115188075856168 -1 1 1 936748722493063624 1907 1 0 
0.000000 0.000000 100000000.000000  0  11 2133 2 144115188075856297 0 2133 2 144115188075856298 0 2133 2 144115188075856299 0 4 0 31 2 144115188075856156 2 1930 2 1 6 5 0 1930 2 1 29 3 0 1 1 936748722493063893 1 1 936748722493063692 
30.000000 0.000000 0.000000  0  1 1 1 936748722493063692 
2.000000 0.000000 0.000000  0  1 1 1 936748722493063507 
1.000000 60.000000 100000000.000000  10 2370 1 72057594037927937 30 2 72057594037927937 10 1003 1 5 1073741855 2 144115188075857105 0 2147484654 0 1906 1 1 1106 1 216172782113783831 2133 2 144115188075856297 1 2133 2 144115188075856168 1 1 1 936748722493063693  2 1 1 936748722493063624 1907 1 1 
10.000000 0.000000 0.000000  1 31 2 144115188075856297 1  1 1106 1 216172782113783831 
1.000000 4.000000 0.000000  1 1006 0  11 4 0 1 1 936748722493063889 5 0 2133 2 144115188075856292 1 2320 2 5 216172782113784204 1 4 936748722493063508 10 20 1 2133 2 144115188075856168 -1 1906 1 -1 1 1 936748722493063624 1907 1 0 3 0 
-22.000000 0.000000 0.000000  0  1 1106 1 216172782113783922 
0.100000 0.000000 0.000000  1 903 1 1513209474796486719  1 1 1 936748722493063562 
10.000000 0.000000 0.000000  3 2370 1 1224979098644774912 30 2 1224979098644774912 5 1 1 936748722493064054  0 
3.000000 0.000000 0.000000  13 2133 2 1224979098644774912 0 4 0 31 2 144115188075857330 0 32 2 144115188075857315 150 2133 2 1224979098644774912 1 5 0 31 2 144115188075857330 1 2133 2 1224979098644774912 1 3 0 31 2 1224979098644774912 1 2370 1 1224979098644774913 30 2 1224979098644774913 30 1 1 936748722493064021  0 
0.500000 0.000000 0.000000  23 2133 2 1224979098644774912 0 4 0 31 2 144115188075857330 0 2147483680 2 144115188075857315 150 2133 2 1224979098644774912 1 5 0 31 2 144115188075857330 2 2133 2 1224979098644774912 1 3 0 31 2 1224979098644774912 1 2365 1 1224979098644774913 30 2 1224979098644774913 30000 2123 3 1224979098644774914 1224979098644774913 1000 2123 3 1224979098644774915 1224979098644774913 100 12 1 1224979098644774916 1712 1 1224979098644774916 1704 1 1224979098644774916 1702 1 1224979098644774916 2119 3 1224979098644774917 1224979098644774915 50 2119 3 1224979098644774918 1224979098644774916 50 31 2 1224979098644774918 1224979098644774917 1 3 936748722493064020 1224979098644774916 1224979098644774914 3 0  0 
-25.000000 0.000000 0.000000  1 30 2 144115188075856199 4  21 2071 1 1224979098644774912 1704 1 1224979098644774912 1718 2 1224979098644774913 1224979098644774912 2147485155 1 1224979098644774913 2173 2 1224979098644774914 1224979098644774913 4 0 1716 2 1224979098644774915 1224979098644774912 132 1 1224979098644774915 2204 2 1224979098644774916 1224979098644774915 1 3 936748722493063852 360287970189639680 1224979098644774916 30 2 72057594037927936 60 2133 2 1224979098644774914 432345564227567630 3 0 522 3 1224979098644774917 1224979098644774914 40 2136 3 1224979098644774918 -100 1224979098644774917 4 0 2147483680 2 1224979098644774918 0 1505 2 1224979098644774913 0 5 0 1505 2 1224979098644774913 1 3 0 
1.000000 0.000000 0.000000  1 31 2 144115188075857104 0  26 12 1 1224979098644774912 1702 1 1224979098644774912 1704 1 1224979098644774912 1714 2 1224979098644774913 1224979098644774912 4 0 30 2 1224979098644774913 0 1720 2 1224979098644774914 1224979098644774913 2121 3 1224979098644774915 100 1224979098644774914 4 0 2147483680 2 1224979098644774915 15 2108 2 1224979098644774915 2 2120 3 1224979098644774916 100 1224979098644774915 5 0 2107 2 1224979098644774915 2 2108 2 1224979098644774915 3 2121 3 1224979098644774916 115 1224979098644774915 3 0 1718 2 1224979098644774917 1224979098644774912 2170 3 1224979098644774918 24 1224979098644774917 2122 3 1224979098644774919 1224979098644774918 2 2105 2 1224979098644774919 100 2107 2 1224979098644774916 1224979098644774919 2108 2 1224979098644774916 100 1734 2 1224979098644774912 1224979098644774916 3 0 3 0 
0.000000 0.000000 0.000000  11 31 2 144115188075857110 2 1073741896 1 0 1073741896 1 1 1073741896 1 2 1073741896 1 3 1073741894 1 144115188075857228 1073741894 1 144115188075857229 1073741894 1 144115188075857227 1073741894 1 144115188075857226 1073741895 1 199 72 1 19  65 2124 1 10000 2010 1 47 2133 2 1224979098644774912 0 2133 2 1224979098644774913 0 2133 2 1224979098644774914 0 4 0 72 1 0 2105 2 1224979098644774913 10 5 0 72 1 1 2105 2 1224979098644774913 -10 3 0 4 0 72 1 3 2105 2 1224979098644774912 10 5 0 72 1 2 2105 2 1224979098644774912 -10 3 0 4 0 70 1 144115188075857226 2105 2 1224979098644774914 10 5 0 70 1 144115188075857227 2105 2 1224979098644774914 -10 3 0 4 0 72 1 19 2107 2 1224979098644774912 4 2107 2 1224979098644774913 4 2107 2 1224979098644774914 2 3 0 720 2 47 1224979098644774912 721 2 47 1224979098644774913 722 2 47 1224979098644774914 2011 1 47 4 0 70 1 144115188075857228 30 2 144115188075857188 4 30 2 144115188075857189 3 2106 2 144115188075857188 4 2106 2 144115188075857189 3 2119 3 72057594037927942 144115188075857188 100 2119 3 72057594037927943 144115188075857189 75 4 0 31 2 72057594037927942 0 31 2 72057594037927943 0 2133 2 72057594037927944 144115188075857188 2133 2 72057594037927945 144115188075857189 1106 1 1585267068834414919 3 0 5 0 70 1 144115188075857229 2105 2 144115188075857188 4 2105 2 144115188075857189 3 2119 3 72057594037927942 144115188075857188 100 2119 3 72057594037927943 144115188075857189 75 4 0 31 2 72057594037927942 0 31 2 72057594037927943 0 2133 2 72057594037927944 144115188075857188 2133 2 72057594037927945 144115188075857189 1106 1 1585267068834414920 3 0 3 0 
0.000000 0.000000 0.000000  1 31 2 144115188075857110 2  138 2124 1 10000 4 0 1073742727 1 1513209474796486719 1073741895 1 1 1073741895 1 16 71 1 15 31 2 144115188075857190 0 2133 2 144115188075857190 1 2133 2 144115188075857191 144115188075857194 2133 2 144115188075857192 144115188075857195 3 0 2133 2 1224979098644774912 0 4 0 2147484551 1 1513209474796486719 75 1 1 726 2 72057594037927937 1 727 2 72057594037927938 1 2010 1 47 4 0 2147483679 2 144115188075857190 1 4 0 31 2 72057594037927937 144115188075857196 31 2 72057594037927938 144115188075857197 3221225503 2 72057594037927937 144115188075857194 2147483679 2 72057594037927938 144115188075857195 2105 2 144115188075857193 1 4 0 30 2 144115188075857193 15 2133 2 144115188075857193 0 2133 2 144115188075857194 72057594037927937 2133 2 144115188075857195 72057594037927938 3 0 5 0 2133 2 1224979098644774912 1 2133 2 144115188075857193 0 3 0 2133 2 144115188075857196 72057594037927937 2133 2 144115188075857197 72057594037927938 5 0 4 0 2147483679 2 72057594037927937 144115188075857196 2147483679 2 72057594037927938 144115188075857197 2121 3 1224979098644774913 72057594037927937 144115188075857191 2121 3 1224979098644774914 72057594037927938 144115188075857192 33 3 1224979098644774913 -10 11 33 3 1224979098644774914 -10 11 2133 2 144115188075857190 0 2133 2 144115188075857194 144115188075857191 2133 2 144115188075857195 144115188075857192 5 0 2133 2 144115188075857194 72057594037927937 2133 2 144115188075857195 72057594037927938 3 0 2133 2 144115188075857196 72057594037927937 2133 2 144115188075857197 72057594037927938 3 0 3 0 2133 2 1224979098644774915 0 2133 2 1224979098644774916 0 2133 2 1224979098644774917 0 2133 2 1224979098644774918 0 4 0 70 1 144115188075857232 4 0 30 2 144115188075857198 0 2133 2 144115188075857198 -20 3 0 2105 2 144115188075857198 -1 2133 2 1224979098644774912 2 2133 2 1224979098644774917 -1 5 0 70 1 144115188075857233 4 0 2147483680 2 144115188075857198 0 2133 2 144115188075857198 20 3 0 2105 2 144115188075857198 1 2133 2 1224979098644774912 2 2133 2 1224979098644774917 1 5 0 2133 2 144115188075857198 0 2133 2 1224979098644774917 0 3 0 4 0 70 1 144115188075857230 4 0 2147483680 2 144115188075857199 0 2133 2 144115188075857199 15 3 0 2105 2 144115188075857199 1 2133 2 1224979098644774912 2 2133 2 1224979098644774918 1 5 0 70 1 144115188075857231 4 0 30 2 144115188075857199 0 2133 2 144115188075857199 -15 3 0 2105 2 144115188075857199 -1 2133 2 1224979098644774912 2 2133 2 1224979098644774918 -1 5 0 2133 2 144115188075857199 0 2133 2 1224979098644774918 0 3 0 4 0 31 2 1224979098644774912 1 2121 3 1224979098644774915 72057594037927937 144115188075857194 2121 3 1224979098644774916 72057594037927938 144115188075857195 5 0 31 2 1224979098644774912 2 4 0 2147483679 2 1224979098644774917 0 2112 3 144115188075857198 -80 80 2133 2 1224979098644774915 144115188075857198 3 0 4 0 2147483679 2 1224979098644774918 0 2112 3 144115188075857199 -45 45 2133 2 1224979098644774916 144115188075857199 3 0 3 0 4 0 30 2 1224979098644774912 1 2107 2 1224979098644774915 144115188075857188 2107 2 1224979098644774916 144115188075857189 2112 3 1224979098644774915 -80000 80001 2112 3 1224979098644774916 -60000 60001 2122 3 1224979098644774919 144115188075857200 -1 738 2 47 1224979098644774919 724 2 47 90 738 2 47 1224979098644774915 724 2 47 -90 738 2 47 144115188075857200 738 2 47 1224979098644774916 2105 2 144115188075857200 1224979098644774916 2011 1 47 3 0 
0.000000 0.000000 0.000000  4 1073741855 2 144115188075857110 3 2147484654 0 1073741855 2 144115188075857174 1 31 2 144115188075857243 0  87 4 0 1006 0 32 2 144115188075857306 -1 2133 2 1224979098644774912 144115188075857306 2133 2 1224979098644774913 500 5 0 2133 2 1224979098644774912 144115188075857307 2133 2 1224979098644774913 0 3 0 30 2 1224979098644774912 0 2133 2 1224979098644774914 0 4 0 70 1 144115188075857226 2105 2 144115188075857117 5 2133 2 1224979098644774914 1 4 0 70 1 29 2105 2 144115188075857113 5 3 0 5 0 70 1 144115188075857227 2106 2 144115188075857117 5 2133 2 1224979098644774914 1 4 0 70 1 29 2106 2 144115188075857113 5 3 0 5 0 70 1 144115188075857230 2105 2 144115188075857116 5 2133 2 1224979098644774914 1 4 0 70 1 29 2105 2 144115188075857112 5 3 0 5 0 70 1 144115188075857231 2106 2 144115188075857116 5 2133 2 1224979098644774914 1 4 0 70 1 29 2106 2 144115188075857112 5 3 0 3 0 4 0 70 1 29 4 0 70 1 144115188075857232 2106 2 144115188075857113 5 5 0 70 1 144115188075857233 2105 2 144115188075857113 5 3 0 3 0 4 0 31 2 1224979098644774914 1 62 1 0 2133 2 1224979098644774913 0 2001 1 1 3 0 1709 2 47 1224979098644774912 722 2 47 144115188075857117 721 2 47 144115188075857116 725 2 47 144115188075857114 723 2 47 144115188075857112 724 2 47 144115188075857113 1714 2 1224979098644774915 1224979098644774912 4 0 30 2 1224979098644774915 0 722 2 47 90 2108 2 1224979098644774913 2 3 0 793 2 1224979098644774916 47 4 0 2147483680 2 1224979098644774916 0 791 1 47 722 2 47 15 3 0 4 0 1 1 936748722493063894 2147484654 0 5 0 32 2 1224979098644774913 0 2012 3 47 1224979098644774913 0 5 0 2011 1 47 3 0 
0.000000 0.500000 1.000000  4 1073741895 1 238 71 1 144115188075857228 1006 0 31 2 144115188075857110 3  1 1 1 936748722493063896 
0.000000 0.500000 1.000000  4 1073741895 1 239 71 1 144115188075857229 1006 0 31 2 144115188075857110 3  1 1 1 936748722493063897 
0.000000 0.000000 0.000000  4 31 2 144115188075857105 0 31 2 144115188075857110 1 1073741855 2 144115188075857174 1 31 2 144115188075857243 0  61 2010 1 47 2133 2 1224979098644774912 0 2133 2 1224979098644774913 0 2133 2 1224979098644774914 0 2133 2 1224979098644774915 0 2133 2 1224979098644774916 0 2133 2 1224979098644774917 0 4 0 72 1 2 2106 2 1224979098644774915 10 5 0 72 1 3 2105 2 1224979098644774915 10 3 0 720 2 47 1224979098644774915 4 0 72 1 0 2105 2 1224979098644774916 10 5 0 72 1 1 2106 2 1224979098644774916 10 3 0 721 2 47 1224979098644774916 4 0 70 1 144115188075857226 2105 2 1224979098644774917 10 5 0 70 1 144115188075857227 2106 2 1224979098644774917 10 3 0 722 2 47 1224979098644774917 4 0 70 1 144115188075857232 2105 2 1224979098644774914 1 5 0 70 1 144115188075857233 2106 2 1224979098644774914 1 3 0 725 2 47 1224979098644774914 4 0 70 1 144115188075857228 2105 2 1224979098644774913 1 5 0 70 1 144115188075857229 2106 2 1224979098644774913 1 3 0 724 2 47 1224979098644774913 4 0 70 1 144115188075857230 2105 2 1224979098644774912 1 5 0 70 1 144115188075857231 2106 2 1224979098644774912 1 3 0 723 2 47 1224979098644774912 4 0 1 1 936748722493063894 5 0 2001 1 1 2011 1 47 3 0 
1.000000 0.000000 0.000000  0  116 1700 1 1224979098644774912 12 1 1224979098644774913 1712 1 1224979098644774913 1702 1 1224979098644774913 1704 1 1224979098644774913 1718 2 1224979098644774914 1224979098644774913 2147483679 2 1224979098644774913 1224979098644774912 1770 2 1224979098644774915 1224979098644774913 1773 2 1224979098644774916 1224979098644774913 1787 3 1224979098644774917 1224979098644774915 1224979098644774916 31 2 1224979098644774917 0 1727 2 1224979098644774918 1224979098644774913 2170 3 1224979098644774919 1369094286720630807 1224979098644774914 4 0 32 2 1224979098644774918 0 2133 2 1224979098644774920 0 1726 3 1224979098644774921 1224979098644774913 0 1714 2 1224979098644774922 1224979098644774913 4 0 30 2 1224979098644774922 0 2124 1 10 1689 2 1 1224979098644774913 727 2 1224979098644774923 1 4 0 30 2 1224979098644774923 80 32 2 1224979098644774919 0 2133 2 1224979098644774920 1 5 0 2147483680 2 1224979098644774923 40 1 3 936748722493064063 1224979098644774913 200 2133 2 1224979098644774924 72057594037927936 30 2 1224979098644774924 1 2133 2 1224979098644774920 -1 3 0 3 0 4 0 31 2 1224979098644774920 -1 4 0 32 2 1224979098644774921 0 33 3 1224979098644774921 288230376151713209 288230376151713233 6 3 1224979098644774925 0 4 1804 3 1224979098644774926 1224979098644774913 1224979098644774925 32 2 1224979098644774926 0 1570 2 1224979098644774927 1224979098644774926 2147483679 2 1224979098644774927 7 2147483681 3 1224979098644774926 288230376151713209 288230376151713233 1747 2 1224979098644774913 1224979098644774926 3 0 3 0 5 0 31 2 1224979098644774920 1 4 0 32 2 1224979098644774921 0 2147483681 3 1224979098644774921 288230376151713209 288230376151713233 6 3 1224979098644774925 0 4 1804 3 1224979098644774926 1224979098644774913 1224979098644774925 32 2 1224979098644774926 0 33 3 1224979098644774926 288230376151713209 288230376151713233 2147483681 3 1224979098644774926 288230376151713225 288230376151713231 1747 2 1224979098644774913 1224979098644774926 3 0 3 0 3 0 5 0 2133 2 1224979098644774928 0 1726 3 1224979098644774921 1224979098644774913 0 1714 2 1224979098644774922 1224979098644774913 4 0 30 2 1224979098644774922 0 2124 1 10 1689 2 1 1224979098644774913 727 2 1224979098644774923 1 4 0 30 2 1224979098644774923 80 2133 2 1224979098644774928 1 5 0 2147483680 2 1224979098644774923 40 1 3 936748722493064063 1224979098644774913 200 2133 2 1224979098644774924 72057594037927936 30 2 1224979098644774924 1 2133 2 1224979098644774928 -1 3 0 5 0 2133 2 1224979098644774928 -1 3 0 4 0 31 2 1224979098644774928 -1 4 0 32 2 1224979098644774921 0 2723 2 1224979098644774921 2147483648 2147486371 2 1224979098644774921 562949953421312 6 3 1224979098644774925 0 4 1804 3 1224979098644774926 1224979098644774913 1224979098644774925 32 2 1224979098644774926 0 1570 2 1224979098644774927 1224979098644774926 2147483679 2 1224979098644774927 7 2147486371 2 1224979098644774926 2147483648 1747 2 1224979098644774913 1224979098644774926 3 0 3 0 5 0 31 2 1224979098644774928 1 4 0 32 2 1224979098644774921 0 2147486371 2 1224979098644774921 2147483648 6 3 1224979098644774925 0 4 1804 3 1224979098644774926 1224979098644774913 1224979098644774925 32 2 1224979098644774926 0 2723 2 1224979098644774926 2147483648 2147486371 2 1224979098644774921 562949953421312 1747 2 1224979098644774913 1224979098644774926 3 0 3 0 3 0 3 0 3 0 
0.000000 1.500000 0.000000  20 73 1 5 1003 1 2 1700 1 72057594037927946 1702 1 72057594037927946 4 0 1714 2 72057594037927948 72057594037927946 30 2 72057594037927948 0 1740 2 72057594037927946 1801439850948198897 1740 2 72057594037927948 1801439850948198970 5 0 1740 2 72057594037927946 1801439850948198896 3 0 1718 2 72057594037927947 72057594037927946 4 0 31 2 144115188075857201 0 1 2 936748722493063959 72057594037927947 32 2 72057594037927937 -1 1750 2 72057594037927946 72057594037927937 3 0 2133 2 144115188075857201 1  1 2133 2 144115188075857201 2 
0.000000 0.000000 0.000000  2 31 2 144115188075857201 2 2147483720 1 5  9 1700 1 72057594037927946 1714 2 72057594037927948 72057594037927946 4 0 30 2 72057594037927948 0 1740 2 72057594037927946 1801439850948198899 5 0 1740 2 72057594037927946 1801439850948198898 3 0 2133 2 144115188075857201 0 
-20.000000 0.000000 0.000000  0  2 2008 1 4278190080 2009 2 0 2500 
0.000000 0.000000 1.000000  6 2147484654 0 73 1 9 1700 1 1224979098644774912 1726 3 1224979098644774913 1224979098644774912 0 32 2 1224979098644774913 0 567 3 1224979098644774913 5 1  12 1700 1 1224979098644774912 1726 3 1224979098644774913 1224979098644774912 0 527 3 1224979098644774914 1224979098644774913 5 32 2 1224979098644774914 1 6 3 1224979098644774915 0 4 1804 3 1224979098644774916 1224979098644774912 1224979098644774915 31 2 1224979098644774916 1224979098644774913 1542 3 1224979098644774917 360287970189639680 1224979098644774915 1774 3 1224979098644774912 1224979098644774913 1224979098644774915 1779 4 1224979098644774912 1224979098644774914 1224979098644774915 1224979098644774917 1747 2 1224979098644774912 1224979098644774914 3 0 
0.000000 0.000000 1.000000  6 2147484654 0 71 1 35 1700 1 1224979098644774912 1804 3 1224979098644774913 1224979098644774912 4 32 2 1224979098644774913 0 567 3 1224979098644774913 5 1  9 1700 1 1224979098644774912 1804 3 1224979098644774913 1224979098644774912 4 527 3 1224979098644774914 1224979098644774913 5 32 2 1224979098644774914 1 1542 3 1224979098644774915 360287970189639680 4 1774 3 1224979098644774912 1224979098644774913 4 1779 4 1224979098644774912 1224979098644774914 4 1224979098644774915 1740 3 1224979098644774912 1801439850948198570 1 600 1 1152921504606847167 
-71.000000 0.000000 0.000000  3 2071 1 1224979098644774912 1073741855 2 1224979098644774912 10 31 2 1224979098644774912 9  3 2071 1 1224979098644774912 2072 1 1224979098644774913 1 3 936748722493063563 1224979098644774912 1224979098644774913 
-57.000000 0.000000 0.000000  2 2072 1 1224979098644774912 31 2 1224979098644774912 0  3 2071 1 1224979098644774912 1774 2 1224979098644774912 0 1732 1 1224979098644774912 
-56.000000 0.000000 0.000000  5 2071 1 1224979098644774912 32 2 1224979098644774912 -1 1702 1 1224979098644774912 1707 1 1224979098644774912 1 5 936748722493064105 1224979098644774912 0 0 0  0 
-19.000000 0.000000 0.000000  0  8 2133 2 144115188075857176 0 2133 2 144115188075857174 0 2147483679 2 144115188075857243 0 2133 2 144115188075856012 1 1617 1 648518346341351430 1 3 936748722493063350 648518346341351430 648518346341351424 47 1 360287970189639680 2133 2 144115188075857175 360287970189639680 
5.000000 0.000000 0.000000  3 2147483679 2 144115188075857243 0 1700 1 1224979098644774912 2147485350 1 1224979098644774912  98 2124 1 100 1700 1 1224979098644774912 1770 2 1224979098644774913 1224979098644774912 1765 2 1224979098644774914 1224979098644774912 1710 2 1 1224979098644774912 2133 2 1224979098644774915 0 2133 2 1224979098644774916 -1 2133 2 1224979098644774917 -1 2133 2 1224979098644774918 1000000 12 1 1224979098644774919 31 2 1224979098644774916 -1 1704 1 1224979098644774919 1702 1 1224979098644774919 1770 2 1224979098644774920 1224979098644774919 31 2 1224979098644774920 1224979098644774913 1716 2 1224979098644774921 1224979098644774919 31 2 1224979098644774921 648518346341351424 1718 2 1224979098644774922 1224979098644774919 33 3 1224979098644774922 360287970189639979 360287970189639995 540 3 1224979098644774922 2 5 1710 2 2 1224979098644774919 711 3 1224979098644774923 1 2 2147483678 2 1224979098644774923 1224979098644774918 2133 2 1224979098644774916 1224979098644774922 2133 2 1224979098644774917 1224979098644774919 2133 2 1224979098644774918 1224979098644774923 2322 2 31 1224979098644774916 1106 2 1585267068834414921 5308240 3 0 4 0 31 2 1224979098644774916 -1 31 2 144115188075857243 2 12 1 1224979098644774919 31 2 1224979098644774916 -1 1704 1 1224979098644774919 1702 1 1224979098644774919 1770 2 1224979098644774920 1224979098644774919 31 2 1224979098644774920 1224979098644774913 1718 2 1224979098644774922 1224979098644774919 1716 2 1224979098644774921 1224979098644774919 31 2 1224979098644774921 648518346341351424 1710 2 2 1224979098644774919 711 3 1224979098644774923 1 2 2147483678 2 1224979098644774923 1224979098644774918 2133 2 1224979098644774916 1224979098644774922 2133 2 1224979098644774917 1224979098644774919 2133 2 1224979098644774918 1224979098644774923 2322 2 31 1224979098644774916 1106 2 1585267068834414921 5308240 3 0 3 0 4 0 30 2 1224979098644774916 1 30 2 1224979098644774917 0 1 3 936748722493064062 1224979098644774916 360287970189641434 2133 2 144115188075857175 1224979098644774916 47 1 1224979098644774916 1720 3 1224979098644774924 1224979098644774917 1 1710 2 1 1224979098644774917 731 2 1 -2000 729 2 1 0 730 2 1 0 1710 2 0 1224979098644774917 1970 1 0 1714 2 1224979098644774925 1224979098644774917 4 0 32 2 1224979098644774925 0 1711 2 1224979098644774925 1 1755 1 1224979098644774925 3 0 1711 2 1224979098644774917 1 505 3 1224979098644774917 100 1 525 3 1224979098644774926 1224979098644774917 102 1755 1 1224979098644774917 2133 2 144115188075857202 1 1972 1 1224979098644774916 2133 2 144115188075857202 0 2133 2 1224979098644774912 72057594037927936 505 3 1224979098644774912 102 1224979098644774926 1771 2 1224979098644774912 1224979098644774913 1721 3 1224979098644774912 1224979098644774924 1 1766 2 1224979098644774912 1224979098644774914 505 3 1224979098644774912 100 2 505 3 1224979098644774912 101 1224979098644774916 4 0 1714 2 1224979098644774927 1224979098644774912 32 2 1224979098644774927 0 2147483678 2 1224979098644774925 0 1711 2 1224979098644774927 1 1755 1 1224979098644774927 3 0 47 1 360287970189639680 2133 2 1224979098644774915 1 2133 2 144115188075857176 1 3 0 31 2 1224979098644774916 -1 31 2 1224979098644774915 0 2133 2 144115188075857174 1 
0.000000 0.300000 0.000000  5 31 2 144115188075857329 1 1541 3 1224979098644774912 360287970189639680 5 30 2 1224979098644774912 0 2700 2 1224979098644774913 1224979098644774912 30 2 1224979098644774913 800  15 1700 1 1224979098644774912 1541 3 1224979098644774913 360287970189639680 5 30 2 1224979098644774913 0 2700 2 1224979098644774914 1224979098644774913 30 2 1224979098644774914 800 4 0 33 3 1224979098644774914 800 2100 2133 2 1224979098644774915 1152921504606847156 5 0 30 2 1224979098644774914 2100 2133 2 1224979098644774915 1152921504606847157 3 0 1768 2 1224979098644774916 1224979098644774912 33 3 1224979098644774916 1801439850948198426 1801439850948198522 1750 2 1224979098644774912 1224979098644774915 
-25.000000 0.000000 0.000000  0  10 2071 1 1224979098644774912 1712 1 1224979098644774912 1702 1 1224979098644774912 4 0 1804 3 1224979098644774913 1224979098644774912 6 31 2 1224979098644774913 -1 1804 3 1224979098644774914 1224979098644774912 5 32 2 1224979098644774914 0 1779 2 1224979098644774912 288230376151713382 3 0 
30.000000 0.000000 100000000.000000  1 31 2 144115188075857183 8  3 1106 2 1585267068834414922 5308240 1106 2 1585267068834414922 5308240 2133 2 144115188075857158 1 
0.500000 0.000000 100000000.000000  3 31 2 144115188075857183 8 31 2 144115188075857158 1 71 1 37  11 1700 1 1224979098644774912 1770 2 1224979098644774913 1224979098644774912 12 1 1224979098644774914 1702 1 1224979098644774914 1704 1 1224979098644774914 1770 2 1224979098644774915 1224979098644774914 31 2 1224979098644774915 1224979098644774913 1728 1 1224979098644774914 3 0 1106 2 1585267068834414923 5308240 2133 2 144115188075857158 0 
-26.000000 0.000000 0.000000  0  94 2071 1 1224979098644774912 2072 1 1224979098644774913 2073 1 1224979098644774914 30 2 1224979098644774912 0 1704 1 1224979098644774912 1718 2 1224979098644774915 1224979098644774912 2147485155 1 1224979098644774915 4 0 2147485354 1 1224979098644774912 1610 3 648518346341351442 1224979098644774915 1 3 0 4 0 1073741855 2 1224979098644774915 360287970189641349 31 2 1224979098644774915 360287970189641350 2133 2 1224979098644774914 1 5 0 32 2 1224979098644774913 -1 1726 3 1224979098644774916 1224979098644774913 0 4 0 2147483678 2 1224979098644774916 0 2133 2 1224979098644774916 0 3 0 4 0 1770 2 1224979098644774917 1224979098644774912 1792 2 1224979098644774918 1224979098644774917 4 0 32 2 1224979098644774918 -1 2147485355 1 1224979098644774918 1685 3 1224979098644774919 648518346341351424 1369094286720630794 2107 2 1224979098644774919 3 2105 2 1224979098644774919 25 5 0 32 2 1224979098644774918 -1 1718 2 1224979098644774920 1224979098644774918 1507 1 1224979098644774920 2170 3 1224979098644774919 1369094286720630794 1224979098644774920 2107 2 1224979098644774919 3 2105 2 1224979098644774919 25 5 0 2133 2 1224979098644774919 20 4 0 31 2 144115188075857183 12 2105 2 1224979098644774919 10 3 0 3 0 4 0 31 2 144115188075857183 16 33 3 1224979098644774915 360287970189639738 360287970189639747 2106 2 1224979098644774919 25 3 0 4 0 31 2 144115188075857183 20 2105 2 1224979098644774919 10 3 0 3 0 2721 2 1224979098644774921 1224979098644774916 1 3 936748722493063977 0 101 2133 2 1224979098644774922 72057594037927936 4 0 31 2 1224979098644774921 2 2121 3 1224979098644774919 100 1224979098644774919 2108 2 1224979098644774919 8 32 2 1224979098644774922 1224979098644774919 2133 2 1224979098644774914 1 5 0 2147483680 2 1224979098644774922 1224979098644774919 2133 2 1224979098644774914 1 5 0 2133 2 1224979098644774914 0 3 0 3 0 4 0 31 2 1224979098644774916 288230376151713384 2075 1 2 5 0 31 2 1224979098644774914 1 2075 1 2 4 0 2147485354 1 1224979098644774912 1618 3 648518346341351442 1224979098644774915 1 3 0 5 0 31 2 1224979098644774914 0 2075 1 1 4 0 31 2 144115188075857183 21 1718 2 1224979098644774923 1224979098644774913 31 2 1224979098644774923 360287970189639680 1 2 936748722493064146 1 3 0 5 0 2075 1 0 3 0 1 3 936748722493063496 1224979098644774912 1224979098644774913 
0.000000 0.000000 0.000000  3 1685 3 1224979098644774912 648518346341351424 1369094286720630799 1073741854 2 1224979098644774912 4 31 2 144115188075857183 2  39 1700 1 1224979098644774912 1709 2 1 1224979098644774912 4 0 1702 1 1224979098644774912 2076 4 2 1224979098644774912 9 1 719 2 1 2 3 0 4 0 31 2 144115188075857341 0 2001 1 0 5 0 31 2 144115188075857341 1 722 2 1 300 721 2 1 -600 5 0 31 2 144115188075857341 2 722 2 1 600 721 2 1 -1200 5 0 31 2 144115188075857341 3 722 2 1 2500 721 2 1 -400 723 2 1 -45 3 0 2011 1 1 4 0 71 1 47 2105 2 144115188075857341 1 2109 2 144115188075857341 4 2147483679 2 144115188075857341 0 2001 1 1 3 0 4 0 1073741897 1 20 1073741897 1 19 73 1 21 2001 1 0 2133 2 144115188075857341 0 3 0 
0.050000 0.000000 0.000000  2 2147483679 2 144115188075857204 0 2147484551 1 144115188075857203  3 900 1 144115188075857204 2133 2 144115188075857203 144115188075857204 2133 2 144115188075857204 0 
-25.000000 0.000000 0.000000  0  2 2071 1 1224979098644774912 505 3 1224979098644774912 10 0 
0.000000 0.000000 0.000000  1 73 1 22  7 4 0 903 1 1513209474796486719 902 1 0 5 0 902 1 0 2133 2 144115188075857204 1513209474796486719 3 0 
-20.000000 0.000000 100000000.000000  0  13 1700 1 144115188075857205 4 0 31 2 144115188075857205 -1 2133 2 144115188075857206 -1 5 0 1765 2 144115188075857206 144115188075857205 3 0 2124 1 100 1799 2 2 3 726 2 144115188075857207 3 727 2 144115188075857208 3 726 2 144115188075857209 2 727 2 144115188075857210 2 
-19.000000 0.000000 100000000.000000  0  4 2133 2 144115188075857211 0 2133 2 144115188075857212 0 2133 2 144115188075857213 0 2133 2 144115188075857214 0 
0.050000 0.000000 0.000000  2 2147483679 2 144115188075857204 0 2147484551 1 144115188075857203  3 900 1 144115188075857204 2133 2 144115188075857203 144115188075857204 2133 2 144115188075857204 0 
0.000000 0.000000 0.100000  13 1073741897 1 30 1073741897 1 31 1073741897 1 32 1073741897 1 33 1073741897 1 34 1073741897 1 35 1073741897 1 36 1073741897 1 37 1073741897 1 38 1073741897 1 39 1073741897 1 40 73 1 29 2147484654 0  21 2133 2 144115188075857211 0 4 0 903 1 1513209474796486719 2133 2 144115188075857214 1 3 0 4 0 902 1 0 2133 2 144115188075857204 1513209474796486717 3 0 2133 2 144115188075857213 1 4 0 31 2 144115188075857218 2 6 3 1224979098644774912 0 9 1775 2 144115188075857206 1224979098644774912 2120 3 1224979098644774913 194 1224979098644774912 529 3 1224979098644774914 144115188075857206 1224979098644774913 1107 1 0 1 4 936748722493064110 144115188075857206 1224979098644774912 1224979098644774914 1107 1 1 3 0 3 0 
0.000000 0.000000 0.000000  3 1073742830 0 70 1 1 903 1 1513209474796486717  2 902 1 0 2133 2 144115188075857213 0 
0.000000 0.000000 0.000000  3 1073742830 0 70 1 1 2147483679 2 144115188075857211 0  1 2133 2 144115188075857211 0 
0.100000 0.000000 0.000000  5 2147483679 2 144115188075857215 0 2367 1 72057594037927936 2106 2 72057594037927936 144115188075857215 30 2 72057594037927936 250 31 2 144115188075857211 23  18 2133 2 144115188075857215 0 4 0 72 1 23 2133 2 144115188075857212 2 2133 2 144115188075857211 0 2117 3 72057594037927936 144115188075857302 512 4 0 31 2 72057594037927936 0 2114 2 144115188075857302 512 31 2 144115188075857037 0 1120 2 216172782113787550 1585267068834414924 3 0 5 0 31 2 144115188075857212 1 2133 2 144115188075857212 0 2133 2 144115188075857211 0 1 2 936748722493064098 0 3 0 
0.000000 0.000000 0.000000  2 73 1 23 2147484654 0  25 2367 1 144115188075857215 4 0 2147483679 2 144115188075857211 23 2147483679 2 144115188075857211 24 2147483679 2 144115188075857211 25 2133 2 144115188075857211 23 2133 2 144115188075857213 0 4 0 903 1 1513209474796486719 2133 2 144115188075857214 1 3 0 902 1 0 2133 2 144115188075857212 0 5 0 31 2 144115188075857211 23 2133 2 144115188075857212 1 5 0 31 2 144115188075857211 24 2133 2 144115188075857211 0 902 1 0 1 2 936748722493064098 5 5 0 31 2 144115188075857211 25 2133 2 144115188075857211 0 3 0 
0.000000 0.000000 0.000000  2 73 1 24 2147484654 0  25 4 0 2147483679 2 144115188075857211 23 2147483679 2 144115188075857211 24 2147483679 2 144115188075857211 25 2133 2 144115188075857211 24 2133 2 144115188075857213 0 4 0 903 1 1513209474796486719 2133 2 144115188075857214 1 3 0 902 1 0 2133 2 144115188075857204 1513209474796486717 5 0 31 2 144115188075857211 23 2133 2 144115188075857211 0 1 2 936748722493064098 1 5 0 31 2 144115188075857211 24 2133 2 144115188075857211 0 902 1 0 1 2 936748722493064098 6 5 0 31 2 144115188075857211 25 2133 2 144115188075857211 0 3 0 
0.000000 0.000000 0.000000  2 73 1 25 2147484654 0  24 4 0 2147483679 2 144115188075857211 23 2147483679 2 144115188075857211 24 2147483679 2 144115188075857211 25 2133 2 144115188075857211 25 2133 2 144115188075857213 0 4 0 903 1 1513209474796486719 2133 2 144115188075857214 1 3 0 902 1 0 5 0 31 2 144115188075857211 23 2133 2 144115188075857211 0 1 2 936748722493064098 2 5 0 31 2 144115188075857211 24 2133 2 144115188075857211 0 902 1 0 1 2 936748722493064098 8 5 0 31 2 144115188075857211 25 2133 2 144115188075857211 0 3 0 
0.000000 0.000000 0.000000  2 73 1 26 2147484654 0  55 4 0 31 2 144115188075857211 0 4 0 31 2 144115188075857331 0 2133 2 144115188075857211 26 4 0 903 1 1513209474796486719 2133 2 144115188075857214 1 3 0 902 1 0 2133 2 144115188075857204 1513209474796486717 2117 3 72057594037927936 144115188075857302 1024 4 0 31 2 72057594037927936 0 2114 2 144115188075857302 1024 31 2 144115188075857037 0 1120 2 216172782113787551 1585267068834414925 3 0 5 0 1106 1 1585267068834414926 31 2 144115188075857213 1 4 0 903 1 1513209474796486719 2133 2 144115188075857214 1 3 0 902 1 0 2133 2 144115188075857204 1513209474796486717 3 0 5 0 31 2 144115188075857211 23 2133 2 144115188075857211 0 1 2 936748722493064098 11 5 0 31 2 144115188075857211 24 2133 2 144115188075857211 0 902 1 0 1 2 936748722493064098 7 5 0 31 2 144115188075857211 25 2133 2 144115188075857211 0 5 0 31 2 144115188075857211 26 2133 2 144115188075857211 0 1 1 936748722493064079 6 3 1224979098644774912 0 9 1775 2 144115188075857206 1224979098644774912 2120 3 1224979098644774913 293 1224979098644774912 509 3 144115188075857206 1224979098644774913 -1 2120 3 1224979098644774913 14 1224979098644774912 569 3 144115188075857206 1224979098644774913 1 2120 3 1224979098644774913 221 1224979098644774912 509 3 144115188075857206 1224979098644774913 1 1 4 936748722493064096 1224979098644774912 2 1 3 0 3 0 
0.000000 0.000000 0.000000  2 73 1 27 2147484654 0  32 4 0 31 2 144115188075857211 0 31 2 144115188075857213 1 4 0 903 1 1513209474796486719 2133 2 144115188075857214 1 3 0 902 1 0 2133 2 144115188075857204 1513209474796486717 5 0 31 2 144115188075857211 23 2133 2 144115188075857211 0 1 2 936748722493064098 14 5 0 31 2 144115188075857211 24 2133 2 144115188075857211 0 902 1 0 5 0 31 2 144115188075857211 26 2133 2 144115188075857211 0 1 1 936748722493064079 6 3 1224979098644774912 0 9 1775 2 144115188075857206 1224979098644774912 2120 3 1224979098644774913 293 1224979098644774912 509 3 144115188075857206 1224979098644774913 -1 2120 3 1224979098644774913 14 1224979098644774912 569 3 144115188075857206 1224979098644774913 1 2120 3 1224979098644774913 221 1224979098644774912 509 3 144115188075857206 1224979098644774913 1 1 4 936748722493064096 1224979098644774912 3 1 3 0 3 0 
0.000000 0.000000 0.000000  2 73 1 28 2147484654 0  29 4 0 31 2 144115188075857211 0 31 2 144115188075857213 1 4 0 903 1 1513209474796486719 2133 2 144115188075857214 1 3 0 902 1 0 2133 2 144115188075857204 1513209474796486717 5 0 31 2 144115188075857211 24 2133 2 144115188075857211 0 902 1 0 1 2 936748722493064098 4 5 0 31 2 144115188075857211 26 2133 2 144115188075857211 0 1 1 936748722493064079 6 3 1224979098644774912 0 9 1775 2 144115188075857206 1224979098644774912 2120 3 1224979098644774913 293 1224979098644774912 509 3 144115188075857206 1224979098644774913 -1 2120 3 1224979098644774913 14 1224979098644774912 569 3 144115188075857206 1224979098644774913 1 2120 3 1224979098644774913 221 1224979098644774912 509 3 144115188075857206 1224979098644774913 1 1 4 936748722493064096 1224979098644774912 4 1 3 0 3 0 
0.000000 0.000000 0.000000  2 71 1 65 2147484654 0  27 4 0 31 2 144115188075857211 0 31 2 144115188075857213 1 4 0 903 1 1513209474796486719 2133 2 144115188075857214 1 3 0 902 1 0 2133 2 144115188075857204 1513209474796486717 5 0 31 2 144115188075857211 24 1 1 936748722493064099 5 0 31 2 144115188075857211 26 2133 2 144115188075857211 0 1 1 936748722493064079 6 3 1224979098644774912 0 9 1775 2 144115188075857206 1224979098644774912 2120 3 1224979098644774913 293 1224979098644774912 509 3 144115188075857206 1224979098644774913 -1 2120 3 1224979098644774913 14 1224979098644774912 569 3 144115188075857206 1224979098644774913 1 2120 3 1224979098644774913 221 1224979098644774912 509 3 144115188075857206 1224979098644774913 1 1 4 936748722493064096 1224979098644774912 5 1 3 0 3 0 
0.000000 0.000000 0.000000  2 71 1 66 2147484654 0  17 4 0 31 2 144115188075857211 0 31 2 144115188075857213 1 4 0 903 1 1513209474796486719 2133 2 144115188075857214 1 3 0 902 1 0 2133 2 144115188075857204 1513209474796486717 5 0 31 2 144115188075857211 24 1 1 936748722493064100 5 0 31 2 144115188075857211 26 2133 2 144115188075857211 0 1 2 936748722493064098 2 3 0 
0.700000 0.000000 0.000000  3 31 2 144115188075857214 1 2147484551 1 1513209474796486717 31 2 144115188075857211 0  3 902 1 0 2133 2 144115188075857204 1513209474796486719 2133 2 144115188075857214 0 
-19.000000 0.000000 0.000000  0  8 2133 2 144115188075857216 -2 6 3 1224979098644774912 0 4 509 3 1224979098644774912 5 0 6 3 1224979098644774913 0 9 2120 3 1224979098644774914 185 1224979098644774913 509 3 1224979098644774912 1224979098644774914 -1 3 0 3 0 
0.000000 0.200000 100000000.000000  1 1943 0  62 12 1 1224979098644774912 1704 1 1224979098644774912 4 0 415 1 1224979098644774913 401 1 1224979098644774913 406 2 1224979098644774914 1224979098644774913 31 2 1224979098644774912 1224979098644774914 2133 2 144115188075857205 1224979098644774914 402 2 144115188075857206 1224979098644774913 5 0 1707 1 1224979098644774912 1765 2 1224979098644774915 1224979098644774912 32 2 1224979098644774915 -1 1 2 936748722493064112 1224979098644774912 3 0 3 0 4 0 2147484067 0 2124 1 100 1 1 936748722493064114 2121 3 1224979098644774916 432345564227567635 432345564227567630 2122 3 1224979098644774917 4 1224979098644774916 6 3 1224979098644774918 0 1224979098644774917 509 3 7 1224979098644774918 0 3 0 12 1 1224979098644774919 1704 1 1224979098644774919 1765 2 1224979098644774920 1224979098644774919 1718 2 1224979098644774921 1224979098644774919 2173 2 1224979098644774922 1224979098644774921 33 3 1224979098644774922 432345564227567630 432345564227567635 2122 3 1224979098644774918 1224979098644774920 1224979098644774916 2106 2 1224979098644774922 432345564227567630 2105 2 1224979098644774918 1224979098644774922 529 3 1224979098644774923 7 1224979098644774918 2105 2 1224979098644774923 1 509 3 7 1224979098644774918 1224979098644774923 3 0 6 3 1224979098644774915 0 4 569 3 1224979098644774915 5 1 1792 2 1224979098644774924 1224979098644774915 4 0 30 2 1224979098644774924 0 1718 2 1224979098644774925 1224979098644774924 2173 2 1224979098644774926 1224979098644774925 5 0 2133 2 1224979098644774926 0 2133 2 1224979098644774927 0 2122 3 1224979098644774928 1224979098644774915 1224979098644774916 2120 3 1224979098644774917 1224979098644774928 1224979098644774916 6 3 1224979098644774918 1224979098644774928 1224979098644774917 529 3 1224979098644774923 7 1224979098644774918 32 2 1224979098644774923 1224979098644774927 2133 2 1224979098644774927 1224979098644774923 2121 3 1224979098644774926 1224979098644774928 1224979098644774918 2105 2 1224979098644774926 432345564227567630 3 0 3 0 509 3 1224979098644774915 1 1224979098644774926 3 0 3 0 2105 2 144115188075857216 1 
-25.000000 0.000000 0.000000  1 1 1 936748722493064115  2 2071 1 1224979098644774912 1 2 936748722493064112 1224979098644774912 
0.500000 0.000000 0.000000  2 2147483679 2 144115188075857216 -2 2147484654 0  13 2124 1 100 2367 1 144115188075857216 4 0 6 3 1224979098644774912 0 4 6 3 1224979098644774913 0 9 2120 3 1224979098644774914 185 1224979098644774913 1073742373 3 1224979098644774912 1224979098644774914 4 549 3 1224979098644774912 1224979098644774914 5 509 3 1224979098644774912 1224979098644774914 -1 3 0 3 0 3 0 1 1 936748722493064114 
-19.000000 0.000000 100000000.000000  0  25 2133 2 144115188075857217 1 6 3 1224979098644774912 0 4 6 3 72057594037927936 293 302 509 3 1224979098644774912 72057594037927936 -1 3 0 4 0 31 2 0 1 6 3 72057594037927936 194 203 509 3 1224979098644774912 72057594037927936 -1 3 0 6 3 72057594037927936 311 320 509 3 1224979098644774912 72057594037927936 2 3 0 6 3 72057594037927936 203 212 509 3 1224979098644774912 72057594037927936 1 3 0 5 0 6 3 72057594037927936 194 203 509 3 1224979098644774912 72057594037927936 0 3 0 3 0 6 3 72057594037927936 212 221 509 3 1224979098644774912 72057594037927936 2 3 0 3 0 
1.000000 0.000000 0.000000  2 31 2 144115188075856168 0 1 1 936748722493064115  8 2124 1 100 1 4 936748722493064120 38 144115188075857206 9 2133 2 1224979098644774912 72057594037927936 4 0 32 2 1224979098644774912 0 1 1 936748722493064102 3 0 2105 2 144115188075857216 500 
-21.000000 0.000000 0.000000  2 1073742830 0 31 2 144115188075856297 1  1 2133 2 144115188075857217 0 
-8.000000 0.000000 0.000000  2 2071 1 1224979098644774912 31 2 1224979098644774912 0  1 2133 2 144115188075857217 0 
-20.000000 0.000000 0.000000  2 1073741855 2 144115188075857037 1 2147483679 2 144115188075857173 0  2 2133 2 144115188075857218 1 2133 2 144115188075857173 0 
0.000000 0.000000 100000000.000000  2 31 2 144115188075857218 1 1 1 936748722493064115  89 4 0 31 2 144115188075857217 1 32 2 144115188075857206 -1 2124 1 100 1 1 936748722493064079 1 2 936748722493064078 144115188075857206 700 2 37 2 7 3 1224979098644774912 0 9 2120 3 1224979098644774913 14 1224979098644774912 569 3 144115188075857206 1224979098644774913 1 2120 3 1224979098644774913 218 1224979098644774912 522 3 1224979098644774914 432345564227567629 1224979098644774913 2120 3 1224979098644774913 203 1224979098644774912 529 3 1224979098644774915 144115188075857206 1224979098644774913 4 0 2147483679 2 1224979098644774914 0 2120 3 1224979098644774913 200 1224979098644774912 522 3 1224979098644774916 432345564227567629 1224979098644774913 2120 3 1224979098644774913 194 1224979098644774912 509 3 144115188075857206 1224979098644774913 1224979098644774916 2120 3 1224979098644774913 209 1224979098644774912 522 3 1224979098644774917 432345564227567629 1224979098644774913 1107 1 0 4 0 30 2 1224979098644774917 1224979098644774915 6 3 72057594037927936 1224979098644774915 1224979098644774917 1790 3 144115188075857206 1224979098644774912 8 3 0 5 0 6 3 72057594037927936 1224979098644774917 1224979098644774915 1790 3 144115188075857206 1224979098644774912 7 3 0 3 0 1107 1 1 2120 3 1224979098644774913 203 1224979098644774912 509 3 144115188075857206 1224979098644774913 1224979098644774917 4 0 32 2 1224979098644774916 0 2133 2 72057594037927937 1224979098644774912 2346 2 2 72057594037927937 2105 2 72057594037927937 1 1106 1 1585267068834414927 1 4 936748722493064096 1224979098644774912 1224979098644774916 0 5 0 1 4 936748722493064110 144115188075857206 1224979098644774912 1224979098644774916 1 4 936748722493064080 144115188075857206 1224979098644774912 144115188075857205 31 2 0 0 2133 2 72057594037927936 1224979098644774917 2133 2 72057594037927937 1224979098644774912 2346 2 2 72057594037927937 2105 2 72057594037927937 1 4 0 30 2 72057594037927936 0 1106 1 1585267068834414928 5 0 2107 2 72057594037927936 -1 2105 2 72057594037927936 1 1106 1 1585267068834414929 3 0 3 0 5 0 1795 2 144115188075857206 1224979098644774912 2120 3 1224979098644774913 185 1224979098644774912 31 2 144115188075857331 0 549 3 144115188075857206 1224979098644774913 2 1 4 936748722493064096 1224979098644774912 4 2 5 0 31 2 144115188075857331 0 2147484197 3 144115188075857206 1224979098644774913 1 2147484197 3 144115188075857206 1224979098644774913 5 1 2 936748722493064085 144115188075857206 2133 2 1224979098644774916 72057594037927936 32 2 1224979098644774916 0 1 4 936748722493064096 1224979098644774912 1224979098644774916 2 5 0 1 3 936748722493064089 144115188075857206 1224979098644774912 2133 2 1224979098644774916 72057594037927936 2133 2 1224979098644774918 72057594037927937 2120 3 1224979098644774913 194 1224979098644774912 509 3 144115188075857206 1224979098644774913 1224979098644774916 2120 3 1224979098644774913 311 1224979098644774912 509 3 144115188075857206 1224979098644774913 1224979098644774918 700 2 1 37 1 4 936748722493064081 144115188075857206 1224979098644774912 144115188075857205 1 4 936748722493064110 144115188075857206 1224979098644774912 1224979098644774916 3 0 3 0 3 0 2133 2 144115188075857218 2 
0.000000 0.000000 100000000.000000  1 31 2 144115188075857218 2  5 2133 2 144115188075857218 3 1700 1 1224979098644774912 32 2 1224979098644774912 -1 1770 2 72057594037927936 1224979098644774912 1795 2 72057594037927936 9 
-19.000000 0.000000 0.000000  0  8 6 3 1224979098644774912 0 4 6 3 1224979098644774913 0 9 2120 3 1224979098644774914 248 1224979098644774913 509 3 1224979098644774912 1224979098644774914 10 2120 3 1224979098644774914 221 1224979098644774913 509 3 1224979098644774912 1224979098644774914 1 3 0 3 0 
-28.000000 0.000000 0.000000  6 2070 2 1224979098644774912 5 2147483680 2 1224979098644774912 0 2070 2 1224979098644774913 1 1712 1 1224979098644774913 1704 1 1224979098644774913 1702 1 1224979098644774913  52 2070 2 1224979098644774912 1 2070 2 1224979098644774913 2 2070 2 1224979098644774914 3 4 0 2147483679 2 1224979098644774912 144115188075857205 2147483679 2 1224979098644774913 144115188075857205 1770 2 1224979098644774915 1224979098644774912 1773 2 1224979098644774916 1224979098644774912 2120 3 1224979098644774917 194 1224979098644774916 529 3 1224979098644774918 1224979098644774915 1224979098644774917 1770 2 1224979098644774919 1224979098644774913 1773 2 1224979098644774920 1224979098644774913 2120 3 1224979098644774917 194 1224979098644774920 529 3 1224979098644774921 1224979098644774919 1224979098644774917 4 0 31 2 1224979098644774918 0 2147483679 2 1224979098644774921 0 2120 3 1224979098644774917 257 1224979098644774920 569 3 1224979098644774919 1224979098644774917 80 2120 3 1224979098644774917 203 1224979098644774920 529 3 1224979098644774922 1224979098644774919 1224979098644774917 4 0 31 2 1224979098644774922 0 2107 2 1224979098644774914 6 5 0 31 2 1224979098644774922 1 2107 2 1224979098644774914 5 5 0 2107 2 1224979098644774914 4 3 0 2108 2 1224979098644774914 2 5 0 2147483679 2 1224979098644774918 0 31 2 1224979098644774921 0 2120 3 1224979098644774917 257 1224979098644774916 569 3 1224979098644774915 1224979098644774917 80 2120 3 1224979098644774917 203 1224979098644774916 529 3 1224979098644774922 1224979098644774915 1224979098644774917 2107 2 1224979098644774914 2 4 0 31 2 1224979098644774922 0 2108 2 1224979098644774914 6 5 0 31 2 1224979098644774922 1 2108 2 1224979098644774914 5 5 0 2108 2 1224979098644774914 4 3 0 2111 2 1224979098644774914 1 3 0 3 0 2075 1 1224979098644774914 
2.000000 0.000000 100000000.000000  1 31 2 144115188075856297 1  5 6 3 1224979098644774912 0 9 2120 3 1224979098644774913 14 1224979098644774912 569 3 144115188075857206 1224979098644774913 1 1 3 936748722493064092 144115188075857206 1224979098644774912 3 0 
-19.000000 0.000000 0.000000  0  13 2133 2 144115188075857219 0 2133 2 144115188075857220 0 2133 2 144115188075857221 0 701 1 56 701 1 57 701 1 58 701 1 59 4 0 31 2 144115188075857173 0 2133 2 144115188075857218 3 5 0 2133 2 144115188075857218 0 3 0 
0.000000 0.000000 100000000.000000  1 1 1 936748722493064115  18 2124 1 100 6 3 1224979098644774912 0 4 1 4 936748722493064116 0 1224979098644774912 9 726 2 72057594037927936 0 509 3 1224979098644774912 2 72057594037927936 727 2 72057594037927936 0 509 3 1224979098644774912 3 72057594037927936 2147483679 2 1224979098644774912 144115188075857206 2120 3 1224979098644774913 194 1 509 3 1224979098644774912 1224979098644774913 0 1 2 936748722493064078 1224979098644774912 700 2 1 2 1792 2 1224979098644774914 1224979098644774912 1 1 936748722493064079 6 3 1224979098644774915 0 9 1 4 936748722493064081 1224979098644774912 1224979098644774915 1224979098644774914 3 0 3 0 
0.000000 0.000000 100000000.000000  2 1 1 936748722493064115 30 2 144115188075857218 3  1 1 2 936748722493064073 1 
0.100000 0.000000 0.000000  5 32 2 144115188075857216 0 30 2 144115188075857218 3 2367 1 72057594037927936 2106 2 72057594037927936 144115188075857216 30 2 72057594037927936 250  58 2105 2 144115188075857216 500 4 0 31 2 144115188075857220 0 1 1 936748722493064076 1 1 936748722493064075 2133 2 144115188075857218 6 3 0 2124 1 100 1 1 936748722493064114 4 0 30 2 144115188075857218 6 31 2 144115188075857220 0 1 2 936748722493064073 1 2133 2 144115188075857219 0 2133 2 144115188075857220 1 5 0 30 2 144115188075857218 4 2122 3 1224979098644774912 5 4 2108 2 1224979098644774912 2 2119 3 72057594037927936 144115188075857219 1224979098644774912 1 2 936748722493064073 1 4 0 2147484197 3 0 4 144115188075856298 509 3 0 4 144115188075856298 6 3 1224979098644774913 0 9 2120 3 1224979098644774914 185 1224979098644774913 509 3 0 1224979098644774914 -1 509 3 2 1224979098644774914 -1 3 0 3 0 4 0 2147484197 3 1 4 144115188075856299 509 3 1 4 144115188075856299 6 3 1224979098644774913 0 9 2120 3 1224979098644774914 185 1224979098644774913 509 3 1 1224979098644774914 -1 509 3 3 1224979098644774914 -1 3 0 3 0 5 0 1 2 936748722493064073 0 3 0 4 0 31 2 144115188075857218 3 2133 2 1224979098644774915 0 6 3 1224979098644774916 0 4 2147483679 2 1224979098644774916 144115188075857206 569 3 1224979098644774916 5 1 1 4 936748722493064116 1 1224979098644774916 1 1794 3 0 1224979098644774916 1 710 3 72057594037927936 0 1 32 2 72057594037927936 500 2133 2 1224979098644774915 1 3 0 31 2 1224979098644774915 0 2133 2 144115188075857218 4 3 0 2105 2 144115188075857219 1 
0.000000 0.000000 100000000.000000  2 1006 0 31 2 1 1  10 1107 1 0 1795 2 144115188075857206 9 1790 3 144115188075857206 9 10 1790 3 144115188075857206 9 13 1 2 936748722493064098 14 1107 1 1 12 1 1224979098644774912 1702 1 1224979098644774912 1 2 936748722493064112 1224979098644774912 3 0 
-25.000000 0.000000 0.000000  4 1073742241 0 2147484067 0 2071 1 1224979098644774912 2147485352 1 1224979098644774912  9 2071 1 1224979098644774912 1715 2 1224979098644774913 1224979098644774912 32 2 1224979098644774913 -1 4 0 1707 1 1224979098644774913 505 3 1224979098644774912 26 0 5 0 505 3 1224979098644774912 26 210 3 0 
-55.000000 0.000000 0.000000  2 1073742241 0 2147484067 0  8 2071 1 1224979098644774912 2072 1 1224979098644774913 4 0 1707 1 1224979098644774912 505 3 1224979098644774913 26 0 5 0 505 3 1224979098644774913 26 210 3 0 
10.000000 0.000000 0.000000  3 1073742241 0 2147484067 0 31 2 144115188075857104 0  38 2124 1 1000 4 0 2147484067 0 2133 2 1224979098644774912 30 5 0 2133 2 1224979098644774912 144115188075857050 3 0 12 1 1224979098644774913 1702 1 1224979098644774913 2147485352 1 1224979098644774913 1715 2 1224979098644774914 1224979098644774913 2147483678 2 1224979098644774914 0 525 3 1224979098644774915 1224979098644774913 26 4 0 2147483680 2 1224979098644774915 -90 1710 2 1 1224979098644774913 2133 2 1224979098644774916 -1 12 3 1224979098644774917 1 5000 2147483679 2 1224979098644774917 1224979098644774913 31 2 1224979098644774916 -1 2147485355 1 1224979098644774917 1702 1 1224979098644774917 1704 1 1224979098644774917 1714 2 1224979098644774918 1224979098644774917 2147483678 2 1224979098644774918 0 2133 2 1224979098644774916 1224979098644774917 3 0 31 2 1224979098644774916 -1 1749 1 1224979098644774913 5 0 2106 2 1224979098644774915 1224979098644774912 505 3 1224979098644774913 26 1224979098644774915 4 0 2147483680 2 1224979098644774915 -60 1751 1 1224979098644774913 3 0 3 0 3 0 


mst_village_raid village_raid 65538  8
You_lead_your_men_to_battle. 

4 3 4160 256 16 12 0  
3 4160 0 16 0 0  
1 8320 0 16 12 0  
1 8320 0 16 0 0  
83
-21.000000 0.000000 0.000000  0  15 4 0 31 2 144115188075856297 1 1 1 936748722493063624 1907 1 0 5 0 31 2 144115188075857105 0 1073742830 0 31 2 144115188075856292 1 1121 1 216172782113783948 5 0 1 1 936748722493063406 1121 1 216172782113783948 5 0 1106 1 216172782113783952 3 0 
-25.000000 0.000000 0.000000  0  3 2071 1 1224979098644774912 1718 2 1224979098644774913 1224979098644774912 1 4 936748722493063611 1729382256910270468 1224979098644774912 1224979098644774913 
-8.000000 0.000000 0.000000  0  7 2071 1 1224979098644774912 31 2 1224979098644774912 0 2133 2 144115188075856292 0 2320 2 5 216172782113784204 1 4 936748722493063508 10 20 1 1 1 936748722493063624 1907 1 0 
0.000000 0.000000 100000000.000000  0  5 2133 2 144115188075856297 0 2133 2 144115188075856298 0 2133 2 144115188075856299 0 1 1 936748722493063893 1 1 936748722493063692 
30.000000 0.000000 0.000000  0  1 1 1 936748722493063692 
2.000000 0.000000 0.000000  0  1 1 1 936748722493063507 
1.000000 0.000000 5.000000  5 2147483678 2 144115188075856298 2 2370 1 1224979098644774912 30 2 1224979098644774912 10 2385 2 1224979098644774913 0 2147483678 2 1224979098644774913 6  2 1930 2 0 6 2105 2 144115188075856298 1 
1.000000 0.000000 5.000000  5 2147483678 2 144115188075856299 2 2370 1 1224979098644774912 30 2 1224979098644774912 10 2385 2 1224979098644774913 1 2147483678 2 1224979098644774913 6  2 1930 2 3 6 2105 2 144115188075856299 1 
1.000000 60.000000 100000000.000000  15 2370 1 72057594037927937 30 2 72057594037927937 10 1003 1 5 1073741855 2 144115188075857105 0 2147484654 0 1906 1 1 1106 1 216172782113783831 2133 2 144115188075856297 1 2133 2 144115188075856168 1 4 0 31 2 144115188075856195 0 1 1 936748722493063693 5 0 601 2 1657324662872342680 1 3 0  2 1 1 936748722493063624 1907 1 1 
10.000000 0.000000 0.000000  1 31 2 144115188075856297 1  1 1106 1 216172782113783831 
1.000000 4.000000 0.000000  1 1006 0  11 4 0 1 1 936748722493063889 5 0 2133 2 144115188075856292 1 2320 2 5 216172782113784204 1 4 936748722493063508 10 20 1 2133 2 144115188075856168 -1 1906 1 -1 1 1 936748722493063624 1907 1 0 3 0 
-26.000000 0.000000 0.000000  5 200 1 504403158265495558 2147483850 1 504403158265495558 2147483851 1 504403158265495558 546 3 504403158265495558 1 144115188075856213 546 3 504403158265495558 11 1  13 2071 1 1224979098644774912 1704 1 1224979098644774912 2073 1 1224979098644774913 1718 2 1224979098644774914 1224979098644774912 4 0 31 2 1224979098644774914 360287970189641345 4 0 31 2 1224979098644774913 1 1614 3 648518346341351424 360287970189641345 1 506 3 504403158265495558 11 2 3 0 1 2 936748722493063579 504403158265495558 3 0 
-22.000000 0.000000 0.000000  0  1 1106 1 216172782113783922 
0.100000 0.000000 0.000000  1 903 1 1513209474796486719  1 1 1 936748722493063562 
10.000000 0.000000 0.000000  3 2370 1 1224979098644774912 30 2 1224979098644774912 5 1 1 936748722493064054  0 
3.000000 0.000000 0.000000  13 2133 2 1224979098644774912 0 4 0 31 2 144115188075857330 0 32 2 144115188075857315 150 2133 2 1224979098644774912 1 5 0 31 2 144115188075857330 1 2133 2 1224979098644774912 1 3 0 31 2 1224979098644774912 1 2370 1 1224979098644774913 30 2 1224979098644774913 30 1 1 936748722493064021  0 
0.500000 0.000000 0.000000  23 2133 2 1224979098644774912 0 4 0 31 2 144115188075857330 0 2147483680 2 144115188075857315 150 2133 2 1224979098644774912 1 5 0 31 2 144115188075857330 2 2133 2 1224979098644774912 1 3 0 31 2 1224979098644774912 1 2365 1 1224979098644774913 30 2 1224979098644774913 30000 2123 3 1224979098644774914 1224979098644774913 1000 2123 3 1224979098644774915 1224979098644774913 100 12 1 1224979098644774916 1712 1 1224979098644774916 1704 1 1224979098644774916 1702 1 1224979098644774916 2119 3 1224979098644774917 1224979098644774915 50 2119 3 1224979098644774918 1224979098644774916 50 31 2 1224979098644774918 1224979098644774917 1 3 936748722493064020 1224979098644774916 1224979098644774914 3 0  0 
-25.000000 0.000000 0.000000  1 30 2 144115188075856199 4  21 2071 1 1224979098644774912 1704 1 1224979098644774912 1718 2 1224979098644774913 1224979098644774912 2147485155 1 1224979098644774913 2173 2 1224979098644774914 1224979098644774913 4 0 1716 2 1224979098644774915 1224979098644774912 132 1 1224979098644774915 2204 2 1224979098644774916 1224979098644774915 1 3 936748722493063852 360287970189639680 1224979098644774916 30 2 72057594037927936 60 2133 2 1224979098644774914 432345564227567630 3 0 522 3 1224979098644774917 1224979098644774914 40 2136 3 1224979098644774918 -100 1224979098644774917 4 0 2147483680 2 1224979098644774918 0 1505 2 1224979098644774913 0 5 0 1505 2 1224979098644774913 1 3 0 
1.000000 0.000000 0.000000  1 31 2 144115188075857104 0  26 12 1 1224979098644774912 1702 1 1224979098644774912 1704 1 1224979098644774912 1714 2 1224979098644774913 1224979098644774912 4 0 30 2 1224979098644774913 0 1720 2 1224979098644774914 1224979098644774913 2121 3 1224979098644774915 100 1224979098644774914 4 0 2147483680 2 1224979098644774915 15 2108 2 1224979098644774915 2 2120 3 1224979098644774916 100 1224979098644774915 5 0 2107 2 1224979098644774915 2 2108 2 1224979098644774915 3 2121 3 1224979098644774916 115 1224979098644774915 3 0 1718 2 1224979098644774917 1224979098644774912 2170 3 1224979098644774918 24 1224979098644774917 2122 3 1224979098644774919 1224979098644774918 2 2105 2 1224979098644774919 100 2107 2 1224979098644774916 1224979098644774919 2108 2 1224979098644774916 100 1734 2 1224979098644774912 1224979098644774916 3 0 3 0 
0.000000 0.000000 0.000000  11 31 2 144115188075857110 2 1073741896 1 0 1073741896 1 1 1073741896 1 2 1073741896 1 3 1073741894 1 144115188075857228 1073741894 1 144115188075857229 1073741894 1 144115188075857227 1073741894 1 144115188075857226 1073741895 1 199 72 1 19  65 2124 1 10000 2010 1 47 2133 2 1224979098644774912 0 2133 2 1224979098644774913 0 2133 2 1224979098644774914 0 4 0 72 1 0 2105 2 1224979098644774913 10 5 0 72 1 1 2105 2 1224979098644774913 -10 3 0 4 0 72 1 3 2105 2 1224979098644774912 10 5 0 72 1 2 2105 2 1224979098644774912 -10 3 0 4 0 70 1 144115188075857226 2105 2 1224979098644774914 10 5 0 70 1 144115188075857227 2105 2 1224979098644774914 -10 3 0 4 0 72 1 19 2107 2 1224979098644774912 4 2107 2 1224979098644774913 4 2107 2 1224979098644774914 2 3 0 720 2 47 1224979098644774912 721 2 47 1224979098644774913 722 2 47 1224979098644774914 2011 1 47 4 0 70 1 144115188075857228 30 2 144115188075857188 4 30 2 144115188075857189 3 2106 2 144115188075857188 4 2106 2 144115188075857189 3 2119 3 72057594037927942 144115188075857188 100 2119 3 72057594037927943 144115188075857189 75 4 0 31 2 72057594037927942 0 31 2 72057594037927943 0 2133 2 72057594037927944 144115188075857188 2133 2 72057594037927945 144115188075857189 1106 1 1585267068834414919 3 0 5 0 70 1 144115188075857229 2105 2 144115188075857188 4 2105 2 144115188075857189 3 2119 3 72057594037927942 144115188075857188 100 2119 3 72057594037927943 144115188075857189 75 4 0 31 2 72057594037927942 0 31 2 72057594037927943 0 2133 2 72057594037927944 144115188075857188 2133 2 72057594037927945 144115188075857189 1106 1 1585267068834414920 3 0 3 0 
0.000000 0.000000 0.000000  1 31 2 144115188075857110 2  138 2124 1 10000 4 0 1073742727 1 1513209474796486719 1073741895 1 1 1073741895 1 16 71 1 15 31 2 144115188075857190 0 2133 2 144115188075857190 1 2133 2 144115188075857191 144115188075857194 2133 2 144115188075857192 144115188075857195 3 0 2133 2 1224979098644774912 0 4 0 2147484551 1 1513209474796486719 75 1 1 726 2 72057594037927937 1 727 2 72057594037927938 1 2010 1 47 4 0 2147483679 2 144115188075857190 1 4 0 31 2 72057594037927937 144115188075857196 31 2 72057594037927938 144115188075857197 3221225503 2 72057594037927937 144115188075857194 2147483679 2 72057594037927938 144115188075857195 2105 2 144115188075857193 1 4 0 30 2 144115188075857193 15 2133 2 144115188075857193 0 2133 2 144115188075857194 72057594037927937 2133 2 144115188075857195 72057594037927938 3 0 5 0 2133 2 1224979098644774912 1 2133 2 144115188075857193 0 3 0 2133 2 144115188075857196 72057594037927937 2133 2 144115188075857197 72057594037927938 5 0 4 0 2147483679 2 72057594037927937 144115188075857196 2147483679 2 72057594037927938 144115188075857197 2121 3 1224979098644774913 72057594037927937 144115188075857191 2121 3 1224979098644774914 72057594037927938 144115188075857192 33 3 1224979098644774913 -10 11 33 3 1224979098644774914 -10 11 2133 2 144115188075857190 0 2133 2 144115188075857194 144115188075857191 2133 2 144115188075857195 144115188075857192 5 0 2133 2 144115188075857194 72057594037927937 2133 2 144115188075857195 72057594037927938 3 0 2133 2 144115188075857196 72057594037927937 2133 2 144115188075857197 72057594037927938 3 0 3 0 2133 2 1224979098644774915 0 2133 2 1224979098644774916 0 2133 2 1224979098644774917 0 2133 2 1224979098644774918 0 4 0 70 1 144115188075857232 4 0 30 2 144115188075857198 0 2133 2 144115188075857198 -20 3 0 2105 2 144115188075857198 -1 2133 2 1224979098644774912 2 2133 2 1224979098644774917 -1 5 0 70 1 144115188075857233 4 0 2147483680 2 144115188075857198 0 2133 2 144115188075857198 20 3 0 2105 2 144115188075857198 1 2133 2 1224979098644774912 2 2133 2 1224979098644774917 1 5 0 2133 2 144115188075857198 0 2133 2 1224979098644774917 0 3 0 4 0 70 1 144115188075857230 4 0 2147483680 2 144115188075857199 0 2133 2 144115188075857199 15 3 0 2105 2 144115188075857199 1 2133 2 1224979098644774912 2 2133 2 1224979098644774918 1 5 0 70 1 144115188075857231 4 0 30 2 144115188075857199 0 2133 2 144115188075857199 -15 3 0 2105 2 144115188075857199 -1 2133 2 1224979098644774912 2 2133 2 1224979098644774918 -1 5 0 2133 2 144115188075857199 0 2133 2 1224979098644774918 0 3 0 4 0 31 2 1224979098644774912 1 2121 3 1224979098644774915 72057594037927937 144115188075857194 2121 3 1224979098644774916 72057594037927938 144115188075857195 5 0 31 2 1224979098644774912 2 4 0 2147483679 2 1224979098644774917 0 2112 3 144115188075857198 -80 80 2133 2 1224979098644774915 144115188075857198 3 0 4 0 2147483679 2 1224979098644774918 0 2112 3 144115188075857199 -45 45 2133 2 1224979098644774916 144115188075857199 3 0 3 0 4 0 30 2 1224979098644774912 1 2107 2 1224979098644774915 144115188075857188 2107 2 1224979098644774916 144115188075857189 2112 3 1224979098644774915 -80000 80001 2112 3 1224979098644774916 -60000 60001 2122 3 1224979098644774919 144115188075857200 -1 738 2 47 1224979098644774919 724 2 47 90 738 2 47 1224979098644774915 724 2 47 -90 738 2 47 144115188075857200 738 2 47 1224979098644774916 2105 2 144115188075857200 1224979098644774916 2011 1 47 3 0 
0.000000 0.000000 0.000000  4 1073741855 2 144115188075857110 3 2147484654 0 1073741855 2 144115188075857174 1 31 2 144115188075857243 0  87 4 0 1006 0 32 2 144115188075857306 -1 2133 2 1224979098644774912 144115188075857306 2133 2 1224979098644774913 500 5 0 2133 2 1224979098644774912 144115188075857307 2133 2 1224979098644774913 0 3 0 30 2 1224979098644774912 0 2133 2 1224979098644774914 0 4 0 70 1 144115188075857226 2105 2 144115188075857117 5 2133 2 1224979098644774914 1 4 0 70 1 29 2105 2 144115188075857113 5 3 0 5 0 70 1 144115188075857227 2106 2 144115188075857117 5 2133 2 1224979098644774914 1 4 0 70 1 29 2106 2 144115188075857113 5 3 0 5 0 70 1 144115188075857230 2105 2 144115188075857116 5 2133 2 1224979098644774914 1 4 0 70 1 29 2105 2 144115188075857112 5 3 0 5 0 70 1 144115188075857231 2106 2 144115188075857116 5 2133 2 1224979098644774914 1 4 0 70 1 29 2106 2 144115188075857112 5 3 0 3 0 4 0 70 1 29 4 0 70 1 144115188075857232 2106 2 144115188075857113 5 5 0 70 1 144115188075857233 2105 2 144115188075857113 5 3 0 3 0 4 0 31 2 1224979098644774914 1 62 1 0 2133 2 1224979098644774913 0 2001 1 1 3 0 1709 2 47 1224979098644774912 722 2 47 144115188075857117 721 2 47 144115188075857116 725 2 47 144115188075857114 723 2 47 144115188075857112 724 2 47 144115188075857113 1714 2 1224979098644774915 1224979098644774912 4 0 30 2 1224979098644774915 0 722 2 47 90 2108 2 1224979098644774913 2 3 0 793 2 1224979098644774916 47 4 0 2147483680 2 1224979098644774916 0 791 1 47 722 2 47 15 3 0 4 0 1 1 936748722493063894 2147484654 0 5 0 32 2 1224979098644774913 0 2012 3 47 1224979098644774913 0 5 0 2011 1 47 3 0 
0.000000 0.500000 1.000000  4 1073741895 1 238 71 1 144115188075857228 1006 0 31 2 144115188075857110 3  1 1 1 936748722493063896 
0.000000 0.500000 1.000000  4 1073741895 1 239 71 1 144115188075857229 1006 0 31 2 144115188075857110 3  1 1 1 936748722493063897 
0.000000 0.000000 0.000000  4 31 2 144115188075857105 0 31 2 144115188075857110 1 1073741855 2 144115188075857174 1 31 2 144115188075857243 0  61 2010 1 47 2133 2 1224979098644774912 0 2133 2 1224979098644774913 0 2133 2 1224979098644774914 0 2133 2 1224979098644774915 0 2133 2 1224979098644774916 0 2133 2 1224979098644774917 0 4 0 72 1 2 2106 2 1224979098644774915 10 5 0 72 1 3 2105 2 1224979098644774915 10 3 0 720 2 47 1224979098644774915 4 0 72 1 0 2105 2 1224979098644774916 10 5 0 72 1 1 2106 2 1224979098644774916 10 3 0 721 2 47 1224979098644774916 4 0 70 1 144115188075857226 2105 2 1224979098644774917 10 5 0 70 1 144115188075857227 2106 2 1224979098644774917 10 3 0 722 2 47 1224979098644774917 4 0 70 1 144115188075857232 2105 2 1224979098644774914 1 5 0 70 1 144115188075857233 2106 2 1224979098644774914 1 3 0 725 2 47 1224979098644774914 4 0 70 1 144115188075857228 2105 2 1224979098644774913 1 5 0 70 1 144115188075857229 2106 2 1224979098644774913 1 3 0 724 2 47 1224979098644774913 4 0 70 1 144115188075857230 2105 2 1224979098644774912 1 5 0 70 1 144115188075857231 2106 2 1224979098644774912 1 3 0 723 2 47 1224979098644774912 4 0 1 1 936748722493063894 5 0 2001 1 1 2011 1 47 3 0 
1.000000 0.000000 0.000000  0  116 1700 1 1224979098644774912 12 1 1224979098644774913 1712 1 1224979098644774913 1702 1 1224979098644774913 1704 1 1224979098644774913 1718 2 1224979098644774914 1224979098644774913 2147483679 2 1224979098644774913 1224979098644774912 1770 2 1224979098644774915 1224979098644774913 1773 2 1224979098644774916 1224979098644774913 1787 3 1224979098644774917 1224979098644774915 1224979098644774916 31 2 1224979098644774917 0 1727 2 1224979098644774918 1224979098644774913 2170 3 1224979098644774919 1369094286720630807 1224979098644774914 4 0 32 2 1224979098644774918 0 2133 2 1224979098644774920 0 1726 3 1224979098644774921 1224979098644774913 0 1714 2 1224979098644774922 1224979098644774913 4 0 30 2 1224979098644774922 0 2124 1 10 1689 2 1 1224979098644774913 727 2 1224979098644774923 1 4 0 30 2 1224979098644774923 80 32 2 1224979098644774919 0 2133 2 1224979098644774920 1 5 0 2147483680 2 1224979098644774923 40 1 3 936748722493064063 1224979098644774913 200 2133 2 1224979098644774924 72057594037927936 30 2 1224979098644774924 1 2133 2 1224979098644774920 -1 3 0 3 0 4 0 31 2 1224979098644774920 -1 4 0 32 2 1224979098644774921 0 33 3 1224979098644774921 288230376151713209 288230376151713233 6 3 1224979098644774925 0 4 1804 3 1224979098644774926 1224979098644774913 1224979098644774925 32 2 1224979098644774926 0 1570 2 1224979098644774927 1224979098644774926 2147483679 2 1224979098644774927 7 2147483681 3 1224979098644774926 288230376151713209 288230376151713233 1747 2 1224979098644774913 1224979098644774926 3 0 3 0 5 0 31 2 1224979098644774920 1 4 0 32 2 1224979098644774921 0 2147483681 3 1224979098644774921 288230376151713209 288230376151713233 6 3 1224979098644774925 0 4 1804 3 1224979098644774926 1224979098644774913 1224979098644774925 32 2 1224979098644774926 0 33 3 1224979098644774926 288230376151713209 288230376151713233 2147483681 3 1224979098644774926 288230376151713225 288230376151713231 1747 2 1224979098644774913 1224979098644774926 3 0 3 0 3 0 5 0 2133 2 1224979098644774928 0 1726 3 1224979098644774921 1224979098644774913 0 1714 2 1224979098644774922 1224979098644774913 4 0 30 2 1224979098644774922 0 2124 1 10 1689 2 1 1224979098644774913 727 2 1224979098644774923 1 4 0 30 2 1224979098644774923 80 2133 2 1224979098644774928 1 5 0 2147483680 2 1224979098644774923 40 1 3 936748722493064063 1224979098644774913 200 2133 2 1224979098644774924 72057594037927936 30 2 1224979098644774924 1 2133 2 1224979098644774928 -1 3 0 5 0 2133 2 1224979098644774928 -1 3 0 4 0 31 2 1224979098644774928 -1 4 0 32 2 1224979098644774921 0 2723 2 1224979098644774921 2147483648 2147486371 2 1224979098644774921 562949953421312 6 3 1224979098644774925 0 4 1804 3 1224979098644774926 1224979098644774913 1224979098644774925 32 2 1224979098644774926 0 1570 2 1224979098644774927 1224979098644774926 2147483679 2 1224979098644774927 7 2147486371 2 1224979098644774926 2147483648 1747 2 1224979098644774913 1224979098644774926 3 0 3 0 5 0 31 2 1224979098644774928 1 4 0 32 2 1224979098644774921 0 2147486371 2 1224979098644774921 2147483648 6 3 1224979098644774925 0 4 1804 3 1224979098644774926 1224979098644774913 1224979098644774925 32 2 1224979098644774926 0 2723 2 1224979098644774926 2147483648 2147486371 2 1224979098644774921 562949953421312 1747 2 1224979098644774913 1224979098644774926 3 0 3 0 3 0 3 0 3 0 
0.000000 1.500000 0.000000  20 73 1 5 1003 1 2 1700 1 72057594037927946 1702 1 72057594037927946 4 0 1714 2 72057594037927948 72057594037927946 30 2 72057594037927948 0 1740 2 72057594037927946 1801439850948198897 1740 2 72057594037927948 1801439850948198970 5 0 1740 2 72057594037927946 1801439850948198896 3 0 1718 2 72057594037927947 72057594037927946 4 0 31 2 144115188075857201 0 1 2 936748722493063959 72057594037927947 32 2 72057594037927937 -1 1750 2 72057594037927946 72057594037927937 3 0 2133 2 144115188075857201 1  1 2133 2 144115188075857201 2 
0.000000 0.000000 0.000000  2 31 2 144115188075857201 2 2147483720 1 5  9 1700 1 72057594037927946 1714 2 72057594037927948 72057594037927946 4 0 30 2 72057594037927948 0 1740 2 72057594037927946 1801439850948198899 5 0 1740 2 72057594037927946 1801439850948198898 3 0 2133 2 144115188075857201 0 
-20.000000 0.000000 0.000000  0  2 2008 1 4278190080 2009 2 0 2500 
0.000000 0.000000 1.000000  6 2147484654 0 73 1 9 1700 1 1224979098644774912 1726 3 1224979098644774913 1224979098644774912 0 32 2 1224979098644774913 0 567 3 1224979098644774913 5 1  12 1700 1 1224979098644774912 1726 3 1224979098644774913 1224979098644774912 0 527 3 1224979098644774914 1224979098644774913 5 32 2 1224979098644774914 1 6 3 1224979098644774915 0 4 1804 3 1224979098644774916 1224979098644774912 1224979098644774915 31 2 1224979098644774916 1224979098644774913 1542 3 1224979098644774917 360287970189639680 1224979098644774915 1774 3 1224979098644774912 1224979098644774913 1224979098644774915 1779 4 1224979098644774912 1224979098644774914 1224979098644774915 1224979098644774917 1747 2 1224979098644774912 1224979098644774914 3 0 
0.000000 0.000000 1.000000  6 2147484654 0 71 1 35 1700 1 1224979098644774912 1804 3 1224979098644774913 1224979098644774912 4 32 2 1224979098644774913 0 567 3 1224979098644774913 5 1  9 1700 1 1224979098644774912 1804 3 1224979098644774913 1224979098644774912 4 527 3 1224979098644774914 1224979098644774913 5 32 2 1224979098644774914 1 1542 3 1224979098644774915 360287970189639680 4 1774 3 1224979098644774912 1224979098644774913 4 1779 4 1224979098644774912 1224979098644774914 4 1224979098644774915 1740 3 1224979098644774912 1801439850948198570 1 600 1 1152921504606847167 
-71.000000 0.000000 0.000000  3 2071 1 1224979098644774912 1073741855 2 1224979098644774912 10 31 2 1224979098644774912 9  3 2071 1 1224979098644774912 2072 1 1224979098644774913 1 3 936748722493063563 1224979098644774912 1224979098644774913 
-57.000000 0.000000 0.000000  2 2072 1 1224979098644774912 31 2 1224979098644774912 0  3 2071 1 1224979098644774912 1774 2 1224979098644774912 0 1732 1 1224979098644774912 
-56.000000 0.000000 0.000000  5 2071 1 1224979098644774912 32 2 1224979098644774912 -1 1702 1 1224979098644774912 1707 1 1224979098644774912 1 5 936748722493064105 1224979098644774912 0 0 0  0 
-19.000000 0.000000 0.000000  0  8 2133 2 144115188075857176 0 2133 2 144115188075857174 0 2147483679 2 144115188075857243 0 2133 2 144115188075856012 1 1617 1 648518346341351430 1 3 936748722493063350 648518346341351430 648518346341351424 47 1 360287970189639680 2133 2 144115188075857175 360287970189639680 
5.000000 0.000000 0.000000  3 2147483679 2 144115188075857243 0 1700 1 1224979098644774912 2147485350 1 1224979098644774912  98 2124 1 100 1700 1 1224979098644774912 1770 2 1224979098644774913 1224979098644774912 1765 2 1224979098644774914 1224979098644774912 1710 2 1 1224979098644774912 2133 2 1224979098644774915 0 2133 2 1224979098644774916 -1 2133 2 1224979098644774917 -1 2133 2 1224979098644774918 1000000 12 1 1224979098644774919 31 2 1224979098644774916 -1 1704 1 1224979098644774919 1702 1 1224979098644774919 1770 2 1224979098644774920 1224979098644774919 31 2 1224979098644774920 1224979098644774913 1716 2 1224979098644774921 1224979098644774919 31 2 1224979098644774921 648518346341351424 1718 2 1224979098644774922 1224979098644774919 33 3 1224979098644774922 360287970189639979 360287970189639995 540 3 1224979098644774922 2 5 1710 2 2 1224979098644774919 711 3 1224979098644774923 1 2 2147483678 2 1224979098644774923 1224979098644774918 2133 2 1224979098644774916 1224979098644774922 2133 2 1224979098644774917 1224979098644774919 2133 2 1224979098644774918 1224979098644774923 2322 2 31 1224979098644774916 1106 2 1585267068834414921 5308240 3 0 4 0 31 2 1224979098644774916 -1 31 2 144115188075857243 2 12 1 1224979098644774919 31 2 1224979098644774916 -1 1704 1 1224979098644774919 1702 1 1224979098644774919 1770 2 1224979098644774920 1224979098644774919 31 2 1224979098644774920 1224979098644774913 1718 2 1224979098644774922 1224979098644774919 1716 2 1224979098644774921 1224979098644774919 31 2 1224979098644774921 648518346341351424 1710 2 2 1224979098644774919 711 3 1224979098644774923 1 2 2147483678 2 1224979098644774923 1224979098644774918 2133 2 1224979098644774916 1224979098644774922 2133 2 1224979098644774917 1224979098644774919 2133 2 1224979098644774918 1224979098644774923 2322 2 31 1224979098644774916 1106 2 1585267068834414921 5308240 3 0 3 0 4 0 30 2 1224979098644774916 1 30 2 1224979098644774917 0 1 3 936748722493064062 1224979098644774916 360287970189641434 2133 2 144115188075857175 1224979098644774916 47 1 1224979098644774916 1720 3 1224979098644774924 1224979098644774917 1 1710 2 1 1224979098644774917 731 2 1 -2000 729 2 1 0 730 2 1 0 1710 2 0 1224979098644774917 1970 1 0 1714 2 1224979098644774925 1224979098644774917 4 0 32 2 1224979098644774925 0 1711 2 1224979098644774925 1 1755 1 1224979098644774925 3 0 1711 2 1224979098644774917 1 505 3 1224979098644774917 100 1 525 3 1224979098644774926 1224979098644774917 102 1755 1 1224979098644774917 2133 2 144115188075857202 1 1972 1 1224979098644774916 2133 2 144115188075857202 0 2133 2 1224979098644774912 72057594037927936 505 3 1224979098644774912 102 1224979098644774926 1771 2 1224979098644774912 1224979098644774913 1721 3 1224979098644774912 1224979098644774924 1 1766 2 1224979098644774912 1224979098644774914 505 3 1224979098644774912 100 2 505 3 1224979098644774912 101 1224979098644774916 4 0 1714 2 1224979098644774927 1224979098644774912 32 2 1224979098644774927 0 2147483678 2 1224979098644774925 0 1711 2 1224979098644774927 1 1755 1 1224979098644774927 3 0 47 1 360287970189639680 2133 2 1224979098644774915 1 2133 2 144115188075857176 1 3 0 31 2 1224979098644774916 -1 31 2 1224979098644774915 0 2133 2 144115188075857174 1 
0.000000 0.300000 0.000000  5 31 2 144115188075857329 1 1541 3 1224979098644774912 360287970189639680 5 30 2 1224979098644774912 0 2700 2 1224979098644774913 1224979098644774912 30 2 1224979098644774913 800  15 1700 1 1224979098644774912 1541 3 1224979098644774913 360287970189639680 5 30 2 1224979098644774913 0 2700 2 1224979098644774914 1224979098644774913 30 2 1224979098644774914 800 4 0 33 3 1224979098644774914 800 2100 2133 2 1224979098644774915 1152921504606847156 5 0 30 2 1224979098644774914 2100 2133 2 1224979098644774915 1152921504606847157 3 0 1768 2 1224979098644774916 1224979098644774912 33 3 1224979098644774916 1801439850948198426 1801439850948198522 1750 2 1224979098644774912 1224979098644774915 
-25.000000 0.000000 0.000000  0  10 2071 1 1224979098644774912 1712 1 1224979098644774912 1702 1 1224979098644774912 4 0 1804 3 1224979098644774913 1224979098644774912 6 31 2 1224979098644774913 -1 1804 3 1224979098644774914 1224979098644774912 5 32 2 1224979098644774914 0 1779 2 1224979098644774912 288230376151713382 3 0 
30.000000 0.000000 100000000.000000  1 31 2 144115188075857183 8  3 1106 2 1585267068834414922 5308240 1106 2 1585267068834414922 5308240 2133 2 144115188075857158 1 
0.500000 0.000000 100000000.000000  3 31 2 144115188075857183 8 31 2 144115188075857158 1 71 1 37  11 1700 1 1224979098644774912 1770 2 1224979098644774913 1224979098644774912 12 1 1224979098644774914 1702 1 1224979098644774914 1704 1 1224979098644774914 1770 2 1224979098644774915 1224979098644774914 31 2 1224979098644774915 1224979098644774913 1728 1 1224979098644774914 3 0 1106 2 1585267068834414923 5308240 2133 2 144115188075857158 0 
-26.000000 0.000000 0.000000  0  94 2071 1 1224979098644774912 2072 1 1224979098644774913 2073 1 1224979098644774914 30 2 1224979098644774912 0 1704 1 1224979098644774912 1718 2 1224979098644774915 1224979098644774912 2147485155 1 1224979098644774915 4 0 2147485354 1 1224979098644774912 1610 3 648518346341351442 1224979098644774915 1 3 0 4 0 1073741855 2 1224979098644774915 360287970189641349 31 2 1224979098644774915 360287970189641350 2133 2 1224979098644774914 1 5 0 32 2 1224979098644774913 -1 1726 3 1224979098644774916 1224979098644774913 0 4 0 2147483678 2 1224979098644774916 0 2133 2 1224979098644774916 0 3 0 4 0 1770 2 1224979098644774917 1224979098644774912 1792 2 1224979098644774918 1224979098644774917 4 0 32 2 1224979098644774918 -1 2147485355 1 1224979098644774918 1685 3 1224979098644774919 648518346341351424 1369094286720630794 2107 2 1224979098644774919 3 2105 2 1224979098644774919 25 5 0 32 2 1224979098644774918 -1 1718 2 1224979098644774920 1224979098644774918 1507 1 1224979098644774920 2170 3 1224979098644774919 1369094286720630794 1224979098644774920 2107 2 1224979098644774919 3 2105 2 1224979098644774919 25 5 0 2133 2 1224979098644774919 20 4 0 31 2 144115188075857183 12 2105 2 1224979098644774919 10 3 0 3 0 4 0 31 2 144115188075857183 16 33 3 1224979098644774915 360287970189639738 360287970189639747 2106 2 1224979098644774919 25 3 0 4 0 31 2 144115188075857183 20 2105 2 1224979098644774919 10 3 0 3 0 2721 2 1224979098644774921 1224979098644774916 1 3 936748722493063977 0 101 2133 2 1224979098644774922 72057594037927936 4 0 31 2 1224979098644774921 2 2121 3 1224979098644774919 100 1224979098644774919 2108 2 1224979098644774919 8 32 2 1224979098644774922 1224979098644774919 2133 2 1224979098644774914 1 5 0 2147483680 2 1224979098644774922 1224979098644774919 2133 2 1224979098644774914 1 5 0 2133 2 1224979098644774914 0 3 0 3 0 4 0 31 2 1224979098644774916 288230376151713384 2075 1 2 5 0 31 2 1224979098644774914 1 2075 1 2 4 0 2147485354 1 1224979098644774912 1618 3 648518346341351442 1224979098644774915 1 3 0 5 0 31 2 1224979098644774914 0 2075 1 1 4 0 31 2 144115188075857183 21 1718 2 1224979098644774923 1224979098644774913 31 2 1224979098644774923 360287970189639680 1 2 936748722493064146 1 3 0 5 0 2075 1 0 3 0 1 3 936748722493063496 1224979098644774912 1224979098644774913 
0.000000 0.000000 0.000000  3 1685 3 1224979098644774912 648518346341351424 1369094286720630799 1073741854 2 1224979098644774912 4 31 2 144115188075857183 2  39 1700 1 1224979098644774912 1709 2 1 1224979098644774912 4 0 1702 1 1224979098644774912 2076 4 2 1224979098644774912 9 1 719 2 1 2 3 0 4 0 31 2 144115188075857341 0 2001 1 0 5 0 31 2 144115188075857341 1 722 2 1 300 721 2 1 -600 5 0 31 2 144115188075857341 2 722 2 1 600 721 2 1 -1200 5 0 31 2 144115188075857341 3 722 2 1 2500 721 2 1 -400 723 2 1 -45 3 0 2011 1 1 4 0 71 1 47 2105 2 144115188075857341 1 2109 2 144115188075857341 4 2147483679 2 144115188075857341 0 2001 1 1 3 0 4 0 1073741897 1 20 1073741897 1 19 73 1 21 2001 1 0 2133 2 144115188075857341 0 3 0 
0.050000 0.000000 0.000000  2 2147483679 2 144115188075857204 0 2147484551 1 144115188075857203  3 900 1 144115188075857204 2133 2 144115188075857203 144115188075857204 2133 2 144115188075857204 0 
-25.000000 0.000000 0.000000  0  2 2071 1 1224979098644774912 505 3 1224979098644774912 10 0 
0.000000 0.000000 0.000000  1 73 1 22  7 4 0 903 1 1513209474796486719 902 1 0 5 0 902 1 0 2133 2 144115188075857204 1513209474796486719 3 0 
-20.000000 0.000000 100000000.000000  0  13 1700 1 144115188075857205 4 0 31 2 144115188075857205 -1 2133 2 144115188075857206 -1 5 0 1765 2 144115188075857206 144115188075857205 3 0 2124 1 100 1799 2 2 3 726 2 144115188075857207 3 727 2 144115188075857208 3 726 2 144115188075857209 2 727 2 144115188075857210 2 
-19.000000 0.000000 100000000.000000  0  4 2133 2 144115188075857211 0 2133 2 144115188075857212 0 2133 2 144115188075857213 0 2133 2 144115188075857214 0 
0.050000 0.000000 0.000000  2 2147483679 2 144115188075857204 0 2147484551 1 144115188075857203  3 900 1 144115188075857204 2133 2 144115188075857203 144115188075857204 2133 2 144115188075857204 0 
0.000000 0.000000 0.100000  13 1073741897 1 30 1073741897 1 31 1073741897 1 32 1073741897 1 33 1073741897 1 34 1073741897 1 35 1073741897 1 36 1073741897 1 37 1073741897 1 38 1073741897 1 39 1073741897 1 40 73 1 29 2147484654 0  21 2133 2 144115188075857211 0 4 0 903 1 1513209474796486719 2133 2 144115188075857214 1 3 0 4 0 902 1 0 2133 2 144115188075857204 1513209474796486717 3 0 2133 2 144115188075857213 1 4 0 31 2 144115188075857218 2 6 3 1224979098644774912 0 9 1775 2 144115188075857206 1224979098644774912 2120 3 1224979098644774913 194 1224979098644774912 529 3 1224979098644774914 144115188075857206 1224979098644774913 1107 1 0 1 4 936748722493064110 144115188075857206 1224979098644774912 1224979098644774914 1107 1 1 3 0 3 0 
0.000000 0.000000 0.000000  3 1073742830 0 70 1 1 903 1 1513209474796486717  2 902 1 0 2133 2 144115188075857213 0 
0.000000 0.000000 0.000000  3 1073742830 0 70 1 1 2147483679 2 144115188075857211 0  1 2133 2 144115188075857211 0 
0.100000 0.000000 0.000000  5 2147483679 2 144115188075857215 0 2367 1 72057594037927936 2106 2 72057594037927936 144115188075857215 30 2 72057594037927936 250 31 2 144115188075857211 23  18 2133 2 144115188075857215 0 4 0 72 1 23 2133 2 144115188075857212 2 2133 2 144115188075857211 0 2117 3 72057594037927936 144115188075857302 512 4 0 31 2 72057594037927936 0 2114 2 144115188075857302 512 31 2 144115188075857037 0 1120 2 216172782113787550 1585267068834414924 3 0 5 0 31 2 144115188075857212 1 2133 2 144115188075857212 0 2133 2 144115188075857211 0 1 2 936748722493064098 0 3 0 
0.000000 0.000000 0.000000  2 73 1 23 2147484654 0  25 2367 1 144115188075857215 4 0 2147483679 2 144115188075857211 23 2147483679 2 144115188075857211 24 2147483679 2 144115188075857211 25 2133 2 144115188075857211 23 2133 2 144115188075857213 0 4 0 903 1 1513209474796486719 2133 2 144115188075857214 1 3 0 902 1 0 2133 2 144115188075857212 0 5 0 31 2 144115188075857211 23 2133 2 144115188075857212 1 5 0 31 2 144115188075857211 24 2133 2 144115188075857211 0 902 1 0 1 2 936748722493064098 5 5 0 31 2 144115188075857211 25 2133 2 144115188075857211 0 3 0 
0.000000 0.000000 0.000000  2 73 1 24 2147484654 0  25 4 0 2147483679 2 144115188075857211 23 2147483679 2 144115188075857211 24 2147483679 2 144115188075857211 25 2133 2 144115188075857211 24 2133 2 144115188075857213 0 4 0 903 1 1513209474796486719 2133 2 144115188075857214 1 3 0 902 1 0 2133 2 144115188075857204 1513209474796486717 5 0 31 2 144115188075857211 23 2133 2 144115188075857211 0 1 2 936748722493064098 1 5 0 31 2 144115188075857211 24 2133 2 144115188075857211 0 902 1 0 1 2 936748722493064098 6 5 0 31 2 144115188075857211 25 2133 2 144115188075857211 0 3 0 
0.000000 0.000000 0.000000  2 73 1 25 2147484654 0  24 4 0 2147483679 2 144115188075857211 23 2147483679 2 144115188075857211 24 2147483679 2 144115188075857211 25 2133 2 144115188075857211 25 2133 2 144115188075857213 0 4 0 903 1 1513209474796486719 2133 2 144115188075857214 1 3 0 902 1 0 5 0 31 2 144115188075857211 23 2133 2 144115188075857211 0 1 2 936748722493064098 2 5 0 31 2 144115188075857211 24 2133 2 144115188075857211 0 902 1 0 1 2 936748722493064098 8 5 0 31 2 144115188075857211 25 2133 2 144115188075857211 0 3 0 
0.000000 0.000000 0.000000  2 73 1 26 2147484654 0  55 4 0 31 2 144115188075857211 0 4 0 31 2 144115188075857331 0 2133 2 144115188075857211 26 4 0 903 1 1513209474796486719 2133 2 144115188075857214 1 3 0 902 1 0 2133 2 144115188075857204 1513209474796486717 2117 3 72057594037927936 144115188075857302 1024 4 0 31 2 72057594037927936 0 2114 2 144115188075857302 1024 31 2 144115188075857037 0 1120 2 216172782113787551 1585267068834414925 3 0 5 0 1106 1 1585267068834414926 31 2 144115188075857213 1 4 0 903 1 1513209474796486719 2133 2 144115188075857214 1 3 0 902 1 0 2133 2 144115188075857204 1513209474796486717 3 0 5 0 31 2 144115188075857211 23 2133 2 144115188075857211 0 1 2 936748722493064098 11 5 0 31 2 144115188075857211 24 2133 2 144115188075857211 0 902 1 0 1 2 936748722493064098 7 5 0 31 2 144115188075857211 25 2133 2 144115188075857211 0 5 0 31 2 144115188075857211 26 2133 2 144115188075857211 0 1 1 936748722493064079 6 3 1224979098644774912 0 9 1775 2 144115188075857206 1224979098644774912 2120 3 1224979098644774913 293 1224979098644774912 509 3 144115188075857206 1224979098644774913 -1 2120 3 1224979098644774913 14 1224979098644774912 569 3 144115188075857206 1224979098644774913 1 2120 3 1224979098644774913 221 1224979098644774912 509 3 144115188075857206 1224979098644774913 1 1 4 936748722493064096 1224979098644774912 2 1 3 0 3 0 
0.000000 0.000000 0.000000  2 73 1 27 2147484654 0  32 4 0 31 2 144115188075857211 0 31 2 144115188075857213 1 4 0 903 1 1513209474796486719 2133 2 144115188075857214 1 3 0 902 1 0 2133 2 144115188075857204 1513209474796486717 5 0 31 2 144115188075857211 23 2133 2 144115188075857211 0 1 2 936748722493064098 14 5 0 31 2 144115188075857211 24 2133 2 144115188075857211 0 902 1 0 5 0 31 2 144115188075857211 26 2133 2 144115188075857211 0 1 1 936748722493064079 6 3 1224979098644774912 0 9 1775 2 144115188075857206 1224979098644774912 2120 3 1224979098644774913 293 1224979098644774912 509 3 144115188075857206 1224979098644774913 -1 2120 3 1224979098644774913 14 1224979098644774912 569 3 144115188075857206 1224979098644774913 1 2120 3 1224979098644774913 221 1224979098644774912 509 3 144115188075857206 1224979098644774913 1 1 4 936748722493064096 1224979098644774912 3 1 3 0 3 0 
0.000000 0.000000 0.000000  2 73 1 28 2147484654 0  29 4 0 31 2 144115188075857211 0 31 2 144115188075857213 1 4 0 903 1 1513209474796486719 2133 2 144115188075857214 1 3 0 902 1 0 2133 2 144115188075857204 1513209474796486717 5 0 31 2 144115188075857211 24 2133 2 144115188075857211 0 902 1 0 1 2 936748722493064098 4 5 0 31 2 144115188075857211 26 2133 2 144115188075857211 0 1 1 936748722493064079 6 3 1224979098644774912 0 9 1775 2 144115188075857206 1224979098644774912 2120 3 1224979098644774913 293 1224979098644774912 509 3 144115188075857206 1224979098644774913 -1 2120 3 1224979098644774913 14 1224979098644774912 569 3 144115188075857206 1224979098644774913 1 2120 3 1224979098644774913 221 1224979098644774912 509 3 144115188075857206 1224979098644774913 1 1 4 936748722493064096 1224979098644774912 4 1 3 0 3 0 
0.000000 0.000000 0.000000  2 71 1 65 2147484654 0  27 4 0 31 2 144115188075857211 0 31 2 144115188075857213 1 4 0 903 1 1513209474796486719 2133 2 144115188075857214 1 3 0 902 1 0 2133 2 144115188075857204 1513209474796486717 5 0 31 2 144115188075857211 24 1 1 936748722493064099 5 0 31 2 144115188075857211 26 2133 2 144115188075857211 0 1 1 936748722493064079 6 3 1224979098644774912 0 9 1775 2 144115188075857206 1224979098644774912 2120 3 1224979098644774913 293 1224979098644774912 509 3 144115188075857206 1224979098644774913 -1 2120 3 1224979098644774913 14 1224979098644774912 569 3 144115188075857206 1224979098644774913 1 2120 3 1224979098644774913 221 1224979098644774912 509 3 144115188075857206 1224979098644774913 1 1 4 936748722493064096 1224979098644774912 5 1 3 0 3 0 
0.000000 0.000000 0.000000  2 71 1 66 2147484654 0  17 4 0 31 2 144115188075857211 0 31 2 144115188075857213 1 4 0 903 1 1513209474796486719 2133 2 144115188075857214 1 3 0 902 1 0 2133 2 144115188075857204 1513209474796486717 5 0 31 2 144115188075857211 24 1 1 936748722493064100 5 0 31 2 144115188075857211 26 2133 2 144115188075857211 0 1 2 936748722493064098 2 3 0 
0.700000 0.000000 0.000000  3 31 2 144115188075857214 1 2147484551 1 1513209474796486717 31 2 144115188075857211 0  3 902 1 0 2133 2 144115188075857204 1513209474796486719 2133 2 144115188075857214 0 
-19.000000 0.000000 0.000000  0  8 2133 2 144115188075857216 -2 6 3 1224979098644774912 0 4 509 3 1224979098644774912 5 0 6 3 1224979098644774913 0 9 2120 3 1224979098644774914 185 1224979098644774913 509 3 1224979098644774912 1224979098644774914 -1 3 0 3 0 
0.000000 0.200000 100000000.000000  1 1943 0  62 12 1 1224979098644774912 1704 1 1224979098644774912 4 0 415 1 1224979098644774913 401 1 1224979098644774913 406 2 1224979098644774914 1224979098644774913 31 2 1224979098644774912 1224979098644774914 2133 2 144115188075857205 1224979098644774914 402 2 144115188075857206 1224979098644774913 5 0 1707 1 1224979098644774912 1765 2 1224979098644774915 1224979098644774912 32 2 1224979098644774915 -1 1 2 936748722493064112 1224979098644774912 3 0 3 0 4 0 2147484067 0 2124 1 100 1 1 936748722493064114 2121 3 1224979098644774916 432345564227567635 432345564227567630 2122 3 1224979098644774917 4 1224979098644774916 6 3 1224979098644774918 0 1224979098644774917 509 3 7 1224979098644774918 0 3 0 12 1 1224979098644774919 1704 1 1224979098644774919 1765 2 1224979098644774920 1224979098644774919 1718 2 1224979098644774921 1224979098644774919 2173 2 1224979098644774922 1224979098644774921 33 3 1224979098644774922 432345564227567630 432345564227567635 2122 3 1224979098644774918 1224979098644774920 1224979098644774916 2106 2 1224979098644774922 432345564227567630 2105 2 1224979098644774918 1224979098644774922 529 3 1224979098644774923 7 1224979098644774918 2105 2 1224979098644774923 1 509 3 7 1224979098644774918 1224979098644774923 3 0 6 3 1224979098644774915 0 4 569 3 1224979098644774915 5 1 1792 2 1224979098644774924 1224979098644774915 4 0 30 2 1224979098644774924 0 1718 2 1224979098644774925 1224979098644774924 2173 2 1224979098644774926 1224979098644774925 5 0 2133 2 1224979098644774926 0 2133 2 1224979098644774927 0 2122 3 1224979098644774928 1224979098644774915 1224979098644774916 2120 3 1224979098644774917 1224979098644774928 1224979098644774916 6 3 1224979098644774918 1224979098644774928 1224979098644774917 529 3 1224979098644774923 7 1224979098644774918 32 2 1224979098644774923 1224979098644774927 2133 2 1224979098644774927 1224979098644774923 2121 3 1224979098644774926 1224979098644774928 1224979098644774918 2105 2 1224979098644774926 432345564227567630 3 0 3 0 509 3 1224979098644774915 1 1224979098644774926 3 0 3 0 2105 2 144115188075857216 1 
-25.000000 0.000000 0.000000  1 1 1 936748722493064115  2 2071 1 1224979098644774912 1 2 936748722493064112 1224979098644774912 
0.500000 0.000000 0.000000  2 2147483679 2 144115188075857216 -2 2147484654 0  13 2124 1 100 2367 1 144115188075857216 4 0 6 3 1224979098644774912 0 4 6 3 1224979098644774913 0 9 2120 3 1224979098644774914 185 1224979098644774913 1073742373 3 1224979098644774912 1224979098644774914 4 549 3 1224979098644774912 1224979098644774914 5 509 3 1224979098644774912 1224979098644774914 -1 3 0 3 0 3 0 1 1 936748722493064114 
-19.000000 0.000000 100000000.000000  0  25 2133 2 144115188075857217 1 6 3 1224979098644774912 0 4 6 3 72057594037927936 293 302 509 3 1224979098644774912 72057594037927936 -1 3 0 4 0 31 2 0 1 6 3 72057594037927936 194 203 509 3 1224979098644774912 72057594037927936 -1 3 0 6 3 72057594037927936 311 320 509 3 1224979098644774912 72057594037927936 2 3 0 6 3 72057594037927936 203 212 509 3 1224979098644774912 72057594037927936 1 3 0 5 0 6 3 72057594037927936 194 203 509 3 1224979098644774912 72057594037927936 0 3 0 3 0 6 3 72057594037927936 212 221 509 3 1224979098644774912 72057594037927936 2 3 0 3 0 
1.000000 0.000000 0.000000  2 31 2 144115188075856168 0 1 1 936748722493064115  8 2124 1 100 1 4 936748722493064120 38 144115188075857206 9 2133 2 1224979098644774912 72057594037927936 4 0 32 2 1224979098644774912 0 1 1 936748722493064102 3 0 2105 2 144115188075857216 500 
-21.000000 0.000000 0.000000  2 1073742830 0 31 2 144115188075856297 1  1 2133 2 144115188075857217 0 
-8.000000 0.000000 0.000000  2 2071 1 1224979098644774912 31 2 1224979098644774912 0  1 2133 2 144115188075857217 0 
-20.000000 0.000000 0.000000  2 1073741855 2 144115188075857037 1 2147483679 2 144115188075857173 0  2 2133 2 144115188075857218 1 2133 2 144115188075857173 0 
0.000000 0.000000 100000000.000000  2 31 2 144115188075857218 1 1 1 936748722493064115  89 4 0 31 2 144115188075857217 1 32 2 144115188075857206 -1 2124 1 100 1 1 936748722493064079 1 2 936748722493064078 144115188075857206 700 2 37 2 7 3 1224979098644774912 0 9 2120 3 1224979098644774913 14 1224979098644774912 569 3 144115188075857206 1224979098644774913 1 2120 3 1224979098644774913 218 1224979098644774912 522 3 1224979098644774914 432345564227567629 1224979098644774913 2120 3 1224979098644774913 203 1224979098644774912 529 3 1224979098644774915 144115188075857206 1224979098644774913 4 0 2147483679 2 1224979098644774914 0 2120 3 1224979098644774913 200 1224979098644774912 522 3 1224979098644774916 432345564227567629 1224979098644774913 2120 3 1224979098644774913 194 1224979098644774912 509 3 144115188075857206 1224979098644774913 1224979098644774916 2120 3 1224979098644774913 209 1224979098644774912 522 3 1224979098644774917 432345564227567629 1224979098644774913 1107 1 0 4 0 30 2 1224979098644774917 1224979098644774915 6 3 72057594037927936 1224979098644774915 1224979098644774917 1790 3 144115188075857206 1224979098644774912 8 3 0 5 0 6 3 72057594037927936 1224979098644774917 1224979098644774915 1790 3 144115188075857206 1224979098644774912 7 3 0 3 0 1107 1 1 2120 3 1224979098644774913 203 1224979098644774912 509 3 144115188075857206 1224979098644774913 1224979098644774917 4 0 32 2 1224979098644774916 0 2133 2 72057594037927937 1224979098644774912 2346 2 2 72057594037927937 2105 2 72057594037927937 1 1106 1 1585267068834414927 1 4 936748722493064096 1224979098644774912 1224979098644774916 0 5 0 1 4 936748722493064110 144115188075857206 1224979098644774912 1224979098644774916 1 4 936748722493064080 144115188075857206 1224979098644774912 144115188075857205 31 2 0 0 2133 2 72057594037927936 1224979098644774917 2133 2 72057594037927937 1224979098644774912 2346 2 2 72057594037927937 2105 2 72057594037927937 1 4 0 30 2 72057594037927936 0 1106 1 1585267068834414928 5 0 2107 2 72057594037927936 -1 2105 2 72057594037927936 1 1106 1 1585267068834414929 3 0 3 0 5 0 1795 2 144115188075857206 1224979098644774912 2120 3 1224979098644774913 185 1224979098644774912 31 2 144115188075857331 0 549 3 144115188075857206 1224979098644774913 2 1 4 936748722493064096 1224979098644774912 4 2 5 0 31 2 144115188075857331 0 2147484197 3 144115188075857206 1224979098644774913 1 2147484197 3 144115188075857206 1224979098644774913 5 1 2 936748722493064085 144115188075857206 2133 2 1224979098644774916 72057594037927936 32 2 1224979098644774916 0 1 4 936748722493064096 1224979098644774912 1224979098644774916 2 5 0 1 3 936748722493064089 144115188075857206 1224979098644774912 2133 2 1224979098644774916 72057594037927936 2133 2 1224979098644774918 72057594037927937 2120 3 1224979098644774913 194 1224979098644774912 509 3 144115188075857206 1224979098644774913 1224979098644774916 2120 3 1224979098644774913 311 1224979098644774912 509 3 144115188075857206 1224979098644774913 1224979098644774918 700 2 1 37 1 4 936748722493064081 144115188075857206 1224979098644774912 144115188075857205 1 4 936748722493064110 144115188075857206 1224979098644774912 1224979098644774916 3 0 3 0 3 0 2133 2 144115188075857218 2 
0.000000 0.000000 100000000.000000  1 31 2 144115188075857218 2  5 2133 2 144115188075857218 3 1700 1 1224979098644774912 32 2 1224979098644774912 -1 1770 2 72057594037927936 1224979098644774912 1795 2 72057594037927936 9 
-19.000000 0.000000 0.000000  0  8 6 3 1224979098644774912 0 4 6 3 1224979098644774913 0 9 2120 3 1224979098644774914 248 1224979098644774913 509 3 1224979098644774912 1224979098644774914 10 2120 3 1224979098644774914 221 1224979098644774913 509 3 1224979098644774912 1224979098644774914 1 3 0 3 0 
-28.000000 0.000000 0.000000  6 2070 2 1224979098644774912 5 2147483680 2 1224979098644774912 0 2070 2 1224979098644774913 1 1712 1 1224979098644774913 1704 1 1224979098644774913 1702 1 1224979098644774913  52 2070 2 1224979098644774912 1 2070 2 1224979098644774913 2 2070 2 1224979098644774914 3 4 0 2147483679 2 1224979098644774912 144115188075857205 2147483679 2 1224979098644774913 144115188075857205 1770 2 1224979098644774915 1224979098644774912 1773 2 1224979098644774916 1224979098644774912 2120 3 1224979098644774917 194 1224979098644774916 529 3 1224979098644774918 1224979098644774915 1224979098644774917 1770 2 1224979098644774919 1224979098644774913 1773 2 1224979098644774920 1224979098644774913 2120 3 1224979098644774917 194 1224979098644774920 529 3 1224979098644774921 1224979098644774919 1224979098644774917 4 0 31 2 1224979098644774918 0 2147483679 2 1224979098644774921 0 2120 3 1224979098644774917 257 1224979098644774920 569 3 1224979098644774919 1224979098644774917 80 2120 3 1224979098644774917 203 1224979098644774920 529 3 1224979098644774922 1224979098644774919 1224979098644774917 4 0 31 2 1224979098644774922 0 2107 2 1224979098644774914 6 5 0 31 2 1224979098644774922 1 2107 2 1224979098644774914 5 5 0 2107 2 1224979098644774914 4 3 0 2108 2 1224979098644774914 2 5 0 2147483679 2 1224979098644774918 0 31 2 1224979098644774921 0 2120 3 1224979098644774917 257 1224979098644774916 569 3 1224979098644774915 1224979098644774917 80 2120 3 1224979098644774917 203 1224979098644774916 529 3 1224979098644774922 1224979098644774915 1224979098644774917 2107 2 1224979098644774914 2 4 0 31 2 1224979098644774922 0 2108 2 1224979098644774914 6 5 0 31 2 1224979098644774922 1 2108 2 1224979098644774914 5 5 0 2108 2 1224979098644774914 4 3 0 2111 2 1224979098644774914 1 3 0 3 0 2075 1 1224979098644774914 
2.000000 0.000000 100000000.000000  1 31 2 144115188075856297 1  5 6 3 1224979098644774912 0 9 2120 3 1224979098644774913 14 1224979098644774912 569 3 144115188075857206 1224979098644774913 1 1 3 936748722493064092 144115188075857206 1224979098644774912 3 0 
-19.000000 0.000000 0.000000  0  13 2133 2 144115188075857219 0 2133 2 144115188075857220 0 2133 2 144115188075857221 0 701 1 56 701 1 57 701 1 58 701 1 59 4 0 31 2 144115188075857173 0 2133 2 144115188075857218 3 5 0 2133 2 144115188075857218 0 3 0 
0.000000 0.000000 100000000.000000  1 1 1 936748722493064115  18 2124 1 100 6 3 1224979098644774912 0 4 1 4 936748722493064116 0 1224979098644774912 9 726 2 72057594037927936 0 509 3 1224979098644774912 2 72057594037927936 727 2 72057594037927936 0 509 3 1224979098644774912 3 72057594037927936 2147483679 2 1224979098644774912 144115188075857206 2120 3 1224979098644774913 194 1 509 3 1224979098644774912 1224979098644774913 0 1 2 936748722493064078 1224979098644774912 700 2 1 2 1792 2 1224979098644774914 1224979098644774912 1 1 936748722493064079 6 3 1224979098644774915 0 9 1 4 936748722493064081 1224979098644774912 1224979098644774915 1224979098644774914 3 0 3 0 
0.000000 0.000000 100000000.000000  2 1 1 936748722493064115 30 2 144115188075857218 3  1 1 2 936748722493064073 1 
0.100000 0.000000 0.000000  5 32 2 144115188075857216 0 30 2 144115188075857218 3 2367 1 72057594037927936 2106 2 72057594037927936 144115188075857216 30 2 72057594037927936 250  58 2105 2 144115188075857216 500 4 0 31 2 144115188075857220 0 1 1 936748722493064076 1 1 936748722493064075 2133 2 144115188075857218 6 3 0 2124 1 100 1 1 936748722493064114 4 0 30 2 144115188075857218 6 31 2 144115188075857220 0 1 2 936748722493064073 1 2133 2 144115188075857219 0 2133 2 144115188075857220 1 5 0 30 2 144115188075857218 4 2122 3 1224979098644774912 5 4 2108 2 1224979098644774912 2 2119 3 72057594037927936 144115188075857219 1224979098644774912 1 2 936748722493064073 1 4 0 2147484197 3 0 4 144115188075856298 509 3 0 4 144115188075856298 6 3 1224979098644774913 0 9 2120 3 1224979098644774914 185 1224979098644774913 509 3 0 1224979098644774914 -1 509 3 2 1224979098644774914 -1 3 0 3 0 4 0 2147484197 3 1 4 144115188075856299 509 3 1 4 144115188075856299 6 3 1224979098644774913 0 9 2120 3 1224979098644774914 185 1224979098644774913 509 3 1 1224979098644774914 -1 509 3 3 1224979098644774914 -1 3 0 3 0 5 0 1 2 936748722493064073 0 3 0 4 0 31 2 144115188075857218 3 2133 2 1224979098644774915 0 6 3 1224979098644774916 0 4 2147483679 2 1224979098644774916 144115188075857206 569 3 1224979098644774916 5 1 1 4 936748722493064116 1 1224979098644774916 1 1794 3 0 1224979098644774916 1 710 3 72057594037927936 0 1 32 2 72057594037927936 500 2133 2 1224979098644774915 1 3 0 31 2 1224979098644774915 0 2133 2 144115188075857218 4 3 0 2105 2 144115188075857219 1 
0.000000 0.000000 100000000.000000  2 1006 0 31 2 1 1  10 1107 1 0 1795 2 144115188075857206 9 1790 3 144115188075857206 9 10 1790 3 144115188075857206 9 13 1 2 936748722493064098 14 1107 1 1 12 1 1224979098644774912 1702 1 1224979098644774912 1 2 936748722493064112 1224979098644774912 3 0 
-25.000000 0.000000 0.000000  4 1073742241 0 2147484067 0 2071 1 1224979098644774912 2147485352 1 1224979098644774912  9 2071 1 1224979098644774912 1715 2 1224979098644774913 1224979098644774912 32 2 1224979098644774913 -1 4 0 1707 1 1224979098644774913 505 3 1224979098644774912 26 0 5 0 505 3 1224979098644774912 26 210 3 0 
-55.000000 0.000000 0.000000  2 1073742241 0 2147484067 0  8 2071 1 1224979098644774912 2072 1 1224979098644774913 4 0 1707 1 1224979098644774912 505 3 1224979098644774913 26 0 5 0 505 3 1224979098644774913 26 210 3 0 
10.000000 0.000000 0.000000  3 1073742241 0 2147484067 0 31 2 144115188075857104 0  38 2124 1 1000 4 0 2147484067 0 2133 2 1224979098644774912 30 5 0 2133 2 1224979098644774912 144115188075857050 3 0 12 1 1224979098644774913 1702 1 1224979098644774913 2147485352 1 1224979098644774913 1715 2 1224979098644774914 1224979098644774913 2147483678 2 1224979098644774914 0 525 3 1224979098644774915 1224979098644774913 26 4 0 2147483680 2 1224979098644774915 -90 1710 2 1 1224979098644774913 2133 2 1224979098644774916 -1 12 3 1224979098644774917 1 5000 2147483679 2 1224979098644774917 1224979098644774913 31 2 1224979098644774916 -1 2147485355 1 1224979098644774917 1702 1 1224979098644774917 1704 1 1224979098644774917 1714 2 1224979098644774918 1224979098644774917 2147483678 2 1224979098644774918 0 2133 2 1224979098644774916 1224979098644774917 3 0 31 2 1224979098644774916 -1 1749 1 1224979098644774913 5 0 2106 2 1224979098644774915 1224979098644774912 505 3 1224979098644774913 26 1224979098644774915 4 0 2147483680 2 1224979098644774915 -60 1751 1 1224979098644774913 3 0 3 0 3 0 


mst_besiege_inner_battle_castle besiege_inner_battle_castle 2  -1
You_attack_the_walls_of_the_castle... 

8 0 33562752 256 16 1 0  
6 33562752 256 16 1 0  
7 33562752 256 16 1 0  
16 33558592 256 16 1 0  
17 33558592 256 16 1 0  
18 33558592 256 16 1 0  
19 33558592 256 16 1 0  
20 33558592 256 16 1 0  
37
-19.000000 0.000000 0.000000  0  1 1 1 936748722493063528 
-21.000000 0.000000 0.000000  0  15 4 0 31 2 144115188075856297 1 1 1 936748722493063624 1907 1 0 5 0 31 2 144115188075857105 0 1073742830 0 31 2 144115188075856292 1 1121 1 216172782113783948 5 0 1 1 936748722493063406 1121 1 216172782113783948 5 0 1106 1 216172782113783952 3 0 
-25.000000 0.000000 0.000000  0  3 2071 1 1224979098644774912 1718 2 1224979098644774913 1224979098644774912 1 4 936748722493063611 1729382256910270468 1224979098644774912 1224979098644774913 
-8.000000 0.000000 0.000000  0  9 2071 1 1224979098644774912 31 2 1224979098644774912 0 2133 2 144115188075856292 0 2320 2 5 216172782113784204 1 4 936748722493063508 5 20 0 2133 2 144115188075856168 -1 1906 1 -1 1 1 936748722493063624 1907 1 0 
0.000000 0.000000 100000000.000000  0  3 2133 2 144115188075856297 0 1 1 936748722493063893 1 2 936748722493063691 4096 
0.000000 0.000000 100000000.000000  4 2133 2 144115188075856302 0 2133 2 144115188075856303 1 2133 2 144115188075856304 2 2133 2 144115188075856305 3  0 
2.000000 0.000000 0.000000  0  1 1 1 936748722493063507 
1.000000 60.000000 100000000.000000  10 2370 1 72057594037927937 30 2 72057594037927937 10 1003 1 5 1073741855 2 144115188075857105 0 2147484654 0 1906 1 1 1106 1 216172782113783831 2133 2 144115188075856297 1 2133 2 144115188075856168 1 1 1 936748722493063693  2 1 1 936748722493063624 1907 1 1 
10.000000 0.000000 0.000000  1 31 2 144115188075856297 1  1 1106 1 216172782113783831 
1.000000 4.000000 0.000000  1 1006 0  11 4 0 1 1 936748722493063889 5 0 2133 2 144115188075856292 1 2320 2 5 216172782113784204 1 4 936748722493063508 5 20 0 2133 2 144115188075856168 -1 1906 1 -1 1 1 936748722493063624 1907 1 0 3 0 
0.100000 0.000000 0.000000  1 903 1 1513209474796486719  1 1 1 936748722493063562 
-22.000000 0.000000 0.000000  0  1 1106 1 216172782113783922 
0.000000 1.500000 0.000000  20 73 1 5 1003 1 2 1700 1 72057594037927946 1702 1 72057594037927946 4 0 1714 2 72057594037927948 72057594037927946 30 2 72057594037927948 0 1740 2 72057594037927946 1801439850948198897 1740 2 72057594037927948 1801439850948198970 5 0 1740 2 72057594037927946 1801439850948198896 3 0 1718 2 72057594037927947 72057594037927946 4 0 31 2 144115188075857201 0 1 2 936748722493063959 72057594037927947 32 2 72057594037927937 -1 1750 2 72057594037927946 72057594037927937 3 0 2133 2 144115188075857201 1  1 2133 2 144115188075857201 2 
0.000000 0.000000 0.000000  2 31 2 144115188075857201 2 2147483720 1 5  9 1700 1 72057594037927946 1714 2 72057594037927948 72057594037927946 4 0 30 2 72057594037927948 0 1740 2 72057594037927946 1801439850948198899 5 0 1740 2 72057594037927946 1801439850948198898 3 0 2133 2 144115188075857201 0 
-20.000000 0.000000 0.000000  0  2 2008 1 4278190080 2009 2 0 2500 
-25.000000 0.000000 0.000000  1 30 2 144115188075856199 4  21 2071 1 1224979098644774912 1704 1 1224979098644774912 1718 2 1224979098644774913 1224979098644774912 2147485155 1 1224979098644774913 2173 2 1224979098644774914 1224979098644774913 4 0 1716 2 1224979098644774915 1224979098644774912 132 1 1224979098644774915 2204 2 1224979098644774916 1224979098644774915 1 3 936748722493063852 360287970189639680 1224979098644774916 30 2 72057594037927936 60 2133 2 1224979098644774914 432345564227567630 3 0 522 3 1224979098644774917 1224979098644774914 40 2136 3 1224979098644774918 -100 1224979098644774917 4 0 2147483680 2 1224979098644774918 0 1505 2 1224979098644774913 0 5 0 1505 2 1224979098644774913 1 3 0 
1.000000 0.000000 0.000000  1 31 2 144115188075857104 0  26 12 1 1224979098644774912 1702 1 1224979098644774912 1704 1 1224979098644774912 1714 2 1224979098644774913 1224979098644774912 4 0 30 2 1224979098644774913 0 1720 2 1224979098644774914 1224979098644774913 2121 3 1224979098644774915 100 1224979098644774914 4 0 2147483680 2 1224979098644774915 15 2108 2 1224979098644774915 2 2120 3 1224979098644774916 100 1224979098644774915 5 0 2107 2 1224979098644774915 2 2108 2 1224979098644774915 3 2121 3 1224979098644774916 115 1224979098644774915 3 0 1718 2 1224979098644774917 1224979098644774912 2170 3 1224979098644774918 24 1224979098644774917 2122 3 1224979098644774919 1224979098644774918 2 2105 2 1224979098644774919 100 2107 2 1224979098644774916 1224979098644774919 2108 2 1224979098644774916 100 1734 2 1224979098644774912 1224979098644774916 3 0 3 0 
0.000000 0.000000 0.000000  11 31 2 144115188075857110 2 1073741896 1 0 1073741896 1 1 1073741896 1 2 1073741896 1 3 1073741894 1 144115188075857228 1073741894 1 144115188075857229 1073741894 1 144115188075857227 1073741894 1 144115188075857226 1073741895 1 199 72 1 19  65 2124 1 10000 2010 1 47 2133 2 1224979098644774912 0 2133 2 1224979098644774913 0 2133 2 1224979098644774914 0 4 0 72 1 0 2105 2 1224979098644774913 10 5 0 72 1 1 2105 2 1224979098644774913 -10 3 0 4 0 72 1 3 2105 2 1224979098644774912 10 5 0 72 1 2 2105 2 1224979098644774912 -10 3 0 4 0 70 1 144115188075857226 2105 2 1224979098644774914 10 5 0 70 1 144115188075857227 2105 2 1224979098644774914 -10 3 0 4 0 72 1 19 2107 2 1224979098644774912 4 2107 2 1224979098644774913 4 2107 2 1224979098644774914 2 3 0 720 2 47 1224979098644774912 721 2 47 1224979098644774913 722 2 47 1224979098644774914 2011 1 47 4 0 70 1 144115188075857228 30 2 144115188075857188 4 30 2 144115188075857189 3 2106 2 144115188075857188 4 2106 2 144115188075857189 3 2119 3 72057594037927942 144115188075857188 100 2119 3 72057594037927943 144115188075857189 75 4 0 31 2 72057594037927942 0 31 2 72057594037927943 0 2133 2 72057594037927944 144115188075857188 2133 2 72057594037927945 144115188075857189 1106 1 1585267068834414919 3 0 5 0 70 1 144115188075857229 2105 2 144115188075857188 4 2105 2 144115188075857189 3 2119 3 72057594037927942 144115188075857188 100 2119 3 72057594037927943 144115188075857189 75 4 0 31 2 72057594037927942 0 31 2 72057594037927943 0 2133 2 72057594037927944 144115188075857188 2133 2 72057594037927945 144115188075857189 1106 1 1585267068834414920 3 0 3 0 
0.000000 0.000000 0.000000  1 31 2 144115188075857110 2  138 2124 1 10000 4 0 1073742727 1 1513209474796486719 1073741895 1 1 1073741895 1 16 71 1 15 31 2 144115188075857190 0 2133 2 144115188075857190 1 2133 2 144115188075857191 144115188075857194 2133 2 144115188075857192 144115188075857195 3 0 2133 2 1224979098644774912 0 4 0 2147484551 1 1513209474796486719 75 1 1 726 2 72057594037927937 1 727 2 72057594037927938 1 2010 1 47 4 0 2147483679 2 144115188075857190 1 4 0 31 2 72057594037927937 144115188075857196 31 2 72057594037927938 144115188075857197 3221225503 2 72057594037927937 144115188075857194 2147483679 2 72057594037927938 144115188075857195 2105 2 144115188075857193 1 4 0 30 2 144115188075857193 15 2133 2 144115188075857193 0 2133 2 144115188075857194 72057594037927937 2133 2 144115188075857195 72057594037927938 3 0 5 0 2133 2 1224979098644774912 1 2133 2 144115188075857193 0 3 0 2133 2 144115188075857196 72057594037927937 2133 2 144115188075857197 72057594037927938 5 0 4 0 2147483679 2 72057594037927937 144115188075857196 2147483679 2 72057594037927938 144115188075857197 2121 3 1224979098644774913 72057594037927937 144115188075857191 2121 3 1224979098644774914 72057594037927938 144115188075857192 33 3 1224979098644774913 -10 11 33 3 1224979098644774914 -10 11 2133 2 144115188075857190 0 2133 2 144115188075857194 144115188075857191 2133 2 144115188075857195 144115188075857192 5 0 2133 2 144115188075857194 72057594037927937 2133 2 144115188075857195 72057594037927938 3 0 2133 2 144115188075857196 72057594037927937 2133 2 144115188075857197 72057594037927938 3 0 3 0 2133 2 1224979098644774915 0 2133 2 1224979098644774916 0 2133 2 1224979098644774917 0 2133 2 1224979098644774918 0 4 0 70 1 144115188075857232 4 0 30 2 144115188075857198 0 2133 2 144115188075857198 -20 3 0 2105 2 144115188075857198 -1 2133 2 1224979098644774912 2 2133 2 1224979098644774917 -1 5 0 70 1 144115188075857233 4 0 2147483680 2 144115188075857198 0 2133 2 144115188075857198 20 3 0 2105 2 144115188075857198 1 2133 2 1224979098644774912 2 2133 2 1224979098644774917 1 5 0 2133 2 144115188075857198 0 2133 2 1224979098644774917 0 3 0 4 0 70 1 144115188075857230 4 0 2147483680 2 144115188075857199 0 2133 2 144115188075857199 15 3 0 2105 2 144115188075857199 1 2133 2 1224979098644774912 2 2133 2 1224979098644774918 1 5 0 70 1 144115188075857231 4 0 30 2 144115188075857199 0 2133 2 144115188075857199 -15 3 0 2105 2 144115188075857199 -1 2133 2 1224979098644774912 2 2133 2 1224979098644774918 -1 5 0 2133 2 144115188075857199 0 2133 2 1224979098644774918 0 3 0 4 0 31 2 1224979098644774912 1 2121 3 1224979098644774915 72057594037927937 144115188075857194 2121 3 1224979098644774916 72057594037927938 144115188075857195 5 0 31 2 1224979098644774912 2 4 0 2147483679 2 1224979098644774917 0 2112 3 144115188075857198 -80 80 2133 2 1224979098644774915 144115188075857198 3 0 4 0 2147483679 2 1224979098644774918 0 2112 3 144115188075857199 -45 45 2133 2 1224979098644774916 144115188075857199 3 0 3 0 4 0 30 2 1224979098644774912 1 2107 2 1224979098644774915 144115188075857188 2107 2 1224979098644774916 144115188075857189 2112 3 1224979098644774915 -80000 80001 2112 3 1224979098644774916 -60000 60001 2122 3 1224979098644774919 144115188075857200 -1 738 2 47 1224979098644774919 724 2 47 90 738 2 47 1224979098644774915 724 2 47 -90 738 2 47 144115188075857200 738 2 47 1224979098644774916 2105 2 144115188075857200 1224979098644774916 2011 1 47 3 0 
0.000000 0.000000 0.000000  4 1073741855 2 144115188075857110 3 2147484654 0 1073741855 2 144115188075857174 1 31 2 144115188075857243 0  87 4 0 1006 0 32 2 144115188075857306 -1 2133 2 1224979098644774912 144115188075857306 2133 2 1224979098644774913 500 5 0 2133 2 1224979098644774912 144115188075857307 2133 2 1224979098644774913 0 3 0 30 2 1224979098644774912 0 2133 2 1224979098644774914 0 4 0 70 1 144115188075857226 2105 2 144115188075857117 5 2133 2 1224979098644774914 1 4 0 70 1 29 2105 2 144115188075857113 5 3 0 5 0 70 1 144115188075857227 2106 2 144115188075857117 5 2133 2 1224979098644774914 1 4 0 70 1 29 2106 2 144115188075857113 5 3 0 5 0 70 1 144115188075857230 2105 2 144115188075857116 5 2133 2 1224979098644774914 1 4 0 70 1 29 2105 2 144115188075857112 5 3 0 5 0 70 1 144115188075857231 2106 2 144115188075857116 5 2133 2 1224979098644774914 1 4 0 70 1 29 2106 2 144115188075857112 5 3 0 3 0 4 0 70 1 29 4 0 70 1 144115188075857232 2106 2 144115188075857113 5 5 0 70 1 144115188075857233 2105 2 144115188075857113 5 3 0 3 0 4 0 31 2 1224979098644774914 1 62 1 0 2133 2 1224979098644774913 0 2001 1 1 3 0 1709 2 47 1224979098644774912 722 2 47 144115188075857117 721 2 47 144115188075857116 725 2 47 144115188075857114 723 2 47 144115188075857112 724 2 47 144115188075857113 1714 2 1224979098644774915 1224979098644774912 4 0 30 2 1224979098644774915 0 722 2 47 90 2108 2 1224979098644774913 2 3 0 793 2 1224979098644774916 47 4 0 2147483680 2 1224979098644774916 0 791 1 47 722 2 47 15 3 0 4 0 1 1 936748722493063894 2147484654 0 5 0 32 2 1224979098644774913 0 2012 3 47 1224979098644774913 0 5 0 2011 1 47 3 0 
0.000000 0.500000 1.000000  4 1073741895 1 238 71 1 144115188075857228 1006 0 31 2 144115188075857110 3  1 1 1 936748722493063896 
0.000000 0.500000 1.000000  4 1073741895 1 239 71 1 144115188075857229 1006 0 31 2 144115188075857110 3  1 1 1 936748722493063897 
0.000000 0.000000 0.000000  4 31 2 144115188075857105 0 31 2 144115188075857110 1 1073741855 2 144115188075857174 1 31 2 144115188075857243 0  61 2010 1 47 2133 2 1224979098644774912 0 2133 2 1224979098644774913 0 2133 2 1224979098644774914 0 2133 2 1224979098644774915 0 2133 2 1224979098644774916 0 2133 2 1224979098644774917 0 4 0 72 1 2 2106 2 1224979098644774915 10 5 0 72 1 3 2105 2 1224979098644774915 10 3 0 720 2 47 1224979098644774915 4 0 72 1 0 2105 2 1224979098644774916 10 5 0 72 1 1 2106 2 1224979098644774916 10 3 0 721 2 47 1224979098644774916 4 0 70 1 144115188075857226 2105 2 1224979098644774917 10 5 0 70 1 144115188075857227 2106 2 1224979098644774917 10 3 0 722 2 47 1224979098644774917 4 0 70 1 144115188075857232 2105 2 1224979098644774914 1 5 0 70 1 144115188075857233 2106 2 1224979098644774914 1 3 0 725 2 47 1224979098644774914 4 0 70 1 144115188075857228 2105 2 1224979098644774913 1 5 0 70 1 144115188075857229 2106 2 1224979098644774913 1 3 0 724 2 47 1224979098644774913 4 0 70 1 144115188075857230 2105 2 1224979098644774912 1 5 0 70 1 144115188075857231 2106 2 1224979098644774912 1 3 0 723 2 47 1224979098644774912 4 0 1 1 936748722493063894 5 0 2001 1 1 2011 1 47 3 0 
0.000000 0.000000 1.000000  6 2147484654 0 73 1 9 1700 1 1224979098644774912 1726 3 1224979098644774913 1224979098644774912 0 32 2 1224979098644774913 0 567 3 1224979098644774913 5 1  12 1700 1 1224979098644774912 1726 3 1224979098644774913 1224979098644774912 0 527 3 1224979098644774914 1224979098644774913 5 32 2 1224979098644774914 1 6 3 1224979098644774915 0 4 1804 3 1224979098644774916 1224979098644774912 1224979098644774915 31 2 1224979098644774916 1224979098644774913 1542 3 1224979098644774917 360287970189639680 1224979098644774915 1774 3 1224979098644774912 1224979098644774913 1224979098644774915 1779 4 1224979098644774912 1224979098644774914 1224979098644774915 1224979098644774917 1747 2 1224979098644774912 1224979098644774914 3 0 
0.000000 0.000000 1.000000  6 2147484654 0 71 1 35 1700 1 1224979098644774912 1804 3 1224979098644774913 1224979098644774912 4 32 2 1224979098644774913 0 567 3 1224979098644774913 5 1  9 1700 1 1224979098644774912 1804 3 1224979098644774913 1224979098644774912 4 527 3 1224979098644774914 1224979098644774913 5 32 2 1224979098644774914 1 1542 3 1224979098644774915 360287970189639680 4 1774 3 1224979098644774912 1224979098644774913 4 1779 4 1224979098644774912 1224979098644774914 4 1224979098644774915 1740 3 1224979098644774912 1801439850948198570 1 600 1 1152921504606847167 
-71.000000 0.000000 0.000000  3 2071 1 1224979098644774912 1073741855 2 1224979098644774912 10 31 2 1224979098644774912 9  3 2071 1 1224979098644774912 2072 1 1224979098644774913 1 3 936748722493063563 1224979098644774912 1224979098644774913 
-57.000000 0.000000 0.000000  2 2072 1 1224979098644774912 31 2 1224979098644774912 0  3 2071 1 1224979098644774912 1774 2 1224979098644774912 0 1732 1 1224979098644774912 
3.000000 0.000000 0.000000  1 2147483678 2 144115188075857222 3  13 12 1 1224979098644774912 1712 1 1224979098644774912 1702 1 1224979098644774912 1704 1 1224979098644774912 1707 1 1224979098644774912 6 3 1224979098644774913 0 4 1804 3 1224979098644774914 1224979098644774912 1224979098644774913 32 2 1224979098644774914 0 2723 2 1224979098644774914 2147483648 1774 2 1224979098644774912 1224979098644774914 3 0 3 0 2105 2 144115188075857222 1 
-19.000000 0.000000 0.000000  0  8 2133 2 144115188075857176 0 2133 2 144115188075857174 0 2147483679 2 144115188075857243 0 2133 2 144115188075856012 1 1617 1 648518346341351430 1 3 936748722493063350 648518346341351430 648518346341351424 47 1 360287970189639680 2133 2 144115188075857175 360287970189639680 
5.000000 0.000000 0.000000  3 2147483679 2 144115188075857243 0 1700 1 1224979098644774912 2147485350 1 1224979098644774912  98 2124 1 100 1700 1 1224979098644774912 1770 2 1224979098644774913 1224979098644774912 1765 2 1224979098644774914 1224979098644774912 1710 2 1 1224979098644774912 2133 2 1224979098644774915 0 2133 2 1224979098644774916 -1 2133 2 1224979098644774917 -1 2133 2 1224979098644774918 1000000 12 1 1224979098644774919 31 2 1224979098644774916 -1 1704 1 1224979098644774919 1702 1 1224979098644774919 1770 2 1224979098644774920 1224979098644774919 31 2 1224979098644774920 1224979098644774913 1716 2 1224979098644774921 1224979098644774919 31 2 1224979098644774921 648518346341351424 1718 2 1224979098644774922 1224979098644774919 33 3 1224979098644774922 360287970189639979 360287970189639995 540 3 1224979098644774922 2 5 1710 2 2 1224979098644774919 711 3 1224979098644774923 1 2 2147483678 2 1224979098644774923 1224979098644774918 2133 2 1224979098644774916 1224979098644774922 2133 2 1224979098644774917 1224979098644774919 2133 2 1224979098644774918 1224979098644774923 2322 2 31 1224979098644774916 1106 2 1585267068834414921 5308240 3 0 4 0 31 2 1224979098644774916 -1 31 2 144115188075857243 2 12 1 1224979098644774919 31 2 1224979098644774916 -1 1704 1 1224979098644774919 1702 1 1224979098644774919 1770 2 1224979098644774920 1224979098644774919 31 2 1224979098644774920 1224979098644774913 1718 2 1224979098644774922 1224979098644774919 1716 2 1224979098644774921 1224979098644774919 31 2 1224979098644774921 648518346341351424 1710 2 2 1224979098644774919 711 3 1224979098644774923 1 2 2147483678 2 1224979098644774923 1224979098644774918 2133 2 1224979098644774916 1224979098644774922 2133 2 1224979098644774917 1224979098644774919 2133 2 1224979098644774918 1224979098644774923 2322 2 31 1224979098644774916 1106 2 1585267068834414921 5308240 3 0 3 0 4 0 30 2 1224979098644774916 1 30 2 1224979098644774917 0 1 3 936748722493064062 1224979098644774916 360287970189641434 2133 2 144115188075857175 1224979098644774916 47 1 1224979098644774916 1720 3 1224979098644774924 1224979098644774917 1 1710 2 1 1224979098644774917 731 2 1 -2000 729 2 1 0 730 2 1 0 1710 2 0 1224979098644774917 1970 1 0 1714 2 1224979098644774925 1224979098644774917 4 0 32 2 1224979098644774925 0 1711 2 1224979098644774925 1 1755 1 1224979098644774925 3 0 1711 2 1224979098644774917 1 505 3 1224979098644774917 100 1 525 3 1224979098644774926 1224979098644774917 102 1755 1 1224979098644774917 2133 2 144115188075857202 1 1972 1 1224979098644774916 2133 2 144115188075857202 0 2133 2 1224979098644774912 72057594037927936 505 3 1224979098644774912 102 1224979098644774926 1771 2 1224979098644774912 1224979098644774913 1721 3 1224979098644774912 1224979098644774924 1 1766 2 1224979098644774912 1224979098644774914 505 3 1224979098644774912 100 2 505 3 1224979098644774912 101 1224979098644774916 4 0 1714 2 1224979098644774927 1224979098644774912 32 2 1224979098644774927 0 2147483678 2 1224979098644774925 0 1711 2 1224979098644774927 1 1755 1 1224979098644774927 3 0 47 1 360287970189639680 2133 2 1224979098644774915 1 2133 2 144115188075857176 1 3 0 31 2 1224979098644774916 -1 31 2 1224979098644774915 0 2133 2 144115188075857174 1 
0.000000 0.300000 0.000000  5 31 2 144115188075857329 1 1541 3 1224979098644774912 360287970189639680 5 30 2 1224979098644774912 0 2700 2 1224979098644774913 1224979098644774912 30 2 1224979098644774913 800  15 1700 1 1224979098644774912 1541 3 1224979098644774913 360287970189639680 5 30 2 1224979098644774913 0 2700 2 1224979098644774914 1224979098644774913 30 2 1224979098644774914 800 4 0 33 3 1224979098644774914 800 2100 2133 2 1224979098644774915 1152921504606847156 5 0 30 2 1224979098644774914 2100 2133 2 1224979098644774915 1152921504606847157 3 0 1768 2 1224979098644774916 1224979098644774912 33 3 1224979098644774916 1801439850948198426 1801439850948198522 1750 2 1224979098644774912 1224979098644774915 
-25.000000 0.000000 0.000000  0  10 2071 1 1224979098644774912 1712 1 1224979098644774912 1702 1 1224979098644774912 4 0 1804 3 1224979098644774913 1224979098644774912 6 31 2 1224979098644774913 -1 1804 3 1224979098644774914 1224979098644774912 5 32 2 1224979098644774914 0 1779 2 1224979098644774912 288230376151713382 3 0 
-26.000000 0.000000 0.000000  0  94 2071 1 1224979098644774912 2072 1 1224979098644774913 2073 1 1224979098644774914 30 2 1224979098644774912 0 1704 1 1224979098644774912 1718 2 1224979098644774915 1224979098644774912 2147485155 1 1224979098644774915 4 0 2147485354 1 1224979098644774912 1610 3 648518346341351442 1224979098644774915 1 3 0 4 0 1073741855 2 1224979098644774915 360287970189641349 31 2 1224979098644774915 360287970189641350 2133 2 1224979098644774914 1 5 0 32 2 1224979098644774913 -1 1726 3 1224979098644774916 1224979098644774913 0 4 0 2147483678 2 1224979098644774916 0 2133 2 1224979098644774916 0 3 0 4 0 1770 2 1224979098644774917 1224979098644774912 1792 2 1224979098644774918 1224979098644774917 4 0 32 2 1224979098644774918 -1 2147485355 1 1224979098644774918 1685 3 1224979098644774919 648518346341351424 1369094286720630794 2107 2 1224979098644774919 3 2105 2 1224979098644774919 25 5 0 32 2 1224979098644774918 -1 1718 2 1224979098644774920 1224979098644774918 1507 1 1224979098644774920 2170 3 1224979098644774919 1369094286720630794 1224979098644774920 2107 2 1224979098644774919 3 2105 2 1224979098644774919 25 5 0 2133 2 1224979098644774919 20 4 0 31 2 144115188075857183 12 2105 2 1224979098644774919 10 3 0 3 0 4 0 31 2 144115188075857183 16 33 3 1224979098644774915 360287970189639738 360287970189639747 2106 2 1224979098644774919 25 3 0 4 0 31 2 144115188075857183 20 2105 2 1224979098644774919 10 3 0 3 0 2721 2 1224979098644774921 1224979098644774916 1 3 936748722493063977 0 101 2133 2 1224979098644774922 72057594037927936 4 0 31 2 1224979098644774921 2 2121 3 1224979098644774919 100 1224979098644774919 2108 2 1224979098644774919 8 32 2 1224979098644774922 1224979098644774919 2133 2 1224979098644774914 1 5 0 2147483680 2 1224979098644774922 1224979098644774919 2133 2 1224979098644774914 1 5 0 2133 2 1224979098644774914 0 3 0 3 0 4 0 31 2 1224979098644774916 288230376151713384 2075 1 2 5 0 31 2 1224979098644774914 1 2075 1 2 4 0 2147485354 1 1224979098644774912 1618 3 648518346341351442 1224979098644774915 1 3 0 5 0 31 2 1224979098644774914 0 2075 1 1 4 0 31 2 144115188075857183 21 1718 2 1224979098644774923 1224979098644774913 31 2 1224979098644774923 360287970189639680 1 2 936748722493064146 1 3 0 5 0 2075 1 0 3 0 1 3 936748722493063496 1224979098644774912 1224979098644774913 
0.050000 0.000000 0.000000  2 2147483679 2 144115188075857204 0 2147484551 1 144115188075857203  3 900 1 144115188075857204 2133 2 144115188075857203 144115188075857204 2133 2 144115188075857204 0 
-25.000000 0.000000 0.000000  0  2 2071 1 1224979098644774912 505 3 1224979098644774912 10 0 
0.000000 0.000000 0.000000  1 73 1 22  7 4 0 903 1 1513209474796486719 902 1 0 5 0 902 1 0 2133 2 144115188075857204 1513209474796486719 3 0 
-20.000000 0.000000 100000000.000000  0  13 1700 1 144115188075857205 4 0 31 2 144115188075857205 -1 2133 2 144115188075857206 -1 5 0 1765 2 144115188075857206 144115188075857205 3 0 2124 1 100 1799 2 2 3 726 2 144115188075857207 3 727 2 144115188075857208 3 726 2 144115188075857209 2 727 2 144115188075857210 2 


mst_besiege_inner_battle_town_center besiege_inner_battle_town_center 2  -1
You_attack_the_walls_of_the_castle... 

8 0 33562752 256 16 4 0  
2 33558592 256 16 1 0  
23 33558592 256 16 1 0  
24 33558592 256 16 1 0  
25 33558592 256 16 1 0  
26 33558592 256 16 1 0  
27 33558592 256 16 1 0  
28 33558592 256 16 1 0  
37
-19.000000 0.000000 0.000000  0  1 1 1 936748722493063528 
-21.000000 0.000000 0.000000  0  15 4 0 31 2 144115188075856297 1 1 1 936748722493063624 1907 1 0 5 0 31 2 144115188075857105 0 1073742830 0 31 2 144115188075856292 1 1121 1 216172782113783948 5 0 1 1 936748722493063406 1121 1 216172782113783948 5 0 1106 1 216172782113783952 3 0 
-25.000000 0.000000 0.000000  0  3 2071 1 1224979098644774912 1718 2 1224979098644774913 1224979098644774912 1 4 936748722493063611 1729382256910270468 1224979098644774912 1224979098644774913 
-8.000000 0.000000 0.000000  0  9 2071 1 1224979098644774912 31 2 1224979098644774912 0 2133 2 144115188075856292 0 2320 2 5 216172782113784204 1 4 936748722493063508 5 20 0 2133 2 144115188075856168 -1 1906 1 -1 1 1 936748722493063624 1907 1 0 
0.000000 0.000000 100000000.000000  0  3 2133 2 144115188075856297 0 1 1 936748722493063893 1 2 936748722493063691 4096 
0.000000 0.000000 100000000.000000  4 2133 2 144115188075856302 0 2133 2 144115188075856303 1 2133 2 144115188075856304 2 2133 2 144115188075856305 3  0 
2.000000 0.000000 0.000000  0  1 1 1 936748722493063507 
1.000000 60.000000 100000000.000000  10 2370 1 72057594037927937 30 2 72057594037927937 10 1003 1 5 1073741855 2 144115188075857105 0 2147484654 0 1906 1 1 1106 1 216172782113783831 2133 2 144115188075856297 1 2133 2 144115188075856168 1 1 1 936748722493063693  2 1 1 936748722493063624 1907 1 1 
10.000000 0.000000 0.000000  1 31 2 144115188075856297 1  1 1106 1 216172782113783831 
1.000000 4.000000 0.000000  1 1006 0  11 4 0 1 1 936748722493063889 5 0 2133 2 144115188075856292 1 2320 2 5 216172782113784204 1 4 936748722493063508 5 20 0 2133 2 144115188075856168 -1 1906 1 -1 1 1 936748722493063624 1907 1 0 3 0 
0.100000 0.000000 0.000000  1 903 1 1513209474796486719  1 1 1 936748722493063562 
-22.000000 0.000000 0.000000  0  1 1106 1 216172782113783922 
0.000000 1.500000 0.000000  20 73 1 5 1003 1 2 1700 1 72057594037927946 1702 1 72057594037927946 4 0 1714 2 72057594037927948 72057594037927946 30 2 72057594037927948 0 1740 2 72057594037927946 1801439850948198897 1740 2 72057594037927948 1801439850948198970 5 0 1740 2 72057594037927946 1801439850948198896 3 0 1718 2 72057594037927947 72057594037927946 4 0 31 2 144115188075857201 0 1 2 936748722493063959 72057594037927947 32 2 72057594037927937 -1 1750 2 72057594037927946 72057594037927937 3 0 2133 2 144115188075857201 1  1 2133 2 144115188075857201 2 
0.000000 0.000000 0.000000  2 31 2 144115188075857201 2 2147483720 1 5  9 1700 1 72057594037927946 1714 2 72057594037927948 72057594037927946 4 0 30 2 72057594037927948 0 1740 2 72057594037927946 1801439850948198899 5 0 1740 2 72057594037927946 1801439850948198898 3 0 2133 2 144115188075857201 0 
-20.000000 0.000000 0.000000  0  2 2008 1 4278190080 2009 2 0 2500 
-25.000000 0.000000 0.000000  1 30 2 144115188075856199 4  21 2071 1 1224979098644774912 1704 1 1224979098644774912 1718 2 1224979098644774913 1224979098644774912 2147485155 1 1224979098644774913 2173 2 1224979098644774914 1224979098644774913 4 0 1716 2 1224979098644774915 1224979098644774912 132 1 1224979098644774915 2204 2 1224979098644774916 1224979098644774915 1 3 936748722493063852 360287970189639680 1224979098644774916 30 2 72057594037927936 60 2133 2 1224979098644774914 432345564227567630 3 0 522 3 1224979098644774917 1224979098644774914 40 2136 3 1224979098644774918 -100 1224979098644774917 4 0 2147483680 2 1224979098644774918 0 1505 2 1224979098644774913 0 5 0 1505 2 1224979098644774913 1 3 0 
1.000000 0.000000 0.000000  1 31 2 144115188075857104 0  26 12 1 1224979098644774912 1702 1 1224979098644774912 1704 1 1224979098644774912 1714 2 1224979098644774913 1224979098644774912 4 0 30 2 1224979098644774913 0 1720 2 1224979098644774914 1224979098644774913 2121 3 1224979098644774915 100 1224979098644774914 4 0 2147483680 2 1224979098644774915 15 2108 2 1224979098644774915 2 2120 3 1224979098644774916 100 1224979098644774915 5 0 2107 2 1224979098644774915 2 2108 2 1224979098644774915 3 2121 3 1224979098644774916 115 1224979098644774915 3 0 1718 2 1224979098644774917 1224979098644774912 2170 3 1224979098644774918 24 1224979098644774917 2122 3 1224979098644774919 1224979098644774918 2 2105 2 1224979098644774919 100 2107 2 1224979098644774916 1224979098644774919 2108 2 1224979098644774916 100 1734 2 1224979098644774912 1224979098644774916 3 0 3 0 
0.000000 0.000000 0.000000  11 31 2 144115188075857110 2 1073741896 1 0 1073741896 1 1 1073741896 1 2 1073741896 1 3 1073741894 1 144115188075857228 1073741894 1 144115188075857229 1073741894 1 144115188075857227 1073741894 1 144115188075857226 1073741895 1 199 72 1 19  65 2124 1 10000 2010 1 47 2133 2 1224979098644774912 0 2133 2 1224979098644774913 0 2133 2 1224979098644774914 0 4 0 72 1 0 2105 2 1224979098644774913 10 5 0 72 1 1 2105 2 1224979098644774913 -10 3 0 4 0 72 1 3 2105 2 1224979098644774912 10 5 0 72 1 2 2105 2 1224979098644774912 -10 3 0 4 0 70 1 144115188075857226 2105 2 1224979098644774914 10 5 0 70 1 144115188075857227 2105 2 1224979098644774914 -10 3 0 4 0 72 1 19 2107 2 1224979098644774912 4 2107 2 1224979098644774913 4 2107 2 1224979098644774914 2 3 0 720 2 47 1224979098644774912 721 2 47 1224979098644774913 722 2 47 1224979098644774914 2011 1 47 4 0 70 1 144115188075857228 30 2 144115188075857188 4 30 2 144115188075857189 3 2106 2 144115188075857188 4 2106 2 144115188075857189 3 2119 3 72057594037927942 144115188075857188 100 2119 3 72057594037927943 144115188075857189 75 4 0 31 2 72057594037927942 0 31 2 72057594037927943 0 2133 2 72057594037927944 144115188075857188 2133 2 72057594037927945 144115188075857189 1106 1 1585267068834414919 3 0 5 0 70 1 144115188075857229 2105 2 144115188075857188 4 2105 2 144115188075857189 3 2119 3 72057594037927942 144115188075857188 100 2119 3 72057594037927943 144115188075857189 75 4 0 31 2 72057594037927942 0 31 2 72057594037927943 0 2133 2 72057594037927944 144115188075857188 2133 2 72057594037927945 144115188075857189 1106 1 1585267068834414920 3 0 3 0 
0.000000 0.000000 0.000000  1 31 2 144115188075857110 2  138 2124 1 10000 4 0 1073742727 1 1513209474796486719 1073741895 1 1 1073741895 1 16 71 1 15 31 2 144115188075857190 0 2133 2 144115188075857190 1 2133 2 144115188075857191 144115188075857194 2133 2 144115188075857192 144115188075857195 3 0 2133 2 1224979098644774912 0 4 0 2147484551 1 1513209474796486719 75 1 1 726 2 72057594037927937 1 727 2 72057594037927938 1 2010 1 47 4 0 2147483679 2 144115188075857190 1 4 0 31 2 72057594037927937 144115188075857196 31 2 72057594037927938 144115188075857197 3221225503 2 72057594037927937 144115188075857194 2147483679 2 72057594037927938 144115188075857195 2105 2 144115188075857193 1 4 0 30 2 144115188075857193 15 2133 2 144115188075857193 0 2133 2 144115188075857194 72057594037927937 2133 2 144115188075857195 72057594037927938 3 0 5 0 2133 2 1224979098644774912 1 2133 2 144115188075857193 0 3 0 2133 2 144115188075857196 72057594037927937 2133 2 144115188075857197 72057594037927938 5 0 4 0 2147483679 2 72057594037927937 144115188075857196 2147483679 2 72057594037927938 144115188075857197 2121 3 1224979098644774913 72057594037927937 144115188075857191 2121 3 1224979098644774914 72057594037927938 144115188075857192 33 3 1224979098644774913 -10 11 33 3 1224979098644774914 -10 11 2133 2 144115188075857190 0 2133 2 144115188075857194 144115188075857191 2133 2 144115188075857195 144115188075857192 5 0 2133 2 144115188075857194 72057594037927937 2133 2 144115188075857195 72057594037927938 3 0 2133 2 144115188075857196 72057594037927937 2133 2 144115188075857197 72057594037927938 3 0 3 0 2133 2 1224979098644774915 0 2133 2 1224979098644774916 0 2133 2 1224979098644774917 0 2133 2 1224979098644774918 0 4 0 70 1 144115188075857232 4 0 30 2 144115188075857198 0 2133 2 144115188075857198 -20 3 0 2105 2 144115188075857198 -1 2133 2 1224979098644774912 2 2133 2 1224979098644774917 -1 5 0 70 1 144115188075857233 4 0 2147483680 2 144115188075857198 0 2133 2 144115188075857198 20 3 0 2105 2 144115188075857198 1 2133 2 1224979098644774912 2 2133 2 1224979098644774917 1 5 0 2133 2 144115188075857198 0 2133 2 1224979098644774917 0 3 0 4 0 70 1 144115188075857230 4 0 2147483680 2 144115188075857199 0 2133 2 144115188075857199 15 3 0 2105 2 144115188075857199 1 2133 2 1224979098644774912 2 2133 2 1224979098644774918 1 5 0 70 1 144115188075857231 4 0 30 2 144115188075857199 0 2133 2 144115188075857199 -15 3 0 2105 2 144115188075857199 -1 2133 2 1224979098644774912 2 2133 2 1224979098644774918 -1 5 0 2133 2 144115188075857199 0 2133 2 1224979098644774918 0 3 0 4 0 31 2 1224979098644774912 1 2121 3 1224979098644774915 72057594037927937 144115188075857194 2121 3 1224979098644774916 72057594037927938 144115188075857195 5 0 31 2 1224979098644774912 2 4 0 2147483679 2 1224979098644774917 0 2112 3 144115188075857198 -80 80 2133 2 1224979098644774915 144115188075857198 3 0 4 0 2147483679 2 1224979098644774918 0 2112 3 144115188075857199 -45 45 2133 2 1224979098644774916 144115188075857199 3 0 3 0 4 0 30 2 1224979098644774912 1 2107 2 1224979098644774915 144115188075857188 2107 2 1224979098644774916 144115188075857189 2112 3 1224979098644774915 -80000 80001 2112 3 1224979098644774916 -60000 60001 2122 3 1224979098644774919 144115188075857200 -1 738 2 47 1224979098644774919 724 2 47 90 738 2 47 1224979098644774915 724 2 47 -90 738 2 47 144115188075857200 738 2 47 1224979098644774916 2105 2 144115188075857200 1224979098644774916 2011 1 47 3 0 
0.000000 0.000000 0.000000  4 1073741855 2 144115188075857110 3 2147484654 0 1073741855 2 144115188075857174 1 31 2 144115188075857243 0  87 4 0 1006 0 32 2 144115188075857306 -1 2133 2 1224979098644774912 144115188075857306 2133 2 1224979098644774913 500 5 0 2133 2 1224979098644774912 144115188075857307 2133 2 1224979098644774913 0 3 0 30 2 1224979098644774912 0 2133 2 1224979098644774914 0 4 0 70 1 144115188075857226 2105 2 144115188075857117 5 2133 2 1224979098644774914 1 4 0 70 1 29 2105 2 144115188075857113 5 3 0 5 0 70 1 144115188075857227 2106 2 144115188075857117 5 2133 2 1224979098644774914 1 4 0 70 1 29 2106 2 144115188075857113 5 3 0 5 0 70 1 144115188075857230 2105 2 144115188075857116 5 2133 2 1224979098644774914 1 4 0 70 1 29 2105 2 144115188075857112 5 3 0 5 0 70 1 144115188075857231 2106 2 144115188075857116 5 2133 2 1224979098644774914 1 4 0 70 1 29 2106 2 144115188075857112 5 3 0 3 0 4 0 70 1 29 4 0 70 1 144115188075857232 2106 2 144115188075857113 5 5 0 70 1 144115188075857233 2105 2 144115188075857113 5 3 0 3 0 4 0 31 2 1224979098644774914 1 62 1 0 2133 2 1224979098644774913 0 2001 1 1 3 0 1709 2 47 1224979098644774912 722 2 47 144115188075857117 721 2 47 144115188075857116 725 2 47 144115188075857114 723 2 47 144115188075857112 724 2 47 144115188075857113 1714 2 1224979098644774915 1224979098644774912 4 0 30 2 1224979098644774915 0 722 2 47 90 2108 2 1224979098644774913 2 3 0 793 2 1224979098644774916 47 4 0 2147483680 2 1224979098644774916 0 791 1 47 722 2 47 15 3 0 4 0 1 1 936748722493063894 2147484654 0 5 0 32 2 1224979098644774913 0 2012 3 47 1224979098644774913 0 5 0 2011 1 47 3 0 
0.000000 0.500000 1.000000  4 1073741895 1 238 71 1 144115188075857228 1006 0 31 2 144115188075857110 3  1 1 1 936748722493063896 
0.000000 0.500000 1.000000  4 1073741895 1 239 71 1 144115188075857229 1006 0 31 2 144115188075857110 3  1 1 1 936748722493063897 
0.000000 0.000000 0.000000  4 31 2 144115188075857105 0 31 2 144115188075857110 1 1073741855 2 144115188075857174 1 31 2 144115188075857243 0  61 2010 1 47 2133 2 1224979098644774912 0 2133 2 1224979098644774913 0 2133 2 1224979098644774914 0 2133 2 1224979098644774915 0 2133 2 1224979098644774916 0 2133 2 1224979098644774917 0 4 0 72 1 2 2106 2 1224979098644774915 10 5 0 72 1 3 2105 2 1224979098644774915 10 3 0 720 2 47 1224979098644774915 4 0 72 1 0 2105 2 1224979098644774916 10 5 0 72 1 1 2106 2 1224979098644774916 10 3 0 721 2 47 1224979098644774916 4 0 70 1 144115188075857226 2105 2 1224979098644774917 10 5 0 70 1 144115188075857227 2106 2 1224979098644774917 10 3 0 722 2 47 1224979098644774917 4 0 70 1 144115188075857232 2105 2 1224979098644774914 1 5 0 70 1 144115188075857233 2106 2 1224979098644774914 1 3 0 725 2 47 1224979098644774914 4 0 70 1 144115188075857228 2105 2 1224979098644774913 1 5 0 70 1 144115188075857229 2106 2 1224979098644774913 1 3 0 724 2 47 1224979098644774913 4 0 70 1 144115188075857230 2105 2 1224979098644774912 1 5 0 70 1 144115188075857231 2106 2 1224979098644774912 1 3 0 723 2 47 1224979098644774912 4 0 1 1 936748722493063894 5 0 2001 1 1 2011 1 47 3 0 
0.000000 0.000000 1.000000  6 2147484654 0 73 1 9 1700 1 1224979098644774912 1726 3 1224979098644774913 1224979098644774912 0 32 2 1224979098644774913 0 567 3 1224979098644774913 5 1  12 1700 1 1224979098644774912 1726 3 1224979098644774913 1224979098644774912 0 527 3 1224979098644774914 1224979098644774913 5 32 2 1224979098644774914 1 6 3 1224979098644774915 0 4 1804 3 1224979098644774916 1224979098644774912 1224979098644774915 31 2 1224979098644774916 1224979098644774913 1542 3 1224979098644774917 360287970189639680 1224979098644774915 1774 3 1224979098644774912 1224979098644774913 1224979098644774915 1779 4 1224979098644774912 1224979098644774914 1224979098644774915 1224979098644774917 1747 2 1224979098644774912 1224979098644774914 3 0 
0.000000 0.000000 1.000000  6 2147484654 0 71 1 35 1700 1 1224979098644774912 1804 3 1224979098644774913 1224979098644774912 4 32 2 1224979098644774913 0 567 3 1224979098644774913 5 1  9 1700 1 1224979098644774912 1804 3 1224979098644774913 1224979098644774912 4 527 3 1224979098644774914 1224979098644774913 5 32 2 1224979098644774914 1 1542 3 1224979098644774915 360287970189639680 4 1774 3 1224979098644774912 1224979098644774913 4 1779 4 1224979098644774912 1224979098644774914 4 1224979098644774915 1740 3 1224979098644774912 1801439850948198570 1 600 1 1152921504606847167 
-71.000000 0.000000 0.000000  3 2071 1 1224979098644774912 1073741855 2 1224979098644774912 10 31 2 1224979098644774912 9  3 2071 1 1224979098644774912 2072 1 1224979098644774913 1 3 936748722493063563 1224979098644774912 1224979098644774913 
-57.000000 0.000000 0.000000  2 2072 1 1224979098644774912 31 2 1224979098644774912 0  3 2071 1 1224979098644774912 1774 2 1224979098644774912 0 1732 1 1224979098644774912 
3.000000 0.000000 0.000000  1 2147483678 2 144115188075857222 3  13 12 1 1224979098644774912 1712 1 1224979098644774912 1702 1 1224979098644774912 1704 1 1224979098644774912 1707 1 1224979098644774912 6 3 1224979098644774913 0 4 1804 3 1224979098644774914 1224979098644774912 1224979098644774913 32 2 1224979098644774914 0 2723 2 1224979098644774914 2147483648 1774 2 1224979098644774912 1224979098644774914 3 0 3 0 2105 2 144115188075857222 1 
-19.000000 0.000000 0.000000  0  8 2133 2 144115188075857176 0 2133 2 144115188075857174 0 2147483679 2 144115188075857243 0 2133 2 144115188075856012 1 1617 1 648518346341351430 1 3 936748722493063350 648518346341351430 648518346341351424 47 1 360287970189639680 2133 2 144115188075857175 360287970189639680 
5.000000 0.000000 0.000000  3 2147483679 2 144115188075857243 0 1700 1 1224979098644774912 2147485350 1 1224979098644774912  98 2124 1 100 1700 1 1224979098644774912 1770 2 1224979098644774913 1224979098644774912 1765 2 1224979098644774914 1224979098644774912 1710 2 1 1224979098644774912 2133 2 1224979098644774915 0 2133 2 1224979098644774916 -1 2133 2 1224979098644774917 -1 2133 2 1224979098644774918 1000000 12 1 1224979098644774919 31 2 1224979098644774916 -1 1704 1 1224979098644774919 1702 1 1224979098644774919 1770 2 1224979098644774920 1224979098644774919 31 2 1224979098644774920 1224979098644774913 1716 2 1224979098644774921 1224979098644774919 31 2 1224979098644774921 648518346341351424 1718 2 1224979098644774922 1224979098644774919 33 3 1224979098644774922 360287970189639979 360287970189639995 540 3 1224979098644774922 2 5 1710 2 2 1224979098644774919 711 3 1224979098644774923 1 2 2147483678 2 1224979098644774923 1224979098644774918 2133 2 1224979098644774916 1224979098644774922 2133 2 1224979098644774917 1224979098644774919 2133 2 1224979098644774918 1224979098644774923 2322 2 31 1224979098644774916 1106 2 1585267068834414921 5308240 3 0 4 0 31 2 1224979098644774916 -1 31 2 144115188075857243 2 12 1 1224979098644774919 31 2 1224979098644774916 -1 1704 1 1224979098644774919 1702 1 1224979098644774919 1770 2 1224979098644774920 1224979098644774919 31 2 1224979098644774920 1224979098644774913 1718 2 1224979098644774922 1224979098644774919 1716 2 1224979098644774921 1224979098644774919 31 2 1224979098644774921 648518346341351424 1710 2 2 1224979098644774919 711 3 1224979098644774923 1 2 2147483678 2 1224979098644774923 1224979098644774918 2133 2 1224979098644774916 1224979098644774922 2133 2 1224979098644774917 1224979098644774919 2133 2 1224979098644774918 1224979098644774923 2322 2 31 1224979098644774916 1106 2 1585267068834414921 5308240 3 0 3 0 4 0 30 2 1224979098644774916 1 30 2 1224979098644774917 0 1 3 936748722493064062 1224979098644774916 360287970189641434 2133 2 144115188075857175 1224979098644774916 47 1 1224979098644774916 1720 3 1224979098644774924 1224979098644774917 1 1710 2 1 1224979098644774917 731 2 1 -2000 729 2 1 0 730 2 1 0 1710 2 0 1224979098644774917 1970 1 0 1714 2 1224979098644774925 1224979098644774917 4 0 32 2 1224979098644774925 0 1711 2 1224979098644774925 1 1755 1 1224979098644774925 3 0 1711 2 1224979098644774917 1 505 3 1224979098644774917 100 1 525 3 1224979098644774926 1224979098644774917 102 1755 1 1224979098644774917 2133 2 144115188075857202 1 1972 1 1224979098644774916 2133 2 144115188075857202 0 2133 2 1224979098644774912 72057594037927936 505 3 1224979098644774912 102 1224979098644774926 1771 2 1224979098644774912 1224979098644774913 1721 3 1224979098644774912 1224979098644774924 1 1766 2 1224979098644774912 1224979098644774914 505 3 1224979098644774912 100 2 505 3 1224979098644774912 101 1224979098644774916 4 0 1714 2 1224979098644774927 1224979098644774912 32 2 1224979098644774927 0 2147483678 2 1224979098644774925 0 1711 2 1224979098644774927 1 1755 1 1224979098644774927 3 0 47 1 360287970189639680 2133 2 1224979098644774915 1 2133 2 144115188075857176 1 3 0 31 2 1224979098644774916 -1 31 2 1224979098644774915 0 2133 2 144115188075857174 1 
0.000000 0.300000 0.000000  5 31 2 144115188075857329 1 1541 3 1224979098644774912 360287970189639680 5 30 2 1224979098644774912 0 2700 2 1224979098644774913 1224979098644774912 30 2 1224979098644774913 800  15 1700 1 1224979098644774912 1541 3 1224979098644774913 360287970189639680 5 30 2 1224979098644774913 0 2700 2 1224979098644774914 1224979098644774913 30 2 1224979098644774914 800 4 0 33 3 1224979098644774914 800 2100 2133 2 1224979098644774915 1152921504606847156 5 0 30 2 1224979098644774914 2100 2133 2 1224979098644774915 1152921504606847157 3 0 1768 2 1224979098644774916 1224979098644774912 33 3 1224979098644774916 1801439850948198426 1801439850948198522 1750 2 1224979098644774912 1224979098644774915 
-25.000000 0.000000 0.000000  0  10 2071 1 1224979098644774912 1712 1 1224979098644774912 1702 1 1224979098644774912 4 0 1804 3 1224979098644774913 1224979098644774912 6 31 2 1224979098644774913 -1 1804 3 1224979098644774914 1224979098644774912 5 32 2 1224979098644774914 0 1779 2 1224979098644774912 288230376151713382 3 0 
-26.000000 0.000000 0.000000  0  94 2071 1 1224979098644774912 2072 1 1224979098644774913 2073 1 1224979098644774914 30 2 1224979098644774912 0 1704 1 1224979098644774912 1718 2 1224979098644774915 1224979098644774912 2147485155 1 1224979098644774915 4 0 2147485354 1 1224979098644774912 1610 3 648518346341351442 1224979098644774915 1 3 0 4 0 1073741855 2 1224979098644774915 360287970189641349 31 2 1224979098644774915 360287970189641350 2133 2 1224979098644774914 1 5 0 32 2 1224979098644774913 -1 1726 3 1224979098644774916 1224979098644774913 0 4 0 2147483678 2 1224979098644774916 0 2133 2 1224979098644774916 0 3 0 4 0 1770 2 1224979098644774917 1224979098644774912 1792 2 1224979098644774918 1224979098644774917 4 0 32 2 1224979098644774918 -1 2147485355 1 1224979098644774918 1685 3 1224979098644774919 648518346341351424 1369094286720630794 2107 2 1224979098644774919 3 2105 2 1224979098644774919 25 5 0 32 2 1224979098644774918 -1 1718 2 1224979098644774920 1224979098644774918 1507 1 1224979098644774920 2170 3 1224979098644774919 1369094286720630794 1224979098644774920 2107 2 1224979098644774919 3 2105 2 1224979098644774919 25 5 0 2133 2 1224979098644774919 20 4 0 31 2 144115188075857183 12 2105 2 1224979098644774919 10 3 0 3 0 4 0 31 2 144115188075857183 16 33 3 1224979098644774915 360287970189639738 360287970189639747 2106 2 1224979098644774919 25 3 0 4 0 31 2 144115188075857183 20 2105 2 1224979098644774919 10 3 0 3 0 2721 2 1224979098644774921 1224979098644774916 1 3 936748722493063977 0 101 2133 2 1224979098644774922 72057594037927936 4 0 31 2 1224979098644774921 2 2121 3 1224979098644774919 100 1224979098644774919 2108 2 1224979098644774919 8 32 2 1224979098644774922 1224979098644774919 2133 2 1224979098644774914 1 5 0 2147483680 2 1224979098644774922 1224979098644774919 2133 2 1224979098644774914 1 5 0 2133 2 1224979098644774914 0 3 0 3 0 4 0 31 2 1224979098644774916 288230376151713384 2075 1 2 5 0 31 2 1224979098644774914 1 2075 1 2 4 0 2147485354 1 1224979098644774912 1618 3 648518346341351442 1224979098644774915 1 3 0 5 0 31 2 1224979098644774914 0 2075 1 1 4 0 31 2 144115188075857183 21 1718 2 1224979098644774923 1224979098644774913 31 2 1224979098644774923 360287970189639680 1 2 936748722493064146 1 3 0 5 0 2075 1 0 3 0 1 3 936748722493063496 1224979098644774912 1224979098644774913 
0.050000 0.000000 0.000000  2 2147483679 2 144115188075857204 0 2147484551 1 144115188075857203  3 900 1 144115188075857204 2133 2 144115188075857203 144115188075857204 2133 2 144115188075857204 0 
-25.000000 0.000000 0.000000  0  2 2071 1 1224979098644774912 505 3 1224979098644774912 10 0 
0.000000 0.000000 0.000000  1 73 1 22  7 4 0 903 1 1513209474796486719 902 1 0 5 0 902 1 0 2133 2 144115188075857204 1513209474796486719 3 0 
-20.000000 0.000000 100000000.000000  0  13 1700 1 144115188075857205 4 0 31 2 144115188075857205 -1 2133 2 144115188075857206 -1 5 0 1765 2 144115188075857206 144115188075857205 3 0 2124 1 100 1799 2 2 3 726 2 144115188075857207 3 727 2 144115188075857208 3 726 2 144115188075857209 2 727 2 144115188075857210 2 


mst_castle_attack_walls_defenders_sally castle_attack_walls_defenders_sally 65538  -1
You_attack_the_walls_of_the_castle... 

4 0 8320 256 16 12 0  
0 8320 256 16 0 0  
3 4160 256 16 12 0  
3 4160 256 16 0 0  
76
-25.000000 0.000000 0.000000  0  2 2071 1 1224979098644774912 1 2 936748722493063576 1224979098644774912 
-19.000000 0.000000 0.000000  0  4 1796 3 0 2 1 1796 3 1 3 1 1 1 936748722493063528 1 1 936748722493063530 
-21.000000 0.000000 0.000000  0  15 4 0 31 2 144115188075856297 1 1 1 936748722493063624 1907 1 0 5 0 31 2 144115188075857105 0 1073742830 0 31 2 144115188075856292 1 1121 1 216172782113783948 5 0 1 1 936748722493063406 1121 1 216172782113783948 5 0 1106 1 216172782113783952 3 0 
-25.000000 0.000000 0.000000  0  3 2071 1 1224979098644774912 1718 2 1224979098644774913 1224979098644774912 1 4 936748722493063611 1729382256910270468 1224979098644774912 1224979098644774913 
-8.000000 0.000000 0.000000  0  7 2071 1 1224979098644774912 31 2 1224979098644774912 0 2133 2 144115188075856292 0 2320 2 5 216172782113784204 1 4 936748722493063508 5 20 0 1 1 936748722493063624 1907 1 0 
0.000000 0.000000 100000000.000000  0  3 2133 2 144115188075856297 0 1 1 936748722493063893 1 1 936748722493063692 
30.000000 0.000000 0.000000  0  1 1 1 936748722493063692 
2.000000 0.000000 0.000000  0  1 1 1 936748722493063507 
1.000000 60.000000 100000000.000000  11 2370 1 72057594037927937 30 2 72057594037927937 10 1003 1 2 2147484654 1 0 1906 1 1 1106 1 216172782113783831 2133 2 144115188075856297 1 2133 2 144115188075856168 1 2133 2 144115188075856226 1 2133 2 144115188075856225 1 1 1 936748722493063693  2 1 1 936748722493063624 1907 1 1 
10.000000 0.000000 0.000000  1 31 2 144115188075856297 1  1 1106 1 216172782113783831 
1.000000 4.000000 0.000000  1 1006 0  11 4 0 1 1 936748722493063889 5 0 2133 2 144115188075856292 1 2320 2 5 216172782113784204 1 4 936748722493063508 5 20 0 2133 2 144115188075856168 -1 1906 1 -1 1 1 936748722493063624 1907 1 0 3 0 
0.100000 0.000000 0.000000  1 903 1 1513209474796486719  1 1 1 936748722493063562 
-22.000000 0.000000 0.000000  0  1 1106 1 216172782113783922 
-25.000000 0.000000 0.000000  1 30 2 144115188075856199 4  21 2071 1 1224979098644774912 1704 1 1224979098644774912 1718 2 1224979098644774913 1224979098644774912 2147485155 1 1224979098644774913 2173 2 1224979098644774914 1224979098644774913 4 0 1716 2 1224979098644774915 1224979098644774912 132 1 1224979098644774915 2204 2 1224979098644774916 1224979098644774915 1 3 936748722493063852 360287970189639680 1224979098644774916 30 2 72057594037927936 60 2133 2 1224979098644774914 432345564227567630 3 0 522 3 1224979098644774917 1224979098644774914 40 2136 3 1224979098644774918 -100 1224979098644774917 4 0 2147483680 2 1224979098644774918 0 1505 2 1224979098644774913 0 5 0 1505 2 1224979098644774913 1 3 0 
1.000000 0.000000 0.000000  1 31 2 144115188075857104 0  26 12 1 1224979098644774912 1702 1 1224979098644774912 1704 1 1224979098644774912 1714 2 1224979098644774913 1224979098644774912 4 0 30 2 1224979098644774913 0 1720 2 1224979098644774914 1224979098644774913 2121 3 1224979098644774915 100 1224979098644774914 4 0 2147483680 2 1224979098644774915 15 2108 2 1224979098644774915 2 2120 3 1224979098644774916 100 1224979098644774915 5 0 2107 2 1224979098644774915 2 2108 2 1224979098644774915 3 2121 3 1224979098644774916 115 1224979098644774915 3 0 1718 2 1224979098644774917 1224979098644774912 2170 3 1224979098644774918 24 1224979098644774917 2122 3 1224979098644774919 1224979098644774918 2 2105 2 1224979098644774919 100 2107 2 1224979098644774916 1224979098644774919 2108 2 1224979098644774916 100 1734 2 1224979098644774912 1224979098644774916 3 0 3 0 
0.000000 0.000000 0.000000  11 31 2 144115188075857110 2 1073741896 1 0 1073741896 1 1 1073741896 1 2 1073741896 1 3 1073741894 1 144115188075857228 1073741894 1 144115188075857229 1073741894 1 144115188075857227 1073741894 1 144115188075857226 1073741895 1 199 72 1 19  65 2124 1 10000 2010 1 47 2133 2 1224979098644774912 0 2133 2 1224979098644774913 0 2133 2 1224979098644774914 0 4 0 72 1 0 2105 2 1224979098644774913 10 5 0 72 1 1 2105 2 1224979098644774913 -10 3 0 4 0 72 1 3 2105 2 1224979098644774912 10 5 0 72 1 2 2105 2 1224979098644774912 -10 3 0 4 0 70 1 144115188075857226 2105 2 1224979098644774914 10 5 0 70 1 144115188075857227 2105 2 1224979098644774914 -10 3 0 4 0 72 1 19 2107 2 1224979098644774912 4 2107 2 1224979098644774913 4 2107 2 1224979098644774914 2 3 0 720 2 47 1224979098644774912 721 2 47 1224979098644774913 722 2 47 1224979098644774914 2011 1 47 4 0 70 1 144115188075857228 30 2 144115188075857188 4 30 2 144115188075857189 3 2106 2 144115188075857188 4 2106 2 144115188075857189 3 2119 3 72057594037927942 144115188075857188 100 2119 3 72057594037927943 144115188075857189 75 4 0 31 2 72057594037927942 0 31 2 72057594037927943 0 2133 2 72057594037927944 144115188075857188 2133 2 72057594037927945 144115188075857189 1106 1 1585267068834414919 3 0 5 0 70 1 144115188075857229 2105 2 144115188075857188 4 2105 2 144115188075857189 3 2119 3 72057594037927942 144115188075857188 100 2119 3 72057594037927943 144115188075857189 75 4 0 31 2 72057594037927942 0 31 2 72057594037927943 0 2133 2 72057594037927944 144115188075857188 2133 2 72057594037927945 144115188075857189 1106 1 1585267068834414920 3 0 3 0 
0.000000 0.000000 0.000000  1 31 2 144115188075857110 2  138 2124 1 10000 4 0 1073742727 1 1513209474796486719 1073741895 1 1 1073741895 1 16 71 1 15 31 2 144115188075857190 0 2133 2 144115188075857190 1 2133 2 144115188075857191 144115188075857194 2133 2 144115188075857192 144115188075857195 3 0 2133 2 1224979098644774912 0 4 0 2147484551 1 1513209474796486719 75 1 1 726 2 72057594037927937 1 727 2 72057594037927938 1 2010 1 47 4 0 2147483679 2 144115188075857190 1 4 0 31 2 72057594037927937 144115188075857196 31 2 72057594037927938 144115188075857197 3221225503 2 72057594037927937 144115188075857194 2147483679 2 72057594037927938 144115188075857195 2105 2 144115188075857193 1 4 0 30 2 144115188075857193 15 2133 2 144115188075857193 0 2133 2 144115188075857194 72057594037927937 2133 2 144115188075857195 72057594037927938 3 0 5 0 2133 2 1224979098644774912 1 2133 2 144115188075857193 0 3 0 2133 2 144115188075857196 72057594037927937 2133 2 144115188075857197 72057594037927938 5 0 4 0 2147483679 2 72057594037927937 144115188075857196 2147483679 2 72057594037927938 144115188075857197 2121 3 1224979098644774913 72057594037927937 144115188075857191 2121 3 1224979098644774914 72057594037927938 144115188075857192 33 3 1224979098644774913 -10 11 33 3 1224979098644774914 -10 11 2133 2 144115188075857190 0 2133 2 144115188075857194 144115188075857191 2133 2 144115188075857195 144115188075857192 5 0 2133 2 144115188075857194 72057594037927937 2133 2 144115188075857195 72057594037927938 3 0 2133 2 144115188075857196 72057594037927937 2133 2 144115188075857197 72057594037927938 3 0 3 0 2133 2 1224979098644774915 0 2133 2 1224979098644774916 0 2133 2 1224979098644774917 0 2133 2 1224979098644774918 0 4 0 70 1 144115188075857232 4 0 30 2 144115188075857198 0 2133 2 144115188075857198 -20 3 0 2105 2 144115188075857198 -1 2133 2 1224979098644774912 2 2133 2 1224979098644774917 -1 5 0 70 1 144115188075857233 4 0 2147483680 2 144115188075857198 0 2133 2 144115188075857198 20 3 0 2105 2 144115188075857198 1 2133 2 1224979098644774912 2 2133 2 1224979098644774917 1 5 0 2133 2 144115188075857198 0 2133 2 1224979098644774917 0 3 0 4 0 70 1 144115188075857230 4 0 2147483680 2 144115188075857199 0 2133 2 144115188075857199 15 3 0 2105 2 144115188075857199 1 2133 2 1224979098644774912 2 2133 2 1224979098644774918 1 5 0 70 1 144115188075857231 4 0 30 2 144115188075857199 0 2133 2 144115188075857199 -15 3 0 2105 2 144115188075857199 -1 2133 2 1224979098644774912 2 2133 2 1224979098644774918 -1 5 0 2133 2 144115188075857199 0 2133 2 1224979098644774918 0 3 0 4 0 31 2 1224979098644774912 1 2121 3 1224979098644774915 72057594037927937 144115188075857194 2121 3 1224979098644774916 72057594037927938 144115188075857195 5 0 31 2 1224979098644774912 2 4 0 2147483679 2 1224979098644774917 0 2112 3 144115188075857198 -80 80 2133 2 1224979098644774915 144115188075857198 3 0 4 0 2147483679 2 1224979098644774918 0 2112 3 144115188075857199 -45 45 2133 2 1224979098644774916 144115188075857199 3 0 3 0 4 0 30 2 1224979098644774912 1 2107 2 1224979098644774915 144115188075857188 2107 2 1224979098644774916 144115188075857189 2112 3 1224979098644774915 -80000 80001 2112 3 1224979098644774916 -60000 60001 2122 3 1224979098644774919 144115188075857200 -1 738 2 47 1224979098644774919 724 2 47 90 738 2 47 1224979098644774915 724 2 47 -90 738 2 47 144115188075857200 738 2 47 1224979098644774916 2105 2 144115188075857200 1224979098644774916 2011 1 47 3 0 
0.000000 0.000000 0.000000  4 1073741855 2 144115188075857110 3 2147484654 0 1073741855 2 144115188075857174 1 31 2 144115188075857243 0  87 4 0 1006 0 32 2 144115188075857306 -1 2133 2 1224979098644774912 144115188075857306 2133 2 1224979098644774913 500 5 0 2133 2 1224979098644774912 144115188075857307 2133 2 1224979098644774913 0 3 0 30 2 1224979098644774912 0 2133 2 1224979098644774914 0 4 0 70 1 144115188075857226 2105 2 144115188075857117 5 2133 2 1224979098644774914 1 4 0 70 1 29 2105 2 144115188075857113 5 3 0 5 0 70 1 144115188075857227 2106 2 144115188075857117 5 2133 2 1224979098644774914 1 4 0 70 1 29 2106 2 144115188075857113 5 3 0 5 0 70 1 144115188075857230 2105 2 144115188075857116 5 2133 2 1224979098644774914 1 4 0 70 1 29 2105 2 144115188075857112 5 3 0 5 0 70 1 144115188075857231 2106 2 144115188075857116 5 2133 2 1224979098644774914 1 4 0 70 1 29 2106 2 144115188075857112 5 3 0 3 0 4 0 70 1 29 4 0 70 1 144115188075857232 2106 2 144115188075857113 5 5 0 70 1 144115188075857233 2105 2 144115188075857113 5 3 0 3 0 4 0 31 2 1224979098644774914 1 62 1 0 2133 2 1224979098644774913 0 2001 1 1 3 0 1709 2 47 1224979098644774912 722 2 47 144115188075857117 721 2 47 144115188075857116 725 2 47 144115188075857114 723 2 47 144115188075857112 724 2 47 144115188075857113 1714 2 1224979098644774915 1224979098644774912 4 0 30 2 1224979098644774915 0 722 2 47 90 2108 2 1224979098644774913 2 3 0 793 2 1224979098644774916 47 4 0 2147483680 2 1224979098644774916 0 791 1 47 722 2 47 15 3 0 4 0 1 1 936748722493063894 2147484654 0 5 0 32 2 1224979098644774913 0 2012 3 47 1224979098644774913 0 5 0 2011 1 47 3 0 
0.000000 0.500000 1.000000  4 1073741895 1 238 71 1 144115188075857228 1006 0 31 2 144115188075857110 3  1 1 1 936748722493063896 
0.000000 0.500000 1.000000  4 1073741895 1 239 71 1 144115188075857229 1006 0 31 2 144115188075857110 3  1 1 1 936748722493063897 
0.000000 0.000000 0.000000  4 31 2 144115188075857105 0 31 2 144115188075857110 1 1073741855 2 144115188075857174 1 31 2 144115188075857243 0  61 2010 1 47 2133 2 1224979098644774912 0 2133 2 1224979098644774913 0 2133 2 1224979098644774914 0 2133 2 1224979098644774915 0 2133 2 1224979098644774916 0 2133 2 1224979098644774917 0 4 0 72 1 2 2106 2 1224979098644774915 10 5 0 72 1 3 2105 2 1224979098644774915 10 3 0 720 2 47 1224979098644774915 4 0 72 1 0 2105 2 1224979098644774916 10 5 0 72 1 1 2106 2 1224979098644774916 10 3 0 721 2 47 1224979098644774916 4 0 70 1 144115188075857226 2105 2 1224979098644774917 10 5 0 70 1 144115188075857227 2106 2 1224979098644774917 10 3 0 722 2 47 1224979098644774917 4 0 70 1 144115188075857232 2105 2 1224979098644774914 1 5 0 70 1 144115188075857233 2106 2 1224979098644774914 1 3 0 725 2 47 1224979098644774914 4 0 70 1 144115188075857228 2105 2 1224979098644774913 1 5 0 70 1 144115188075857229 2106 2 1224979098644774913 1 3 0 724 2 47 1224979098644774913 4 0 70 1 144115188075857230 2105 2 1224979098644774912 1 5 0 70 1 144115188075857231 2106 2 1224979098644774912 1 3 0 723 2 47 1224979098644774912 4 0 1 1 936748722493063894 5 0 2001 1 1 2011 1 47 3 0 
1.000000 0.000000 0.000000  0  116 1700 1 1224979098644774912 12 1 1224979098644774913 1712 1 1224979098644774913 1702 1 1224979098644774913 1704 1 1224979098644774913 1718 2 1224979098644774914 1224979098644774913 2147483679 2 1224979098644774913 1224979098644774912 1770 2 1224979098644774915 1224979098644774913 1773 2 1224979098644774916 1224979098644774913 1787 3 1224979098644774917 1224979098644774915 1224979098644774916 31 2 1224979098644774917 0 1727 2 1224979098644774918 1224979098644774913 2170 3 1224979098644774919 1369094286720630807 1224979098644774914 4 0 32 2 1224979098644774918 0 2133 2 1224979098644774920 0 1726 3 1224979098644774921 1224979098644774913 0 1714 2 1224979098644774922 1224979098644774913 4 0 30 2 1224979098644774922 0 2124 1 10 1689 2 1 1224979098644774913 727 2 1224979098644774923 1 4 0 30 2 1224979098644774923 80 32 2 1224979098644774919 0 2133 2 1224979098644774920 1 5 0 2147483680 2 1224979098644774923 40 1 3 936748722493064063 1224979098644774913 200 2133 2 1224979098644774924 72057594037927936 30 2 1224979098644774924 1 2133 2 1224979098644774920 -1 3 0 3 0 4 0 31 2 1224979098644774920 -1 4 0 32 2 1224979098644774921 0 33 3 1224979098644774921 288230376151713209 288230376151713233 6 3 1224979098644774925 0 4 1804 3 1224979098644774926 1224979098644774913 1224979098644774925 32 2 1224979098644774926 0 1570 2 1224979098644774927 1224979098644774926 2147483679 2 1224979098644774927 7 2147483681 3 1224979098644774926 288230376151713209 288230376151713233 1747 2 1224979098644774913 1224979098644774926 3 0 3 0 5 0 31 2 1224979098644774920 1 4 0 32 2 1224979098644774921 0 2147483681 3 1224979098644774921 288230376151713209 288230376151713233 6 3 1224979098644774925 0 4 1804 3 1224979098644774926 1224979098644774913 1224979098644774925 32 2 1224979098644774926 0 33 3 1224979098644774926 288230376151713209 288230376151713233 2147483681 3 1224979098644774926 288230376151713225 288230376151713231 1747 2 1224979098644774913 1224979098644774926 3 0 3 0 3 0 5 0 2133 2 1224979098644774928 0 1726 3 1224979098644774921 1224979098644774913 0 1714 2 1224979098644774922 1224979098644774913 4 0 30 2 1224979098644774922 0 2124 1 10 1689 2 1 1224979098644774913 727 2 1224979098644774923 1 4 0 30 2 1224979098644774923 80 2133 2 1224979098644774928 1 5 0 2147483680 2 1224979098644774923 40 1 3 936748722493064063 1224979098644774913 200 2133 2 1224979098644774924 72057594037927936 30 2 1224979098644774924 1 2133 2 1224979098644774928 -1 3 0 5 0 2133 2 1224979098644774928 -1 3 0 4 0 31 2 1224979098644774928 -1 4 0 32 2 1224979098644774921 0 2723 2 1224979098644774921 2147483648 2147486371 2 1224979098644774921 562949953421312 6 3 1224979098644774925 0 4 1804 3 1224979098644774926 1224979098644774913 1224979098644774925 32 2 1224979098644774926 0 1570 2 1224979098644774927 1224979098644774926 2147483679 2 1224979098644774927 7 2147486371 2 1224979098644774926 2147483648 1747 2 1224979098644774913 1224979098644774926 3 0 3 0 5 0 31 2 1224979098644774928 1 4 0 32 2 1224979098644774921 0 2147486371 2 1224979098644774921 2147483648 6 3 1224979098644774925 0 4 1804 3 1224979098644774926 1224979098644774913 1224979098644774925 32 2 1224979098644774926 0 2723 2 1224979098644774926 2147483648 2147486371 2 1224979098644774921 562949953421312 1747 2 1224979098644774913 1224979098644774926 3 0 3 0 3 0 3 0 3 0 
0.000000 1.500000 0.000000  20 73 1 5 1003 1 2 1700 1 72057594037927946 1702 1 72057594037927946 4 0 1714 2 72057594037927948 72057594037927946 30 2 72057594037927948 0 1740 2 72057594037927946 1801439850948198897 1740 2 72057594037927948 1801439850948198970 5 0 1740 2 72057594037927946 1801439850948198896 3 0 1718 2 72057594037927947 72057594037927946 4 0 31 2 144115188075857201 0 1 2 936748722493063959 72057594037927947 32 2 72057594037927937 -1 1750 2 72057594037927946 72057594037927937 3 0 2133 2 144115188075857201 1  1 2133 2 144115188075857201 2 
0.000000 0.000000 0.000000  2 31 2 144115188075857201 2 2147483720 1 5  9 1700 1 72057594037927946 1714 2 72057594037927948 72057594037927946 4 0 30 2 72057594037927948 0 1740 2 72057594037927946 1801439850948198899 5 0 1740 2 72057594037927946 1801439850948198898 3 0 2133 2 144115188075857201 0 
-20.000000 0.000000 0.000000  0  2 2008 1 4278190080 2009 2 0 2500 
0.000000 0.000000 1.000000  6 2147484654 0 73 1 9 1700 1 1224979098644774912 1726 3 1224979098644774913 1224979098644774912 0 32 2 1224979098644774913 0 567 3 1224979098644774913 5 1  12 1700 1 1224979098644774912 1726 3 1224979098644774913 1224979098644774912 0 527 3 1224979098644774914 1224979098644774913 5 32 2 1224979098644774914 1 6 3 1224979098644774915 0 4 1804 3 1224979098644774916 1224979098644774912 1224979098644774915 31 2 1224979098644774916 1224979098644774913 1542 3 1224979098644774917 360287970189639680 1224979098644774915 1774 3 1224979098644774912 1224979098644774913 1224979098644774915 1779 4 1224979098644774912 1224979098644774914 1224979098644774915 1224979098644774917 1747 2 1224979098644774912 1224979098644774914 3 0 
0.000000 0.000000 1.000000  6 2147484654 0 71 1 35 1700 1 1224979098644774912 1804 3 1224979098644774913 1224979098644774912 4 32 2 1224979098644774913 0 567 3 1224979098644774913 5 1  9 1700 1 1224979098644774912 1804 3 1224979098644774913 1224979098644774912 4 527 3 1224979098644774914 1224979098644774913 5 32 2 1224979098644774914 1 1542 3 1224979098644774915 360287970189639680 4 1774 3 1224979098644774912 1224979098644774913 4 1779 4 1224979098644774912 1224979098644774914 4 1224979098644774915 1740 3 1224979098644774912 1801439850948198570 1 600 1 1152921504606847167 
-71.000000 0.000000 0.000000  3 2071 1 1224979098644774912 1073741855 2 1224979098644774912 10 31 2 1224979098644774912 9  3 2071 1 1224979098644774912 2072 1 1224979098644774913 1 3 936748722493063563 1224979098644774912 1224979098644774913 
-57.000000 0.000000 0.000000  2 2072 1 1224979098644774912 31 2 1224979098644774912 0  3 2071 1 1224979098644774912 1774 2 1224979098644774912 0 1732 1 1224979098644774912 
-56.000000 0.000000 0.000000  5 2071 1 1224979098644774912 32 2 1224979098644774912 -1 1702 1 1224979098644774912 1707 1 1224979098644774912 1 5 936748722493064105 1224979098644774912 0 0 0  0 
-19.000000 0.000000 0.000000  0  8 2133 2 144115188075857176 0 2133 2 144115188075857174 0 2147483679 2 144115188075857243 0 2133 2 144115188075856012 1 1617 1 648518346341351430 1 3 936748722493063350 648518346341351430 648518346341351424 47 1 360287970189639680 2133 2 144115188075857175 360287970189639680 
5.000000 0.000000 0.000000  3 2147483679 2 144115188075857243 0 1700 1 1224979098644774912 2147485350 1 1224979098644774912  98 2124 1 100 1700 1 1224979098644774912 1770 2 1224979098644774913 1224979098644774912 1765 2 1224979098644774914 1224979098644774912 1710 2 1 1224979098644774912 2133 2 1224979098644774915 0 2133 2 1224979098644774916 -1 2133 2 1224979098644774917 -1 2133 2 1224979098644774918 1000000 12 1 1224979098644774919 31 2 1224979098644774916 -1 1704 1 1224979098644774919 1702 1 1224979098644774919 1770 2 1224979098644774920 1224979098644774919 31 2 1224979098644774920 1224979098644774913 1716 2 1224979098644774921 1224979098644774919 31 2 1224979098644774921 648518346341351424 1718 2 1224979098644774922 1224979098644774919 33 3 1224979098644774922 360287970189639979 360287970189639995 540 3 1224979098644774922 2 5 1710 2 2 1224979098644774919 711 3 1224979098644774923 1 2 2147483678 2 1224979098644774923 1224979098644774918 2133 2 1224979098644774916 1224979098644774922 2133 2 1224979098644774917 1224979098644774919 2133 2 1224979098644774918 1224979098644774923 2322 2 31 1224979098644774916 1106 2 1585267068834414921 5308240 3 0 4 0 31 2 1224979098644774916 -1 31 2 144115188075857243 2 12 1 1224979098644774919 31 2 1224979098644774916 -1 1704 1 1224979098644774919 1702 1 1224979098644774919 1770 2 1224979098644774920 1224979098644774919 31 2 1224979098644774920 1224979098644774913 1718 2 1224979098644774922 1224979098644774919 1716 2 1224979098644774921 1224979098644774919 31 2 1224979098644774921 648518346341351424 1710 2 2 1224979098644774919 711 3 1224979098644774923 1 2 2147483678 2 1224979098644774923 1224979098644774918 2133 2 1224979098644774916 1224979098644774922 2133 2 1224979098644774917 1224979098644774919 2133 2 1224979098644774918 1224979098644774923 2322 2 31 1224979098644774916 1106 2 1585267068834414921 5308240 3 0 3 0 4 0 30 2 1224979098644774916 1 30 2 1224979098644774917 0 1 3 936748722493064062 1224979098644774916 360287970189641434 2133 2 144115188075857175 1224979098644774916 47 1 1224979098644774916 1720 3 1224979098644774924 1224979098644774917 1 1710 2 1 1224979098644774917 731 2 1 -2000 729 2 1 0 730 2 1 0 1710 2 0 1224979098644774917 1970 1 0 1714 2 1224979098644774925 1224979098644774917 4 0 32 2 1224979098644774925 0 1711 2 1224979098644774925 1 1755 1 1224979098644774925 3 0 1711 2 1224979098644774917 1 505 3 1224979098644774917 100 1 525 3 1224979098644774926 1224979098644774917 102 1755 1 1224979098644774917 2133 2 144115188075857202 1 1972 1 1224979098644774916 2133 2 144115188075857202 0 2133 2 1224979098644774912 72057594037927936 505 3 1224979098644774912 102 1224979098644774926 1771 2 1224979098644774912 1224979098644774913 1721 3 1224979098644774912 1224979098644774924 1 1766 2 1224979098644774912 1224979098644774914 505 3 1224979098644774912 100 2 505 3 1224979098644774912 101 1224979098644774916 4 0 1714 2 1224979098644774927 1224979098644774912 32 2 1224979098644774927 0 2147483678 2 1224979098644774925 0 1711 2 1224979098644774927 1 1755 1 1224979098644774927 3 0 47 1 360287970189639680 2133 2 1224979098644774915 1 2133 2 144115188075857176 1 3 0 31 2 1224979098644774916 -1 31 2 1224979098644774915 0 2133 2 144115188075857174 1 
0.000000 0.300000 0.000000  5 31 2 144115188075857329 1 1541 3 1224979098644774912 360287970189639680 5 30 2 1224979098644774912 0 2700 2 1224979098644774913 1224979098644774912 30 2 1224979098644774913 800  15 1700 1 1224979098644774912 1541 3 1224979098644774913 360287970189639680 5 30 2 1224979098644774913 0 2700 2 1224979098644774914 1224979098644774913 30 2 1224979098644774914 800 4 0 33 3 1224979098644774914 800 2100 2133 2 1224979098644774915 1152921504606847156 5 0 30 2 1224979098644774914 2100 2133 2 1224979098644774915 1152921504606847157 3 0 1768 2 1224979098644774916 1224979098644774912 33 3 1224979098644774916 1801439850948198426 1801439850948198522 1750 2 1224979098644774912 1224979098644774915 
-25.000000 0.000000 0.000000  0  10 2071 1 1224979098644774912 1712 1 1224979098644774912 1702 1 1224979098644774912 4 0 1804 3 1224979098644774913 1224979098644774912 6 31 2 1224979098644774913 -1 1804 3 1224979098644774914 1224979098644774912 5 32 2 1224979098644774914 0 1779 2 1224979098644774912 288230376151713382 3 0 
30.000000 0.000000 100000000.000000  1 31 2 144115188075857183 8  3 1106 2 1585267068834414922 5308240 1106 2 1585267068834414922 5308240 2133 2 144115188075857158 1 
0.500000 0.000000 100000000.000000  3 31 2 144115188075857183 8 31 2 144115188075857158 1 71 1 37  11 1700 1 1224979098644774912 1770 2 1224979098644774913 1224979098644774912 12 1 1224979098644774914 1702 1 1224979098644774914 1704 1 1224979098644774914 1770 2 1224979098644774915 1224979098644774914 31 2 1224979098644774915 1224979098644774913 1728 1 1224979098644774914 3 0 1106 2 1585267068834414923 5308240 2133 2 144115188075857158 0 
-26.000000 0.000000 0.000000  0  94 2071 1 1224979098644774912 2072 1 1224979098644774913 2073 1 1224979098644774914 30 2 1224979098644774912 0 1704 1 1224979098644774912 1718 2 1224979098644774915 1224979098644774912 2147485155 1 1224979098644774915 4 0 2147485354 1 1224979098644774912 1610 3 648518346341351442 1224979098644774915 1 3 0 4 0 1073741855 2 1224979098644774915 360287970189641349 31 2 1224979098644774915 360287970189641350 2133 2 1224979098644774914 1 5 0 32 2 1224979098644774913 -1 1726 3 1224979098644774916 1224979098644774913 0 4 0 2147483678 2 1224979098644774916 0 2133 2 1224979098644774916 0 3 0 4 0 1770 2 1224979098644774917 1224979098644774912 1792 2 1224979098644774918 1224979098644774917 4 0 32 2 1224979098644774918 -1 2147485355 1 1224979098644774918 1685 3 1224979098644774919 648518346341351424 1369094286720630794 2107 2 1224979098644774919 3 2105 2 1224979098644774919 25 5 0 32 2 1224979098644774918 -1 1718 2 1224979098644774920 1224979098644774918 1507 1 1224979098644774920 2170 3 1224979098644774919 1369094286720630794 1224979098644774920 2107 2 1224979098644774919 3 2105 2 1224979098644774919 25 5 0 2133 2 1224979098644774919 20 4 0 31 2 144115188075857183 12 2105 2 1224979098644774919 10 3 0 3 0 4 0 31 2 144115188075857183 16 33 3 1224979098644774915 360287970189639738 360287970189639747 2106 2 1224979098644774919 25 3 0 4 0 31 2 144115188075857183 20 2105 2 1224979098644774919 10 3 0 3 0 2721 2 1224979098644774921 1224979098644774916 1 3 936748722493063977 0 101 2133 2 1224979098644774922 72057594037927936 4 0 31 2 1224979098644774921 2 2121 3 1224979098644774919 100 1224979098644774919 2108 2 1224979098644774919 8 32 2 1224979098644774922 1224979098644774919 2133 2 1224979098644774914 1 5 0 2147483680 2 1224979098644774922 1224979098644774919 2133 2 1224979098644774914 1 5 0 2133 2 1224979098644774914 0 3 0 3 0 4 0 31 2 1224979098644774916 288230376151713384 2075 1 2 5 0 31 2 1224979098644774914 1 2075 1 2 4 0 2147485354 1 1224979098644774912 1618 3 648518346341351442 1224979098644774915 1 3 0 5 0 31 2 1224979098644774914 0 2075 1 1 4 0 31 2 144115188075857183 21 1718 2 1224979098644774923 1224979098644774913 31 2 1224979098644774923 360287970189639680 1 2 936748722493064146 1 3 0 5 0 2075 1 0 3 0 1 3 936748722493063496 1224979098644774912 1224979098644774913 
0.000000 0.000000 0.000000  3 1685 3 1224979098644774912 648518346341351424 1369094286720630799 1073741854 2 1224979098644774912 4 31 2 144115188075857183 2  39 1700 1 1224979098644774912 1709 2 1 1224979098644774912 4 0 1702 1 1224979098644774912 2076 4 2 1224979098644774912 9 1 719 2 1 2 3 0 4 0 31 2 144115188075857341 0 2001 1 0 5 0 31 2 144115188075857341 1 722 2 1 300 721 2 1 -600 5 0 31 2 144115188075857341 2 722 2 1 600 721 2 1 -1200 5 0 31 2 144115188075857341 3 722 2 1 2500 721 2 1 -400 723 2 1 -45 3 0 2011 1 1 4 0 71 1 47 2105 2 144115188075857341 1 2109 2 144115188075857341 4 2147483679 2 144115188075857341 0 2001 1 1 3 0 4 0 1073741897 1 20 1073741897 1 19 73 1 21 2001 1 0 2133 2 144115188075857341 0 3 0 
0.050000 0.000000 0.000000  2 2147483679 2 144115188075857204 0 2147484551 1 144115188075857203  3 900 1 144115188075857204 2133 2 144115188075857203 144115188075857204 2133 2 144115188075857204 0 
-25.000000 0.000000 0.000000  0  2 2071 1 1224979098644774912 505 3 1224979098644774912 10 0 
0.000000 0.000000 0.000000  1 73 1 22  7 4 0 903 1 1513209474796486719 902 1 0 5 0 902 1 0 2133 2 144115188075857204 1513209474796486719 3 0 
-20.000000 0.000000 100000000.000000  0  13 1700 1 144115188075857205 4 0 31 2 144115188075857205 -1 2133 2 144115188075857206 -1 5 0 1765 2 144115188075857206 144115188075857205 3 0 2124 1 100 1799 2 2 3 726 2 144115188075857207 3 727 2 144115188075857208 3 726 2 144115188075857209 2 727 2 144115188075857210 2 
-19.000000 0.000000 100000000.000000  0  4 2133 2 144115188075857211 0 2133 2 144115188075857212 0 2133 2 144115188075857213 0 2133 2 144115188075857214 0 
0.050000 0.000000 0.000000  2 2147483679 2 144115188075857204 0 2147484551 1 144115188075857203  3 900 1 144115188075857204 2133 2 144115188075857203 144115188075857204 2133 2 144115188075857204 0 
0.000000 0.000000 0.100000  13 1073741897 1 30 1073741897 1 31 1073741897 1 32 1073741897 1 33 1073741897 1 34 1073741897 1 35 1073741897 1 36 1073741897 1 37 1073741897 1 38 1073741897 1 39 1073741897 1 40 73 1 29 2147484654 0  21 2133 2 144115188075857211 0 4 0 903 1 1513209474796486719 2133 2 144115188075857214 1 3 0 4 0 902 1 0 2133 2 144115188075857204 1513209474796486717 3 0 2133 2 144115188075857213 1 4 0 31 2 144115188075857218 2 6 3 1224979098644774912 0 9 1775 2 144115188075857206 1224979098644774912 2120 3 1224979098644774913 194 1224979098644774912 529 3 1224979098644774914 144115188075857206 1224979098644774913 1107 1 0 1 4 936748722493064110 144115188075857206 1224979098644774912 1224979098644774914 1107 1 1 3 0 3 0 
0.000000 0.000000 0.000000  3 1073742830 0 70 1 1 903 1 1513209474796486717  2 902 1 0 2133 2 144115188075857213 0 
0.000000 0.000000 0.000000  3 1073742830 0 70 1 1 2147483679 2 144115188075857211 0  1 2133 2 144115188075857211 0 
0.100000 0.000000 0.000000  5 2147483679 2 144115188075857215 0 2367 1 72057594037927936 2106 2 72057594037927936 144115188075857215 30 2 72057594037927936 250 31 2 144115188075857211 23  18 2133 2 144115188075857215 0 4 0 72 1 23 2133 2 144115188075857212 2 2133 2 144115188075857211 0 2117 3 72057594037927936 144115188075857302 512 4 0 31 2 72057594037927936 0 2114 2 144115188075857302 512 31 2 144115188075857037 0 1120 2 216172782113787550 1585267068834414924 3 0 5 0 31 2 144115188075857212 1 2133 2 144115188075857212 0 2133 2 144115188075857211 0 1 2 936748722493064098 0 3 0 
0.000000 0.000000 0.000000  2 73 1 23 2147484654 0  25 2367 1 144115188075857215 4 0 2147483679 2 144115188075857211 23 2147483679 2 144115188075857211 24 2147483679 2 144115188075857211 25 2133 2 144115188075857211 23 2133 2 144115188075857213 0 4 0 903 1 1513209474796486719 2133 2 144115188075857214 1 3 0 902 1 0 2133 2 144115188075857212 0 5 0 31 2 144115188075857211 23 2133 2 144115188075857212 1 5 0 31 2 144115188075857211 24 2133 2 144115188075857211 0 902 1 0 1 2 936748722493064098 5 5 0 31 2 144115188075857211 25 2133 2 144115188075857211 0 3 0 
0.000000 0.000000 0.000000  2 73 1 24 2147484654 0  25 4 0 2147483679 2 144115188075857211 23 2147483679 2 144115188075857211 24 2147483679 2 144115188075857211 25 2133 2 144115188075857211 24 2133 2 144115188075857213 0 4 0 903 1 1513209474796486719 2133 2 144115188075857214 1 3 0 902 1 0 2133 2 144115188075857204 1513209474796486717 5 0 31 2 144115188075857211 23 2133 2 144115188075857211 0 1 2 936748722493064098 1 5 0 31 2 144115188075857211 24 2133 2 144115188075857211 0 902 1 0 1 2 936748722493064098 6 5 0 31 2 144115188075857211 25 2133 2 144115188075857211 0 3 0 
0.000000 0.000000 0.000000  2 73 1 25 2147484654 0  24 4 0 2147483679 2 144115188075857211 23 2147483679 2 144115188075857211 24 2147483679 2 144115188075857211 25 2133 2 144115188075857211 25 2133 2 144115188075857213 0 4 0 903 1 1513209474796486719 2133 2 144115188075857214 1 3 0 902 1 0 5 0 31 2 144115188075857211 23 2133 2 144115188075857211 0 1 2 936748722493064098 2 5 0 31 2 144115188075857211 24 2133 2 144115188075857211 0 902 1 0 1 2 936748722493064098 8 5 0 31 2 144115188075857211 25 2133 2 144115188075857211 0 3 0 
0.000000 0.000000 0.000000  2 73 1 26 2147484654 0  55 4 0 31 2 144115188075857211 0 4 0 31 2 144115188075857331 0 2133 2 144115188075857211 26 4 0 903 1 1513209474796486719 2133 2 144115188075857214 1 3 0 902 1 0 2133 2 144115188075857204 1513209474796486717 2117 3 72057594037927936 144115188075857302 1024 4 0 31 2 72057594037927936 0 2114 2 144115188075857302 1024 31 2 144115188075857037 0 1120 2 216172782113787551 1585267068834414925 3 0 5 0 1106 1 1585267068834414926 31 2 144115188075857213 1 4 0 903 1 1513209474796486719 2133 2 144115188075857214 1 3 0 902 1 0 2133 2 144115188075857204 1513209474796486717 3 0 5 0 31 2 144115188075857211 23 2133 2 144115188075857211 0 1 2 936748722493064098 11 5 0 31 2 144115188075857211 24 2133 2 144115188075857211 0 902 1 0 1 2 936748722493064098 7 5 0 31 2 144115188075857211 25 2133 2 144115188075857211 0 5 0 31 2 144115188075857211 26 2133 2 144115188075857211 0 1 1 936748722493064079 6 3 1224979098644774912 0 9 1775 2 144115188075857206 1224979098644774912 2120 3 1224979098644774913 293 1224979098644774912 509 3 144115188075857206 1224979098644774913 -1 2120 3 1224979098644774913 14 1224979098644774912 569 3 144115188075857206 1224979098644774913 1 2120 3 1224979098644774913 221 1224979098644774912 509 3 144115188075857206 1224979098644774913 1 1 4 936748722493064096 1224979098644774912 2 1 3 0 3 0 
0.000000 0.000000 0.000000  2 73 1 27 2147484654 0  32 4 0 31 2 144115188075857211 0 31 2 144115188075857213 1 4 0 903 1 1513209474796486719 2133 2 144115188075857214 1 3 0 902 1 0 2133 2 144115188075857204 1513209474796486717 5 0 31 2 144115188075857211 23 2133 2 144115188075857211 0 1 2 936748722493064098 14 5 0 31 2 144115188075857211 24 2133 2 144115188075857211 0 902 1 0 5 0 31 2 144115188075857211 26 2133 2 144115188075857211 0 1 1 936748722493064079 6 3 1224979098644774912 0 9 1775 2 144115188075857206 1224979098644774912 2120 3 1224979098644774913 293 1224979098644774912 509 3 144115188075857206 1224979098644774913 -1 2120 3 1224979098644774913 14 1224979098644774912 569 3 144115188075857206 1224979098644774913 1 2120 3 1224979098644774913 221 1224979098644774912 509 3 144115188075857206 1224979098644774913 1 1 4 936748722493064096 1224979098644774912 3 1 3 0 3 0 
0.000000 0.000000 0.000000  2 73 1 28 2147484654 0  29 4 0 31 2 144115188075857211 0 31 2 144115188075857213 1 4 0 903 1 1513209474796486719 2133 2 144115188075857214 1 3 0 902 1 0 2133 2 144115188075857204 1513209474796486717 5 0 31 2 144115188075857211 24 2133 2 144115188075857211 0 902 1 0 1 2 936748722493064098 4 5 0 31 2 144115188075857211 26 2133 2 144115188075857211 0 1 1 936748722493064079 6 3 1224979098644774912 0 9 1775 2 144115188075857206 1224979098644774912 2120 3 1224979098644774913 293 1224979098644774912 509 3 144115188075857206 1224979098644774913 -1 2120 3 1224979098644774913 14 1224979098644774912 569 3 144115188075857206 1224979098644774913 1 2120 3 1224979098644774913 221 1224979098644774912 509 3 144115188075857206 1224979098644774913 1 1 4 936748722493064096 1224979098644774912 4 1 3 0 3 0 
0.000000 0.000000 0.000000  2 71 1 65 2147484654 0  27 4 0 31 2 144115188075857211 0 31 2 144115188075857213 1 4 0 903 1 1513209474796486719 2133 2 144115188075857214 1 3 0 902 1 0 2133 2 144115188075857204 1513209474796486717 5 0 31 2 144115188075857211 24 1 1 936748722493064099 5 0 31 2 144115188075857211 26 2133 2 144115188075857211 0 1 1 936748722493064079 6 3 1224979098644774912 0 9 1775 2 144115188075857206 1224979098644774912 2120 3 1224979098644774913 293 1224979098644774912 509 3 144115188075857206 1224979098644774913 -1 2120 3 1224979098644774913 14 1224979098644774912 569 3 144115188075857206 1224979098644774913 1 2120 3 1224979098644774913 221 1224979098644774912 509 3 144115188075857206 1224979098644774913 1 1 4 936748722493064096 1224979098644774912 5 1 3 0 3 0 
0.000000 0.000000 0.000000  2 71 1 66 2147484654 0  17 4 0 31 2 144115188075857211 0 31 2 144115188075857213 1 4 0 903 1 1513209474796486719 2133 2 144115188075857214 1 3 0 902 1 0 2133 2 144115188075857204 1513209474796486717 5 0 31 2 144115188075857211 24 1 1 936748722493064100 5 0 31 2 144115188075857211 26 2133 2 144115188075857211 0 1 2 936748722493064098 2 3 0 
0.700000 0.000000 0.000000  3 31 2 144115188075857214 1 2147484551 1 1513209474796486717 31 2 144115188075857211 0  3 902 1 0 2133 2 144115188075857204 1513209474796486719 2133 2 144115188075857214 0 
-19.000000 0.000000 0.000000  0  8 2133 2 144115188075857216 -2 6 3 1224979098644774912 0 4 509 3 1224979098644774912 5 0 6 3 1224979098644774913 0 9 2120 3 1224979098644774914 185 1224979098644774913 509 3 1224979098644774912 1224979098644774914 -1 3 0 3 0 
0.000000 0.200000 100000000.000000  1 1943 0  62 12 1 1224979098644774912 1704 1 1224979098644774912 4 0 415 1 1224979098644774913 401 1 1224979098644774913 406 2 1224979098644774914 1224979098644774913 31 2 1224979098644774912 1224979098644774914 2133 2 144115188075857205 1224979098644774914 402 2 144115188075857206 1224979098644774913 5 0 1707 1 1224979098644774912 1765 2 1224979098644774915 1224979098644774912 32 2 1224979098644774915 -1 1 2 936748722493064112 1224979098644774912 3 0 3 0 4 0 2147484067 0 2124 1 100 1 1 936748722493064114 2121 3 1224979098644774916 432345564227567635 432345564227567630 2122 3 1224979098644774917 4 1224979098644774916 6 3 1224979098644774918 0 1224979098644774917 509 3 7 1224979098644774918 0 3 0 12 1 1224979098644774919 1704 1 1224979098644774919 1765 2 1224979098644774920 1224979098644774919 1718 2 1224979098644774921 1224979098644774919 2173 2 1224979098644774922 1224979098644774921 33 3 1224979098644774922 432345564227567630 432345564227567635 2122 3 1224979098644774918 1224979098644774920 1224979098644774916 2106 2 1224979098644774922 432345564227567630 2105 2 1224979098644774918 1224979098644774922 529 3 1224979098644774923 7 1224979098644774918 2105 2 1224979098644774923 1 509 3 7 1224979098644774918 1224979098644774923 3 0 6 3 1224979098644774915 0 4 569 3 1224979098644774915 5 1 1792 2 1224979098644774924 1224979098644774915 4 0 30 2 1224979098644774924 0 1718 2 1224979098644774925 1224979098644774924 2173 2 1224979098644774926 1224979098644774925 5 0 2133 2 1224979098644774926 0 2133 2 1224979098644774927 0 2122 3 1224979098644774928 1224979098644774915 1224979098644774916 2120 3 1224979098644774917 1224979098644774928 1224979098644774916 6 3 1224979098644774918 1224979098644774928 1224979098644774917 529 3 1224979098644774923 7 1224979098644774918 32 2 1224979098644774923 1224979098644774927 2133 2 1224979098644774927 1224979098644774923 2121 3 1224979098644774926 1224979098644774928 1224979098644774918 2105 2 1224979098644774926 432345564227567630 3 0 3 0 509 3 1224979098644774915 1 1224979098644774926 3 0 3 0 2105 2 144115188075857216 1 
-25.000000 0.000000 0.000000  1 1 1 936748722493064115  2 2071 1 1224979098644774912 1 2 936748722493064112 1224979098644774912 
0.500000 0.000000 0.000000  2 2147483679 2 144115188075857216 -2 2147484654 0  13 2124 1 100 2367 1 144115188075857216 4 0 6 3 1224979098644774912 0 4 6 3 1224979098644774913 0 9 2120 3 1224979098644774914 185 1224979098644774913 1073742373 3 1224979098644774912 1224979098644774914 4 549 3 1224979098644774912 1224979098644774914 5 509 3 1224979098644774912 1224979098644774914 -1 3 0 3 0 3 0 1 1 936748722493064114 
-19.000000 0.000000 100000000.000000  0  25 2133 2 144115188075857217 1 6 3 1224979098644774912 0 4 6 3 72057594037927936 293 302 509 3 1224979098644774912 72057594037927936 -1 3 0 4 0 31 2 0 1 6 3 72057594037927936 194 203 509 3 1224979098644774912 72057594037927936 -1 3 0 6 3 72057594037927936 311 320 509 3 1224979098644774912 72057594037927936 2 3 0 6 3 72057594037927936 203 212 509 3 1224979098644774912 72057594037927936 1 3 0 5 0 6 3 72057594037927936 194 203 509 3 1224979098644774912 72057594037927936 0 3 0 3 0 6 3 72057594037927936 212 221 509 3 1224979098644774912 72057594037927936 2 3 0 3 0 
1.000000 0.000000 0.000000  2 31 2 144115188075856168 0 1 1 936748722493064115  8 2124 1 100 1 4 936748722493064120 38 144115188075857206 9 2133 2 1224979098644774912 72057594037927936 4 0 32 2 1224979098644774912 0 1 1 936748722493064102 3 0 2105 2 144115188075857216 500 
-21.000000 0.000000 0.000000  2 1073742830 0 31 2 144115188075856297 1  1 2133 2 144115188075857217 0 
-8.000000 0.000000 0.000000  2 2071 1 1224979098644774912 31 2 1224979098644774912 0  1 2133 2 144115188075857217 0 
-20.000000 0.000000 0.000000  2 1073741855 2 144115188075857037 1 2147483679 2 144115188075857173 0  2 2133 2 144115188075857218 1 2133 2 144115188075857173 0 
0.000000 0.000000 100000000.000000  2 31 2 144115188075857218 1 1 1 936748722493064115  89 4 0 31 2 144115188075857217 1 32 2 144115188075857206 -1 2124 1 100 1 1 936748722493064079 1 2 936748722493064078 144115188075857206 700 2 37 2 7 3 1224979098644774912 0 9 2120 3 1224979098644774913 14 1224979098644774912 569 3 144115188075857206 1224979098644774913 1 2120 3 1224979098644774913 218 1224979098644774912 522 3 1224979098644774914 432345564227567629 1224979098644774913 2120 3 1224979098644774913 203 1224979098644774912 529 3 1224979098644774915 144115188075857206 1224979098644774913 4 0 2147483679 2 1224979098644774914 0 2120 3 1224979098644774913 200 1224979098644774912 522 3 1224979098644774916 432345564227567629 1224979098644774913 2120 3 1224979098644774913 194 1224979098644774912 509 3 144115188075857206 1224979098644774913 1224979098644774916 2120 3 1224979098644774913 209 1224979098644774912 522 3 1224979098644774917 432345564227567629 1224979098644774913 1107 1 0 4 0 30 2 1224979098644774917 1224979098644774915 6 3 72057594037927936 1224979098644774915 1224979098644774917 1790 3 144115188075857206 1224979098644774912 8 3 0 5 0 6 3 72057594037927936 1224979098644774917 1224979098644774915 1790 3 144115188075857206 1224979098644774912 7 3 0 3 0 1107 1 1 2120 3 1224979098644774913 203 1224979098644774912 509 3 144115188075857206 1224979098644774913 1224979098644774917 4 0 32 2 1224979098644774916 0 2133 2 72057594037927937 1224979098644774912 2346 2 2 72057594037927937 2105 2 72057594037927937 1 1106 1 1585267068834414927 1 4 936748722493064096 1224979098644774912 1224979098644774916 0 5 0 1 4 936748722493064110 144115188075857206 1224979098644774912 1224979098644774916 1 4 936748722493064080 144115188075857206 1224979098644774912 144115188075857205 31 2 0 0 2133 2 72057594037927936 1224979098644774917 2133 2 72057594037927937 1224979098644774912 2346 2 2 72057594037927937 2105 2 72057594037927937 1 4 0 30 2 72057594037927936 0 1106 1 1585267068834414928 5 0 2107 2 72057594037927936 -1 2105 2 72057594037927936 1 1106 1 1585267068834414929 3 0 3 0 5 0 1795 2 144115188075857206 1224979098644774912 2120 3 1224979098644774913 185 1224979098644774912 31 2 144115188075857331 0 549 3 144115188075857206 1224979098644774913 2 1 4 936748722493064096 1224979098644774912 4 2 5 0 31 2 144115188075857331 0 2147484197 3 144115188075857206 1224979098644774913 1 2147484197 3 144115188075857206 1224979098644774913 5 1 2 936748722493064085 144115188075857206 2133 2 1224979098644774916 72057594037927936 32 2 1224979098644774916 0 1 4 936748722493064096 1224979098644774912 1224979098644774916 2 5 0 1 3 936748722493064089 144115188075857206 1224979098644774912 2133 2 1224979098644774916 72057594037927936 2133 2 1224979098644774918 72057594037927937 2120 3 1224979098644774913 194 1224979098644774912 509 3 144115188075857206 1224979098644774913 1224979098644774916 2120 3 1224979098644774913 311 1224979098644774912 509 3 144115188075857206 1224979098644774913 1224979098644774918 700 2 1 37 1 4 936748722493064081 144115188075857206 1224979098644774912 144115188075857205 1 4 936748722493064110 144115188075857206 1224979098644774912 1224979098644774916 3 0 3 0 3 0 2133 2 144115188075857218 2 
0.000000 0.000000 100000000.000000  1 31 2 144115188075857218 2  5 2133 2 144115188075857218 3 1700 1 1224979098644774912 32 2 1224979098644774912 -1 1770 2 72057594037927936 1224979098644774912 1795 2 72057594037927936 9 
-19.000000 0.000000 0.000000  0  8 6 3 1224979098644774912 0 4 6 3 1224979098644774913 0 9 2120 3 1224979098644774914 248 1224979098644774913 509 3 1224979098644774912 1224979098644774914 10 2120 3 1224979098644774914 221 1224979098644774913 509 3 1224979098644774912 1224979098644774914 1 3 0 3 0 
-28.000000 0.000000 0.000000  6 2070 2 1224979098644774912 5 2147483680 2 1224979098644774912 0 2070 2 1224979098644774913 1 1712 1 1224979098644774913 1704 1 1224979098644774913 1702 1 1224979098644774913  52 2070 2 1224979098644774912 1 2070 2 1224979098644774913 2 2070 2 1224979098644774914 3 4 0 2147483679 2 1224979098644774912 144115188075857205 2147483679 2 1224979098644774913 144115188075857205 1770 2 1224979098644774915 1224979098644774912 1773 2 1224979098644774916 1224979098644774912 2120 3 1224979098644774917 194 1224979098644774916 529 3 1224979098644774918 1224979098644774915 1224979098644774917 1770 2 1224979098644774919 1224979098644774913 1773 2 1224979098644774920 1224979098644774913 2120 3 1224979098644774917 194 1224979098644774920 529 3 1224979098644774921 1224979098644774919 1224979098644774917 4 0 31 2 1224979098644774918 0 2147483679 2 1224979098644774921 0 2120 3 1224979098644774917 257 1224979098644774920 569 3 1224979098644774919 1224979098644774917 80 2120 3 1224979098644774917 203 1224979098644774920 529 3 1224979098644774922 1224979098644774919 1224979098644774917 4 0 31 2 1224979098644774922 0 2107 2 1224979098644774914 6 5 0 31 2 1224979098644774922 1 2107 2 1224979098644774914 5 5 0 2107 2 1224979098644774914 4 3 0 2108 2 1224979098644774914 2 5 0 2147483679 2 1224979098644774918 0 31 2 1224979098644774921 0 2120 3 1224979098644774917 257 1224979098644774916 569 3 1224979098644774915 1224979098644774917 80 2120 3 1224979098644774917 203 1224979098644774916 529 3 1224979098644774922 1224979098644774915 1224979098644774917 2107 2 1224979098644774914 2 4 0 31 2 1224979098644774922 0 2108 2 1224979098644774914 6 5 0 31 2 1224979098644774922 1 2108 2 1224979098644774914 5 5 0 2108 2 1224979098644774914 4 3 0 2111 2 1224979098644774914 1 3 0 3 0 2075 1 1224979098644774914 
2.000000 0.000000 100000000.000000  1 31 2 144115188075856297 1  5 6 3 1224979098644774912 0 9 2120 3 1224979098644774913 14 1224979098644774912 569 3 144115188075857206 1224979098644774913 1 1 3 936748722493064092 144115188075857206 1224979098644774912 3 0 
-19.000000 0.000000 0.000000  0  13 2133 2 144115188075857219 0 2133 2 144115188075857220 0 2133 2 144115188075857221 0 701 1 56 701 1 57 701 1 58 701 1 59 4 0 31 2 144115188075857173 0 2133 2 144115188075857218 3 5 0 2133 2 144115188075857218 0 3 0 
0.000000 0.000000 100000000.000000  1 1 1 936748722493064115  18 2124 1 100 6 3 1224979098644774912 0 4 1 4 936748722493064116 0 1224979098644774912 9 726 2 72057594037927936 0 509 3 1224979098644774912 2 72057594037927936 727 2 72057594037927936 0 509 3 1224979098644774912 3 72057594037927936 2147483679 2 1224979098644774912 144115188075857206 2120 3 1224979098644774913 194 1 509 3 1224979098644774912 1224979098644774913 0 1 2 936748722493064078 1224979098644774912 700 2 1 2 1792 2 1224979098644774914 1224979098644774912 1 1 936748722493064079 6 3 1224979098644774915 0 9 1 4 936748722493064081 1224979098644774912 1224979098644774915 1224979098644774914 3 0 3 0 
0.000000 0.000000 100000000.000000  2 1 1 936748722493064115 30 2 144115188075857218 3  1 1 2 936748722493064073 1 
0.100000 0.000000 0.000000  5 32 2 144115188075857216 0 30 2 144115188075857218 3 2367 1 72057594037927936 2106 2 72057594037927936 144115188075857216 30 2 72057594037927936 250  58 2105 2 144115188075857216 500 4 0 31 2 144115188075857220 0 1 1 936748722493064076 1 1 936748722493064075 2133 2 144115188075857218 6 3 0 2124 1 100 1 1 936748722493064114 4 0 30 2 144115188075857218 6 31 2 144115188075857220 0 1 2 936748722493064073 1 2133 2 144115188075857219 0 2133 2 144115188075857220 1 5 0 30 2 144115188075857218 4 2122 3 1224979098644774912 5 4 2108 2 1224979098644774912 2 2119 3 72057594037927936 144115188075857219 1224979098644774912 1 2 936748722493064073 1 4 0 2147484197 3 0 4 144115188075856298 509 3 0 4 144115188075856298 6 3 1224979098644774913 0 9 2120 3 1224979098644774914 185 1224979098644774913 509 3 0 1224979098644774914 -1 509 3 2 1224979098644774914 -1 3 0 3 0 4 0 2147484197 3 1 4 144115188075856299 509 3 1 4 144115188075856299 6 3 1224979098644774913 0 9 2120 3 1224979098644774914 185 1224979098644774913 509 3 1 1224979098644774914 -1 509 3 3 1224979098644774914 -1 3 0 3 0 5 0 1 2 936748722493064073 0 3 0 4 0 31 2 144115188075857218 3 2133 2 1224979098644774915 0 6 3 1224979098644774916 0 4 2147483679 2 1224979098644774916 144115188075857206 569 3 1224979098644774916 5 1 1 4 936748722493064116 1 1224979098644774916 1 1794 3 0 1224979098644774916 1 710 3 72057594037927936 0 1 32 2 72057594037927936 500 2133 2 1224979098644774915 1 3 0 31 2 1224979098644774915 0 2133 2 144115188075857218 4 3 0 2105 2 144115188075857219 1 
0.000000 0.000000 100000000.000000  2 1006 0 31 2 1 1  10 1107 1 0 1795 2 144115188075857206 9 1790 3 144115188075857206 9 10 1790 3 144115188075857206 9 13 1 2 936748722493064098 14 1107 1 1 12 1 1224979098644774912 1702 1 1224979098644774912 1 2 936748722493064112 1224979098644774912 3 0 


mst_castle_attack_walls_belfry castle_attack_walls_belfry 65538  -1
You_attack_the_walls_of_the_castle... 

13 0 8320 256 16 12 0  
0 8320 256 16 0 0  
10 4160 256 16 0 0  
11 4160 256 16 7 0  
15 4160 256 16 0 0  
40 135232 256 16 1 0  
41 135232 256 16 1 0  
42 135232 256 16 1 0  
43 135232 256 16 1 0  
44 135232 256 16 1 0  
45 135232 256 16 1 0  
46 135232 256 16 1 0  
47 135232 256 16 1 0  
48
-19.000000 0.000000 0.000000  0  3 1796 3 0 2 1 1796 3 1 3 1 1 1 936748722493063528 
-21.000000 0.000000 0.000000  0  15 4 0 31 2 144115188075856297 1 1 1 936748722493063624 1907 1 0 5 0 31 2 144115188075857105 0 1073742830 0 31 2 144115188075856292 1 1121 1 216172782113783948 5 0 1 1 936748722493063406 1121 1 216172782113783948 5 0 1106 1 216172782113783952 3 0 
-25.000000 0.000000 0.000000  0  3 2071 1 1224979098644774912 1718 2 1224979098644774913 1224979098644774912 1 4 936748722493063611 1729382256910270468 1224979098644774912 1224979098644774913 
-8.000000 0.000000 0.000000  0  16 2071 1 1224979098644774912 31 2 1224979098644774912 0 2133 2 144115188075856292 0 1700 1 1224979098644774913 1770 2 1224979098644774914 1224979098644774913 4 0 2147483679 2 144115188075856303 1224979098644774914 2147483679 2 144115188075856305 1224979098644774914 2320 2 5 216172782113784205 1 4 936748722493063508 8 15 0 5 0 2320 2 5 216172782113784204 1 4 936748722493063508 5 20 0 3 0 1 1 936748722493063624 1907 1 0 
0.000000 0.000000 100000000.000000  0  6 2133 2 144115188075856297 0 2133 2 144115188075856298 0 2133 2 144115188075856299 0 1 2 936748722493063691 262144 1 1 936748722493063893 2133 2 144115188075857222 0 
30.000000 0.000000 0.000000  0  1 1 1 936748722493063692 
0.000000 0.000000 100000000.000000  4 2133 2 144115188075856302 0 2133 2 144115188075856303 1 2133 2 144115188075856304 2 2133 2 144115188075856305 3  0 
0.000000 1.000000 100000000.000000  31 4 0 31 2 144115188075857104 0 12 1 1224979098644774912 1712 1 1224979098644774912 1770 2 1224979098644774913 1224979098644774912 1073741855 2 1224979098644774913 144115188075856302 31 2 1224979098644774913 144115188075856304 1718 2 1224979098644774914 1224979098644774912 2147485155 1 1224979098644774914 153 1 1224979098644774914 154 1 1224979098644774914 152 1 1224979098644774914 2133 2 1224979098644774915 4 6 3 1224979098644774916 0 1224979098644774915 1804 3 1224979098644774917 1224979098644774912 1224979098644774916 32 2 1224979098644774917 -1 1570 2 1224979098644774918 1224979098644774917 33 3 1224979098644774918 8 10 2133 2 1224979098644774915 0 2325 2 2 1224979098644774917 3 0 2332 2 1 1224979098644774912 1106 1 1585267068834414930 4 0 31 2 1224979098644774915 0 1783 2 1224979098644774912 1 5 0 1783 2 1224979098644774912 0 3 0 3 0 3 0  16 1107 1 0 1780 2 10 10 6 3 1224979098644774912 0 9 2147483679 2 1224979098644774912 1 1790 3 144115188075856302 1224979098644774912 0 1790 3 144115188075856302 1224979098644774912 7 1790 3 144115188075856302 1224979098644774912 7 1790 3 144115188075856304 1224979098644774912 0 1790 3 144115188075856304 1224979098644774912 7 1790 3 144115188075856304 1224979098644774912 7 3 0 1790 3 144115188075856302 1 11 1791 3 144115188075856302 9 10 1790 3 144115188075856304 1 11 1791 3 144115188075856304 9 10 1107 1 1 
0.000000 0.000000 100000000.000000  5 1107 1 0 1790 3 144115188075856303 9 8 1790 3 144115188075856303 9 8 1790 3 144115188075856303 9 8 1107 1 1  0 
0.000000 2.000000 100000000.000000  0  3 12 1 1224979098644774912 505 3 1224979098644774912 5 1 3 0 
3.000000 0.000000 5.000000  0  25 2147483678 2 144115188075856298 7 2370 1 1224979098644774912 30 2 1224979098644774912 10 2385 2 1224979098644774913 0 2147483678 2 1224979098644774913 8 1930 2 4 7 2105 2 144115188075856298 1 4 0 1700 1 1224979098644774914 1770 2 1224979098644774915 1224979098644774914 2147483679 2 1224979098644774915 144115188075856302 2147483679 2 1224979098644774915 144115188075856304 30 2 144115188075856298 2 1107 1 0 1790 3 144115188075856302 0 2 1790 3 144115188075856304 0 2 1790 3 144115188075856302 2 2 1790 3 144115188075856304 2 2 1107 1 1 30 2 144115188075856298 4 1107 1 0 1790 3 144115188075856302 9 2 1790 3 144115188075856304 9 2 1107 1 1 3 0 
2.000000 0.000000 0.000000  1 32 2 144115188075856298 0  1 1 1 936748722493063552 
1.000000 0.000000 5.000000  5 2147483678 2 144115188075856299 5 2370 1 1224979098644774912 30 2 1224979098644774912 10 2385 2 1224979098644774913 1 2147483678 2 1224979098644774913 6  2 1930 2 1 8 2105 2 144115188075856299 1 
2.000000 0.000000 0.000000  0  1 1 1 936748722493063507 
1.000000 60.000000 100000000.000000  10 2370 1 72057594037927937 30 2 72057594037927937 10 1003 1 5 1073741855 2 144115188075857105 0 2147484654 0 1906 1 1 1106 1 216172782113783831 2133 2 144115188075856297 1 2133 2 144115188075856168 1 1 1 936748722493063693  2 1 1 936748722493063624 1907 1 1 
10.000000 0.000000 0.000000  1 31 2 144115188075856297 1  1 1106 1 216172782113783831 
120.000000 0.000000 0.000000  0  10 1700 1 1224979098644774912 12 1 1224979098644774913 2147483679 2 1224979098644774913 1224979098644774912 1702 1 1224979098644774913 1704 1 1224979098644774913 1770 2 1224979098644774914 1224979098644774913 1073741855 2 1224979098644774914 144115188075856302 31 2 1224979098644774914 144115188075856304 1728 1 1224979098644774913 3 0 
1.000000 4.000000 0.000000  1 1006 0  20 4 0 1 1 936748722493063889 5 0 2133 2 144115188075856292 1 1700 1 1224979098644774912 1770 2 1224979098644774913 1224979098644774912 4 0 2147483679 2 144115188075856303 1224979098644774913 2147483679 2 144115188075856305 1224979098644774913 2320 2 5 216172782113784205 1 4 936748722493063508 8 15 0 5 0 2320 2 5 216172782113784204 1 4 936748722493063508 5 20 0 3 0 2133 2 144115188075856168 -1 1906 1 -1 1 1 936748722493063624 1907 1 0 3 0 
0.100000 0.000000 0.000000  1 903 1 1513209474796486719  1 1 1 936748722493063562 
-22.000000 0.000000 0.000000  1 1106 1 216172782113783923  0 
0.000000 0.000000 100000000.000000  1 1 1 936748722493063548  0 
0.000000 0.000000 100000000.000000  1 1 1 936748722493064055  1 1 1 936748722493064057 
4.000000 0.000000 100000000.000000  1 1 1 936748722493064058  12 12 1 1224979098644774912 1712 1 1224979098644774912 1702 1 1224979098644774912 1704 1 1224979098644774912 1735 1 1224979098644774912 1737 2 1224979098644774912 0 1736 2 1224979098644774912 100 3 0 1107 1 0 1790 3 144115188075856303 9 2 1790 3 144115188075856303 9 15 1107 1 1 
0.000000 1.500000 0.000000  20 73 1 5 1003 1 2 1700 1 72057594037927946 1702 1 72057594037927946 4 0 1714 2 72057594037927948 72057594037927946 30 2 72057594037927948 0 1740 2 72057594037927946 1801439850948198897 1740 2 72057594037927948 1801439850948198970 5 0 1740 2 72057594037927946 1801439850948198896 3 0 1718 2 72057594037927947 72057594037927946 4 0 31 2 144115188075857201 0 1 2 936748722493063959 72057594037927947 32 2 72057594037927937 -1 1750 2 72057594037927946 72057594037927937 3 0 2133 2 144115188075857201 1  1 2133 2 144115188075857201 2 
0.000000 0.000000 0.000000  2 31 2 144115188075857201 2 2147483720 1 5  9 1700 1 72057594037927946 1714 2 72057594037927948 72057594037927946 4 0 30 2 72057594037927948 0 1740 2 72057594037927946 1801439850948198899 5 0 1740 2 72057594037927946 1801439850948198898 3 0 2133 2 144115188075857201 0 
-20.000000 0.000000 0.000000  0  2 2008 1 4278190080 2009 2 0 2500 
-25.000000 0.000000 0.000000  1 30 2 144115188075856199 4  21 2071 1 1224979098644774912 1704 1 1224979098644774912 1718 2 1224979098644774913 1224979098644774912 2147485155 1 1224979098644774913 2173 2 1224979098644774914 1224979098644774913 4 0 1716 2 1224979098644774915 1224979098644774912 132 1 1224979098644774915 2204 2 1224979098644774916 1224979098644774915 1 3 936748722493063852 360287970189639680 1224979098644774916 30 2 72057594037927936 60 2133 2 1224979098644774914 432345564227567630 3 0 522 3 1224979098644774917 1224979098644774914 40 2136 3 1224979098644774918 -100 1224979098644774917 4 0 2147483680 2 1224979098644774918 0 1505 2 1224979098644774913 0 5 0 1505 2 1224979098644774913 1 3 0 
1.000000 0.000000 0.000000  1 31 2 144115188075857104 0  26 12 1 1224979098644774912 1702 1 1224979098644774912 1704 1 1224979098644774912 1714 2 1224979098644774913 1224979098644774912 4 0 30 2 1224979098644774913 0 1720 2 1224979098644774914 1224979098644774913 2121 3 1224979098644774915 100 1224979098644774914 4 0 2147483680 2 1224979098644774915 15 2108 2 1224979098644774915 2 2120 3 1224979098644774916 100 1224979098644774915 5 0 2107 2 1224979098644774915 2 2108 2 1224979098644774915 3 2121 3 1224979098644774916 115 1224979098644774915 3 0 1718 2 1224979098644774917 1224979098644774912 2170 3 1224979098644774918 24 1224979098644774917 2122 3 1224979098644774919 1224979098644774918 2 2105 2 1224979098644774919 100 2107 2 1224979098644774916 1224979098644774919 2108 2 1224979098644774916 100 1734 2 1224979098644774912 1224979098644774916 3 0 3 0 
0.000000 0.000000 0.000000  11 31 2 144115188075857110 2 1073741896 1 0 1073741896 1 1 1073741896 1 2 1073741896 1 3 1073741894 1 144115188075857228 1073741894 1 144115188075857229 1073741894 1 144115188075857227 1073741894 1 144115188075857226 1073741895 1 199 72 1 19  65 2124 1 10000 2010 1 47 2133 2 1224979098644774912 0 2133 2 1224979098644774913 0 2133 2 1224979098644774914 0 4 0 72 1 0 2105 2 1224979098644774913 10 5 0 72 1 1 2105 2 1224979098644774913 -10 3 0 4 0 72 1 3 2105 2 1224979098644774912 10 5 0 72 1 2 2105 2 1224979098644774912 -10 3 0 4 0 70 1 144115188075857226 2105 2 1224979098644774914 10 5 0 70 1 144115188075857227 2105 2 1224979098644774914 -10 3 0 4 0 72 1 19 2107 2 1224979098644774912 4 2107 2 1224979098644774913 4 2107 2 1224979098644774914 2 3 0 720 2 47 1224979098644774912 721 2 47 1224979098644774913 722 2 47 1224979098644774914 2011 1 47 4 0 70 1 144115188075857228 30 2 144115188075857188 4 30 2 144115188075857189 3 2106 2 144115188075857188 4 2106 2 144115188075857189 3 2119 3 72057594037927942 144115188075857188 100 2119 3 72057594037927943 144115188075857189 75 4 0 31 2 72057594037927942 0 31 2 72057594037927943 0 2133 2 72057594037927944 144115188075857188 2133 2 72057594037927945 144115188075857189 1106 1 1585267068834414919 3 0 5 0 70 1 144115188075857229 2105 2 144115188075857188 4 2105 2 144115188075857189 3 2119 3 72057594037927942 144115188075857188 100 2119 3 72057594037927943 144115188075857189 75 4 0 31 2 72057594037927942 0 31 2 72057594037927943 0 2133 2 72057594037927944 144115188075857188 2133 2 72057594037927945 144115188075857189 1106 1 1585267068834414920 3 0 3 0 
0.000000 0.000000 0.000000  1 31 2 144115188075857110 2  138 2124 1 10000 4 0 1073742727 1 1513209474796486719 1073741895 1 1 1073741895 1 16 71 1 15 31 2 144115188075857190 0 2133 2 144115188075857190 1 2133 2 144115188075857191 144115188075857194 2133 2 144115188075857192 144115188075857195 3 0 2133 2 1224979098644774912 0 4 0 2147484551 1 1513209474796486719 75 1 1 726 2 72057594037927937 1 727 2 72057594037927938 1 2010 1 47 4 0 2147483679 2 144115188075857190 1 4 0 31 2 72057594037927937 144115188075857196 31 2 72057594037927938 144115188075857197 3221225503 2 72057594037927937 144115188075857194 2147483679 2 72057594037927938 144115188075857195 2105 2 144115188075857193 1 4 0 30 2 144115188075857193 15 2133 2 144115188075857193 0 2133 2 144115188075857194 72057594037927937 2133 2 144115188075857195 72057594037927938 3 0 5 0 2133 2 1224979098644774912 1 2133 2 144115188075857193 0 3 0 2133 2 144115188075857196 72057594037927937 2133 2 144115188075857197 72057594037927938 5 0 4 0 2147483679 2 72057594037927937 144115188075857196 2147483679 2 72057594037927938 144115188075857197 2121 3 1224979098644774913 72057594037927937 144115188075857191 2121 3 1224979098644774914 72057594037927938 144115188075857192 33 3 1224979098644774913 -10 11 33 3 1224979098644774914 -10 11 2133 2 144115188075857190 0 2133 2 144115188075857194 144115188075857191 2133 2 144115188075857195 144115188075857192 5 0 2133 2 144115188075857194 72057594037927937 2133 2 144115188075857195 72057594037927938 3 0 2133 2 144115188075857196 72057594037927937 2133 2 144115188075857197 72057594037927938 3 0 3 0 2133 2 1224979098644774915 0 2133 2 1224979098644774916 0 2133 2 1224979098644774917 0 2133 2 1224979098644774918 0 4 0 70 1 144115188075857232 4 0 30 2 144115188075857198 0 2133 2 144115188075857198 -20 3 0 2105 2 144115188075857198 -1 2133 2 1224979098644774912 2 2133 2 1224979098644774917 -1 5 0 70 1 144115188075857233 4 0 2147483680 2 144115188075857198 0 2133 2 144115188075857198 20 3 0 2105 2 144115188075857198 1 2133 2 1224979098644774912 2 2133 2 1224979098644774917 1 5 0 2133 2 144115188075857198 0 2133 2 1224979098644774917 0 3 0 4 0 70 1 144115188075857230 4 0 2147483680 2 144115188075857199 0 2133 2 144115188075857199 15 3 0 2105 2 144115188075857199 1 2133 2 1224979098644774912 2 2133 2 1224979098644774918 1 5 0 70 1 144115188075857231 4 0 30 2 144115188075857199 0 2133 2 144115188075857199 -15 3 0 2105 2 144115188075857199 -1 2133 2 1224979098644774912 2 2133 2 1224979098644774918 -1 5 0 2133 2 144115188075857199 0 2133 2 1224979098644774918 0 3 0 4 0 31 2 1224979098644774912 1 2121 3 1224979098644774915 72057594037927937 144115188075857194 2121 3 1224979098644774916 72057594037927938 144115188075857195 5 0 31 2 1224979098644774912 2 4 0 2147483679 2 1224979098644774917 0 2112 3 144115188075857198 -80 80 2133 2 1224979098644774915 144115188075857198 3 0 4 0 2147483679 2 1224979098644774918 0 2112 3 144115188075857199 -45 45 2133 2 1224979098644774916 144115188075857199 3 0 3 0 4 0 30 2 1224979098644774912 1 2107 2 1224979098644774915 144115188075857188 2107 2 1224979098644774916 144115188075857189 2112 3 1224979098644774915 -80000 80001 2112 3 1224979098644774916 -60000 60001 2122 3 1224979098644774919 144115188075857200 -1 738 2 47 1224979098644774919 724 2 47 90 738 2 47 1224979098644774915 724 2 47 -90 738 2 47 144115188075857200 738 2 47 1224979098644774916 2105 2 144115188075857200 1224979098644774916 2011 1 47 3 0 
0.000000 0.000000 0.000000  4 1073741855 2 144115188075857110 3 2147484654 0 1073741855 2 144115188075857174 1 31 2 144115188075857243 0  87 4 0 1006 0 32 2 144115188075857306 -1 2133 2 1224979098644774912 144115188075857306 2133 2 1224979098644774913 500 5 0 2133 2 1224979098644774912 144115188075857307 2133 2 1224979098644774913 0 3 0 30 2 1224979098644774912 0 2133 2 1224979098644774914 0 4 0 70 1 144115188075857226 2105 2 144115188075857117 5 2133 2 1224979098644774914 1 4 0 70 1 29 2105 2 144115188075857113 5 3 0 5 0 70 1 144115188075857227 2106 2 144115188075857117 5 2133 2 1224979098644774914 1 4 0 70 1 29 2106 2 144115188075857113 5 3 0 5 0 70 1 144115188075857230 2105 2 144115188075857116 5 2133 2 1224979098644774914 1 4 0 70 1 29 2105 2 144115188075857112 5 3 0 5 0 70 1 144115188075857231 2106 2 144115188075857116 5 2133 2 1224979098644774914 1 4 0 70 1 29 2106 2 144115188075857112 5 3 0 3 0 4 0 70 1 29 4 0 70 1 144115188075857232 2106 2 144115188075857113 5 5 0 70 1 144115188075857233 2105 2 144115188075857113 5 3 0 3 0 4 0 31 2 1224979098644774914 1 62 1 0 2133 2 1224979098644774913 0 2001 1 1 3 0 1709 2 47 1224979098644774912 722 2 47 144115188075857117 721 2 47 144115188075857116 725 2 47 144115188075857114 723 2 47 144115188075857112 724 2 47 144115188075857113 1714 2 1224979098644774915 1224979098644774912 4 0 30 2 1224979098644774915 0 722 2 47 90 2108 2 1224979098644774913 2 3 0 793 2 1224979098644774916 47 4 0 2147483680 2 1224979098644774916 0 791 1 47 722 2 47 15 3 0 4 0 1 1 936748722493063894 2147484654 0 5 0 32 2 1224979098644774913 0 2012 3 47 1224979098644774913 0 5 0 2011 1 47 3 0 
0.000000 0.500000 1.000000  4 1073741895 1 238 71 1 144115188075857228 1006 0 31 2 144115188075857110 3  1 1 1 936748722493063896 
0.000000 0.500000 1.000000  4 1073741895 1 239 71 1 144115188075857229 1006 0 31 2 144115188075857110 3  1 1 1 936748722493063897 
0.000000 0.000000 0.000000  4 31 2 144115188075857105 0 31 2 144115188075857110 1 1073741855 2 144115188075857174 1 31 2 144115188075857243 0  61 2010 1 47 2133 2 1224979098644774912 0 2133 2 1224979098644774913 0 2133 2 1224979098644774914 0 2133 2 1224979098644774915 0 2133 2 1224979098644774916 0 2133 2 1224979098644774917 0 4 0 72 1 2 2106 2 1224979098644774915 10 5 0 72 1 3 2105 2 1224979098644774915 10 3 0 720 2 47 1224979098644774915 4 0 72 1 0 2105 2 1224979098644774916 10 5 0 72 1 1 2106 2 1224979098644774916 10 3 0 721 2 47 1224979098644774916 4 0 70 1 144115188075857226 2105 2 1224979098644774917 10 5 0 70 1 144115188075857227 2106 2 1224979098644774917 10 3 0 722 2 47 1224979098644774917 4 0 70 1 144115188075857232 2105 2 1224979098644774914 1 5 0 70 1 144115188075857233 2106 2 1224979098644774914 1 3 0 725 2 47 1224979098644774914 4 0 70 1 144115188075857228 2105 2 1224979098644774913 1 5 0 70 1 144115188075857229 2106 2 1224979098644774913 1 3 0 724 2 47 1224979098644774913 4 0 70 1 144115188075857230 2105 2 1224979098644774912 1 5 0 70 1 144115188075857231 2106 2 1224979098644774912 1 3 0 723 2 47 1224979098644774912 4 0 1 1 936748722493063894 5 0 2001 1 1 2011 1 47 3 0 
0.000000 0.000000 1.000000  6 2147484654 0 73 1 9 1700 1 1224979098644774912 1726 3 1224979098644774913 1224979098644774912 0 32 2 1224979098644774913 0 567 3 1224979098644774913 5 1  12 1700 1 1224979098644774912 1726 3 1224979098644774913 1224979098644774912 0 527 3 1224979098644774914 1224979098644774913 5 32 2 1224979098644774914 1 6 3 1224979098644774915 0 4 1804 3 1224979098644774916 1224979098644774912 1224979098644774915 31 2 1224979098644774916 1224979098644774913 1542 3 1224979098644774917 360287970189639680 1224979098644774915 1774 3 1224979098644774912 1224979098644774913 1224979098644774915 1779 4 1224979098644774912 1224979098644774914 1224979098644774915 1224979098644774917 1747 2 1224979098644774912 1224979098644774914 3 0 
0.000000 0.000000 1.000000  6 2147484654 0 71 1 35 1700 1 1224979098644774912 1804 3 1224979098644774913 1224979098644774912 4 32 2 1224979098644774913 0 567 3 1224979098644774913 5 1  9 1700 1 1224979098644774912 1804 3 1224979098644774913 1224979098644774912 4 527 3 1224979098644774914 1224979098644774913 5 32 2 1224979098644774914 1 1542 3 1224979098644774915 360287970189639680 4 1774 3 1224979098644774912 1224979098644774913 4 1779 4 1224979098644774912 1224979098644774914 4 1224979098644774915 1740 3 1224979098644774912 1801439850948198570 1 600 1 1152921504606847167 
-71.000000 0.000000 0.000000  3 2071 1 1224979098644774912 1073741855 2 1224979098644774912 10 31 2 1224979098644774912 9  3 2071 1 1224979098644774912 2072 1 1224979098644774913 1 3 936748722493063563 1224979098644774912 1224979098644774913 
-57.000000 0.000000 0.000000  2 2072 1 1224979098644774912 31 2 1224979098644774912 0  3 2071 1 1224979098644774912 1774 2 1224979098644774912 0 1732 1 1224979098644774912 
3.000000 0.000000 0.000000  1 2147483678 2 144115188075857222 3  13 12 1 1224979098644774912 1712 1 1224979098644774912 1702 1 1224979098644774912 1704 1 1224979098644774912 1707 1 1224979098644774912 6 3 1224979098644774913 0 4 1804 3 1224979098644774914 1224979098644774912 1224979098644774913 32 2 1224979098644774914 0 2723 2 1224979098644774914 2147483648 1774 2 1224979098644774912 1224979098644774914 3 0 3 0 2105 2 144115188075857222 1 
-19.000000 0.000000 0.000000  0  8 2133 2 144115188075857176 0 2133 2 144115188075857174 0 2147483679 2 144115188075857243 0 2133 2 144115188075856012 1 1617 1 648518346341351430 1 3 936748722493063350 648518346341351430 648518346341351424 47 1 360287970189639680 2133 2 144115188075857175 360287970189639680 
5.000000 0.000000 0.000000  3 2147483679 2 144115188075857243 0 1700 1 1224979098644774912 2147485350 1 1224979098644774912  98 2124 1 100 1700 1 1224979098644774912 1770 2 1224979098644774913 1224979098644774912 1765 2 1224979098644774914 1224979098644774912 1710 2 1 1224979098644774912 2133 2 1224979098644774915 0 2133 2 1224979098644774916 -1 2133 2 1224979098644774917 -1 2133 2 1224979098644774918 1000000 12 1 1224979098644774919 31 2 1224979098644774916 -1 1704 1 1224979098644774919 1702 1 1224979098644774919 1770 2 1224979098644774920 1224979098644774919 31 2 1224979098644774920 1224979098644774913 1716 2 1224979098644774921 1224979098644774919 31 2 1224979098644774921 648518346341351424 1718 2 1224979098644774922 1224979098644774919 33 3 1224979098644774922 360287970189639979 360287970189639995 540 3 1224979098644774922 2 5 1710 2 2 1224979098644774919 711 3 1224979098644774923 1 2 2147483678 2 1224979098644774923 1224979098644774918 2133 2 1224979098644774916 1224979098644774922 2133 2 1224979098644774917 1224979098644774919 2133 2 1224979098644774918 1224979098644774923 2322 2 31 1224979098644774916 1106 2 1585267068834414921 5308240 3 0 4 0 31 2 1224979098644774916 -1 31 2 144115188075857243 2 12 1 1224979098644774919 31 2 1224979098644774916 -1 1704 1 1224979098644774919 1702 1 1224979098644774919 1770 2 1224979098644774920 1224979098644774919 31 2 1224979098644774920 1224979098644774913 1718 2 1224979098644774922 1224979098644774919 1716 2 1224979098644774921 1224979098644774919 31 2 1224979098644774921 648518346341351424 1710 2 2 1224979098644774919 711 3 1224979098644774923 1 2 2147483678 2 1224979098644774923 1224979098644774918 2133 2 1224979098644774916 1224979098644774922 2133 2 1224979098644774917 1224979098644774919 2133 2 1224979098644774918 1224979098644774923 2322 2 31 1224979098644774916 1106 2 1585267068834414921 5308240 3 0 3 0 4 0 30 2 1224979098644774916 1 30 2 1224979098644774917 0 1 3 936748722493064062 1224979098644774916 360287970189641434 2133 2 144115188075857175 1224979098644774916 47 1 1224979098644774916 1720 3 1224979098644774924 1224979098644774917 1 1710 2 1 1224979098644774917 731 2 1 -2000 729 2 1 0 730 2 1 0 1710 2 0 1224979098644774917 1970 1 0 1714 2 1224979098644774925 1224979098644774917 4 0 32 2 1224979098644774925 0 1711 2 1224979098644774925 1 1755 1 1224979098644774925 3 0 1711 2 1224979098644774917 1 505 3 1224979098644774917 100 1 525 3 1224979098644774926 1224979098644774917 102 1755 1 1224979098644774917 2133 2 144115188075857202 1 1972 1 1224979098644774916 2133 2 144115188075857202 0 2133 2 1224979098644774912 72057594037927936 505 3 1224979098644774912 102 1224979098644774926 1771 2 1224979098644774912 1224979098644774913 1721 3 1224979098644774912 1224979098644774924 1 1766 2 1224979098644774912 1224979098644774914 505 3 1224979098644774912 100 2 505 3 1224979098644774912 101 1224979098644774916 4 0 1714 2 1224979098644774927 1224979098644774912 32 2 1224979098644774927 0 2147483678 2 1224979098644774925 0 1711 2 1224979098644774927 1 1755 1 1224979098644774927 3 0 47 1 360287970189639680 2133 2 1224979098644774915 1 2133 2 144115188075857176 1 3 0 31 2 1224979098644774916 -1 31 2 1224979098644774915 0 2133 2 144115188075857174 1 
0.000000 0.300000 0.000000  5 31 2 144115188075857329 1 1541 3 1224979098644774912 360287970189639680 5 30 2 1224979098644774912 0 2700 2 1224979098644774913 1224979098644774912 30 2 1224979098644774913 800  15 1700 1 1224979098644774912 1541 3 1224979098644774913 360287970189639680 5 30 2 1224979098644774913 0 2700 2 1224979098644774914 1224979098644774913 30 2 1224979098644774914 800 4 0 33 3 1224979098644774914 800 2100 2133 2 1224979098644774915 1152921504606847156 5 0 30 2 1224979098644774914 2100 2133 2 1224979098644774915 1152921504606847157 3 0 1768 2 1224979098644774916 1224979098644774912 33 3 1224979098644774916 1801439850948198426 1801439850948198522 1750 2 1224979098644774912 1224979098644774915 
-25.000000 0.000000 0.000000  0  10 2071 1 1224979098644774912 1712 1 1224979098644774912 1702 1 1224979098644774912 4 0 1804 3 1224979098644774913 1224979098644774912 6 31 2 1224979098644774913 -1 1804 3 1224979098644774914 1224979098644774912 5 32 2 1224979098644774914 0 1779 2 1224979098644774912 288230376151713382 3 0 
-26.000000 0.000000 0.000000  0  94 2071 1 1224979098644774912 2072 1 1224979098644774913 2073 1 1224979098644774914 30 2 1224979098644774912 0 1704 1 1224979098644774912 1718 2 1224979098644774915 1224979098644774912 2147485155 1 1224979098644774915 4 0 2147485354 1 1224979098644774912 1610 3 648518346341351442 1224979098644774915 1 3 0 4 0 1073741855 2 1224979098644774915 360287970189641349 31 2 1224979098644774915 360287970189641350 2133 2 1224979098644774914 1 5 0 32 2 1224979098644774913 -1 1726 3 1224979098644774916 1224979098644774913 0 4 0 2147483678 2 1224979098644774916 0 2133 2 1224979098644774916 0 3 0 4 0 1770 2 1224979098644774917 1224979098644774912 1792 2 1224979098644774918 1224979098644774917 4 0 32 2 1224979098644774918 -1 2147485355 1 1224979098644774918 1685 3 1224979098644774919 648518346341351424 1369094286720630794 2107 2 1224979098644774919 3 2105 2 1224979098644774919 25 5 0 32 2 1224979098644774918 -1 1718 2 1224979098644774920 1224979098644774918 1507 1 1224979098644774920 2170 3 1224979098644774919 1369094286720630794 1224979098644774920 2107 2 1224979098644774919 3 2105 2 1224979098644774919 25 5 0 2133 2 1224979098644774919 20 4 0 31 2 144115188075857183 12 2105 2 1224979098644774919 10 3 0 3 0 4 0 31 2 144115188075857183 16 33 3 1224979098644774915 360287970189639738 360287970189639747 2106 2 1224979098644774919 25 3 0 4 0 31 2 144115188075857183 20 2105 2 1224979098644774919 10 3 0 3 0 2721 2 1224979098644774921 1224979098644774916 1 3 936748722493063977 0 101 2133 2 1224979098644774922 72057594037927936 4 0 31 2 1224979098644774921 2 2121 3 1224979098644774919 100 1224979098644774919 2108 2 1224979098644774919 8 32 2 1224979098644774922 1224979098644774919 2133 2 1224979098644774914 1 5 0 2147483680 2 1224979098644774922 1224979098644774919 2133 2 1224979098644774914 1 5 0 2133 2 1224979098644774914 0 3 0 3 0 4 0 31 2 1224979098644774916 288230376151713384 2075 1 2 5 0 31 2 1224979098644774914 1 2075 1 2 4 0 2147485354 1 1224979098644774912 1618 3 648518346341351442 1224979098644774915 1 3 0 5 0 31 2 1224979098644774914 0 2075 1 1 4 0 31 2 144115188075857183 21 1718 2 1224979098644774923 1224979098644774913 31 2 1224979098644774923 360287970189639680 1 2 936748722493064146 1 3 0 5 0 2075 1 0 3 0 1 3 936748722493063496 1224979098644774912 1224979098644774913 
0.050000 0.000000 0.000000  2 2147483679 2 144115188075857204 0 2147484551 1 144115188075857203  3 900 1 144115188075857204 2133 2 144115188075857203 144115188075857204 2133 2 144115188075857204 0 
-25.000000 0.000000 0.000000  0  2 2071 1 1224979098644774912 505 3 1224979098644774912 10 0 
0.000000 0.000000 0.000000  1 73 1 22  7 4 0 903 1 1513209474796486719 902 1 0 5 0 902 1 0 2133 2 144115188075857204 1513209474796486719 3 0 
-20.000000 0.000000 100000000.000000  0  13 1700 1 144115188075857205 4 0 31 2 144115188075857205 -1 2133 2 144115188075857206 -1 5 0 1765 2 144115188075857206 144115188075857205 3 0 2124 1 100 1799 2 2 3 726 2 144115188075857207 3 727 2 144115188075857208 3 726 2 144115188075857209 2 727 2 144115188075857210 2 


mst_castle_attack_walls_ladder castle_attack_walls_ladder 65538  -1
You_attack_the_walls_of_the_castle... 

12 0 8320 256 16 12 0  
0 8320 256 16 0 0  
10 4160 256 16 0 0  
11 4160 256 16 7 0  
15 4160 256 16 0 0  
40 135232 256 16 1 0  
41 135232 256 16 1 0  
42 135232 256 16 1 0  
43 135232 256 16 1 0  
44 135232 256 16 1 0  
45 135232 256 16 1 0  
46 135232 256 16 1 0  
44
-19.000000 0.000000 0.000000  0  3 1796 3 0 2 1 1796 3 1 3 1 1 1 936748722493063528 
-21.000000 0.000000 0.000000  0  15 4 0 31 2 144115188075856297 1 1 1 936748722493063624 1907 1 0 5 0 31 2 144115188075857105 0 1073742830 0 31 2 144115188075856292 1 1121 1 216172782113783948 5 0 1 1 936748722493063406 1121 1 216172782113783948 5 0 1106 1 216172782113783952 3 0 
-25.000000 0.000000 0.000000  0  3 2071 1 1224979098644774912 1718 2 1224979098644774913 1224979098644774912 1 4 936748722493063611 1729382256910270468 1224979098644774912 1224979098644774913 
-8.000000 0.000000 0.000000  0  16 2071 1 1224979098644774912 31 2 1224979098644774912 0 2133 2 144115188075856292 0 1700 1 1224979098644774913 1770 2 1224979098644774914 1224979098644774913 4 0 2147483679 2 144115188075856303 1224979098644774914 2147483679 2 144115188075856305 1224979098644774914 2320 2 5 216172782113784205 1 4 936748722493063508 8 15 0 5 0 2320 2 5 216172782113784204 1 4 936748722493063508 5 20 0 3 0 1 1 936748722493063624 1907 1 0 
0.000000 0.000000 100000000.000000  0  6 2133 2 144115188075856297 0 2133 2 144115188075856298 0 2133 2 144115188075856299 0 1 2 936748722493063691 262144 1 1 936748722493063893 2133 2 144115188075857222 0 
30.000000 0.000000 0.000000  0  1 1 1 936748722493063692 
0.000000 0.000000 100000000.000000  4 2133 2 144115188075856302 0 2133 2 144115188075856303 1 2133 2 144115188075856304 2 2133 2 144115188075856305 3  0 
0.000000 1.000000 100000000.000000  31 4 0 31 2 144115188075857104 0 12 1 1224979098644774912 1712 1 1224979098644774912 1770 2 1224979098644774913 1224979098644774912 1073741855 2 1224979098644774913 144115188075856302 31 2 1224979098644774913 144115188075856304 1718 2 1224979098644774914 1224979098644774912 2147485155 1 1224979098644774914 153 1 1224979098644774914 154 1 1224979098644774914 152 1 1224979098644774914 2133 2 1224979098644774915 4 6 3 1224979098644774916 0 1224979098644774915 1804 3 1224979098644774917 1224979098644774912 1224979098644774916 32 2 1224979098644774917 -1 1570 2 1224979098644774918 1224979098644774917 33 3 1224979098644774918 8 10 2133 2 1224979098644774915 0 2325 2 2 1224979098644774917 3 0 2332 2 1 1224979098644774912 1106 1 1585267068834414930 4 0 31 2 1224979098644774915 0 1783 2 1224979098644774912 1 5 0 1783 2 1224979098644774912 0 3 0 3 0 3 0  16 1107 1 0 1780 2 10 10 6 3 1224979098644774912 0 9 2147483679 2 1224979098644774912 1 1790 3 144115188075856302 1224979098644774912 0 1790 3 144115188075856302 1224979098644774912 7 1790 3 144115188075856302 1224979098644774912 7 1790 3 144115188075856304 1224979098644774912 0 1790 3 144115188075856304 1224979098644774912 7 1790 3 144115188075856304 1224979098644774912 7 3 0 1790 3 144115188075856302 1 11 1791 3 144115188075856302 9 10 1790 3 144115188075856304 1 11 1791 3 144115188075856304 9 10 1107 1 1 
0.000000 2.000000 100000000.000000  0  3 12 1 1224979098644774912 505 3 1224979098644774912 5 1 3 0 
3.000000 0.000000 5.000000  0  25 2147483678 2 144115188075856298 7 2370 1 1224979098644774912 30 2 1224979098644774912 10 2385 2 1224979098644774913 0 2147483678 2 1224979098644774913 8 1930 2 4 7 2105 2 144115188075856298 1 4 0 1700 1 1224979098644774914 1770 2 1224979098644774915 1224979098644774914 2147483679 2 1224979098644774915 144115188075856302 2147483679 2 1224979098644774915 144115188075856304 30 2 144115188075856298 2 1107 1 0 1790 3 144115188075856302 0 2 1790 3 144115188075856304 0 2 1790 3 144115188075856302 2 2 1790 3 144115188075856304 2 2 1107 1 1 30 2 144115188075856298 4 1107 1 0 1790 3 144115188075856302 9 2 1790 3 144115188075856304 9 2 1107 1 1 3 0 
2.000000 0.000000 0.000000  1 32 2 144115188075856298 0  1 1 1 936748722493063552 
1.000000 0.000000 5.000000  5 2147483678 2 144115188075856299 5 2370 1 1224979098644774912 30 2 1224979098644774912 10 2385 2 1224979098644774913 1 2147483678 2 1224979098644774913 6  2 1930 2 1 8 2105 2 144115188075856299 1 
2.000000 0.000000 0.000000  0  1 1 1 936748722493063507 
1.000000 60.000000 100000000.000000  10 2370 1 72057594037927937 30 2 72057594037927937 10 1003 1 5 1073741855 2 144115188075857105 0 2147484654 0 1906 1 1 1106 1 216172782113783831 2133 2 144115188075856297 1 2133 2 144115188075856168 1 1 1 936748722493063693  2 1 1 936748722493063624 1907 1 1 
10.000000 0.000000 0.000000  1 31 2 144115188075856297 1  1 1106 1 216172782113783831 
120.000000 0.000000 0.000000  0  10 1700 1 1224979098644774912 12 1 1224979098644774913 2147483679 2 1224979098644774913 1224979098644774912 1702 1 1224979098644774913 1704 1 1224979098644774913 1770 2 1224979098644774914 1224979098644774913 1073741855 2 1224979098644774914 144115188075856302 31 2 1224979098644774914 144115188075856304 1728 1 1224979098644774913 3 0 
1.000000 4.000000 0.000000  1 1006 0  20 4 0 1 1 936748722493063889 5 0 2133 2 144115188075856292 1 1700 1 1224979098644774912 1770 2 1224979098644774913 1224979098644774912 4 0 2147483679 2 144115188075856303 1224979098644774913 2147483679 2 144115188075856305 1224979098644774913 2320 2 5 216172782113784205 1 4 936748722493063508 8 15 0 5 0 2320 2 5 216172782113784204 1 4 936748722493063508 5 20 0 3 0 2133 2 144115188075856168 -1 1906 1 -1 1 1 936748722493063624 1907 1 0 3 0 
0.100000 0.000000 0.000000  1 903 1 1513209474796486719  1 1 1 936748722493063562 
-22.000000 0.000000 0.000000  1 1106 1 216172782113783923  0 
0.000000 1.500000 0.000000  20 73 1 5 1003 1 2 1700 1 72057594037927946 1702 1 72057594037927946 4 0 1714 2 72057594037927948 72057594037927946 30 2 72057594037927948 0 1740 2 72057594037927946 1801439850948198897 1740 2 72057594037927948 1801439850948198970 5 0 1740 2 72057594037927946 1801439850948198896 3 0 1718 2 72057594037927947 72057594037927946 4 0 31 2 144115188075857201 0 1 2 936748722493063959 72057594037927947 32 2 72057594037927937 -1 1750 2 72057594037927946 72057594037927937 3 0 2133 2 144115188075857201 1  1 2133 2 144115188075857201 2 
0.000000 0.000000 0.000000  2 31 2 144115188075857201 2 2147483720 1 5  9 1700 1 72057594037927946 1714 2 72057594037927948 72057594037927946 4 0 30 2 72057594037927948 0 1740 2 72057594037927946 1801439850948198899 5 0 1740 2 72057594037927946 1801439850948198898 3 0 2133 2 144115188075857201 0 
-20.000000 0.000000 0.000000  0  2 2008 1 4278190080 2009 2 0 2500 
-25.000000 0.000000 0.000000  1 30 2 144115188075856199 4  21 2071 1 1224979098644774912 1704 1 1224979098644774912 1718 2 1224979098644774913 1224979098644774912 2147485155 1 1224979098644774913 2173 2 1224979098644774914 1224979098644774913 4 0 1716 2 1224979098644774915 1224979098644774912 132 1 1224979098644774915 2204 2 1224979098644774916 1224979098644774915 1 3 936748722493063852 360287970189639680 1224979098644774916 30 2 72057594037927936 60 2133 2 1224979098644774914 432345564227567630 3 0 522 3 1224979098644774917 1224979098644774914 40 2136 3 1224979098644774918 -100 1224979098644774917 4 0 2147483680 2 1224979098644774918 0 1505 2 1224979098644774913 0 5 0 1505 2 1224979098644774913 1 3 0 
1.000000 0.000000 0.000000  1 31 2 144115188075857104 0  26 12 1 1224979098644774912 1702 1 1224979098644774912 1704 1 1224979098644774912 1714 2 1224979098644774913 1224979098644774912 4 0 30 2 1224979098644774913 0 1720 2 1224979098644774914 1224979098644774913 2121 3 1224979098644774915 100 1224979098644774914 4 0 2147483680 2 1224979098644774915 15 2108 2 1224979098644774915 2 2120 3 1224979098644774916 100 1224979098644774915 5 0 2107 2 1224979098644774915 2 2108 2 1224979098644774915 3 2121 3 1224979098644774916 115 1224979098644774915 3 0 1718 2 1224979098644774917 1224979098644774912 2170 3 1224979098644774918 24 1224979098644774917 2122 3 1224979098644774919 1224979098644774918 2 2105 2 1224979098644774919 100 2107 2 1224979098644774916 1224979098644774919 2108 2 1224979098644774916 100 1734 2 1224979098644774912 1224979098644774916 3 0 3 0 
0.000000 0.000000 0.000000  11 31 2 144115188075857110 2 1073741896 1 0 1073741896 1 1 1073741896 1 2 1073741896 1 3 1073741894 1 144115188075857228 1073741894 1 144115188075857229 1073741894 1 144115188075857227 1073741894 1 144115188075857226 1073741895 1 199 72 1 19  65 2124 1 10000 2010 1 47 2133 2 1224979098644774912 0 2133 2 1224979098644774913 0 2133 2 1224979098644774914 0 4 0 72 1 0 2105 2 1224979098644774913 10 5 0 72 1 1 2105 2 1224979098644774913 -10 3 0 4 0 72 1 3 2105 2 1224979098644774912 10 5 0 72 1 2 2105 2 1224979098644774912 -10 3 0 4 0 70 1 144115188075857226 2105 2 1224979098644774914 10 5 0 70 1 144115188075857227 2105 2 1224979098644774914 -10 3 0 4 0 72 1 19 2107 2 1224979098644774912 4 2107 2 1224979098644774913 4 2107 2 1224979098644774914 2 3 0 720 2 47 1224979098644774912 721 2 47 1224979098644774913 722 2 47 1224979098644774914 2011 1 47 4 0 70 1 144115188075857228 30 2 144115188075857188 4 30 2 144115188075857189 3 2106 2 144115188075857188 4 2106 2 144115188075857189 3 2119 3 72057594037927942 144115188075857188 100 2119 3 72057594037927943 144115188075857189 75 4 0 31 2 72057594037927942 0 31 2 72057594037927943 0 2133 2 72057594037927944 144115188075857188 2133 2 72057594037927945 144115188075857189 1106 1 1585267068834414919 3 0 5 0 70 1 144115188075857229 2105 2 144115188075857188 4 2105 2 144115188075857189 3 2119 3 72057594037927942 144115188075857188 100 2119 3 72057594037927943 144115188075857189 75 4 0 31 2 72057594037927942 0 31 2 72057594037927943 0 2133 2 72057594037927944 144115188075857188 2133 2 72057594037927945 144115188075857189 1106 1 1585267068834414920 3 0 3 0 
0.000000 0.000000 0.000000  1 31 2 144115188075857110 2  138 2124 1 10000 4 0 1073742727 1 1513209474796486719 1073741895 1 1 1073741895 1 16 71 1 15 31 2 144115188075857190 0 2133 2 144115188075857190 1 2133 2 144115188075857191 144115188075857194 2133 2 144115188075857192 144115188075857195 3 0 2133 2 1224979098644774912 0 4 0 2147484551 1 1513209474796486719 75 1 1 726 2 72057594037927937 1 727 2 72057594037927938 1 2010 1 47 4 0 2147483679 2 144115188075857190 1 4 0 31 2 72057594037927937 144115188075857196 31 2 72057594037927938 144115188075857197 3221225503 2 72057594037927937 144115188075857194 2147483679 2 72057594037927938 144115188075857195 2105 2 144115188075857193 1 4 0 30 2 144115188075857193 15 2133 2 144115188075857193 0 2133 2 144115188075857194 72057594037927937 2133 2 144115188075857195 72057594037927938 3 0 5 0 2133 2 1224979098644774912 1 2133 2 144115188075857193 0 3 0 2133 2 144115188075857196 72057594037927937 2133 2 144115188075857197 72057594037927938 5 0 4 0 2147483679 2 72057594037927937 144115188075857196 2147483679 2 72057594037927938 144115188075857197 2121 3 1224979098644774913 72057594037927937 144115188075857191 2121 3 1224979098644774914 72057594037927938 144115188075857192 33 3 1224979098644774913 -10 11 33 3 1224979098644774914 -10 11 2133 2 144115188075857190 0 2133 2 144115188075857194 144115188075857191 2133 2 144115188075857195 144115188075857192 5 0 2133 2 144115188075857194 72057594037927937 2133 2 144115188075857195 72057594037927938 3 0 2133 2 144115188075857196 72057594037927937 2133 2 144115188075857197 72057594037927938 3 0 3 0 2133 2 1224979098644774915 0 2133 2 1224979098644774916 0 2133 2 1224979098644774917 0 2133 2 1224979098644774918 0 4 0 70 1 144115188075857232 4 0 30 2 144115188075857198 0 2133 2 144115188075857198 -20 3 0 2105 2 144115188075857198 -1 2133 2 1224979098644774912 2 2133 2 1224979098644774917 -1 5 0 70 1 144115188075857233 4 0 2147483680 2 144115188075857198 0 2133 2 144115188075857198 20 3 0 2105 2 144115188075857198 1 2133 2 1224979098644774912 2 2133 2 1224979098644774917 1 5 0 2133 2 144115188075857198 0 2133 2 1224979098644774917 0 3 0 4 0 70 1 144115188075857230 4 0 2147483680 2 144115188075857199 0 2133 2 144115188075857199 15 3 0 2105 2 144115188075857199 1 2133 2 1224979098644774912 2 2133 2 1224979098644774918 1 5 0 70 1 144115188075857231 4 0 30 2 144115188075857199 0 2133 2 144115188075857199 -15 3 0 2105 2 144115188075857199 -1 2133 2 1224979098644774912 2 2133 2 1224979098644774918 -1 5 0 2133 2 144115188075857199 0 2133 2 1224979098644774918 0 3 0 4 0 31 2 1224979098644774912 1 2121 3 1224979098644774915 72057594037927937 144115188075857194 2121 3 1224979098644774916 72057594037927938 144115188075857195 5 0 31 2 1224979098644774912 2 4 0 2147483679 2 1224979098644774917 0 2112 3 144115188075857198 -80 80 2133 2 1224979098644774915 144115188075857198 3 0 4 0 2147483679 2 1224979098644774918 0 2112 3 144115188075857199 -45 45 2133 2 1224979098644774916 144115188075857199 3 0 3 0 4 0 30 2 1224979098644774912 1 2107 2 1224979098644774915 144115188075857188 2107 2 1224979098644774916 144115188075857189 2112 3 1224979098644774915 -80000 80001 2112 3 1224979098644774916 -60000 60001 2122 3 1224979098644774919 144115188075857200 -1 738 2 47 1224979098644774919 724 2 47 90 738 2 47 1224979098644774915 724 2 47 -90 738 2 47 144115188075857200 738 2 47 1224979098644774916 2105 2 144115188075857200 1224979098644774916 2011 1 47 3 0 
0.000000 0.000000 0.000000  4 1073741855 2 144115188075857110 3 2147484654 0 1073741855 2 144115188075857174 1 31 2 144115188075857243 0  87 4 0 1006 0 32 2 144115188075857306 -1 2133 2 1224979098644774912 144115188075857306 2133 2 1224979098644774913 500 5 0 2133 2 1224979098644774912 144115188075857307 2133 2 1224979098644774913 0 3 0 30 2 1224979098644774912 0 2133 2 1224979098644774914 0 4 0 70 1 144115188075857226 2105 2 144115188075857117 5 2133 2 1224979098644774914 1 4 0 70 1 29 2105 2 144115188075857113 5 3 0 5 0 70 1 144115188075857227 2106 2 144115188075857117 5 2133 2 1224979098644774914 1 4 0 70 1 29 2106 2 144115188075857113 5 3 0 5 0 70 1 144115188075857230 2105 2 144115188075857116 5 2133 2 1224979098644774914 1 4 0 70 1 29 2105 2 144115188075857112 5 3 0 5 0 70 1 144115188075857231 2106 2 144115188075857116 5 2133 2 1224979098644774914 1 4 0 70 1 29 2106 2 144115188075857112 5 3 0 3 0 4 0 70 1 29 4 0 70 1 144115188075857232 2106 2 144115188075857113 5 5 0 70 1 144115188075857233 2105 2 144115188075857113 5 3 0 3 0 4 0 31 2 1224979098644774914 1 62 1 0 2133 2 1224979098644774913 0 2001 1 1 3 0 1709 2 47 1224979098644774912 722 2 47 144115188075857117 721 2 47 144115188075857116 725 2 47 144115188075857114 723 2 47 144115188075857112 724 2 47 144115188075857113 1714 2 1224979098644774915 1224979098644774912 4 0 30 2 1224979098644774915 0 722 2 47 90 2108 2 1224979098644774913 2 3 0 793 2 1224979098644774916 47 4 0 2147483680 2 1224979098644774916 0 791 1 47 722 2 47 15 3 0 4 0 1 1 936748722493063894 2147484654 0 5 0 32 2 1224979098644774913 0 2012 3 47 1224979098644774913 0 5 0 2011 1 47 3 0 
0.000000 0.500000 1.000000  4 1073741895 1 238 71 1 144115188075857228 1006 0 31 2 144115188075857110 3  1 1 1 936748722493063896 
0.000000 0.500000 1.000000  4 1073741895 1 239 71 1 144115188075857229 1006 0 31 2 144115188075857110 3  1 1 1 936748722493063897 
0.000000 0.000000 0.000000  4 31 2 144115188075857105 0 31 2 144115188075857110 1 1073741855 2 144115188075857174 1 31 2 144115188075857243 0  61 2010 1 47 2133 2 1224979098644774912 0 2133 2 1224979098644774913 0 2133 2 1224979098644774914 0 2133 2 1224979098644774915 0 2133 2 1224979098644774916 0 2133 2 1224979098644774917 0 4 0 72 1 2 2106 2 1224979098644774915 10 5 0 72 1 3 2105 2 1224979098644774915 10 3 0 720 2 47 1224979098644774915 4 0 72 1 0 2105 2 1224979098644774916 10 5 0 72 1 1 2106 2 1224979098644774916 10 3 0 721 2 47 1224979098644774916 4 0 70 1 144115188075857226 2105 2 1224979098644774917 10 5 0 70 1 144115188075857227 2106 2 1224979098644774917 10 3 0 722 2 47 1224979098644774917 4 0 70 1 144115188075857232 2105 2 1224979098644774914 1 5 0 70 1 144115188075857233 2106 2 1224979098644774914 1 3 0 725 2 47 1224979098644774914 4 0 70 1 144115188075857228 2105 2 1224979098644774913 1 5 0 70 1 144115188075857229 2106 2 1224979098644774913 1 3 0 724 2 47 1224979098644774913 4 0 70 1 144115188075857230 2105 2 1224979098644774912 1 5 0 70 1 144115188075857231 2106 2 1224979098644774912 1 3 0 723 2 47 1224979098644774912 4 0 1 1 936748722493063894 5 0 2001 1 1 2011 1 47 3 0 
0.000000 0.000000 1.000000  6 2147484654 0 73 1 9 1700 1 1224979098644774912 1726 3 1224979098644774913 1224979098644774912 0 32 2 1224979098644774913 0 567 3 1224979098644774913 5 1  12 1700 1 1224979098644774912 1726 3 1224979098644774913 1224979098644774912 0 527 3 1224979098644774914 1224979098644774913 5 32 2 1224979098644774914 1 6 3 1224979098644774915 0 4 1804 3 1224979098644774916 1224979098644774912 1224979098644774915 31 2 1224979098644774916 1224979098644774913 1542 3 1224979098644774917 360287970189639680 1224979098644774915 1774 3 1224979098644774912 1224979098644774913 1224979098644774915 1779 4 1224979098644774912 1224979098644774914 1224979098644774915 1224979098644774917 1747 2 1224979098644774912 1224979098644774914 3 0 
0.000000 0.000000 1.000000  6 2147484654 0 71 1 35 1700 1 1224979098644774912 1804 3 1224979098644774913 1224979098644774912 4 32 2 1224979098644774913 0 567 3 1224979098644774913 5 1  9 1700 1 1224979098644774912 1804 3 1224979098644774913 1224979098644774912 4 527 3 1224979098644774914 1224979098644774913 5 32 2 1224979098644774914 1 1542 3 1224979098644774915 360287970189639680 4 1774 3 1224979098644774912 1224979098644774913 4 1779 4 1224979098644774912 1224979098644774914 4 1224979098644774915 1740 3 1224979098644774912 1801439850948198570 1 600 1 1152921504606847167 
-71.000000 0.000000 0.000000  3 2071 1 1224979098644774912 1073741855 2 1224979098644774912 10 31 2 1224979098644774912 9  3 2071 1 1224979098644774912 2072 1 1224979098644774913 1 3 936748722493063563 1224979098644774912 1224979098644774913 
-57.000000 0.000000 0.000000  2 2072 1 1224979098644774912 31 2 1224979098644774912 0  3 2071 1 1224979098644774912 1774 2 1224979098644774912 0 1732 1 1224979098644774912 
3.000000 0.000000 0.000000  1 2147483678 2 144115188075857222 3  13 12 1 1224979098644774912 1712 1 1224979098644774912 1702 1 1224979098644774912 1704 1 1224979098644774912 1707 1 1224979098644774912 6 3 1224979098644774913 0 4 1804 3 1224979098644774914 1224979098644774912 1224979098644774913 32 2 1224979098644774914 0 2723 2 1224979098644774914 2147483648 1774 2 1224979098644774912 1224979098644774914 3 0 3 0 2105 2 144115188075857222 1 
-19.000000 0.000000 0.000000  0  8 2133 2 144115188075857176 0 2133 2 144115188075857174 0 2147483679 2 144115188075857243 0 2133 2 144115188075856012 1 1617 1 648518346341351430 1 3 936748722493063350 648518346341351430 648518346341351424 47 1 360287970189639680 2133 2 144115188075857175 360287970189639680 
5.000000 0.000000 0.000000  3 2147483679 2 144115188075857243 0 1700 1 1224979098644774912 2147485350 1 1224979098644774912  98 2124 1 100 1700 1 1224979098644774912 1770 2 1224979098644774913 1224979098644774912 1765 2 1224979098644774914 1224979098644774912 1710 2 1 1224979098644774912 2133 2 1224979098644774915 0 2133 2 1224979098644774916 -1 2133 2 1224979098644774917 -1 2133 2 1224979098644774918 1000000 12 1 1224979098644774919 31 2 1224979098644774916 -1 1704 1 1224979098644774919 1702 1 1224979098644774919 1770 2 1224979098644774920 1224979098644774919 31 2 1224979098644774920 1224979098644774913 1716 2 1224979098644774921 1224979098644774919 31 2 1224979098644774921 648518346341351424 1718 2 1224979098644774922 1224979098644774919 33 3 1224979098644774922 360287970189639979 360287970189639995 540 3 1224979098644774922 2 5 1710 2 2 1224979098644774919 711 3 1224979098644774923 1 2 2147483678 2 1224979098644774923 1224979098644774918 2133 2 1224979098644774916 1224979098644774922 2133 2 1224979098644774917 1224979098644774919 2133 2 1224979098644774918 1224979098644774923 2322 2 31 1224979098644774916 1106 2 1585267068834414921 5308240 3 0 4 0 31 2 1224979098644774916 -1 31 2 144115188075857243 2 12 1 1224979098644774919 31 2 1224979098644774916 -1 1704 1 1224979098644774919 1702 1 1224979098644774919 1770 2 1224979098644774920 1224979098644774919 31 2 1224979098644774920 1224979098644774913 1718 2 1224979098644774922 1224979098644774919 1716 2 1224979098644774921 1224979098644774919 31 2 1224979098644774921 648518346341351424 1710 2 2 1224979098644774919 711 3 1224979098644774923 1 2 2147483678 2 1224979098644774923 1224979098644774918 2133 2 1224979098644774916 1224979098644774922 2133 2 1224979098644774917 1224979098644774919 2133 2 1224979098644774918 1224979098644774923 2322 2 31 1224979098644774916 1106 2 1585267068834414921 5308240 3 0 3 0 4 0 30 2 1224979098644774916 1 30 2 1224979098644774917 0 1 3 936748722493064062 1224979098644774916 360287970189641434 2133 2 144115188075857175 1224979098644774916 47 1 1224979098644774916 1720 3 1224979098644774924 1224979098644774917 1 1710 2 1 1224979098644774917 731 2 1 -2000 729 2 1 0 730 2 1 0 1710 2 0 1224979098644774917 1970 1 0 1714 2 1224979098644774925 1224979098644774917 4 0 32 2 1224979098644774925 0 1711 2 1224979098644774925 1 1755 1 1224979098644774925 3 0 1711 2 1224979098644774917 1 505 3 1224979098644774917 100 1 525 3 1224979098644774926 1224979098644774917 102 1755 1 1224979098644774917 2133 2 144115188075857202 1 1972 1 1224979098644774916 2133 2 144115188075857202 0 2133 2 1224979098644774912 72057594037927936 505 3 1224979098644774912 102 1224979098644774926 1771 2 1224979098644774912 1224979098644774913 1721 3 1224979098644774912 1224979098644774924 1 1766 2 1224979098644774912 1224979098644774914 505 3 1224979098644774912 100 2 505 3 1224979098644774912 101 1224979098644774916 4 0 1714 2 1224979098644774927 1224979098644774912 32 2 1224979098644774927 0 2147483678 2 1224979098644774925 0 1711 2 1224979098644774927 1 1755 1 1224979098644774927 3 0 47 1 360287970189639680 2133 2 1224979098644774915 1 2133 2 144115188075857176 1 3 0 31 2 1224979098644774916 -1 31 2 1224979098644774915 0 2133 2 144115188075857174 1 
0.000000 0.300000 0.000000  5 31 2 144115188075857329 1 1541 3 1224979098644774912 360287970189639680 5 30 2 1224979098644774912 0 2700 2 1224979098644774913 1224979098644774912 30 2 1224979098644774913 800  15 1700 1 1224979098644774912 1541 3 1224979098644774913 360287970189639680 5 30 2 1224979098644774913 0 2700 2 1224979098644774914 1224979098644774913 30 2 1224979098644774914 800 4 0 33 3 1224979098644774914 800 2100 2133 2 1224979098644774915 1152921504606847156 5 0 30 2 1224979098644774914 2100 2133 2 1224979098644774915 1152921504606847157 3 0 1768 2 1224979098644774916 1224979098644774912 33 3 1224979098644774916 1801439850948198426 1801439850948198522 1750 2 1224979098644774912 1224979098644774915 
-25.000000 0.000000 0.000000  0  10 2071 1 1224979098644774912 1712 1 1224979098644774912 1702 1 1224979098644774912 4 0 1804 3 1224979098644774913 1224979098644774912 6 31 2 1224979098644774913 -1 1804 3 1224979098644774914 1224979098644774912 5 32 2 1224979098644774914 0 1779 2 1224979098644774912 288230376151713382 3 0 
-26.000000 0.000000 0.000000  0  94 2071 1 1224979098644774912 2072 1 1224979098644774913 2073 1 1224979098644774914 30 2 1224979098644774912 0 1704 1 1224979098644774912 1718 2 1224979098644774915 1224979098644774912 2147485155 1 1224979098644774915 4 0 2147485354 1 1224979098644774912 1610 3 648518346341351442 1224979098644774915 1 3 0 4 0 1073741855 2 1224979098644774915 360287970189641349 31 2 1224979098644774915 360287970189641350 2133 2 1224979098644774914 1 5 0 32 2 1224979098644774913 -1 1726 3 1224979098644774916 1224979098644774913 0 4 0 2147483678 2 1224979098644774916 0 2133 2 1224979098644774916 0 3 0 4 0 1770 2 1224979098644774917 1224979098644774912 1792 2 1224979098644774918 1224979098644774917 4 0 32 2 1224979098644774918 -1 2147485355 1 1224979098644774918 1685 3 1224979098644774919 648518346341351424 1369094286720630794 2107 2 1224979098644774919 3 2105 2 1224979098644774919 25 5 0 32 2 1224979098644774918 -1 1718 2 1224979098644774920 1224979098644774918 1507 1 1224979098644774920 2170 3 1224979098644774919 1369094286720630794 1224979098644774920 2107 2 1224979098644774919 3 2105 2 1224979098644774919 25 5 0 2133 2 1224979098644774919 20 4 0 31 2 144115188075857183 12 2105 2 1224979098644774919 10 3 0 3 0 4 0 31 2 144115188075857183 16 33 3 1224979098644774915 360287970189639738 360287970189639747 2106 2 1224979098644774919 25 3 0 4 0 31 2 144115188075857183 20 2105 2 1224979098644774919 10 3 0 3 0 2721 2 1224979098644774921 1224979098644774916 1 3 936748722493063977 0 101 2133 2 1224979098644774922 72057594037927936 4 0 31 2 1224979098644774921 2 2121 3 1224979098644774919 100 1224979098644774919 2108 2 1224979098644774919 8 32 2 1224979098644774922 1224979098644774919 2133 2 1224979098644774914 1 5 0 2147483680 2 1224979098644774922 1224979098644774919 2133 2 1224979098644774914 1 5 0 2133 2 1224979098644774914 0 3 0 3 0 4 0 31 2 1224979098644774916 288230376151713384 2075 1 2 5 0 31 2 1224979098644774914 1 2075 1 2 4 0 2147485354 1 1224979098644774912 1618 3 648518346341351442 1224979098644774915 1 3 0 5 0 31 2 1224979098644774914 0 2075 1 1 4 0 31 2 144115188075857183 21 1718 2 1224979098644774923 1224979098644774913 31 2 1224979098644774923 360287970189639680 1 2 936748722493064146 1 3 0 5 0 2075 1 0 3 0 1 3 936748722493063496 1224979098644774912 1224979098644774913 
0.050000 0.000000 0.000000  2 2147483679 2 144115188075857204 0 2147484551 1 144115188075857203  3 900 1 144115188075857204 2133 2 144115188075857203 144115188075857204 2133 2 144115188075857204 0 
-25.000000 0.000000 0.000000  0  2 2071 1 1224979098644774912 505 3 1224979098644774912 10 0 
0.000000 0.000000 0.000000  1 73 1 22  7 4 0 903 1 1513209474796486719 902 1 0 5 0 902 1 0 2133 2 144115188075857204 1513209474796486719 3 0 
-20.000000 0.000000 100000000.000000  0  13 1700 1 144115188075857205 4 0 31 2 144115188075857205 -1 2133 2 144115188075857206 -1 5 0 1765 2 144115188075857206 144115188075857205 3 0 2124 1 100 1799 2 2 3 726 2 144115188075857207 3 727 2 144115188075857208 3 726 2 144115188075857209 2 727 2 144115188075857210 2 


mst_castle_attack_walls_ladder_staged_two castle_attack_walls_ladder_staged_two 65538  -1
You_attack_the_walls_of_the_castle... 

12 0 8320 256 16 12 0  
0 8320 256 16 0 0  
10 4160 256 16 0 0  
11 4160 256 16 7 0  
15 4160 256 16 0 0  
40 135232 256 16 1 0  
41 135232 256 16 1 0  
42 135232 256 16 1 0  
43 135232 256 16 1 0  
44 135232 256 16 1 0  
45 135232 256 16 1 0  
46 135232 256 16 1 0  
44
-19.000000 0.000000 0.000000  0  3 1796 3 0 2 1 1796 3 1 3 1 1 1 936748722493063528 
-21.000000 0.000000 0.000000  0  15 4 0 31 2 144115188075856297 1 1 1 936748722493063624 1907 1 0 5 0 31 2 144115188075857105 0 1073742830 0 31 2 144115188075856292 1 1121 1 216172782113783948 5 0 1 1 936748722493063406 1121 1 216172782113783948 5 0 1106 1 216172782113783952 3 0 
-25.000000 0.000000 0.000000  0  3 2071 1 1224979098644774912 1718 2 1224979098644774913 1224979098644774912 1 4 936748722493063611 1729382256910270468 1224979098644774912 1224979098644774913 
-8.000000 0.000000 0.000000  0  16 2071 1 1224979098644774912 31 2 1224979098644774912 0 2133 2 144115188075856292 0 1700 1 1224979098644774913 1770 2 1224979098644774914 1224979098644774913 4 0 2147483679 2 144115188075856303 1224979098644774914 2147483679 2 144115188075856305 1224979098644774914 2320 2 5 216172782113784205 1 4 936748722493063508 8 15 0 5 0 2320 2 5 216172782113784204 1 4 936748722493063508 5 20 0 3 0 1 1 936748722493063624 1907 1 0 
0.000000 0.000000 100000000.000000  0  6 2133 2 144115188075856297 0 2133 2 144115188075856298 0 2133 2 144115188075856299 0 1 2 936748722493063691 262144 1 1 936748722493063893 2133 2 144115188075857222 0 
30.000000 0.000000 0.000000  0  1 1 1 936748722493063692 
0.000000 0.000000 100000000.000000  4 2133 2 144115188075856302 0 2133 2 144115188075856303 1 2133 2 144115188075856304 2 2133 2 144115188075856305 3  0 
0.000000 1.000000 100000000.000000  31 4 0 31 2 144115188075857104 0 12 1 1224979098644774912 1712 1 1224979098644774912 1770 2 1224979098644774913 1224979098644774912 1073741855 2 1224979098644774913 144115188075856302 31 2 1224979098644774913 144115188075856304 1718 2 1224979098644774914 1224979098644774912 2147485155 1 1224979098644774914 153 1 1224979098644774914 154 1 1224979098644774914 152 1 1224979098644774914 2133 2 1224979098644774915 4 6 3 1224979098644774916 0 1224979098644774915 1804 3 1224979098644774917 1224979098644774912 1224979098644774916 32 2 1224979098644774917 -1 1570 2 1224979098644774918 1224979098644774917 33 3 1224979098644774918 8 10 2133 2 1224979098644774915 0 2325 2 2 1224979098644774917 3 0 2332 2 1 1224979098644774912 1106 1 1585267068834414930 4 0 31 2 1224979098644774915 0 1783 2 1224979098644774912 1 5 0 1783 2 1224979098644774912 0 3 0 3 0 3 0  16 1107 1 0 1780 2 10 10 6 3 1224979098644774912 0 9 2147483679 2 1224979098644774912 1 1790 3 144115188075856302 1224979098644774912 0 1790 3 144115188075856302 1224979098644774912 7 1790 3 144115188075856302 1224979098644774912 7 1790 3 144115188075856304 1224979098644774912 0 1790 3 144115188075856304 1224979098644774912 7 1790 3 144115188075856304 1224979098644774912 7 3 0 1790 3 144115188075856302 1 11 1791 3 144115188075856302 9 10 1790 3 144115188075856304 1 11 1791 3 144115188075856304 9 10 1107 1 1 
0.000000 2.000000 100000000.000000  0  3 12 1 1224979098644774912 505 3 1224979098644774912 5 1 3 0 
3.000000 0.000000 5.000000  0  25 2147483678 2 144115188075856298 7 2370 1 1224979098644774912 30 2 1224979098644774912 10 2385 2 1224979098644774913 0 2147483678 2 1224979098644774913 8 1930 2 4 7 2105 2 144115188075856298 1 4 0 1700 1 1224979098644774914 1770 2 1224979098644774915 1224979098644774914 2147483679 2 1224979098644774915 144115188075856302 2147483679 2 1224979098644774915 144115188075856304 30 2 144115188075856298 2 1107 1 0 1790 3 144115188075856302 0 2 1790 3 144115188075856304 0 2 1790 3 144115188075856302 2 2 1790 3 144115188075856304 2 2 1107 1 1 30 2 144115188075856298 4 1107 1 0 1790 3 144115188075856302 9 2 1790 3 144115188075856304 9 2 1107 1 1 3 0 
2.000000 0.000000 0.000000  1 32 2 144115188075856298 0  1 1 1 936748722493063552 
1.000000 0.000000 5.000000  5 2147483678 2 144115188075856299 5 2370 1 1224979098644774912 30 2 1224979098644774912 10 2385 2 1224979098644774913 1 2147483678 2 1224979098644774913 6  2 1930 2 1 8 2105 2 144115188075856299 1 
2.000000 0.000000 0.000000  0  1 1 1 936748722493063507 
1.000000 60.000000 100000000.000000  10 2370 1 72057594037927937 30 2 72057594037927937 10 1003 1 5 1073741855 2 144115188075857105 0 2147484654 0 1906 1 1 1106 1 216172782113783831 2133 2 144115188075856297 1 2133 2 144115188075856168 1 1 1 936748722493063693  2 1 1 936748722493063624 1907 1 1 
10.000000 0.000000 0.000000  1 31 2 144115188075856297 1  1 1106 1 216172782113783831 
120.000000 0.000000 0.000000  0  10 1700 1 1224979098644774912 12 1 1224979098644774913 2147483679 2 1224979098644774913 1224979098644774912 1702 1 1224979098644774913 1704 1 1224979098644774913 1770 2 1224979098644774914 1224979098644774913 1073741855 2 1224979098644774914 144115188075856302 31 2 1224979098644774914 144115188075856304 1728 1 1224979098644774913 3 0 
1.000000 4.000000 0.000000  1 1006 0  20 4 0 1 1 936748722493063889 5 0 2133 2 144115188075856292 1 1700 1 1224979098644774912 1770 2 1224979098644774913 1224979098644774912 4 0 2147483679 2 144115188075856303 1224979098644774913 2147483679 2 144115188075856305 1224979098644774913 2320 2 5 216172782113784205 1 4 936748722493063508 8 15 0 5 0 2320 2 5 216172782113784204 1 4 936748722493063508 5 20 0 3 0 2133 2 144115188075856168 -1 1906 1 -1 1 1 936748722493063624 1907 1 0 3 0 
0.100000 0.000000 0.000000  1 903 1 1513209474796486719  1 1 1 936748722493063562 
-22.000000 0.000000 0.000000  1 1106 1 216172782113783923  0 
0.000000 1.500000 0.000000  20 73 1 5 1003 1 2 1700 1 72057594037927946 1702 1 72057594037927946 4 0 1714 2 72057594037927948 72057594037927946 30 2 72057594037927948 0 1740 2 72057594037927946 1801439850948198897 1740 2 72057594037927948 1801439850948198970 5 0 1740 2 72057594037927946 1801439850948198896 3 0 1718 2 72057594037927947 72057594037927946 4 0 31 2 144115188075857201 0 1 2 936748722493063959 72057594037927947 32 2 72057594037927937 -1 1750 2 72057594037927946 72057594037927937 3 0 2133 2 144115188075857201 1  1 2133 2 144115188075857201 2 
0.000000 0.000000 0.000000  2 31 2 144115188075857201 2 2147483720 1 5  9 1700 1 72057594037927946 1714 2 72057594037927948 72057594037927946 4 0 30 2 72057594037927948 0 1740 2 72057594037927946 1801439850948198899 5 0 1740 2 72057594037927946 1801439850948198898 3 0 2133 2 144115188075857201 0 
-20.000000 0.000000 0.000000  0  2 2008 1 4278190080 2009 2 0 2500 
-25.000000 0.000000 0.000000  1 30 2 144115188075856199 4  21 2071 1 1224979098644774912 1704 1 1224979098644774912 1718 2 1224979098644774913 1224979098644774912 2147485155 1 1224979098644774913 2173 2 1224979098644774914 1224979098644774913 4 0 1716 2 1224979098644774915 1224979098644774912 132 1 1224979098644774915 2204 2 1224979098644774916 1224979098644774915 1 3 936748722493063852 360287970189639680 1224979098644774916 30 2 72057594037927936 60 2133 2 1224979098644774914 432345564227567630 3 0 522 3 1224979098644774917 1224979098644774914 40 2136 3 1224979098644774918 -100 1224979098644774917 4 0 2147483680 2 1224979098644774918 0 1505 2 1224979098644774913 0 5 0 1505 2 1224979098644774913 1 3 0 
1.000000 0.000000 0.000000  1 31 2 144115188075857104 0  26 12 1 1224979098644774912 1702 1 1224979098644774912 1704 1 1224979098644774912 1714 2 1224979098644774913 1224979098644774912 4 0 30 2 1224979098644774913 0 1720 2 1224979098644774914 1224979098644774913 2121 3 1224979098644774915 100 1224979098644774914 4 0 2147483680 2 1224979098644774915 15 2108 2 1224979098644774915 2 2120 3 1224979098644774916 100 1224979098644774915 5 0 2107 2 1224979098644774915 2 2108 2 1224979098644774915 3 2121 3 1224979098644774916 115 1224979098644774915 3 0 1718 2 1224979098644774917 1224979098644774912 2170 3 1224979098644774918 24 1224979098644774917 2122 3 1224979098644774919 1224979098644774918 2 2105 2 1224979098644774919 100 2107 2 1224979098644774916 1224979098644774919 2108 2 1224979098644774916 100 1734 2 1224979098644774912 1224979098644774916 3 0 3 0 
0.000000 0.000000 0.000000  11 31 2 144115188075857110 2 1073741896 1 0 1073741896 1 1 1073741896 1 2 1073741896 1 3 1073741894 1 144115188075857228 1073741894 1 144115188075857229 1073741894 1 144115188075857227 1073741894 1 144115188075857226 1073741895 1 199 72 1 19  65 2124 1 10000 2010 1 47 2133 2 1224979098644774912 0 2133 2 1224979098644774913 0 2133 2 1224979098644774914 0 4 0 72 1 0 2105 2 1224979098644774913 10 5 0 72 1 1 2105 2 1224979098644774913 -10 3 0 4 0 72 1 3 2105 2 1224979098644774912 10 5 0 72 1 2 2105 2 1224979098644774912 -10 3 0 4 0 70 1 144115188075857226 2105 2 1224979098644774914 10 5 0 70 1 144115188075857227 2105 2 1224979098644774914 -10 3 0 4 0 72 1 19 2107 2 1224979098644774912 4 2107 2 1224979098644774913 4 2107 2 1224979098644774914 2 3 0 720 2 47 1224979098644774912 721 2 47 1224979098644774913 722 2 47 1224979098644774914 2011 1 47 4 0 70 1 144115188075857228 30 2 144115188075857188 4 30 2 144115188075857189 3 2106 2 144115188075857188 4 2106 2 144115188075857189 3 2119 3 72057594037927942 144115188075857188 100 2119 3 72057594037927943 144115188075857189 75 4 0 31 2 72057594037927942 0 31 2 72057594037927943 0 2133 2 72057594037927944 144115188075857188 2133 2 72057594037927945 144115188075857189 1106 1 1585267068834414919 3 0 5 0 70 1 144115188075857229 2105 2 144115188075857188 4 2105 2 144115188075857189 3 2119 3 72057594037927942 144115188075857188 100 2119 3 72057594037927943 144115188075857189 75 4 0 31 2 72057594037927942 0 31 2 72057594037927943 0 2133 2 72057594037927944 144115188075857188 2133 2 72057594037927945 144115188075857189 1106 1 1585267068834414920 3 0 3 0 
0.000000 0.000000 0.000000  1 31 2 144115188075857110 2  138 2124 1 10000 4 0 1073742727 1 1513209474796486719 1073741895 1 1 1073741895 1 16 71 1 15 31 2 144115188075857190 0 2133 2 144115188075857190 1 2133 2 144115188075857191 144115188075857194 2133 2 144115188075857192 144115188075857195 3 0 2133 2 1224979098644774912 0 4 0 2147484551 1 1513209474796486719 75 1 1 726 2 72057594037927937 1 727 2 72057594037927938 1 2010 1 47 4 0 2147483679 2 144115188075857190 1 4 0 31 2 72057594037927937 144115188075857196 31 2 72057594037927938 144115188075857197 3221225503 2 72057594037927937 144115188075857194 2147483679 2 72057594037927938 144115188075857195 2105 2 144115188075857193 1 4 0 30 2 144115188075857193 15 2133 2 144115188075857193 0 2133 2 144115188075857194 72057594037927937 2133 2 144115188075857195 72057594037927938 3 0 5 0 2133 2 1224979098644774912 1 2133 2 144115188075857193 0 3 0 2133 2 144115188075857196 72057594037927937 2133 2 144115188075857197 72057594037927938 5 0 4 0 2147483679 2 72057594037927937 144115188075857196 2147483679 2 72057594037927938 144115188075857197 2121 3 1224979098644774913 72057594037927937 144115188075857191 2121 3 1224979098644774914 72057594037927938 144115188075857192 33 3 1224979098644774913 -10 11 33 3 1224979098644774914 -10 11 2133 2 144115188075857190 0 2133 2 144115188075857194 144115188075857191 2133 2 144115188075857195 144115188075857192 5 0 2133 2 144115188075857194 72057594037927937 2133 2 144115188075857195 72057594037927938 3 0 2133 2 144115188075857196 72057594037927937 2133 2 144115188075857197 72057594037927938 3 0 3 0 2133 2 1224979098644774915 0 2133 2 1224979098644774916 0 2133 2 1224979098644774917 0 2133 2 1224979098644774918 0 4 0 70 1 144115188075857232 4 0 30 2 144115188075857198 0 2133 2 144115188075857198 -20 3 0 2105 2 144115188075857198 -1 2133 2 1224979098644774912 2 2133 2 1224979098644774917 -1 5 0 70 1 144115188075857233 4 0 2147483680 2 144115188075857198 0 2133 2 144115188075857198 20 3 0 2105 2 144115188075857198 1 2133 2 1224979098644774912 2 2133 2 1224979098644774917 1 5 0 2133 2 144115188075857198 0 2133 2 1224979098644774917 0 3 0 4 0 70 1 144115188075857230 4 0 2147483680 2 144115188075857199 0 2133 2 144115188075857199 15 3 0 2105 2 144115188075857199 1 2133 2 1224979098644774912 2 2133 2 1224979098644774918 1 5 0 70 1 144115188075857231 4 0 30 2 144115188075857199 0 2133 2 144115188075857199 -15 3 0 2105 2 144115188075857199 -1 2133 2 1224979098644774912 2 2133 2 1224979098644774918 -1 5 0 2133 2 144115188075857199 0 2133 2 1224979098644774918 0 3 0 4 0 31 2 1224979098644774912 1 2121 3 1224979098644774915 72057594037927937 144115188075857194 2121 3 1224979098644774916 72057594037927938 144115188075857195 5 0 31 2 1224979098644774912 2 4 0 2147483679 2 1224979098644774917 0 2112 3 144115188075857198 -80 80 2133 2 1224979098644774915 144115188075857198 3 0 4 0 2147483679 2 1224979098644774918 0 2112 3 144115188075857199 -45 45 2133 2 1224979098644774916 144115188075857199 3 0 3 0 4 0 30 2 1224979098644774912 1 2107 2 1224979098644774915 144115188075857188 2107 2 1224979098644774916 144115188075857189 2112 3 1224979098644774915 -80000 80001 2112 3 1224979098644774916 -60000 60001 2122 3 1224979098644774919 144115188075857200 -1 738 2 47 1224979098644774919 724 2 47 90 738 2 47 1224979098644774915 724 2 47 -90 738 2 47 144115188075857200 738 2 47 1224979098644774916 2105 2 144115188075857200 1224979098644774916 2011 1 47 3 0 
0.000000 0.000000 0.000000  4 1073741855 2 144115188075857110 3 2147484654 0 1073741855 2 144115188075857174 1 31 2 144115188075857243 0  87 4 0 1006 0 32 2 144115188075857306 -1 2133 2 1224979098644774912 144115188075857306 2133 2 1224979098644774913 500 5 0 2133 2 1224979098644774912 144115188075857307 2133 2 1224979098644774913 0 3 0 30 2 1224979098644774912 0 2133 2 1224979098644774914 0 4 0 70 1 144115188075857226 2105 2 144115188075857117 5 2133 2 1224979098644774914 1 4 0 70 1 29 2105 2 144115188075857113 5 3 0 5 0 70 1 144115188075857227 2106 2 144115188075857117 5 2133 2 1224979098644774914 1 4 0 70 1 29 2106 2 144115188075857113 5 3 0 5 0 70 1 144115188075857230 2105 2 144115188075857116 5 2133 2 1224979098644774914 1 4 0 70 1 29 2105 2 144115188075857112 5 3 0 5 0 70 1 144115188075857231 2106 2 144115188075857116 5 2133 2 1224979098644774914 1 4 0 70 1 29 2106 2 144115188075857112 5 3 0 3 0 4 0 70 1 29 4 0 70 1 144115188075857232 2106 2 144115188075857113 5 5 0 70 1 144115188075857233 2105 2 144115188075857113 5 3 0 3 0 4 0 31 2 1224979098644774914 1 62 1 0 2133 2 1224979098644774913 0 2001 1 1 3 0 1709 2 47 1224979098644774912 722 2 47 144115188075857117 721 2 47 144115188075857116 725 2 47 144115188075857114 723 2 47 144115188075857112 724 2 47 144115188075857113 1714 2 1224979098644774915 1224979098644774912 4 0 30 2 1224979098644774915 0 722 2 47 90 2108 2 1224979098644774913 2 3 0 793 2 1224979098644774916 47 4 0 2147483680 2 1224979098644774916 0 791 1 47 722 2 47 15 3 0 4 0 1 1 936748722493063894 2147484654 0 5 0 32 2 1224979098644774913 0 2012 3 47 1224979098644774913 0 5 0 2011 1 47 3 0 
0.000000 0.500000 1.000000  4 1073741895 1 238 71 1 144115188075857228 1006 0 31 2 144115188075857110 3  1 1 1 936748722493063896 
0.000000 0.500000 1.000000  4 1073741895 1 239 71 1 144115188075857229 1006 0 31 2 144115188075857110 3  1 1 1 936748722493063897 
0.000000 0.000000 0.000000  4 31 2 144115188075857105 0 31 2 144115188075857110 1 1073741855 2 144115188075857174 1 31 2 144115188075857243 0  61 2010 1 47 2133 2 1224979098644774912 0 2133 2 1224979098644774913 0 2133 2 1224979098644774914 0 2133 2 1224979098644774915 0 2133 2 1224979098644774916 0 2133 2 1224979098644774917 0 4 0 72 1 2 2106 2 1224979098644774915 10 5 0 72 1 3 2105 2 1224979098644774915 10 3 0 720 2 47 1224979098644774915 4 0 72 1 0 2105 2 1224979098644774916 10 5 0 72 1 1 2106 2 1224979098644774916 10 3 0 721 2 47 1224979098644774916 4 0 70 1 144115188075857226 2105 2 1224979098644774917 10 5 0 70 1 144115188075857227 2106 2 1224979098644774917 10 3 0 722 2 47 1224979098644774917 4 0 70 1 144115188075857232 2105 2 1224979098644774914 1 5 0 70 1 144115188075857233 2106 2 1224979098644774914 1 3 0 725 2 47 1224979098644774914 4 0 70 1 144115188075857228 2105 2 1224979098644774913 1 5 0 70 1 144115188075857229 2106 2 1224979098644774913 1 3 0 724 2 47 1224979098644774913 4 0 70 1 144115188075857230 2105 2 1224979098644774912 1 5 0 70 1 144115188075857231 2106 2 1224979098644774912 1 3 0 723 2 47 1224979098644774912 4 0 1 1 936748722493063894 5 0 2001 1 1 2011 1 47 3 0 
0.000000 0.000000 1.000000  6 2147484654 0 73 1 9 1700 1 1224979098644774912 1726 3 1224979098644774913 1224979098644774912 0 32 2 1224979098644774913 0 567 3 1224979098644774913 5 1  12 1700 1 1224979098644774912 1726 3 1224979098644774913 1224979098644774912 0 527 3 1224979098644774914 1224979098644774913 5 32 2 1224979098644774914 1 6 3 1224979098644774915 0 4 1804 3 1224979098644774916 1224979098644774912 1224979098644774915 31 2 1224979098644774916 1224979098644774913 1542 3 1224979098644774917 360287970189639680 1224979098644774915 1774 3 1224979098644774912 1224979098644774913 1224979098644774915 1779 4 1224979098644774912 1224979098644774914 1224979098644774915 1224979098644774917 1747 2 1224979098644774912 1224979098644774914 3 0 
0.000000 0.000000 1.000000  6 2147484654 0 71 1 35 1700 1 1224979098644774912 1804 3 1224979098644774913 1224979098644774912 4 32 2 1224979098644774913 0 567 3 1224979098644774913 5 1  9 1700 1 1224979098644774912 1804 3 1224979098644774913 1224979098644774912 4 527 3 1224979098644774914 1224979098644774913 5 32 2 1224979098644774914 1 1542 3 1224979098644774915 360287970189639680 4 1774 3 1224979098644774912 1224979098644774913 4 1779 4 1224979098644774912 1224979098644774914 4 1224979098644774915 1740 3 1224979098644774912 1801439850948198570 1 600 1 1152921504606847167 
-71.000000 0.000000 0.000000  3 2071 1 1224979098644774912 1073741855 2 1224979098644774912 10 31 2 1224979098644774912 9  3 2071 1 1224979098644774912 2072 1 1224979098644774913 1 3 936748722493063563 1224979098644774912 1224979098644774913 
-57.000000 0.000000 0.000000  2 2072 1 1224979098644774912 31 2 1224979098644774912 0  3 2071 1 1224979098644774912 1774 2 1224979098644774912 0 1732 1 1224979098644774912 
3.000000 0.000000 0.000000  1 2147483678 2 144115188075857222 3  13 12 1 1224979098644774912 1712 1 1224979098644774912 1702 1 1224979098644774912 1704 1 1224979098644774912 1707 1 1224979098644774912 6 3 1224979098644774913 0 4 1804 3 1224979098644774914 1224979098644774912 1224979098644774913 32 2 1224979098644774914 0 2723 2 1224979098644774914 2147483648 1774 2 1224979098644774912 1224979098644774914 3 0 3 0 2105 2 144115188075857222 1 
-19.000000 0.000000 0.000000  0  8 2133 2 144115188075857176 0 2133 2 144115188075857174 0 2147483679 2 144115188075857243 0 2133 2 144115188075856012 1 1617 1 648518346341351430 1 3 936748722493063350 648518346341351430 648518346341351424 47 1 360287970189639680 2133 2 144115188075857175 360287970189639680 
5.000000 0.000000 0.000000  3 2147483679 2 144115188075857243 0 1700 1 1224979098644774912 2147485350 1 1224979098644774912  98 2124 1 100 1700 1 1224979098644774912 1770 2 1224979098644774913 1224979098644774912 1765 2 1224979098644774914 1224979098644774912 1710 2 1 1224979098644774912 2133 2 1224979098644774915 0 2133 2 1224979098644774916 -1 2133 2 1224979098644774917 -1 2133 2 1224979098644774918 1000000 12 1 1224979098644774919 31 2 1224979098644774916 -1 1704 1 1224979098644774919 1702 1 1224979098644774919 1770 2 1224979098644774920 1224979098644774919 31 2 1224979098644774920 1224979098644774913 1716 2 1224979098644774921 1224979098644774919 31 2 1224979098644774921 648518346341351424 1718 2 1224979098644774922 1224979098644774919 33 3 1224979098644774922 360287970189639979 360287970189639995 540 3 1224979098644774922 2 5 1710 2 2 1224979098644774919 711 3 1224979098644774923 1 2 2147483678 2 1224979098644774923 1224979098644774918 2133 2 1224979098644774916 1224979098644774922 2133 2 1224979098644774917 1224979098644774919 2133 2 1224979098644774918 1224979098644774923 2322 2 31 1224979098644774916 1106 2 1585267068834414921 5308240 3 0 4 0 31 2 1224979098644774916 -1 31 2 144115188075857243 2 12 1 1224979098644774919 31 2 1224979098644774916 -1 1704 1 1224979098644774919 1702 1 1224979098644774919 1770 2 1224979098644774920 1224979098644774919 31 2 1224979098644774920 1224979098644774913 1718 2 1224979098644774922 1224979098644774919 1716 2 1224979098644774921 1224979098644774919 31 2 1224979098644774921 648518346341351424 1710 2 2 1224979098644774919 711 3 1224979098644774923 1 2 2147483678 2 1224979098644774923 1224979098644774918 2133 2 1224979098644774916 1224979098644774922 2133 2 1224979098644774917 1224979098644774919 2133 2 1224979098644774918 1224979098644774923 2322 2 31 1224979098644774916 1106 2 1585267068834414921 5308240 3 0 3 0 4 0 30 2 1224979098644774916 1 30 2 1224979098644774917 0 1 3 936748722493064062 1224979098644774916 360287970189641434 2133 2 144115188075857175 1224979098644774916 47 1 1224979098644774916 1720 3 1224979098644774924 1224979098644774917 1 1710 2 1 1224979098644774917 731 2 1 -2000 729 2 1 0 730 2 1 0 1710 2 0 1224979098644774917 1970 1 0 1714 2 1224979098644774925 1224979098644774917 4 0 32 2 1224979098644774925 0 1711 2 1224979098644774925 1 1755 1 1224979098644774925 3 0 1711 2 1224979098644774917 1 505 3 1224979098644774917 100 1 525 3 1224979098644774926 1224979098644774917 102 1755 1 1224979098644774917 2133 2 144115188075857202 1 1972 1 1224979098644774916 2133 2 144115188075857202 0 2133 2 1224979098644774912 72057594037927936 505 3 1224979098644774912 102 1224979098644774926 1771 2 1224979098644774912 1224979098644774913 1721 3 1224979098644774912 1224979098644774924 1 1766 2 1224979098644774912 1224979098644774914 505 3 1224979098644774912 100 2 505 3 1224979098644774912 101 1224979098644774916 4 0 1714 2 1224979098644774927 1224979098644774912 32 2 1224979098644774927 0 2147483678 2 1224979098644774925 0 1711 2 1224979098644774927 1 1755 1 1224979098644774927 3 0 47 1 360287970189639680 2133 2 1224979098644774915 1 2133 2 144115188075857176 1 3 0 31 2 1224979098644774916 -1 31 2 1224979098644774915 0 2133 2 144115188075857174 1 
0.000000 0.300000 0.000000  5 31 2 144115188075857329 1 1541 3 1224979098644774912 360287970189639680 5 30 2 1224979098644774912 0 2700 2 1224979098644774913 1224979098644774912 30 2 1224979098644774913 800  15 1700 1 1224979098644774912 1541 3 1224979098644774913 360287970189639680 5 30 2 1224979098644774913 0 2700 2 1224979098644774914 1224979098644774913 30 2 1224979098644774914 800 4 0 33 3 1224979098644774914 800 2100 2133 2 1224979098644774915 1152921504606847156 5 0 30 2 1224979098644774914 2100 2133 2 1224979098644774915 1152921504606847157 3 0 1768 2 1224979098644774916 1224979098644774912 33 3 1224979098644774916 1801439850948198426 1801439850948198522 1750 2 1224979098644774912 1224979098644774915 
-25.000000 0.000000 0.000000  0  10 2071 1 1224979098644774912 1712 1 1224979098644774912 1702 1 1224979098644774912 4 0 1804 3 1224979098644774913 1224979098644774912 6 31 2 1224979098644774913 -1 1804 3 1224979098644774914 1224979098644774912 5 32 2 1224979098644774914 0 1779 2 1224979098644774912 288230376151713382 3 0 
-26.000000 0.000000 0.000000  0  94 2071 1 1224979098644774912 2072 1 1224979098644774913 2073 1 1224979098644774914 30 2 1224979098644774912 0 1704 1 1224979098644774912 1718 2 1224979098644774915 1224979098644774912 2147485155 1 1224979098644774915 4 0 2147485354 1 1224979098644774912 1610 3 648518346341351442 1224979098644774915 1 3 0 4 0 1073741855 2 1224979098644774915 360287970189641349 31 2 1224979098644774915 360287970189641350 2133 2 1224979098644774914 1 5 0 32 2 1224979098644774913 -1 1726 3 1224979098644774916 1224979098644774913 0 4 0 2147483678 2 1224979098644774916 0 2133 2 1224979098644774916 0 3 0 4 0 1770 2 1224979098644774917 1224979098644774912 1792 2 1224979098644774918 1224979098644774917 4 0 32 2 1224979098644774918 -1 2147485355 1 1224979098644774918 1685 3 1224979098644774919 648518346341351424 1369094286720630794 2107 2 1224979098644774919 3 2105 2 1224979098644774919 25 5 0 32 2 1224979098644774918 -1 1718 2 1224979098644774920 1224979098644774918 1507 1 1224979098644774920 2170 3 1224979098644774919 1369094286720630794 1224979098644774920 2107 2 1224979098644774919 3 2105 2 1224979098644774919 25 5 0 2133 2 1224979098644774919 20 4 0 31 2 144115188075857183 12 2105 2 1224979098644774919 10 3 0 3 0 4 0 31 2 144115188075857183 16 33 3 1224979098644774915 360287970189639738 360287970189639747 2106 2 1224979098644774919 25 3 0 4 0 31 2 144115188075857183 20 2105 2 1224979098644774919 10 3 0 3 0 2721 2 1224979098644774921 1224979098644774916 1 3 936748722493063977 0 101 2133 2 1224979098644774922 72057594037927936 4 0 31 2 1224979098644774921 2 2121 3 1224979098644774919 100 1224979098644774919 2108 2 1224979098644774919 8 32 2 1224979098644774922 1224979098644774919 2133 2 1224979098644774914 1 5 0 2147483680 2 1224979098644774922 1224979098644774919 2133 2 1224979098644774914 1 5 0 2133 2 1224979098644774914 0 3 0 3 0 4 0 31 2 1224979098644774916 288230376151713384 2075 1 2 5 0 31 2 1224979098644774914 1 2075 1 2 4 0 2147485354 1 1224979098644774912 1618 3 648518346341351442 1224979098644774915 1 3 0 5 0 31 2 1224979098644774914 0 2075 1 1 4 0 31 2 144115188075857183 21 1718 2 1224979098644774923 1224979098644774913 31 2 1224979098644774923 360287970189639680 1 2 936748722493064146 1 3 0 5 0 2075 1 0 3 0 1 3 936748722493063496 1224979098644774912 1224979098644774913 
0.050000 0.000000 0.000000  2 2147483679 2 144115188075857204 0 2147484551 1 144115188075857203  3 900 1 144115188075857204 2133 2 144115188075857203 144115188075857204 2133 2 144115188075857204 0 
-25.000000 0.000000 0.000000  0  2 2071 1 1224979098644774912 505 3 1224979098644774912 10 0 
0.000000 0.000000 0.000000  1 73 1 22  7 4 0 903 1 1513209474796486719 902 1 0 5 0 902 1 0 2133 2 144115188075857204 1513209474796486719 3 0 
-20.000000 0.000000 100000000.000000  0  13 1700 1 144115188075857205 4 0 31 2 144115188075857205 -1 2133 2 144115188075857206 -1 5 0 1765 2 144115188075857206 144115188075857205 3 0 2124 1 100 1799 2 2 3 726 2 144115188075857207 3 727 2 144115188075857208 3 726 2 144115188075857209 2 727 2 144115188075857210 2 


mst_castle_visit castle_visit 0  -1
Castle_visit 

47 0 4100 287 0 1 5  137 136 25 1503 675 
1 4100 256 0 1 5  137 136 25 1503 675 
2 4100 256 0 1 5  137 136 25 1503 675 
3 4100 256 0 1 5  137 136 25 1503 675 
4 4100 256 0 1 5  137 136 25 1503 675 
5 4112 256 0 1 5  137 136 25 1503 675 
6 4112 256 0 1 5  137 136 25 1503 675 
7 4112 256 0 1 5  137 136 25 1503 675 
8 4112 256 0 1 0  
9 4112 256 0 1 0  
10 4112 256 0 1 0  
11 4112 256 0 1 0  
12 4112 256 0 1 0  
13 4112 256 0 1 0  
14 4112 256 0 1 0  
15 4112 256 0 1 0  
16 4112 256 0 1 0  
17 4112 256 0 1 0  
18 4112 256 0 1 0  
19 4112 256 0 1 0  
20 4112 256 0 1 0  
21 4112 256 0 1 0  
22 4112 256 0 1 0  
23 4112 256 0 1 0  
24 4112 256 0 1 0  
25 4112 256 0 1 0  
26 4112 256 0 1 0  
27 4112 256 0 1 0  
28 4112 256 0 1 0  
29 4112 256 0 1 0  
30 4112 256 0 1 0  
31 4112 256 0 1 0  
32 4112 256 0 1 0  
33 4112 256 0 1 0  
34 4112 256 0 1 0  
35 4112 256 0 1 0  
36 4112 256 0 1 0  
37 4112 256 0 1 0  
38 4112 256 0 1 0  
39 4112 256 0 1 0  
40 4112 256 0 1 0  
41 4112 256 0 1 0  
42 4112 256 0 1 0  
43 4112 256 0 1 0  
44 4112 256 0 1 0  
45 4112 256 0 1 0  
46 4112 256 0 1 0  
12
-25.000000 0.000000 0.000000  0  21 2071 1 1224979098644774912 1 2 936748722493063541 1224979098644774912 1700 1 1224979098644774913 4 0 1073741855 2 144115188075856110 19 31 2 144115188075856110 18 1718 2 1224979098644774914 1224979098644774912 520 3 1224979098644774915 1224979098644774914 161 31 2 1224979098644774915 1 1771 2 1224979098644774912 0 1753 2 1224979098644774912 5 500 3 1224979098644774914 161 0 4 0 540 3 1224979098644774914 149 3 1710 2 1 1224979098644774912 1730 2 1224979098644774912 1 3 0 5 0 2147483679 2 1224979098644774913 1224979098644774912 1771 2 1224979098644774912 7 3 0 
-26.000000 0.000000 0.000000  0  12 2071 1 1224979098644774912 2072 1 1224979098644774913 1718 2 1224979098644774914 1224979098644774912 1718 2 1224979098644774915 1224979098644774913 4 0 1073741855 2 1224979098644774914 360287970189639776 1073741855 2 1224979098644774914 360287970189639803 1073741855 2 1224979098644774914 360287970189639836 31 2 1224979098644774914 360287970189639868 31 2 1224979098644774915 360287970189639680 1106 2 1585267068834414931 15785267 3 0 
1.000000 0.000000 0.000000  2 1073741855 2 144115188075856110 18 31 2 144115188075856110 19  2 1 1 936748722493063743 1936 0 
1.000000 0.000000 100000000.000000  1 31 2 144115188075856110 19  19 1700 1 1224979098644774912 2133 2 72057594037927942 1224979098644774912 1 1 936748722493063741 1700 1 1224979098644774912 1710 2 4 1224979098644774912 1651 2 1224979098644774913 144115188075856213 6 3 1224979098644774914 0 1224979098644774913 1656 3 1224979098644774915 144115188075856213 1224979098644774914 1507 1 1224979098644774915 560 3 1224979098644774915 149 2 2322 2 4 1224979098644774915 1106 1 216172782113786278 2211 1 1224979098644774916 1261 1 1224979098644774916 2211 1 1224979098644774916 1261 1 1224979098644774916 500 3 1224979098644774915 161 1 1265 5 24 1224979098644774915 1 0 0 3 0 
-21.000000 0.000000 0.000000  12 4 0 1073741855 2 144115188075856110 19 31 2 144115188075856110 18 1106 1 216172782113786879 5 0 1073741855 2 144115188075856156 0 31 2 144115188075856156 1 2075 1 1 1935 0 5 0 1106 1 216172782113786879 3 0  0 
-19.000000 0.000000 0.000000  0  2 1 1 936748722493063528 1 1 936748722493063530 
3.000000 0.000000 0.000000  1 1006 1 0  16 4 0 1073741855 2 144115188075856110 18 31 2 144115188075856110 19 1 1 936748722493063752 2060 1 864691128455135392 2133 2 1224979098644774912 360287970189640294 6 3 1224979098644774913 360287970189639979 1224979098644774912 500 3 1224979098644774913 149 0 3 0 1935 0 1907 1 0 5 0 1935 0 1907 1 0 2075 1 1 3 0 
3.000000 0.000000 0.000000  5 31 2 144115188075856110 19 2147484654 1 0 2370 1 1224979098644774912 30 2 1224979098644774912 10 1003 0  14 1 1 936748722493063752 12 1 1224979098644774912 1718 2 1224979098644774913 1224979098644774912 560 3 1224979098644774913 149 2 4 0 1702 1 1224979098644774912 500 3 1224979098644774913 149 4 5 0 500 3 1224979098644774913 149 5 3 0 3 0 2060 1 864691128455135358 1935 0 1907 1 0 
0.000000 0.300000 0.000000  5 31 2 144115188075857329 1 1541 3 1224979098644774912 360287970189639680 5 30 2 1224979098644774912 0 2700 2 1224979098644774913 1224979098644774912 30 2 1224979098644774913 800  15 1700 1 1224979098644774912 1541 3 1224979098644774913 360287970189639680 5 30 2 1224979098644774913 0 2700 2 1224979098644774914 1224979098644774913 30 2 1224979098644774914 800 4 0 33 3 1224979098644774914 800 2100 2133 2 1224979098644774915 1152921504606847156 5 0 30 2 1224979098644774914 2100 2133 2 1224979098644774915 1152921504606847157 3 0 1768 2 1224979098644774916 1224979098644774912 33 3 1224979098644774916 1801439850948198426 1801439850948198522 1750 2 1224979098644774912 1224979098644774915 
0.000000 0.000000 1.000000  6 2147484654 0 71 1 35 1700 1 1224979098644774912 1804 3 1224979098644774913 1224979098644774912 4 32 2 1224979098644774913 0 567 3 1224979098644774913 5 1  9 1700 1 1224979098644774912 1804 3 1224979098644774913 1224979098644774912 4 527 3 1224979098644774914 1224979098644774913 5 32 2 1224979098644774914 1 1542 3 1224979098644774915 360287970189639680 4 1774 3 1224979098644774912 1224979098644774913 4 1779 4 1224979098644774912 1224979098644774914 4 1224979098644774915 1740 3 1224979098644774912 1801439850948198570 1 600 1 1152921504606847167 
0.000000 0.000000 1.000000  6 2147484654 0 73 1 9 1700 1 1224979098644774912 1726 3 1224979098644774913 1224979098644774912 0 32 2 1224979098644774913 0 567 3 1224979098644774913 5 1  12 1700 1 1224979098644774912 1726 3 1224979098644774913 1224979098644774912 0 527 3 1224979098644774914 1224979098644774913 5 32 2 1224979098644774914 1 6 3 1224979098644774915 0 4 1804 3 1224979098644774916 1224979098644774912 1224979098644774915 31 2 1224979098644774916 1224979098644774913 1542 3 1224979098644774917 360287970189639680 1224979098644774915 1774 3 1224979098644774912 1224979098644774913 1224979098644774915 1779 4 1224979098644774912 1224979098644774914 1224979098644774915 1224979098644774917 1747 2 1224979098644774912 1224979098644774914 3 0 
-25.000000 0.000000 0.000000  0  10 2071 1 1224979098644774912 1712 1 1224979098644774912 1702 1 1224979098644774912 4 0 1804 3 1224979098644774913 1224979098644774912 6 31 2 1224979098644774913 -1 1804 3 1224979098644774914 1224979098644774912 5 32 2 1224979098644774914 0 1779 2 1224979098644774912 288230376151713382 3 0 


mst_training_ground_trainer_talk training_ground_trainer_talk 0  -1
Training. 

7 0 4100 271 0 1 0  
1 4100 271 0 1 0  
2 4100 271 0 1 0  
3 4100 271 0 1 0  
4 4100 271 0 1 0  
5 4100 271 0 1 0  
6 4100 0 0 1 0  
4
-19.000000 0.000000 0.000000  0  1 1 1 936748722493063528 
-22.000000 0.000000 0.000000  1 2075 1 1  0 
-21.000000 0.000000 0.000000  1 2075 1 1  0 
0.000000 1.000000 2.000000  1 2147483678 2 144115188075856307 2  5 4 0 31 2 144115188075856307 0 5 0 3 0 2105 2 144115188075856307 1 


mst_training_ground_trainer_training training_ground_trainer_training 1  -1
You_will_fight_a_match_in_the_arena. 

5 16 4112 511 16 1 3  27 17 41 
17 8208 511 16 1 2  25 41 
18 12304 511 16 1 2  25 41 
19 16400 511 16 1 2  18 41 
20 16 0 0 1 0  
7
-19.000000 0.000000 0.000000  0  1 1 1 936748722493063528 
-21.000000 0.000000 0.000000  0  1 1121 1 216172782113783949 
-25.000000 0.000000 100000000.000000  4 560 3 144115188075855987 36 4 2071 1 1224979098644774912 1718 2 1224979098644774913 1224979098644774912 31 2 1224979098644774913 144115188075856169  19 2071 1 1224979098644774912 1 2 936748722493063917 144115188075856169 2133 2 1224979098644774913 72057594037927936 1726 3 1224979098644774914 1224979098644774912 0 2147483679 2 1224979098644774914 1224979098644774913 1774 2 1224979098644774912 1224979098644774914 4 0 1726 3 1224979098644774914 1224979098644774912 1 32 2 1224979098644774914 0 2147483679 2 1224979098644774913 288230376151711761 1774 2 1224979098644774912 1224979098644774914 5 0 31 2 1224979098644774913 288230376151711761 31 2 1224979098644774914 -1 1779 2 1224979098644774912 288230376151711771 1747 2 1224979098644774912 288230376151711771 3 0 1779 2 1224979098644774912 1224979098644774913 1747 2 1224979098644774912 1224979098644774913 
-8.000000 0.000000 0.000000  0  8 2071 1 1224979098644774912 31 2 1224979098644774912 0 1911 1 792633534417207315 2211 1 1224979098644774913 1261 1 1224979098644774913 1262 0 1912 1 5 1910 1 1224979098644774913 
1.000000 3.000000 100000000.000000  1 1006 1 0  12 1911 1 792633534417207315 2211 1 1224979098644774912 1261 1 1224979098644774912 1262 0 1912 1 5 1910 1 1224979098644774912 2175 3 1224979098644774913 144115188075856169 0 520 3 1224979098644774914 144115188075855987 36 2121 3 1224979098644774914 9 1224979098644774914 2107 2 1224979098644774913 1224979098644774914 2108 2 1224979098644774913 10 1560 3 144115188075856169 1224979098644774913 0 
1.000000 3.000000 100000000.000000  5 2370 1 72057594037927937 30 2 72057594037927937 1 1005 1 1 2147484654 0 500 3 144115188075855987 32 1  4 1700 1 1224979098644774912 1 2 936748722493063908 1224979098644774912 1935 0 1920 1 144115188075855987 
-22.000000 0.000000 0.000000  1 1106 1 216172782113783924  0 


mst_training_ground_training training_ground_training 257  -1
Training. 

13 0 4112 511 16 1 1  25 
1 8208 511 16 1 1  25 
2 8208 511 16 1 1  25 
3 8208 511 16 1 1  25 
4 8208 511 16 1 1  25 
8 16 287 0 1 0  
9 16 287 0 1 0  
10 16 287 0 1 0  
11 16 287 0 1 0  
12 16 287 0 1 0  
13 16 287 0 1 0  
14 16 287 0 1 0  
15 16 287 0 1 0  
11
-25.000000 0.000000 0.000000  4 2071 1 1224979098644774912 1704 1 1224979098644774912 1804 3 1224979098644774913 1224979098644774912 6 2147483679 2 1224979098644774913 288230376151711785  18 2071 1 1224979098644774912 1718 2 1224979098644774913 1224979098644774912 2136 3 1224979098644774914 0 300 4 0 33 3 1224979098644774913 360287970189639979 360287970189639995 1 3 936748722493063904 1224979098644774913 0 5 0 1 2 936748722493063194 1224979098644774913 3 0 2105 2 1224979098644774914 72057594037927936 4 0 30 2 1224979098644774914 150 2136 3 1224979098644774915 1801439850948198853 1801439850948198856 1741 2 1224979098644774912 1224979098644774915 1740 2 1224979098644774912 1224979098644774915 2136 3 1224979098644774916 0 100 1743 2 1224979098644774912 1224979098644774916 3 0 
-26.000000 0.000000 0.000000  1 31 2 144115188075856156 1  23 2071 1 1224979098644774912 2072 1 1224979098644774913 1718 2 1224979098644774914 1224979098644774912 1685 3 1224979098644774915 648518346341351424 1369094286720630793 2107 2 1224979098644774915 5 2105 2 1224979098644774915 100 4 0 1507 1 1224979098644774914 2175 3 1224979098644774916 1224979098644774914 1 2107 2 1224979098644774916 1224979098644774915 2108 2 1224979098644774916 100 1560 3 1224979098644774914 1224979098644774916 1 5 0 2136 3 1224979098644774917 0 1224979098644774915 2147483678 2 1224979098644774917 25 1618 3 648518346341351424 1224979098644774914 1 3 0 4 0 1700 1 1224979098644774918 2072 1 1224979098644774913 31 2 1224979098644774918 1224979098644774913 1 1 936748722493063906 3 0 
-19.000000 0.000000 0.000000  0  2 2133 2 144115188075856308 0 1 1 936748722493063528 
-21.000000 0.000000 0.000000  0  1 1121 1 216172782113783949 
-8.000000 0.000000 0.000000  0  6 2071 1 1224979098644774912 31 2 1224979098644774912 0 2133 2 144115188075856309 0 1 1 936748722493063907 2060 1 864691128455135410 1907 0 
-22.000000 0.000000 0.000000  1 1106 1 216172782113783923  0 
0.000000 0.000000 100000000.000000  81 4 0 31 2 144115188075856156 2 2124 1 100 1780 2 1 0 701 1 2 730 2 2 144115188075856818 716 3 3 1 2 700 2 1 3 2133 2 1224979098644774912 10 2133 2 1224979098644774913 0 6 3 1224979098644774914 0 1224979098644774912 2121 3 1224979098644774915 1224979098644774914 1224979098644774913 1811 3 1224979098644774916 1080863910568919879 1224979098644774915 700 2 2 1 701 1 0 2136 3 1224979098644774917 0 360 725 2 2 1224979098644774917 2136 3 1224979098644774917 50 600 720 2 2 1224979098644774917 2136 3 1224979098644774917 0 360 717 3 3 1 2 725 2 0 1224979098644774917 716 3 4 0 3 716 3 2 1 4 791 1 2 722 2 2 150 2133 2 1224979098644774918 1 6 3 1224979098644774919 0 10 31 2 1224979098644774918 1 2147483679 2 1224979098644774915 1224979098644774919 1811 3 1224979098644774920 1080863910568919879 1224979098644774919 1850 2 3 1224979098644774920 710 3 1224979098644774921 2 3 2147483678 2 1224979098644774921 100 2133 2 1224979098644774918 0 3 0 4 0 31 2 1224979098644774918 0 2105 2 1224979098644774912 1 2105 2 1224979098644774913 1 5 0 1855 2 1224979098644774916 2 1860 3 1224979098644774916 2 1 1811 3 1224979098644774920 1080863910568919880 1224979098644774915 722 2 2 -150 1855 2 1224979098644774920 2 1860 3 1224979098644774920 2 1 3 0 3 0 5 0 31 2 144115188075856156 3 2133 2 1224979098644774922 0 6 3 1224979098644774914 0 100 1811 3 1224979098644774916 1080863910568919879 1224979098644774914 1811 3 1224979098644774920 1080863910568919880 1224979098644774914 30 2 1224979098644774916 0 30 2 1224979098644774920 0 2105 2 1224979098644774922 1 1850 2 0 1224979098644774920 722 2 0 150 1855 2 1224979098644774916 0 1860 3 1224979098644774916 0 1 3 0 2121 3 1224979098644774912 1224979098644774922 144115188075856817 6 3 1224979098644774914 0 1224979098644774912 2136 3 1224979098644774923 0 1224979098644774922 1811 3 1224979098644774916 1080863910568919879 1224979098644774923 1850 2 0 1224979098644774916 728 2 1224979098644774924 0 4 0 2147483678 2 1224979098644774924 -50000 5 0 731 2 0 -100000 1855 2 1224979098644774916 0 1860 3 1224979098644774916 0 1 1811 3 1224979098644774920 1080863910568919880 1224979098644774923 1855 2 1224979098644774920 0 1860 3 1224979098644774920 0 1 3 0 3 0 3 0  0 
1.000000 3.000000 100000000.000000  3 31 2 144115188075856156 1 1073742830 0 1005 1 1  19 4 0 2147484654 0 2133 2 144115188075856309 100 5 0 2133 2 1224979098644774912 0 12 1 1224979098644774913 1702 1 1224979098644774913 1704 1 1224979098644774913 1770 2 1224979098644774914 1224979098644774913 31 2 1224979098644774914 1 2105 2 1224979098644774912 1 3 0 2121 3 1224979098644774915 144115188075856815 1224979098644774912 2122 3 144115188075856309 1224979098644774915 100 2108 2 144115188075856309 144115188075856815 3 0 1 1 936748722493063907 2060 1 864691128455135410 1907 0 
1.000000 3.000000 100000000.000000  7 31 2 144115188075856156 2 1700 1 1224979098644774912 1727 2 1224979098644774913 1224979098644774912 2370 1 1224979098644774914 1073742830 0 1073741855 2 1224979098644774913 0 32 2 1224979098644774914 116  3 2122 3 144115188075856309 144115188075856310 10 2060 1 864691128455135410 1907 0 
1.000000 3.000000 100000000.000000  8 31 2 144115188075856156 3 1700 1 1224979098644774912 1714 2 1224979098644774913 1224979098644774912 2370 1 1224979098644774914 3221225502 2 1224979098644774913 0 1073742830 0 1073741854 2 144115188075856310 144115188075856817 32 2 1224979098644774914 120  4 2122 3 144115188075856309 144115188075856310 100 2108 2 144115188075856309 144115188075856817 2060 1 864691128455135410 1907 0 
0.000000 0.000000 0.000000  17 32 2 144115188075856308 0 4 0 31 2 144115188075856156 2 1780 2 1 0 721 3 1 100 0 1700 1 1224979098644774912 1710 2 2 1224979098644774912 4 0 714 2 2 1 2105 2 144115188075856310 144115188075856308 5 0 1106 1 1585267068834414932 3 0 5 0 2105 2 144115188075856310 144115188075856308 3 0 2133 2 144115188075856308 0  1 1 1 936748722493063906 


mst_sneak_caught_fight sneak_caught_fight 2  -1
You_must_fight_your_way_out! 

65 0 4100 447 16 1 5  137 136 25 1503 675 
1 4100 447 16 1 5  137 136 25 1503 675 
2 8208 256 16 1 0  
3 8208 256 16 1 0  
4 8208 256 16 1 0  
5 8208 256 16 1 0  
6 8208 256 16 1 0  
7 8208 256 16 1 0  
8 8208 256 16 1 0  
9 8208 256 16 1 0  
10 8208 256 16 1 0  
11 8208 256 16 1 0  
12 8208 256 16 1 0  
13 8208 256 16 1 0  
14 8208 256 16 1 0  
15 8208 256 16 1 0  
16 8208 256 16 1 0  
17 8208 256 16 1 0  
18 8208 256 16 1 0  
19 8208 256 16 1 0  
20 8208 256 16 1 0  
21 8208 256 16 1 0  
22 8208 256 16 1 0  
23 8208 256 16 1 0  
24 8208 256 16 1 0  
25 8208 256 16 1 0  
26 8208 256 16 1 0  
27 8208 256 16 1 0  
28 8208 256 16 1 0  
29 8208 256 16 1 0  
30 8208 256 16 1 0  
31 8208 256 16 1 0  
32 8208 256 16 1 0  
33 8208 256 16 1 0  
34 8208 256 16 1 0  
35 8208 256 16 1 0  
36 8208 256 16 1 0  
37 8208 256 16 1 0  
38 8208 256 16 1 0  
39 8208 256 16 1 0  
40 8208 256 16 1 0  
41 8208 256 16 1 0  
42 8208 256 16 1 0  
43 8208 256 16 1 0  
44 8208 256 16 1 0  
45 8208 256 16 1 0  
46 8208 256 16 1 0  
47 8208 256 16 1 0  
48 8208 256 16 1 0  
49 8208 256 16 1 0  
50 8208 256 16 1 0  
51 8208 256 16 1 0  
52 8208 256 16 1 0  
53 8208 256 16 1 0  
54 8208 256 16 1 0  
55 8208 256 16 1 0  
56 8208 256 16 1 0  
57 8208 256 16 1 0  
58 8208 256 16 1 0  
59 8208 256 16 1 0  
60 8208 256 16 1 0  
61 8208 256 16 1 0  
62 8208 256 16 1 0  
63 8208 256 16 1 0  
64 8208 256 16 1 0  
10
-19.000000 0.000000 0.000000  0  1 1 1 936748722493063528 
-20.000000 0.000000 0.000000  0  47 2133 2 1224979098644774912 5 4 0 521 3 1224979098644774913 144115188075856213 240 2270 1 1224979098644774914 2120 3 1224979098644774915 1224979098644774913 4 33 3 1224979098644774914 1224979098644774913 1224979098644774915 2133 2 1224979098644774912 2 5 0 1073741855 2 144115188075856110 19 31 2 144115188075856110 18 2133 2 1224979098644774912 4 3 0 4 0 1073741855 2 144115188075856110 19 31 2 144115188075856110 18 1780 2 0 7 5 0 541 3 144115188075856213 0 3 1780 2 0 0 5 0 1780 2 0 1 3 0 2133 2 1224979098644774916 -1 2133 2 1224979098644774917 -1 6 3 1224979098644774918 0 1224979098644774912 2133 2 1224979098644774919 100000 6 3 1224979098644774920 2 64 2147483679 2 1224979098644774917 1224979098644774920 1780 2 1 1224979098644774920 710 3 1224979098644774921 0 1 2147483678 2 1224979098644774921 1224979098644774919 32 2 1224979098644774921 1224979098644774916 2133 2 1224979098644774919 1224979098644774921 2133 2 1224979098644774922 1224979098644774920 3 0 2204 2 1224979098644774923 144115188075856213 4 0 1073741855 2 1224979098644774918 0 31 2 1224979098644774918 2 522 3 1224979098644774924 1224979098644774923 42 5 0 522 3 1224979098644774924 1224979098644774923 42 3 0 2133 2 1224979098644774917 1224979098644774922 2133 2 1224979098644774916 1224979098644774919 1265 4 1224979098644774922 1224979098644774924 1 0 3 0 
-21.000000 0.000000 0.000000  0  1 1121 1 216172782113783951 
-8.000000 0.000000 0.000000  0  4 2071 1 1224979098644774912 31 2 1224979098644774912 0 2060 1 864691128455135392 1907 1 0 
1.000000 0.000000 100000000.000000  0  2 600 1 1152921504606847118 1 2 936748722493063691 1024 
0.000000 3.000000 0.000000  1 1006 1 0  2 2060 1 864691128455135392 1907 1 0 
1.000000 0.000000 0.000000  0  16 1700 1 1224979098644774912 1710 2 0 1224979098644774912 12 1 1224979098644774913 2147483679 2 1224979098644774913 1224979098644774912 1702 1 1224979098644774913 1770 2 1224979098644774914 1224979098644774913 31 2 1224979098644774914 1 1710 2 1 1224979098644774913 710 3 1224979098644774915 0 1 4 0 2147483680 2 1224979098644774915 800 1735 1 1224979098644774913 5 0 1730 3 1224979098644774913 0 0 3 0 3 0 
5.000000 1.000000 100000000.000000  4 1005 1 1 2147484654 0 2370 1 1224979098644774912 30 2 1224979098644774912 5  3 2133 2 144115188075856062 -1 2060 1 864691128455135357 1907 1 1 
-30.000000 0.000000 100000000.000000  0  3 2133 2 144115188075856062 -1 2060 1 864691128455135358 1907 1 0 
-22.000000 0.000000 0.000000  1 1106 1 216172782113783924  0 


mst_ai_training ai_training 0  -1
You_start_training. 

1 0 0 0 16 30 0  
3
-21.000000 0.000000 0.000000  0  1 1907 1 0 
0.000000 0.000000 0.000000  2 73 1 22 2147484551 1 1513209474796486719  1 900 1 1513209474796486719 
0.100000 0.000000 0.000000  1 903 1 1513209474796486719  1 1 1 936748722493063562 


mst_camera_test camera_test 0  -1
camera_Test. 

0 2
1.000000 0.000000 0.000000  3 2001 1 1 1780 2 3 3 2011 1 3  0 
-21.000000 0.000000 0.000000  0  1 1907 1 0 


mst_arena_melee_fight arena_melee_fight 1  -1
You_enter_a_melee_fight_in_the_arena. 

102 0 4112 447 16 1 5  28 36 35 60 46 
1 4112 447 16 1 2  18 60 
2 4112 447 16 1 4  18 35 60 46 
3 4112 447 16 1 5  26 27 35 60 46 
4 4112 447 16 1 4  28 36 19 60 
5 4112 447 16 1 3  17 27 60 
6 4112 447 16 1 3  18 35 60 
7 4112 447 16 1 5  26 27 35 60 46 
8 8208 447 16 1 4  28 36 19 61 
9 8208 447 16 1 5  26 27 35 61 47 
10 8208 447 16 1 2  18 61 
11 8208 447 16 1 4  17 27 61 47 
12 8208 447 16 1 4  28 36 35 61 
13 8208 447 16 1 5  26 27 35 61 47 
14 8208 447 16 1 2  18 61 
15 8208 447 16 1 3  17 27 61 
16 12304 447 16 1 5  28 36 35 62 48 
17 12304 447 16 1 3  18 62 48 
18 12304 447 16 1 4  18 35 62 48 
19 12304 447 16 1 5  26 27 35 62 48 
20 12304 447 16 1 5  28 36 19 62 48 
21 12304 447 16 1 3  17 27 62 
22 12304 447 16 1 3  18 35 62 
23 12304 447 16 1 5  26 27 35 62 48 
24 16400 447 16 1 5  28 36 35 63 49 
25 16400 447 16 1 3  18 63 49 
26 16400 447 16 1 4  18 35 63 49 
27 16400 447 16 1 5  26 27 35 63 49 
28 16400 447 16 1 5  28 36 19 63 49 
29 16400 447 16 1 3  17 27 63 
30 16400 447 16 1 3  18 35 63 
31 16400 447 16 1 5  26 27 35 63 49 
32 8208 447 16 1 2  829 18 
33 12304 447 16 1 2  829 25 
34 16400 447 16 1 3  829 17 27 
35 20496 447 16 1 2  829 25 
36 8208 447 16 1 4  829 28 38 19 
37 12304 447 16 1 3  829 17 27 
38 16400 447 16 1 2  829 18 
39 20496 447 16 1 2  829 25 
24 16400 447 16 1 5  28 36 35 63 49 
24 16400 447 16 1 3  18 63 49 
24 16400 447 16 1 4  18 35 63 49 
24 16400 447 16 1 5  26 27 35 63 49 
24 16400 447 16 1 5  28 36 19 63 49 
24 16400 447 16 1 3  17 27 63 
24 16400 447 16 1 3  18 35 63 
24 16400 447 16 1 5  26 27 35 63 49 
24 16400 447 16 1 5  28 36 35 63 49 
24 16400 447 16 1 5  28 36 35 63 49 
50 4 287 0 1 0  
51 16 287 0 1 0  
52 16 256 0 1 0  
53 4 256 0 1 0  
54 4 256 0 1 0  
55 4 256 0 1 0  
56 4112 447 16 1 2  17 27 
57 4112 447 16 1 2  17 27 
58 16 384 0 1 0  
59 16 384 0 1 0  
60 16 384 0 1 0  
61 16 384 0 1 0  
62 16 384 0 1 0  
63 16 384 0 1 0  
64 16 384 0 1 0  
65 16 384 0 1 0  
66 16 384 0 1 0  
67 16 384 0 1 0  
68 16 384 0 1 0  
69 16 384 0 1 0  
70 16 384 0 1 0  
71 16 384 0 1 0  
72 16 384 0 1 0  
73 16 384 0 1 0  
74 16 384 0 1 0  
75 16 384 0 1 0  
76 16 384 0 1 0  
77 16 384 0 1 0  
78 16 384 0 1 0  
79 16 384 0 1 0  
80 16 384 0 1 0  
81 16 384 0 1 0  
82 16 384 0 1 0  
83 16 384 0 1 0  
84 16 384 0 1 0  
85 16 384 0 1 0  
86 16 384 0 1 0  
87 16 384 0 1 0  
88 16 384 0 1 0  
89 16 384 0 1 0  
90 16 384 0 1 0  
91 16 384 0 1 0  
92 16 384 0 1 0  
93 16 384 0 1 0  
94 16 384 0 1 0  
95 16 384 0 1 0  
96 16 384 0 1 0  
97 16 384 0 1 0  
98 16 384 0 1 0  
99 16 384 0 1 0  
100 16 384 0 1 0  
101 16 384 0 1 0  
13
-19.000000 0.000000 0.000000  0  16 1 1 936748722493063529 2133 2 144115188075856311 0 31 2 144115188075857177 0 4 0 6 3 1224979098644774912 60 80 2136 3 1224979098644774913 360287970189641642 360287970189641654 1941 2 792633534417207321 1224979098644774912 1263 2 1224979098644774912 1224979098644774913 3 0 6 3 1224979098644774914 80 101 2136 3 1224979098644774915 360287970189641629 360287970189641641 1941 2 792633534417207321 1224979098644774914 1263 2 1224979098644774914 1224979098644774915 3 0 3 0 600 2 1152921504606847146 2 
-22.000000 0.000000 0.000000  1 1106 1 216172782113783924  0 
-21.000000 0.000000 0.000000  0  6 4 0 31 2 144115188075856156 2 2075 1 1 5 0 1121 1 216172782113783949 3 0 
-8.000000 0.000000 0.000000  0  11 2071 1 1224979098644774912 31 2 1224979098644774912 0 4 0 31 2 144115188075856156 3 1 2 936748722493063222 0 5 0 31 2 144115188075856156 1 1700 1 1224979098644774913 1723 3 144115188075856312 1224979098644774913 1 3 0 1907 1 0 
1.000000 0.000000 100000000.000000  0  16 31 2 144115188075856156 2 600 2 1152921504606847146 2 1 2 936748722493063691 65536 2211 1 72057594037927937 503 3 72057594037927937 0 1 1935 0 1700 1 1224979098644774912 2133 2 1224979098644774913 0 12 1 1224979098644774914 2147483679 2 1224979098644774914 1224979098644774912 1718 2 1224979098644774915 1224979098644774914 33 3 1224979098644774915 360287970189639690 360287970189639912 31 2 1224979098644774913 0 1771 2 1224979098644774914 1 2133 2 1224979098644774913 1 3 0 
0.000000 0.000000 100000000.000000  0  13 31 2 144115188075856156 3 600 2 1152921504606847146 2 1 2 936748722493063691 131072 6 3 1224979098644774912 60 80 2136 3 1224979098644774913 360287970189641603 360287970189641615 1941 2 792633534417207321 1224979098644774912 1263 2 1224979098644774912 1224979098644774913 3 0 6 3 1224979098644774914 80 101 2136 3 1224979098644774915 360287970189641616 360287970189641628 1941 2 792633534417207321 1224979098644774914 1263 2 1224979098644774914 1224979098644774915 3 0 
1.000000 4.000000 100000000.000000  3 31 2 144115188075856156 3 1073742830 0 1005 1 1  9 4 0 2147484654 0 1 2 936748722493063222 1 1 1 936748722493063693 1907 0 5 0 1 2 936748722493063222 0 1907 0 3 0 
-24.000000 0.000000 0.000000  0  2 31 2 144115188075856156 1 900 1 1513209474796486695 
0.000000 0.000000 100000000.000000  0  7 31 2 144115188075856156 1 600 2 1152921504606847146 2 2133 2 144115188075856313 40 2133 2 144115188075856311 0 2133 2 144115188075856312 0 2133 2 144115188075856314 0 1 2 936748722493063691 131072 
-25.000000 1.000000 0.000000  58 2071 1 1224979098644774912 1718 2 1224979098644774913 1224979098644774912 1718 2 1224979098644774914 1224979098644774912 1718 2 1224979098644774915 1224979098644774912 1718 2 1224979098644774916 1224979098644774912 2077 2 1224979098644774912 0 6 3 1224979098644774917 60 80 33 3 1224979098644774913 360287970189641642 360287970189641654 12 1 1224979098644774913 1782 1 1224979098644774917 2096 2 1224979098644774912 0 1755 1 1224979098644774912 5 0 1741 2 1224979098644774912 1801439850948198913 1740 2 1224979098644774912 1801439850948198913 2136 3 1224979098644774918 0 300 1743 2 1224979098644774912 1224979098644774918 3 0 3 0 6 3 1224979098644774919 80 101 33 3 1224979098644774914 360287970189641629 360287970189641641 12 1 1224979098644774914 1782 1 1224979098644774919 2096 2 1224979098644774912 0 1755 1 1224979098644774912 5 0 1741 2 1224979098644774912 1801439850948198914 1740 2 1224979098644774912 1801439850948198914 2136 3 1224979098644774918 0 300 1743 2 1224979098644774912 1224979098644774918 3 0 3 0 6 3 1224979098644774920 60 80 33 3 1224979098644774915 360287970189641603 360287970189641615 12 1 1224979098644774915 1782 1 1224979098644774920 2096 2 1224979098644774912 0 1755 1 1224979098644774912 5 0 1741 2 1224979098644774912 1801439850948198913 1740 2 1224979098644774912 1801439850948198913 2136 3 1224979098644774918 0 300 1743 2 1224979098644774912 1224979098644774918 3 0 3 0 6 3 1224979098644774921 80 101 33 3 1224979098644774916 360287970189641616 360287970189641628 12 1 1224979098644774916 1782 1 1224979098644774921 2096 2 1224979098644774912 0 1755 1 1224979098644774912 5 0 1741 2 1224979098644774912 1801439850948198914 1740 2 1224979098644774912 1801439850948198914 2136 3 1224979098644774918 0 300 1743 2 1224979098644774912 1224979098644774918 3 0 3 0  0 
1.000000 4.000000 100000000.000000  11 31 2 144115188075856156 1 2370 1 1224979098644774912 32 2 1224979098644774912 3 2133 2 1224979098644774913 0 4 0 30 2 144115188075856311 144115188075856313 1005 1 1 2133 2 1224979098644774913 1 3 0 1073741855 2 1224979098644774913 1 1006 0  18 1700 1 1224979098644774912 1723 3 144115188075856312 1224979098644774912 1 2133 2 144115188075856314 0 4 0 2147484654 0 2133 2 144115188075856314 1 3 0 2133 2 144115188075856156 2 1911 1 792633534417207321 521 3 1224979098644774913 144115188075856213 16 1261 1 1224979098644774913 1262 0 521 3 1224979098644774914 144115188075856213 87 1263 2 52 1224979098644774914 1263 2 35 360287970189639692 1263 2 36 360287970189639710 1912 1 50 1910 1 1224979098644774913 
0.200000 0.000000 0.000000  16 31 2 144115188075856156 1 2133 2 1224979098644774912 0 12 1 1224979098644774913 1704 1 1224979098644774913 1702 1 1224979098644774913 1770 2 1224979098644774914 1224979098644774913 33 3 1224979098644774914 0 7 2105 2 1224979098644774912 1 3 0 2147483678 2 1224979098644774912 7 2147484654 0 2370 1 1224979098644774915 1073741854 2 1224979098644774915 144115188075856315 3221225502 2 144115188075856311 6 1005 1 1 2147483678 2 144115188075856311 144115188075856313  24 2133 2 1224979098644774912 144115188075856311 2123 3 1224979098644774912 144115188075856311 6 2133 2 1224979098644774913 144115188075856311 2109 2 1224979098644774913 6 2105 2 1224979098644774912 1224979098644774913 2110 2 1224979098644774912 9 2105 2 1224979098644774912 360287970189639694 2133 2 1224979098644774914 10000 1700 1 1224979098644774915 1710 2 5 1224979098644774915 6 3 1224979098644774916 0 1224979098644774914 2136 3 1224979098644774917 32 40 2147483679 2 1224979098644774917 144115188075856157 1780 2 1 1224979098644774917 710 3 1224979098644774918 5 1 32 2 1224979098644774918 1200 2133 2 1224979098644774914 0 3 0 1265 3 1224979098644774917 1224979098644774912 1 2120 3 1224979098644774919 144115188075856311 1 2370 1 1224979098644774920 2120 3 144115188075856315 1224979098644774920 14 2123 3 1224979098644774921 1224979098644774919 3 2106 2 144115188075856315 1224979098644774921 
0.000000 0.000000 0.000000  1 31 2 144115188075856156 1  59 2133 2 1224979098644774912 6 2111 2 1224979098644774912 1 1700 1 1224979098644774913 6 3 1224979098644774914 0 6 500 3 360287970189641329 1224979098644774914 0 3 0 12 1 1224979098644774915 1704 1 1224979098644774915 1702 1 1224979098644774915 2147483679 2 1224979098644774915 1224979098644774913 545 3 1224979098644774915 7 1 1770 2 1224979098644774916 1224979098644774915 520 3 1224979098644774917 360287970189641329 1224979098644774916 2105 2 1224979098644774917 1 500 3 360287970189641329 1224979098644774916 1224979098644774917 3 0 2133 2 1224979098644774918 0 520 3 1224979098644774919 360287970189641329 0 6 3 1224979098644774914 1 6 560 3 360287970189641329 1224979098644774914 1224979098644774919 520 3 1224979098644774919 360287970189641329 1224979098644774914 2133 2 1224979098644774918 1224979098644774914 3 0 2133 2 1224979098644774920 0 520 3 1224979098644774921 360287970189641329 0 6 3 1224979098644774914 1 6 2147484208 3 360287970189641329 1224979098644774914 1224979098644774921 520 3 1224979098644774921 360287970189641329 1224979098644774914 2133 2 1224979098644774920 1224979098644774914 3 0 1723 3 1224979098644774922 1224979098644774913 1 2121 3 1224979098644774923 144115188075856311 1224979098644774922 264 1 1224979098644774924 2107 2 1224979098644774924 10 2106 2 1224979098644774923 1224979098644774924 12 1 1224979098644774915 1704 1 1224979098644774915 1702 1 1224979098644774915 545 3 1224979098644774915 7 0 1770 2 1224979098644774925 1224979098644774915 33 3 1224979098644774925 0 7 4 0 31 2 1224979098644774915 1224979098644774913 1771 2 1224979098644774915 6 5 0 2136 3 1224979098644774926 0 100 4 0 2147483678 2 1224979098644774926 1224979098644774923 1771 2 1224979098644774915 1224979098644774918 5 0 1771 2 1224979098644774915 1224979098644774920 3 0 3 0 505 3 1224979098644774915 7 1 4 0 2147483679 2 1224979098644774915 1224979098644774913 2105 2 144115188075856311 1 3 0 3 0 


mst_arena_challenge_fight arena_challenge_fight 17  -1
You_enter_a_melee_fight_in_the_arena. 

2 56 4112 0 16 1 0  
58 12304 0 16 1 0  
0


mst_duel_with_lord duel_with_lord 17  -1
You_enter_a_melee_fight_in_the_arena. 

4 0 4112 447 16 1 2  950 843 
16 8208 447 16 1 2  950 843 
23 4112 447 16 1 2  950 843 
24 8208 447 16 1 2  950 843 
6
-22.000000 0.000000 0.000000  1 1106 1 216172782113783923  0 
-21.000000 0.000000 0.000000  1 1106 1 216172782113786879  0 
-19.000000 0.000000 0.000000  0  2 1 1 936748722493063528 1 1 936748722493063530 
-30.000000 0.000000 100000000.000000  0  10 6 3 1224979098644774912 504403158265495576 504403158265495580 4 0 31 2 1224979098644774912 504403158265495576 2133 2 1224979098644774912 504403158265495603 3 0 200 1 1224979098644774912 546 3 1224979098644774912 2 144115188075856875 1 2 936748722493063580 1224979098644774912 1907 0 3 0 
0.000000 0.000000 100000000.000000  0  1 1 2 936748722493063691 131072 
1.000000 4.000000 100000000.000000  2 1073742830 0 1005 1 1  16 4 0 1006 0 2133 2 1224979098644774912 936748722493063580 5 0 2133 2 1224979098644774912 936748722493063579 3 0 6 3 1224979098644774913 504403158265495576 504403158265495580 4 0 31 2 1224979098644774913 504403158265495576 2133 2 1224979098644774913 504403158265495603 3 0 200 1 1224979098644774913 546 3 1224979098644774913 2 144115188075856875 1 2 1224979098644774912 1224979098644774913 3 0 1907 0 


mst_wedding wedding 0  -1
Wedding 

32 0 16 511 0 1 2  506 675 
1 16 511 0 1 3  148 149 150 
2 16 268435727 0 1 0  
3 16 511 0 1 2  505 680 
4 16 268435727 0 1 0  
5 16 268435727 0 1 0  
6 16 268435727 0 1 0  
7 16 268435727 0 1 0  
8 16 268435727 0 1 0  
9 16 268435727 0 1 0  
10 16 268435727 0 1 0  
11 16 268435727 0 1 0  
12 16 268435727 0 1 0  
13 16 268435727 0 1 0  
14 16 268435727 0 1 0  
15 16 268435727 0 1 0  
16 16 268435727 0 1 0  
17 16 268435727 0 1 0  
18 16 268435727 0 1 0  
19 16 268435727 0 1 0  
20 16 268435727 0 1 0  
21 16 268435727 0 1 0  
22 16 268435727 0 1 0  
23 16 268435727 0 1 0  
24 16 268435727 0 1 0  
25 16 268435727 0 1 0  
26 16 268435727 0 1 0  
27 16 268435727 0 1 0  
28 16 268435727 0 1 0  
29 16 268435727 0 1 0  
30 16 268435727 0 1 0  
31 16 268435727 0 1 0  
5
-21.000000 0.000000 0.000000  0  2 960 1 1 1907 1 0 
-8.000000 0.000000 0.000000  0  4 2071 1 1224979098644774912 31 2 1224979098644774912 0 960 1 1 1907 1 0 
-20.000000 0.000000 0.000000  0  3 2133 2 144115188075856928 0 601 2 1657324662872342687 2 960 1 0 
-25.000000 0.000000 0.000000  0  46 2071 1 1224979098644774912 1718 2 1224979098644774913 1224979098644774912 1506 2 1224979098644774914 1224979098644774913 2124 1 100 4 0 31 2 1224979098644774913 144115188075856921 5 0 31 2 1224979098644774913 144115188075856919 1762 2 1224979098644774912 1 701 1 1 731 2 1 -1000 1711 2 1224979098644774912 1 5 0 31 2 1224979098644774913 144115188075856920 1762 2 1224979098644774912 1 701 1 1 731 2 1 -1000 1711 2 1224979098644774912 1 5 0 31 2 1224979098644774913 144115188075856918 1762 2 1224979098644774912 1 701 1 1 720 2 1 175 722 2 1 10 725 2 1 180 1711 2 1224979098644774912 1 1740 2 1224979098644774912 1801439850948198860 5 0 4 0 31 2 1224979098644774914 0 2136 3 1224979098644774915 0 3 4 0 31 2 1224979098644774915 0 505 3 1224979098644774912 18 1801439850948198854 1740 2 1224979098644774912 1801439850948198854 5 0 505 3 1224979098644774912 18 1801439850948198853 1740 2 1224979098644774912 1801439850948198853 3 0 5 0 505 3 1224979098644774912 18 1801439850948198855 1740 2 1224979098644774912 1801439850948198855 3 0 2136 3 1224979098644774916 0 100 1743 2 1224979098644774912 1224979098644774916 3 0 
0.000000 0.000000 0.000000  214 2370 1 1224979098644774912 2124 1 100 12 1 1224979098644774913 1718 2 1224979098644774914 1224979098644774913 4 0 31 2 1224979098644774914 144115188075856918 5 0 31 2 1224979098644774914 144115188075856919 5 0 31 2 1224979098644774914 144115188075856920 5 0 31 2 1224979098644774914 144115188075856921 5 0 525 3 1224979098644774915 1224979098644774913 18 1740 2 1224979098644774913 1224979098644774915 3 0 3 0 4 0 31 2 144115188075856928 0 4 0 61 0 2133 2 144115188075857110 1 5 0 2133 2 144115188075857110 0 3 0 62 1 0 2001 3 1 0 0 701 1 1 725 2 1 180 723 2 1 5 729 2 1 -500 730 2 1 1000 731 2 1 600 2011 1 1 701 1 1 725 2 1 180 723 2 1 -15 729 2 1 -500 730 2 1 1000 731 2 1 600 2012 3 1 4000 0 2105 2 144115188075856928 1 5 0 31 2 144115188075856928 1 30 2 1224979098644774912 4 701 1 1 725 2 1 90 723 2 1 -10 729 2 1 -580 730 2 1 700 731 2 1 200 2011 1 1 701 1 1 725 2 1 150 723 2 1 -10 729 2 1 -580 730 2 1 100 731 2 1 200 2012 3 1 6000 1 2105 2 144115188075856928 1 5 0 31 2 144115188075856928 2 30 2 1224979098644774912 9 2009 2 4278190080 1000 2105 2 144115188075856928 1 5 0 31 2 144115188075856928 3 30 2 1224979098644774912 10 701 1 1 720 2 1 175 722 2 1 10 725 2 1 180 12 1 1224979098644774913 1718 2 1224979098644774916 1224979098644774913 4 0 31 2 1224979098644774916 144115188075856919 1711 2 1224979098644774913 1 1740 2 1224979098644774913 1801439850948198858 5 0 31 2 1224979098644774916 144115188075856920 1711 2 1224979098644774913 1 1740 2 1224979098644774913 1801439850948198856 3 0 3 0 701 1 1 725 2 1 -90 729 2 1 300 730 2 1 950 731 2 1 420 2011 1 1 729 2 1 175 730 2 1 950 731 2 1 320 2012 3 1 4000 0 2009 2 0 500 2105 2 144115188075856928 1 5 0 31 2 144115188075856928 4 30 2 1224979098644774912 14 701 1 1 725 2 1 -60 723 2 1 10 729 2 1 -400 730 2 1 200 731 2 1 115 2011 1 1 2105 2 144115188075856928 1 5 0 31 2 144115188075856928 5 30 2 1224979098644774912 20 701 1 1 720 2 1 175 722 2 1 10 725 2 1 180 12 1 1224979098644774913 1718 2 1224979098644774916 1224979098644774913 4 0 31 2 1224979098644774916 144115188075856919 1711 2 1224979098644774913 1 1740 2 1224979098644774913 1801439850948198859 5 0 31 2 1224979098644774916 144115188075856920 1711 2 1224979098644774913 1 1740 2 1224979098644774913 1801439850948198857 3 0 3 0 701 1 1 725 2 1 -140 723 2 1 -15 729 2 1 -625 730 2 1 -530 731 2 1 180 2011 1 1 2105 2 144115188075856928 1 5 0 31 2 144115188075856928 6 30 2 1224979098644774912 22 701 1 1 725 2 1 45 723 2 1 -10 729 2 1 -260 730 2 1 120 731 2 1 275 2011 1 1 725 2 1 10 2012 3 1 2000 0 2105 2 144115188075856928 1 5 0 31 2 144115188075856928 7 30 2 1224979098644774912 24 701 1 1 720 2 1 175 722 2 1 10 725 2 1 180 12 1 1224979098644774913 1718 2 1224979098644774916 1224979098644774913 4 0 31 2 1224979098644774916 144115188075856919 1711 2 1224979098644774913 1 1740 2 1224979098644774913 1801439850948198863 5 0 31 2 1224979098644774916 144115188075856920 1711 2 1224979098644774913 1 1740 2 1224979098644774913 1801439850948198862 5 0 31 2 1224979098644774916 144115188075856918 1711 2 1224979098644774913 1 1740 2 1224979098644774913 1801439850948198861 3 0 3 0 701 1 1 725 2 1 -45 723 2 1 -10 729 2 1 -900 730 2 1 -850 731 2 1 230 2011 1 1 2105 2 144115188075856928 1 5 0 31 2 144115188075856928 8 30 2 1224979098644774912 31 701 1 1 729 2 1 -550 730 2 1 -625 731 2 1 1500 1969 3 1008806316530991162 1 750 2105 2 144115188075856928 1 5 0 31 2 144115188075856928 9 30 2 1224979098644774912 33 701 1 1 725 2 1 180 729 2 1 -536 730 2 1 -415 731 2 1 135 2011 1 1 725 2 1 -8 731 2 1 350 723 2 1 35 2016 4 1 10 9000 1 2105 2 144115188075856928 1 5 0 31 2 144115188075856928 10 30 2 1224979098644774912 41 2008 1 4278190080 2009 2 4294967295 3000 2105 2 144115188075856928 1 5 0 31 2 144115188075856928 11 30 2 1224979098644774912 48 62 1 144115188075857110 960 1 1 1907 1 0 3 0  0 


mst_tutorial_training_ground tutorial_training_ground 1  -1
You_enter_the_training_ground. 

65 0 4112 0 0 1 0  
1 4112 0 16 1 0  
2 4112 0 16 1 0  
3 4112 0 16 1 0  
4 4112 0 16 1 0  
5 4112 0 16 1 0  
6 4112 0 16 1 0  
7 4112 0 16 1 0  
8 4112 0 16 1 0  
9 4112 0 16 1 0  
10 4112 0 16 1 0  
11 4112 0 16 1 0  
12 4112 0 16 1 0  
13 4112 0 16 1 0  
14 4112 0 16 1 0  
15 4112 0 16 1 0  
16 4112 0 16 1 0  
17 4112 0 16 1 0  
18 4112 0 16 1 0  
19 4112 0 16 1 0  
20 4112 0 16 1 0  
21 4112 0 16 1 0  
22 4112 0 16 1 0  
23 4112 0 16 1 0  
24 4112 0 16 1 0  
25 4112 0 16 1 0  
26 4112 0 16 1 0  
27 4112 0 16 1 0  
28 4112 0 16 1 0  
29 4112 0 16 1 0  
30 4112 0 16 1 0  
31 4112 0 16 1 0  
32 4112 15 16 1 1  17 
33 4112 15 16 1 1  17 
34 4112 15 16 1 1  17 
35 4112 15 16 1 1  17 
36 4112 0 16 1 0  
37 4112 0 16 1 0  
38 4112 0 16 1 0  
39 4112 0 16 1 0  
40 4112 0 16 1 0  
41 4112 15 16 1 2  28 36 
42 4112 15 16 1 2  28 36 
43 4112 0 16 1 0  
44 4112 0 16 1 0  
45 4112 0 16 1 0  
46 4112 0 16 1 0  
47 4112 0 16 1 0  
48 4112 0 16 1 0  
49 4112 0 16 1 0  
50 4112 0 16 1 0  
51 4112 0 16 1 0  
52 4112 0 16 1 0  
53 4112 0 16 1 0  
54 4112 0 16 1 0  
55 4112 0 16 1 0  
56 4112 0 16 1 0  
57 4112 0 16 1 0  
58 4112 0 16 1 0  
59 4112 0 16 1 0  
60 4112 0 16 1 0  
61 4112 15 16 1 1  17 
62 4112 15 16 1 1  17 
63 4112 15 16 1 2  28 36 
64 4112 15 16 1 2  28 36 
23
-21.000000 0.000000 0.000000  0  6 4 0 2147483678 2 144115188075856934 20 1121 1 216172782113783950 5 0 1907 1 0 3 0 
-8.000000 0.000000 0.000000  0  3 2071 1 1224979098644774912 31 2 1224979098644774912 0 1907 1 0 
-22.000000 0.000000 0.000000  1 1106 1 216172782113783926  0 
-24.000000 0.000000 0.000000  0  1 900 1 1513209474796486682 
-25.000000 0.000000 0.000000  0  42 2071 1 1224979098644774912 1737 2 1224979098644774912 1 1733 2 1224979098644774912 1 1725 2 1224979098644774912 1 1710 2 1 1224979098644774912 505 3 1224979098644774912 8 -1 1700 1 1224979098644774913 4 0 31 2 1224979098644774912 1224979098644774913 1771 2 1224979098644774912 7 3 0 6 3 1224979098644774914 0 64 1780 2 2 1224979098644774914 712 3 1224979098644774915 1 2 2147483678 2 1224979098644774915 100 505 3 1224979098644774912 8 1224979098644774914 3 0 1718 2 1224979098644774916 1224979098644774912 4 0 31 2 1224979098644774916 360287970189641412 1710 2 1 1224979098644774912 1730 2 1224979098644774912 1 1810 2 1224979098644774917 1080863910568919211 2133 2 1224979098644774918 10000000 2133 2 1224979098644774919 -1 6 3 1224979098644774920 0 1224979098644774917 1811 3 1224979098644774921 1080863910568919211 1224979098644774920 1850 2 2 1224979098644774921 712 3 1224979098644774922 1 2 2147483678 2 1224979098644774922 1224979098644774918 2133 2 1224979098644774918 1224979098644774922 2133 2 1224979098644774919 1224979098644774921 3 0 505 3 1224979098644774912 9 1224979098644774919 5 0 1073741855 2 1224979098644774916 360287970189641414 31 2 1224979098644774916 360287970189641415 505 3 1224979098644774912 11 48 505 3 1224979098644774912 9 -1 1780 2 1 48 1730 2 1224979098644774912 1 3 0 
-27.000000 0.000000 0.000000  0  115 2071 1 1224979098644774912 2072 1 1224979098644774913 1718 2 1224979098644774914 1224979098644774912 1718 2 1224979098644774915 1224979098644774913 4 0 30 2 144115188075856896 0 5 0 30 2 144115188075856901 0 4 0 31 2 1224979098644774914 360287970189639680 31 2 1224979098644774915 144115188075856901 2133 2 144115188075856897 0 1771 2 1224979098644774912 0 1771 2 1224979098644774913 7 1122 1 -1 2133 2 144115188075856929 -1 2133 2 144115188075856930 -1 2133 2 144115188075856904 2 600 1 1152921504606847148 1920 1 144115188075856901 2133 2 144115188075856901 -1 4 0 31 2 144115188075856898 1 1745 3 1224979098644774912 0 0 3 0 5 0 31 2 1224979098644774915 360287970189639680 31 2 1224979098644774914 144115188075856901 1771 2 1224979098644774912 7 1771 2 1224979098644774913 0 1122 1 -1 2133 2 144115188075856929 -1 2133 2 144115188075856930 -1 2133 2 144115188075856904 3 600 1 1152921504606847148 1920 1 144115188075856901 2133 2 144115188075856901 -1 4 0 31 2 144115188075856898 1 1745 3 1224979098644774912 0 0 3 0 3 0 5 0 30 2 144115188075856902 0 4 0 31 2 1224979098644774914 360287970189639680 31 2 1224979098644774915 144115188075856902 2133 2 144115188075856897 0 1771 2 1224979098644774912 0 1771 2 1224979098644774913 7 1122 1 -1 2133 2 144115188075856929 -1 2133 2 144115188075856930 -1 2133 2 144115188075856904 7 600 1 1152921504606847148 1920 1 144115188075856902 2133 2 144115188075856902 -1 4 0 31 2 144115188075856898 1 1745 3 1224979098644774912 0 0 3 0 5 0 31 2 1224979098644774915 360287970189639680 31 2 1224979098644774914 144115188075856902 1771 2 1224979098644774912 7 1771 2 1224979098644774913 0 1122 1 -1 2133 2 144115188075856929 -1 2133 2 144115188075856930 -1 2133 2 144115188075856904 8 600 1 1152921504606847148 1920 1 144115188075856902 2133 2 144115188075856902 -1 4 0 31 2 144115188075856898 1 1745 3 1224979098644774912 0 0 3 0 3 0 5 0 30 2 144115188075856903 0 4 0 31 2 1224979098644774914 360287970189639680 31 2 1224979098644774915 144115188075856903 2133 2 144115188075856897 0 1771 2 1224979098644774912 0 1771 2 1224979098644774913 7 1122 1 -1 2133 2 144115188075856904 4 600 1 1152921504606847148 1920 1 144115188075856903 2133 2 144115188075856903 -1 5 0 31 2 1224979098644774915 360287970189639680 31 2 1224979098644774914 144115188075856903 2133 2 144115188075856897 0 1771 2 1224979098644774912 7 1771 2 1224979098644774913 0 1122 1 -1 2133 2 144115188075856904 5 600 1 1152921504606846978 1920 1 144115188075856903 2133 2 144115188075856903 -1 3 0 5 0 1704 1 1224979098644774912 2133 2 144115188075856931 1224979098644774913 2133 2 144115188075856932 1224979098644774912 2133 2 144115188075856897 0 1771 2 144115188075856937 7 1771 2 144115188075856938 7 1732 1 144115188075856937 1732 1 144115188075856938 3 0 1721 3 1224979098644774912 100 0 1721 3 1224979098644774913 100 0 
-19.000000 0.000000 0.000000  0  35 1266 1 13 1796 3 0 1 0 1796 3 0 2 0 1796 3 0 3 0 1796 3 0 7 0 1796 3 7 1 1 1796 3 7 2 1 1796 3 7 3 1 1796 3 1 2 -1 1796 3 1 3 1 1796 3 2 3 1 2133 2 144115188075856933 8 1 1 936748722493063756 2133 2 144115188075856934 0 2133 2 144115188075856904 0 2133 2 144115188075856935 0 2133 2 144115188075856897 0 2133 2 144115188075856936 0 2133 2 144115188075856931 -1 2133 2 144115188075856932 -1 2133 2 144115188075856937 -1 2133 2 144115188075856938 -1 2133 2 144115188075856896 -1 2133 2 144115188075856901 -1 2133 2 144115188075856903 -1 2133 2 144115188075856902 -1 2133 2 144115188075856939 0 2133 2 144115188075856905 0 2133 2 144115188075856940 0 2133 2 144115188075856908 0 2133 2 144115188075856941 0 2133 2 144115188075856942 0 2133 2 144115188075856929 -1 2133 2 144115188075856930 -1 2133 2 144115188075856943 -1000 
0.000000 0.000000 100000000.000000  0  41 1124 2 17 17 1123 2 500 650 1125 1 0 1935 0 1 1 936748722493063757 1780 2 1 59 1970 1 1 1973 2 288230376151711779 0 2133 2 144115188075856894 1 1833 3 1224979098644774912 288230376151711772 0 1850 2 0 1224979098644774912 722 3 0 -1000 1 1855 2 1224979098644774912 0 1833 3 1224979098644774912 288230376151711895 0 1850 2 0 1224979098644774912 722 3 0 -1000 1 1855 2 1224979098644774912 0 1833 3 1224979098644774912 288230376151711780 0 1850 2 0 1224979098644774912 722 3 0 -1000 1 1855 2 1224979098644774912 0 1833 3 1224979098644774912 288230376151711896 0 1850 2 0 1224979098644774912 722 3 0 -1000 1 1855 2 1224979098644774912 0 1833 3 1224979098644774912 288230376151711773 0 1850 2 0 1224979098644774912 722 3 0 -1000 1 1855 2 1224979098644774912 0 1833 3 1224979098644774912 288230376151711781 0 1850 2 0 1224979098644774912 722 3 0 -1000 1 1855 2 1224979098644774912 0 1833 3 1224979098644774912 288230376151711774 0 1850 2 0 1224979098644774912 722 3 0 -1000 1 1855 2 1224979098644774912 0 1833 3 1224979098644774912 288230376151711768 0 1850 2 0 1224979098644774912 722 3 0 -1000 1 1855 2 1224979098644774912 0 
0.000000 1.000000 100000000.000000  0  2 1126 1 1 1122 1 216172782113786780 
0.000000 0.000000 0.000000  22 2370 1 1224979098644774912 12 1 1224979098644774913 1718 2 1224979098644774914 1224979098644774913 31 2 1224979098644774914 360287970189641412 4 0 1726 3 1224979098644774915 1224979098644774913 0 2147483679 2 1224979098644774915 288230376151711772 1747 2 1224979098644774913 288230376151711772 5 0 525 3 1224979098644774916 1224979098644774913 9 1850 2 1 1224979098644774916 722 2 1 10 1744 2 1224979098644774913 1 4 0 2147484213 3 1224979098644774913 19 1224979098644774912 1745 2 1224979098644774913 0 2136 3 1224979098644774917 3 13 2105 2 1224979098644774917 1224979098644774912 505 3 1224979098644774913 19 1224979098644774917 3 0 3 0 3 0  0 
0.000000 0.000000 0.000000  140 2124 1 100 12 1 1224979098644774912 1718 2 1224979098644774913 1224979098644774912 1073741855 2 1224979098644774913 360287970189641414 31 2 1224979098644774913 360287970189641415 525 3 1224979098644774914 1224979098644774912 11 1780 2 1 1224979098644774914 1710 2 2 1224979098644774912 712 3 1224979098644774915 1 2 4 0 2147483678 2 1224979098644774915 6400 2105 2 1224979098644774914 1 4 0 32 2 1224979098644774914 57 2133 2 1224979098644774914 48 3 0 505 3 1224979098644774912 11 1224979098644774914 1780 2 1 1224979098644774914 1730 2 1224979098644774912 1 3 0 4 0 31 2 1224979098644774913 360287970189641415 4 0 1726 3 1224979098644774916 1224979098644774912 0 2147483679 2 1224979098644774916 288230376151711772 1747 2 1224979098644774912 288230376151711772 5 0 1810 2 1224979098644774917 1080863910568919211 2133 2 1224979098644774918 10000000 2133 2 1224979098644774919 -1 6 3 1224979098644774920 0 1224979098644774917 1811 3 1224979098644774921 1080863910568919211 1224979098644774920 2147484193 3 1224979098644774912 9 1224979098644774921 1850 2 1 1224979098644774921 714 2 2 1 712 3 1224979098644774915 1 2 2147483678 2 1224979098644774915 1224979098644774918 2133 2 1224979098644774918 1224979098644774915 2133 2 1224979098644774919 1224979098644774921 3 0 4 0 2147483678 2 1224979098644774918 40000 1850 2 1 1224979098644774919 722 2 1 10 701 1 3 729 2 3 -160 716 3 4 1 3 700 2 1 4 1744 2 1224979098644774912 1 2147483678 2 1224979098644774918 22500 505 3 1224979098644774912 9 1224979098644774919 1745 2 1224979098644774912 0 5 0 525 3 1224979098644774922 1224979098644774912 9 30 2 1224979098644774922 0 1850 2 1 1224979098644774922 712 3 1224979098644774915 1 2 2147483678 2 1224979098644774915 40000 722 2 1 10 701 1 3 729 2 3 -160 716 3 4 1 3 700 2 1 4 1744 2 1224979098644774912 1 3 0 3 0 5 0 31 2 1224979098644774913 360287970189641414 4 0 1726 3 1224979098644774916 1224979098644774912 0 2147483679 2 1224979098644774916 288230376151711761 1747 2 1224979098644774912 288230376151711761 5 0 1810 2 1224979098644774917 1080863910568919953 2133 2 1224979098644774918 10000000 2133 2 1224979098644774919 -1 6 3 1224979098644774920 0 1224979098644774917 1811 3 1224979098644774921 1080863910568919953 1224979098644774920 2147484193 3 1224979098644774912 9 1224979098644774921 1850 2 1 1224979098644774921 712 3 1224979098644774915 1 2 2147483678 2 1224979098644774915 1224979098644774918 2133 2 1224979098644774918 1224979098644774915 2133 2 1224979098644774919 1224979098644774921 3 0 4 0 2147483678 2 1224979098644774918 10000 1850 2 1 1224979098644774919 717 3 3 2 1 726 2 1224979098644774923 3 727 2 1224979098644774924 3 33 3 1224979098644774923 -200 200 32 2 1224979098644774924 -100 701 1 3 4 0 2147483678 2 1224979098644774923 0 720 2 3 -100 722 2 3 100 5 0 720 2 3 100 722 2 3 150 3 0 716 3 4 2 3 1744 2 1224979098644774912 4 4 0 2147483678 2 1224979098644774923 0 1745 3 1224979098644774912 2 1 5 0 1745 3 1224979098644774912 1 1 3 0 3221225502 2 1224979098644774918 900 2147483678 2 1224979098644774924 100 1745 3 1224979098644774912 0 0 505 3 1224979098644774912 9 1224979098644774919 5 0 525 3 1224979098644774922 1224979098644774912 9 30 2 1224979098644774922 0 1850 2 1 1224979098644774922 712 3 1224979098644774915 1 2 2147483678 2 1224979098644774915 10000 717 3 3 2 1 726 2 1224979098644774923 3 727 2 1224979098644774924 3 33 3 1224979098644774923 -200 200 32 2 1224979098644774924 -100 701 1 3 4 0 2147483678 2 1224979098644774923 0 720 2 3 -100 722 2 3 100 5 0 720 2 3 100 722 2 3 150 3 0 716 3 4 2 3 1744 2 1224979098644774912 4 3 0 3 0 3 0 3 0  0 
0.000000 0.000000 0.000000  21 2370 1 1224979098644774912 12 1 1224979098644774913 1718 2 1224979098644774914 1224979098644774913 31 2 1224979098644774914 360287970189641412 4 0 1726 3 1224979098644774915 1224979098644774913 0 2147483679 2 1224979098644774915 288230376151711772 1747 2 1224979098644774913 288230376151711772 5 0 525 3 1224979098644774916 1224979098644774913 9 1850 2 1 1224979098644774916 1744 2 1224979098644774913 1 4 0 2147484213 3 1224979098644774913 19 1224979098644774912 1745 2 1224979098644774913 0 2136 3 1224979098644774917 3 13 2105 2 1224979098644774917 1224979098644774912 505 3 1224979098644774913 19 1224979098644774917 3 0 3 0 3 0  0 
0.000000 0.000000 0.000000  1 1 1 936748722493063759  0 
5.000000 0.000000 0.000000  13 4 0 2370 1 1224979098644774912 30 2 1224979098644774912 30 31 2 144115188075856894 1 2133 2 144115188075856894 0 1122 1 -1 3 0 1700 1 1224979098644774913 12 1 1224979098644774914 1704 1 1224979098644774914 2147483679 2 1224979098644774914 1224979098644774913 1728 1 1224979098644774914 3 0  0 
0.000000 0.000000 0.000000  30 1700 1 1224979098644774912 1726 3 1224979098644774913 1224979098644774912 0 2133 2 1224979098644774914 0 4 0 31 2 1224979098644774913 288230376151711772 1729 2 1224979098644774912 288230376151711780 1727 3 1224979098644774915 1224979098644774912 1 31 2 1224979098644774915 0 2133 2 1224979098644774914 1 5 0 31 2 1224979098644774913 288230376151711895 1729 2 1224979098644774912 288230376151711896 1727 3 1224979098644774915 1224979098644774912 1 31 2 1224979098644774915 0 2133 2 1224979098644774914 1 5 0 31 2 1224979098644774913 288230376151711773 1729 2 1224979098644774912 288230376151711781 1727 3 1224979098644774915 1224979098644774912 1 31 2 1224979098644774915 0 2133 2 1224979098644774914 1 5 0 31 2 1224979098644774913 288230376151711774 1727 3 1224979098644774915 1224979098644774912 1 2147483680 2 1224979098644774915 1 2133 2 1224979098644774914 1 3 0 31 2 1224979098644774914 1 1728 1 1224979098644774912 1120 2 216172782113786859 1585267068834414933  0 
0.000000 0.000000 0.000000  175 1700 1 1224979098644774912 2147483679 2 144115188075856908 0 1936 0 4 0 31 2 144115188075856908 1 2133 2 144115188075856893 0 2105 2 144115188075856908 1 5 0 31 2 144115188075856908 2 4 0 4 0 30 2 144115188075856909 0 1833 3 1224979098644774913 144115188075856909 0 1850 2 0 1224979098644774913 722 3 0 1000 1 1855 2 1224979098644774913 0 1811 3 1224979098644774914 1080863910568919955 0 1855 2 1224979098644774914 0 2133 2 144115188075856943 200 4 0 30 2 144115188075856910 0 1833 3 1224979098644774913 144115188075856910 0 1850 2 0 1224979098644774913 722 3 0 1000 1 1855 2 1224979098644774913 0 3 0 3 0 2105 2 144115188075856908 1 3 0 5 0 31 2 144115188075856908 3 4 0 30 2 144115188075856909 0 4 0 2325 2 0 144115188075856909 1122 1 216172782113786865 1729 2 1224979098644774912 144115188075856909 2105 2 144115188075856908 1 600 1 1152921504606846977 3 0 5 0 2105 2 144115188075856908 1 3 0 5 0 31 2 144115188075856908 4 4 0 30 2 144115188075856910 0 4 0 2325 2 0 144115188075856910 1122 1 216172782113786865 1729 2 1224979098644774912 144115188075856910 2105 2 144115188075856908 1 600 1 1152921504606846977 3 0 5 0 2105 2 144115188075856908 1 3 0 5 0 31 2 144115188075856908 5 4 0 1714 2 1224979098644774915 1224979098644774912 2147483678 2 1224979098644774915 0 1122 1 216172782113786866 4 0 2133 2 1224979098644774916 -1 12 1 1224979098644774917 1719 2 1224979098644774918 1224979098644774917 31 2 1224979098644774918 288230376151711779 2133 2 1224979098644774916 1224979098644774917 3 0 1710 2 0 1224979098644774916 1811 3 1224979098644774914 1080863910568919955 0 1850 2 1 1224979098644774914 2124 1 100 726 2 1224979098644774919 0 726 2 1224979098644774920 1 727 2 1224979098644774921 0 727 2 1224979098644774922 1 3221225503 2 1224979098644774919 1224979098644774920 2147483679 2 1224979098644774921 1224979098644774922 1855 2 1224979098644774914 0 2133 2 144115188075856943 200 3 0 5 0 2105 2 144115188075856908 1 3 0 5 0 31 2 144115188075856908 6 4 0 31 2 144115188075856941 0 1122 1 216172782113786867 5 0 31 2 144115188075856941 1 2133 2 1224979098644774923 1080863910568919953 1122 1 216172782113786868 5 0 2133 2 1224979098644774923 1080863910568919211 1122 1 216172782113786869 3 0 4 0 31 2 144115188075856941 0 2120 3 1224979098644774924 144115188075856893 48 1780 2 0 1224979098644774924 701 1 2 721 2 2 -800 716 3 3 0 2 700 2 0 3 1710 2 2 1224979098644774912 4 0 710 3 1224979098644774925 0 2 2147483678 2 1224979098644774925 500 2105 2 144115188075856893 1 30 2 144115188075856893 10 2133 2 144115188075856943 -1000 1122 3 216172782113786870 0 10 2133 2 144115188075856908 0 2105 2 144115188075856941 1 600 1 1152921504606846978 3 0 4 0 1811 3 1224979098644774914 1080863910568919955 0 1850 2 1 1224979098644774914 2124 1 1 726 2 1224979098644774919 0 726 2 1224979098644774920 1 727 2 1224979098644774921 0 727 2 1224979098644774922 1 3221225503 2 1224979098644774919 1224979098644774920 2147483679 2 1224979098644774921 1224979098644774922 1855 2 1224979098644774914 0 2133 2 144115188075856943 150 600 1 1152921504606846977 3 0 5 0 1810 2 1224979098644774926 1224979098644774923 4 0 2147483678 2 144115188075856893 6 2133 2 1224979098644774927 -1 2120 3 1224979098644774928 144115188075856893 1 6 3 1224979098644774929 0 1224979098644774926 1811 3 1224979098644774930 1224979098644774923 1224979098644774929 1841 2 1224979098644774931 1224979098644774930 31 2 1224979098644774928 1224979098644774931 2133 2 1224979098644774927 1224979098644774930 2133 2 1224979098644774926 0 3 0 4 0 1850 2 0 1224979098644774927 1811 3 1224979098644774914 1080863910568919955 0 1850 2 1 1224979098644774914 2124 1 1 726 2 1224979098644774919 0 726 2 1224979098644774920 1 727 2 1224979098644774921 0 727 2 1224979098644774922 1 3221225503 2 1224979098644774919 1224979098644774920 2147483679 2 1224979098644774921 1224979098644774922 1855 2 1224979098644774914 0 2133 2 144115188075856943 200 600 1 1152921504606846977 3 0 5 0 2133 2 144115188075856943 -1000 4 0 30 2 144115188075856910 0 1774 2 1224979098644774912 144115188075856910 3 0 1774 2 1224979098644774912 144115188075856909 1122 3 216172782113786870 0 10 2133 2 144115188075856908 0 2105 2 144115188075856941 1 600 1 1152921504606846978 3 0 3 0 3 0  0 
0.000000 0.000000 0.000000  122 1700 1 1224979098644774912 2147483679 2 144115188075856905 0 1936 0 4 0 31 2 144115188075856905 1 4 0 2133 2 144115188075856308 0 2133 2 144115188075856893 0 1833 3 1224979098644774913 144115188075856906 0 1850 2 0 1224979098644774913 722 3 0 1000 1 1855 2 1224979098644774913 0 1811 3 1224979098644774914 1080863910568919955 0 1855 2 1224979098644774914 0 2133 2 144115188075856943 100 4 0 30 2 144115188075856907 0 1833 3 1224979098644774913 144115188075856907 0 1850 2 0 1224979098644774913 722 3 0 1000 1 1855 2 1224979098644774913 0 3 0 2105 2 144115188075856905 1 3 0 5 0 31 2 144115188075856905 2 4 0 2325 2 0 144115188075856906 1122 1 216172782113786860 1729 2 1224979098644774912 144115188075856906 2105 2 144115188075856905 1 600 1 1152921504606846977 3 0 5 0 31 2 144115188075856905 3 4 0 30 2 144115188075856907 0 4 0 2325 2 0 144115188075856907 1122 1 216172782113786860 1729 2 1224979098644774912 144115188075856907 2105 2 144115188075856905 1 600 1 1152921504606846977 3 0 5 0 2105 2 144115188075856905 1 3 0 5 0 31 2 144115188075856905 4 4 0 6 3 1224979098644774915 0 3 1811 3 1224979098644774916 1080863910568919879 1224979098644774915 1870 1 1224979098644774916 1780 2 0 45 701 1 1 2121 3 1224979098644774917 1224979098644774915 1 2107 2 1224979098644774917 5 725 2 1 1224979098644774917 4 0 30 2 144115188075856907 0 721 2 1 1300 5 0 721 2 1 800 2107 2 1224979098644774917 2 3 0 716 3 2 0 1 791 1 2 1811 3 1224979098644774918 1080863910568919880 1224979098644774915 1855 2 1224979098644774918 2 722 3 2 150 1 1855 2 1224979098644774916 2 3 0 1811 3 1224979098644774914 1080863910568919955 0 1811 3 1224979098644774918 1080863910568919880 1 1850 2 1 1224979098644774918 1855 2 1224979098644774914 1 2133 2 144115188075856943 200 1122 1 216172782113786861 2105 2 144115188075856905 1 3 0 5 0 31 2 144115188075856905 5 4 0 4 0 2147483679 2 144115188075856893 144115188075856308 2133 2 144115188075856893 144115188075856308 4 0 2147483678 2 144115188075856308 3 600 1 1152921504606846977 5 0 600 1 1152921504606846978 3 0 3 0 4 0 31 2 144115188075856940 0 31 2 144115188075856308 0 1780 2 0 45 1710 2 1 1224979098644774912 2147484362 2 1 0 1122 1 216172782113786862 5 0 31 2 144115188075856940 0 31 2 144115188075856308 1 1122 1 216172782113786863 3 0 30 2 144115188075856308 3 2133 2 144115188075856943 -1000 2105 2 144115188075856905 1 3 0 5 0 31 2 144115188075856905 6 4 0 4 0 30 2 144115188075856907 0 1774 2 1224979098644774912 144115188075856907 3 0 1774 2 1224979098644774912 144115188075856906 1122 3 216172782113786864 0 10 2133 2 144115188075856905 0 2105 2 144115188075856940 1 3 0 3 0  0 
0.000000 0.000000 0.000000  138 1700 1 1224979098644774912 2147483679 2 144115188075856896 -1 1936 0 12 1 1224979098644774913 1718 2 1224979098644774914 1224979098644774913 31 2 1224979098644774914 144115188075856896 2133 2 1224979098644774915 1224979098644774913 3 0 4 0 31 2 144115188075856897 0 4 0 12 1 1224979098644774913 1718 2 1224979098644774914 1224979098644774913 1073741855 2 1224979098644774914 360287970189641408 1073741855 2 1224979098644774914 360287970189641409 1073741855 2 1224979098644774914 360287970189641410 31 2 1224979098644774914 360287970189641411 1771 2 1224979098644774913 7 525 3 1224979098644774916 1224979098644774913 8 1780 2 1 1224979098644774916 1730 2 1224979098644774913 1 1732 1 1224979098644774913 3 0 1747 2 1224979098644774915 288230376151711761 2136 3 144115188075856897 1 5 2133 2 144115188075856900 1 2133 2 144115188075856942 0 3 0 5 0 32 2 144115188075856897 0 4 0 1771 2 1224979098644774912 1 1771 2 1224979098644774915 2 1710 2 1 1224979098644774912 1748 2 1224979098644774915 1 1763 2 1224979098644774917 1224979098644774912 4 0 31 2 1224979098644774917 2 1767 2 1224979098644774918 1224979098644774912 4 0 31 2 1224979098644774918 0 1746 3 1224979098644774915 0 1 5 0 31 2 1224979098644774918 3 1746 3 1224979098644774915 3 1 5 0 31 2 1224979098644774918 1 1746 3 1224979098644774915 2 1 5 0 31 2 1224979098644774918 2 1746 3 1224979098644774915 1 1 3 0 3 0 4 0 30 2 144115188075856893 5 1122 1 -1 2133 2 144115188075856897 0 1771 2 1224979098644774912 0 1771 2 1224979098644774915 7 1721 3 1224979098644774912 100 0 1721 3 1224979098644774915 100 0 2133 2 144115188075856904 9 1920 1 144115188075856896 2133 2 144115188075856896 -1 3 0 3 0 3 0 4 0 1763 2 1224979098644774917 1224979098644774912 31 2 1224979098644774917 2 1767 2 1224979098644774918 1224979098644774912 2120 3 1224979098644774919 1224979098644774918 1 1726 3 1224979098644774920 1224979098644774912 0 1 2 936748722493063758 1224979098644774920 2370 1 1224979098644774921 32 2 1224979098644774921 144115188075856942 4 0 31 2 1224979098644774919 144115188075856897 2105 2 144115188075856893 1 4 0 30 2 144115188075856893 5 2133 2 144115188075856897 5 600 1 1152921504606846978 5 0 600 1 1152921504606846977 2133 2 1224979098644774922 100 6 3 1224979098644774923 0 1224979098644774922 2136 3 1224979098644774924 1 5 2147483679 2 1224979098644774924 144115188075856897 2133 2 144115188075856897 1224979098644774924 2133 2 1224979098644774922 0 3 0 3 0 2133 2 144115188075856900 1 5 0 2105 2 144115188075856899 1 600 1 1152921504606847148 3 0 2120 3 144115188075856942 1224979098644774921 1 3 0 2133 2 72057594037927936 144115188075856893 2133 2 72057594037927937 144115188075856899 2319 1 0 2133 2 144115188075856929 -1 2133 2 144115188075856930 -1 4 0 2147483679 2 144115188075856897 5 2370 1 1224979098644774921 1073741855 2 144115188075856900 0 32 2 1224979098644774921 144115188075856942 4 0 31 2 144115188075856897 1 2320 2 0 216172782113786852 5 0 31 2 144115188075856897 4 2320 2 0 216172782113786853 5 0 31 2 144115188075856897 2 2320 2 0 216172782113786855 5 0 31 2 144115188075856897 3 2320 2 0 216172782113786854 3 0 2121 3 144115188075856929 144115188075856897 1 2133 2 144115188075856930 0 4 0 31 2 144115188075856900 1 2133 2 144115188075856900 0 900 1 1513209474796486682 3 0 3 0 4 0 1726 3 1224979098644774920 1224979098644774912 0 1 2 936748722493063758 1224979098644774920 1122 1 216172782113786851 5 0 1122 1 216172782113786850 3 0  0 
0.000000 0.000000 0.000000  140 1700 1 1224979098644774912 2147483679 2 144115188075856901 -1 1936 0 12 1 1224979098644774913 1718 2 1224979098644774914 1224979098644774913 31 2 1224979098644774914 144115188075856901 2133 2 1224979098644774915 1224979098644774913 3 0 4 0 31 2 144115188075856897 0 4 0 12 1 1224979098644774913 1718 2 1224979098644774914 1224979098644774913 1073741855 2 1224979098644774914 360287970189641408 1073741855 2 1224979098644774914 360287970189641409 1073741855 2 1224979098644774914 360287970189641410 31 2 1224979098644774914 360287970189641411 1771 2 1224979098644774913 7 525 3 1224979098644774916 1224979098644774913 8 1780 2 1 1224979098644774916 1730 2 1224979098644774913 1 1732 1 1224979098644774913 3 0 1747 2 1224979098644774915 288230376151711761 2105 2 144115188075856897 1 2370 1 144115188075856936 2105 2 144115188075856936 1 3 0 5 0 31 2 144115188075856897 1 4 0 2370 1 1224979098644774917 32 2 1224979098644774917 144115188075856936 1771 2 1224979098644774912 1 1771 2 1224979098644774915 2 1710 2 1 1224979098644774912 1748 2 1224979098644774915 1 1710 2 2 1224979098644774915 712 3 1224979098644774918 1 2 2147483678 2 1224979098644774918 400 4 0 31 2 144115188075856898 0 4 0 30 2 144115188075856893 5 2133 2 144115188075856929 -1 2133 2 144115188075856930 -1 1122 1 -1 2133 2 144115188075856897 0 1771 2 1224979098644774912 0 1771 2 1224979098644774915 7 1721 3 1224979098644774912 100 0 1721 3 1224979098644774915 100 0 2133 2 144115188075856904 1 1920 1 144115188075856901 2133 2 144115188075856901 -1 5 0 2136 3 1224979098644774919 0 4 1745 3 1224979098644774915 1224979098644774919 1 2105 2 144115188075856898 1 2133 2 144115188075856929 1224979098644774919 4 0 33 3 1224979098644774919 1 3 2121 3 144115188075856929 3 1224979098644774919 3 0 2133 2 144115188075856930 1 900 1 1513209474796486682 3 0 5 0 31 2 144115188075856898 1 1764 2 1224979098644774920 1224979098644774912 32 2 1224979098644774920 0 1767 2 1224979098644774921 1224979098644774912 1767 2 1224979098644774922 1224979098644774915 2133 2 1224979098644774923 0 4 0 31 2 1224979098644774922 0 31 2 1224979098644774921 0 2133 2 1224979098644774923 1 5 0 31 2 1224979098644774922 3 31 2 1224979098644774921 3 2133 2 1224979098644774923 1 5 0 31 2 1224979098644774922 1 31 2 1224979098644774921 2 2133 2 1224979098644774923 1 5 0 31 2 1224979098644774922 2 31 2 1224979098644774921 1 2133 2 1224979098644774923 1 3 0 31 2 1224979098644774923 1 2133 2 144115188075856929 -1 2133 2 144115188075856930 -1 1745 3 1224979098644774915 0 0 2105 2 144115188075856898 1 2370 1 144115188075856939 2105 2 144115188075856939 2 5 0 31 2 144115188075856898 2 4 0 2370 1 1224979098644774917 32 2 1224979098644774917 144115188075856939 2133 2 144115188075856898 0 3 0 3 0 3 0 3 0 4 0 1769 1 1224979098644774915 1726 3 1224979098644774924 1224979098644774912 1 31 2 1224979098644774924 -1 1726 3 1224979098644774925 1224979098644774912 0 2147483679 2 1224979098644774925 288230376151711763 1 2 936748722493063758 1224979098644774925 2370 1 1224979098644774917 32 2 1224979098644774917 144115188075856942 2105 2 144115188075856893 1 4 0 2147483678 2 144115188075856893 5 600 1 1152921504606846977 5 0 600 1 1152921504606846978 3 0 2120 3 144115188075856942 1224979098644774917 1 3 0 2133 2 72057594037927936 144115188075856893 4 0 1726 3 1224979098644774924 1224979098644774912 1 31 2 1224979098644774924 -1 1726 3 1224979098644774925 1224979098644774912 0 2147483679 2 1224979098644774925 288230376151711763 1 2 936748722493063758 1224979098644774925 1122 1 216172782113786856 5 0 2147483679 2 1224979098644774924 -1 1122 1 216172782113786848 5 0 1122 1 216172782113786849 3 0  0 
0.000000 0.000000 0.000000  108 1700 1 1224979098644774912 2147483679 2 144115188075856902 -1 1936 0 12 1 1224979098644774913 1718 2 1224979098644774914 1224979098644774913 31 2 1224979098644774914 144115188075856902 2133 2 1224979098644774915 1224979098644774913 3 0 4 0 31 2 144115188075856897 0 4 0 12 1 1224979098644774913 1718 2 1224979098644774914 1224979098644774913 1073741855 2 1224979098644774914 360287970189641408 1073741855 2 1224979098644774914 360287970189641409 1073741855 2 1224979098644774914 360287970189641410 31 2 1224979098644774914 360287970189641411 1771 2 1224979098644774913 7 525 3 1224979098644774916 1224979098644774913 8 1780 2 1 1224979098644774916 1730 2 1224979098644774913 1 1732 1 1224979098644774913 3 0 1747 2 1224979098644774915 288230376151711761 2105 2 144115188075856897 1 2370 1 144115188075856936 2105 2 144115188075856936 1 3 0 5 0 31 2 144115188075856897 1 4 0 2370 1 1224979098644774917 32 2 1224979098644774917 144115188075856936 1771 2 1224979098644774912 1 1771 2 1224979098644774915 2 1710 2 1 1224979098644774912 1748 2 1224979098644774915 1 1710 2 2 1224979098644774915 712 3 1224979098644774918 1 2 2147483678 2 1224979098644774918 400 4 0 31 2 144115188075856898 0 4 0 30 2 144115188075856893 5 1122 1 -1 2133 2 144115188075856897 0 1771 2 1224979098644774912 0 1771 2 1224979098644774915 7 1721 3 1224979098644774912 100 0 1721 3 1224979098644774915 100 0 2133 2 144115188075856904 6 1920 1 144115188075856902 2133 2 144115188075856902 -1 5 0 2136 3 144115188075856944 0 4 1745 3 1224979098644774915 144115188075856944 1 2105 2 144115188075856898 1 2370 1 144115188075856939 2105 2 144115188075856939 1 3 0 5 0 31 2 144115188075856898 1 4 0 2370 1 1224979098644774917 32 2 1224979098644774917 144115188075856939 1745 3 1224979098644774915 -1 0 1746 3 1224979098644774915 0 1 2105 2 144115188075856898 1 2370 1 144115188075856939 2105 2 144115188075856939 1 3 0 5 0 31 2 144115188075856898 2 4 0 2370 1 1224979098644774917 32 2 1224979098644774917 144115188075856939 1745 3 1224979098644774915 144115188075856944 0 2105 2 144115188075856898 1 2370 1 144115188075856939 2105 2 144115188075856939 2 3 0 5 0 31 2 144115188075856898 3 4 0 2370 1 1224979098644774917 32 2 1224979098644774917 144115188075856939 2133 2 144115188075856898 0 3 0 3 0 3 0 3 0 4 0 1769 1 1224979098644774915 1763 2 1224979098644774919 1224979098644774912 2370 1 1224979098644774917 32 2 1224979098644774917 144115188075856942 2120 3 144115188075856942 1224979098644774917 1 31 2 1224979098644774919 1 2105 2 144115188075856893 1 4 0 2147483678 2 144115188075856893 5 600 1 1152921504606846977 5 0 600 1 1152921504606846978 3 0 3 0 2133 2 72057594037927936 144115188075856893 1122 1 216172782113786857  0 
0.000000 0.000000 0.000000  39 1700 1 1224979098644774912 2147483679 2 144115188075856903 -1 1936 0 12 1 1224979098644774913 1718 2 1224979098644774914 1224979098644774913 31 2 1224979098644774914 144115188075856903 2133 2 1224979098644774915 1224979098644774913 3 0 4 0 31 2 144115188075856897 0 4 0 12 1 1224979098644774913 1718 2 1224979098644774914 1224979098644774913 1073741855 2 1224979098644774914 360287970189641408 1073741855 2 1224979098644774914 360287970189641409 1073741855 2 1224979098644774914 360287970189641410 31 2 1224979098644774914 360287970189641411 1771 2 1224979098644774913 7 525 3 1224979098644774916 1224979098644774913 8 1780 2 1 1224979098644774916 1730 2 1224979098644774913 1 1732 1 1224979098644774913 3 0 1747 2 1224979098644774915 288230376151711761 2105 2 144115188075856897 1 2370 1 144115188075856936 2105 2 144115188075856936 1 3 0 5 0 31 2 144115188075856897 1 4 0 2370 1 1224979098644774917 32 2 1224979098644774917 144115188075856936 1771 2 1224979098644774912 1 1771 2 1224979098644774915 2 1735 1 1224979098644774915 1732 1 1224979098644774915 3 0 3 0  0 
0.000000 0.000000 0.000000  7 31 2 144115188075856896 -1 31 2 144115188075856901 -1 31 2 144115188075856903 -1 31 2 144115188075856902 -1 31 2 144115188075856905 0 31 2 144115188075856908 0 1935 0  0 
0.000000 0.000000 0.000000  164 31 2 144115188075856896 -1 31 2 144115188075856901 -1 31 2 144115188075856903 -1 31 2 144115188075856902 -1 1700 1 1224979098644774912 1710 2 1 1224979098644774912 2133 2 1224979098644774913 10000000 12 1 1224979098644774914 1718 2 1224979098644774915 1224979098644774914 1073741855 2 1224979098644774915 360287970189641408 1073741855 2 1224979098644774915 360287970189641409 1073741855 2 1224979098644774915 360287970189641410 31 2 1224979098644774915 360287970189641411 1710 2 2 1224979098644774914 712 3 1224979098644774916 1 2 2147483678 2 1224979098644774916 1224979098644774913 2133 2 1224979098644774913 1224979098644774916 3 0 4 0 2147483680 2 1224979098644774913 1600 2133 2 144115188075856935 1 12 1 1224979098644774914 1718 2 1224979098644774915 1224979098644774914 1073741855 2 1224979098644774915 360287970189641408 1073741855 2 1224979098644774915 360287970189641409 1073741855 2 1224979098644774915 360287970189641410 31 2 1224979098644774915 360287970189641411 1771 2 1224979098644774914 7 1710 2 2 1224979098644774914 1730 2 1224979098644774914 2 4 0 2147483679 2 1224979098644774914 144115188075856937 2147483679 2 1224979098644774914 144115188075856938 1747 2 1224979098644774914 -1 3 0 1732 1 1224979098644774914 1713 2 1224979098644774914 1224979098644774912 3 0 5 0 32 2 144115188075856935 0 2133 2 144115188075856935 0 2133 2 144115188075856897 0 3 0 4 0 31 2 144115188075856935 0 31 2 144115188075856897 0 4 0 2133 2 144115188075856937 -1 2133 2 144115188075856938 -1 6 3 1224979098644774917 0 2 4 0 30 2 144115188075856931 0 2133 2 144115188075856937 144115188075856931 2133 2 144115188075856931 -1 3 0 1073741855 2 144115188075856937 -1 31 2 144115188075856938 -1 2133 2 1224979098644774918 0 12 1 1224979098644774914 1718 2 1224979098644774915 1224979098644774914 1073741855 2 1224979098644774915 360287970189641408 1073741855 2 1224979098644774915 360287970189641409 1073741855 2 1224979098644774915 360287970189641410 31 2 1224979098644774915 360287970189641411 2147483679 2 1224979098644774914 144115188075856937 2147483679 2 1224979098644774914 144115188075856938 2147483679 2 1224979098644774914 144115188075856932 2105 2 1224979098644774918 1 3 0 2136 3 1224979098644774919 0 1224979098644774918 12 1 1224979098644774914 1718 2 1224979098644774915 1224979098644774914 1073741855 2 1224979098644774915 360287970189641408 1073741855 2 1224979098644774915 360287970189641409 1073741855 2 1224979098644774915 360287970189641410 31 2 1224979098644774915 360287970189641411 2147483679 2 1224979098644774914 144115188075856937 2147483679 2 1224979098644774914 144115188075856938 2147483679 2 1224979098644774914 144115188075856932 2106 2 1224979098644774919 1 2147483678 2 1224979098644774919 0 4 0 31 2 144115188075856937 -1 2133 2 144115188075856937 1224979098644774914 5 0 2133 2 144115188075856938 1224979098644774914 3 0 3 0 3 0 12 1 1224979098644774914 1718 2 1224979098644774915 1224979098644774914 1073741855 2 1224979098644774915 360287970189641408 1073741855 2 1224979098644774915 360287970189641409 1073741855 2 1224979098644774915 360287970189641410 31 2 1224979098644774915 360287970189641411 2147483679 2 1224979098644774914 144115188075856937 2147483679 2 1224979098644774914 144115188075856938 1747 2 1224979098644774914 -1 3 0 2105 2 144115188075856897 1 2370 1 144115188075856936 2105 2 144115188075856936 3 3 0 5 0 31 2 144115188075856897 1 4 0 2370 1 1224979098644774920 32 2 1224979098644774920 144115188075856936 12 1 1224979098644774914 1704 1 1224979098644774914 1718 2 1224979098644774915 1224979098644774914 1073741855 2 1224979098644774915 360287970189641408 1073741855 2 1224979098644774915 360287970189641409 1073741855 2 1224979098644774915 360287970189641410 31 2 1224979098644774915 360287970189641411 4 0 31 2 1224979098644774914 144115188075856937 1780 2 1 30 1730 2 1224979098644774914 1 5 0 31 2 1224979098644774914 144115188075856938 1780 2 1 31 1730 2 1224979098644774914 1 5 0 525 3 1224979098644774921 1224979098644774914 8 1780 2 1 1224979098644774921 1730 2 1224979098644774914 1 3 0 3 0 2105 2 144115188075856897 1 3 0 5 0 31 2 144115188075856897 2 4 0 1713 2 144115188075856937 144115188075856938 1713 2 144115188075856938 144115188075856937 1710 2 1 144115188075856937 1780 2 2 30 712 3 1224979098644774922 1 2 2147483678 2 1224979098644774922 400 1710 2 1 144115188075856938 1780 2 2 31 712 3 1224979098644774923 1 2 2147483678 2 1224979098644774923 400 2105 2 144115188075856897 1 2370 1 144115188075856936 2105 2 144115188075856936 1 3 0 5 0 31 2 144115188075856897 3 4 0 1713 2 144115188075856937 144115188075856938 1713 2 144115188075856938 144115188075856937 2370 1 1224979098644774920 32 2 1224979098644774920 144115188075856936 1735 1 144115188075856937 1735 1 144115188075856938 1771 2 144115188075856937 1 1771 2 144115188075856938 2 1732 1 144115188075856937 1732 1 144115188075856938 2105 2 144115188075856897 1 3 0 3 0  0 


mst_tutorial_1 tutorial_1 0  -1
You_enter_the_training_ground. 

1 0 1536 511 0 1 6  10 13 6 4 507 680 
5
-21.000000 0.000000 0.000000  0  6 4 0 2147483678 2 144115188075856316 5 1121 1 216172782113783950 5 0 1907 1 0 3 0 
-8.000000 0.000000 0.000000  0  3 2071 1 1224979098644774912 31 2 1224979098644774912 0 1907 1 0 
-22.000000 0.000000 0.000000  1 1106 1 216172782113783926  0 
0.000000 0.000000 100000000.000000  10 1124 2 17 17 1123 2 500 650 1125 1 0 2133 2 144115188075856316 0 2133 2 144115188075856317 0 2133 2 144115188075856318 0 2133 2 144115188075856319 0 2133 2 144115188075856320 0 2133 2 144115188075856321 0 2133 2 144115188075856322 0  0 
0.000000 0.000000 0.000000  105 4 0 31 2 144115188075856316 0 4 0 31 2 144115188075856317 0 2370 1 1224979098644774912 32 2 1224979098644774912 0 2133 2 144115188075856317 1 1122 1 216172782113783873 1811 3 1224979098644774913 1080863910568919202 0 1780 2 1 1 1860 3 1224979098644774913 1 1 3 0 1122 1 216172782113783873 1700 1 1224979098644774914 1710 2 1 1224979098644774914 1780 2 2 1 710 3 1224979098644774915 1 2 2147483680 2 1224979098644774915 100 2105 2 144115188075856316 1 1811 3 1224979098644774916 1080863910568919200 0 1850 2 1 1224979098644774916 725 2 1 -90 1860 3 1224979098644774916 1 150 1811 3 1224979098644774913 1080863910568919202 0 1780 2 1 2 1860 3 1224979098644774913 1 1 5 0 31 2 144115188075856316 1 4 0 31 2 144115188075856318 0 2133 2 144115188075856318 1 1122 1 216172782113783874 600 1 1152921504606846977 3 0 1700 1 1224979098644774914 1710 2 1 1224979098644774914 1780 2 2 2 710 3 1224979098644774915 1 2 2147483680 2 1224979098644774915 100 2105 2 144115188075856316 1 1811 3 1224979098644774916 1080863910568919200 1 1850 2 1 1224979098644774916 725 2 1 90 1860 3 1224979098644774916 1 150 1811 3 1224979098644774913 1080863910568919202 0 1780 2 1 3 1860 3 1224979098644774913 1 1 5 0 31 2 144115188075856316 2 4 0 31 2 144115188075856319 0 2133 2 144115188075856319 1 1122 1 216172782113783875 2133 2 144115188075856323 0 600 1 1152921504606846977 3 0 30 2 144115188075856323 4 2105 2 144115188075856316 1 1811 3 1224979098644774916 1080863910568919200 2 1850 2 1 1224979098644774916 725 2 1 90 1860 3 1224979098644774916 1 150 5 0 31 2 144115188075856316 3 4 0 31 2 144115188075856320 0 2133 2 144115188075856320 1 1122 1 216172782113783876 2370 1 144115188075856324 600 1 1152921504606846977 3 0 2370 1 1224979098644774912 2106 2 1224979098644774912 144115188075856324 32 2 1224979098644774912 10 2105 2 144115188075856316 1 5 0 31 2 144115188075856316 4 4 0 31 2 144115188075856321 0 2133 2 144115188075856321 1 1122 1 216172782113783877 2133 2 144115188075856325 0 2133 2 144115188075856326 0 600 1 1152921504606846977 3 0 4 0 1700 1 1224979098644774914 1727 2 1224979098644774917 1224979098644774914 2147483680 2 1224979098644774917 0 1728 1 1224979098644774914 1122 1 216172782113783871 3 0 32 2 144115188075856325 0 2133 2 144115188075856325 0 2105 2 144115188075856326 1 32 2 144115188075856326 2 2105 2 144115188075856316 1 5 0 31 2 144115188075856316 5 31 2 144115188075856322 0 2133 2 144115188075856322 1 1122 1 216172782113783878 600 1 1152921504606846978 2133 2 144115188075856327 1 3 0  0 


mst_tutorial_2 tutorial_2 1  -1
You_enter_the_training_ground. 

3 0 5632 511 0 1 3  10 507 680 
2 8208 0 16 1 0  
4 8208 0 0 1 0  
7
-21.000000 0.000000 0.000000  0  6 4 0 2147483678 2 144115188075856328 9 1121 1 216172782113783950 5 0 1907 1 0 3 0 
-8.000000 0.000000 0.000000  0  3 2071 1 1224979098644774912 31 2 1224979098644774912 0 1907 1 0 
-22.000000 0.000000 0.000000  1 1106 1 216172782113783926  0 
0.000000 0.000000 100000000.000000  4 2370 1 1224979098644774912 32 2 1224979098644774912 2 1006 0 2133 2 144115188075856328 100  0 
0.000000 0.000000 100000000.000000  14 1124 2 17 17 1123 2 500 650 1125 1 0 2133 2 144115188075856328 0 2133 2 144115188075856329 0 2133 2 144115188075856330 0 2133 2 144115188075856331 0 2133 2 144115188075856332 0 2133 2 144115188075856333 0 2133 2 144115188075856334 0 2133 2 144115188075856335 0 2133 2 144115188075856336 0 2133 2 144115188075856337 0 2133 2 144115188075856338 0  0 
10.000000 0.000000 0.000000  2 1 2 936748722493063523 360287970189639688 1728 1 72057594037927936  0 
0.000000 0.000000 0.000000  230 4 0 31 2 144115188075856328 0 4 0 31 2 144115188075856329 0 2370 1 1224979098644774912 32 2 1224979098644774912 0 2133 2 144115188075856329 1 1122 1 216172782113783879 1790 3 1 9 11 1790 3 1 0 2 1 2 936748722493063523 360287970189639687 2133 2 1224979098644774913 72057594037927936 1710 2 1 1224979098644774913 1730 3 1224979098644774913 1 0 3 0 1700 1 1224979098644774914 30 2 1224979098644774914 0 1710 2 1 1224979098644774914 1780 2 2 1 710 3 1224979098644774915 1 2 2147483680 2 1224979098644774915 200 1811 3 1224979098644774916 1080863910568919200 0 1850 2 1 1224979098644774916 725 2 1 90 1860 3 1224979098644774916 1 150 2105 2 144115188075856328 1 5 0 31 2 144115188075856328 1 1811 3 1224979098644774917 1080863910568919058 0 1850 2 1 1224979098644774917 1700 1 1224979098644774914 1710 2 2 1224979098644774914 714 2 2 1 1811 3 1224979098644774916 1080863910568919200 0 1850 2 1 1224979098644774916 725 2 1 -90 1860 3 1224979098644774916 1 150 2105 2 144115188075856328 1 5 0 31 2 144115188075856328 2 1700 1 1224979098644774914 1754 2 1224979098644774914 0 4 0 31 2 144115188075856338 0 2105 2 144115188075856338 1 1 2 936748722493063523 360287970189639687 2133 2 1224979098644774913 72057594037927936 1780 2 1 3 1730 3 1224979098644774913 1 0 5 0 31 2 144115188075856338 1 1 2 936748722493063523 360287970189639687 2133 2 1224979098644774913 72057594037927936 1780 2 1 3 1710 2 2 1224979098644774913 710 3 1224979098644774915 1 2 2147483680 2 1224979098644774915 250 1735 1 1224979098644774913 2105 2 144115188075856338 1 2370 1 144115188075856324 5 0 31 2 144115188075856338 2 4 0 31 2 144115188075856330 0 2133 2 144115188075856330 1 600 1 1152921504606846977 3 0 1 2 936748722493063523 360287970189639687 2133 2 1224979098644774913 72057594037927936 2370 1 1224979098644774912 2106 2 1224979098644774912 144115188075856324 2121 3 72057594037927939 20 1224979098644774912 1122 1 216172782113783880 32 2 1224979098644774912 20 1780 2 1 3 1730 3 1224979098644774913 1 0 2105 2 144115188075856338 1 5 0 31 2 144115188075856338 3 4 0 31 2 144115188075856331 0 2133 2 144115188075856331 1 1122 1 216172782113783881 600 1 1152921504606846977 3 0 1 2 936748722493063523 360287970189639687 2133 2 1224979098644774913 72057594037927936 1780 2 1 3 1710 2 2 1224979098644774913 710 3 1224979098644774915 1 2 2147483680 2 1224979098644774915 250 1780 2 1 2 1730 3 1224979098644774913 1 0 2105 2 144115188075856338 1 5 0 31 2 144115188075856338 4 1 2 936748722493063523 360287970189639687 2133 2 1224979098644774913 72057594037927936 1780 2 1 2 1710 2 2 1224979098644774913 710 3 1224979098644774915 1 2 2147483680 2 1224979098644774915 250 1780 2 1 30 1711 2 1224979098644774913 1 1730 3 1224979098644774913 1 0 1811 3 1224979098644774916 1080863910568919200 1 1850 2 1 1224979098644774916 725 2 1 90 1860 3 1224979098644774916 1 150 2105 2 144115188075856338 1 2105 2 144115188075856328 1 3 0 5 0 31 2 144115188075856328 3 1811 3 1224979098644774917 1080863910568919058 1 1850 2 1 1224979098644774917 1700 1 1224979098644774914 1754 2 1224979098644774914 1 1710 2 2 1224979098644774914 714 2 2 1 1811 3 1224979098644774916 1080863910568919200 1 1850 2 1 1224979098644774916 725 2 1 -90 1860 3 1224979098644774916 1 150 2370 1 144115188075856324 2105 2 144115188075856328 1 5 0 31 2 144115188075856328 4 4 0 31 2 144115188075856332 0 2133 2 144115188075856332 1 600 1 1152921504606846977 3 0 2370 1 1224979098644774912 2106 2 1224979098644774912 144115188075856324 2121 3 72057594037927939 20 1224979098644774912 1122 1 216172782113783882 32 2 1224979098644774912 20 1780 2 1 5 1970 1 1 1971 1 288230376151711757 1 2 936748722493063523 360287970189639687 2133 2 1224979098644774913 72057594037927936 1780 2 1 3 1711 2 1224979098644774913 1 1730 3 1224979098644774913 1 0 1811 3 1224979098644774916 1080863910568919200 2 1850 2 1 1224979098644774916 725 2 1 90 1860 3 1224979098644774916 1 150 2105 2 144115188075856328 1 5 0 31 2 144115188075856328 5 4 0 31 2 144115188075856333 0 2133 2 144115188075856333 1 1122 1 216172782113783883 600 1 1152921504606846977 3 0 1811 3 1224979098644774917 1080863910568919058 2 1850 2 1 1224979098644774917 1700 1 1224979098644774914 1710 2 2 1224979098644774914 714 2 2 1 1811 3 1224979098644774916 1080863910568919200 2 1850 2 1 1224979098644774916 725 2 1 -90 1860 3 1224979098644774916 1 150 2105 2 144115188075856328 1 5 0 31 2 144115188075856328 6 4 0 31 2 144115188075856334 0 2133 2 144115188075856334 1 1122 1 216172782113783884 600 1 1152921504606846977 3 0 1700 1 1224979098644774914 1729 2 1224979098644774914 288230376151711757 1811 3 1224979098644774916 1080863910568919200 3 1850 2 1 1224979098644774916 725 2 1 -90 1860 3 1224979098644774916 1 150 2105 2 144115188075856328 1 5 0 31 2 144115188075856328 7 4 0 31 2 144115188075856335 0 2133 2 144115188075856335 1 1122 1 216172782113783885 600 1 1152921504606846977 1700 1 1224979098644774914 1721 2 1224979098644774914 100 3 0 1 2 936748722493063523 360287970189639688 2133 2 1224979098644774913 72057594037927936 2147485350 1 1224979098644774913 1 2 936748722493063523 360287970189639687 2133 2 1224979098644774913 72057594037927936 1735 1 1224979098644774913 1811 3 1224979098644774916 1080863910568919200 4 1850 2 1 1224979098644774916 725 2 1 -90 1860 3 1224979098644774916 1 150 2105 2 144115188075856328 1 5 0 31 2 144115188075856328 8 4 0 31 2 144115188075856336 0 2133 2 144115188075856336 1 1122 1 216172782113783886 600 1 1152921504606846977 1700 1 1224979098644774914 1721 2 1224979098644774914 100 3 0 1 2 936748722493063523 360287970189639687 2133 2 1224979098644774913 72057594037927936 2147485350 1 1224979098644774913 2105 2 144115188075856328 1 5 0 31 2 144115188075856328 9 31 2 144115188075856337 0 2133 2 144115188075856337 1 1122 1 216172782113783887 600 1 1152921504606846978 2133 2 144115188075856339 1 5 0 32 2 144115188075856328 30 1122 1 216172782113783872 3 0  0 


mst_tutorial_3 tutorial_3 1  -1
You_enter_the_training_ground. 

3 0 5632 511 0 1 2  507 680 
3 8208 0 16 1 0  
5 8208 0 16 1 0  
6
-21.000000 0.000000 0.000000  0  6 4 0 2147483678 2 144115188075856340 12 1121 1 216172782113783950 5 0 1907 1 0 3 0 
-8.000000 0.000000 0.000000  0  3 2071 1 1224979098644774912 31 2 1224979098644774912 0 1907 1 0 
-22.000000 0.000000 0.000000  1 1106 1 216172782113783926  0 
0.000000 0.000000 100000000.000000  4 2370 1 1224979098644774912 32 2 1224979098644774912 2 1006 0 2133 2 144115188075856340 100  0 
0.000000 0.000000 100000000.000000  10 1124 2 17 17 1123 2 500 650 1125 1 0 2133 2 144115188075856340 0 2133 2 144115188075856341 0 2133 2 144115188075856342 0 2133 2 144115188075856343 0 2133 2 144115188075856344 0 2133 2 144115188075856345 0 2133 2 144115188075856346 0  0 
0.000000 0.000000 0.000000  208 4 0 31 2 144115188075856340 0 4 0 31 2 144115188075856341 0 2370 1 1224979098644774912 32 2 1224979098644774912 0 2133 2 144115188075856341 1 1122 1 216172782113783888 1 2 936748722493063523 360287970189639687 2133 2 1224979098644774913 72057594037927936 1710 2 1 1224979098644774913 1730 3 1224979098644774913 1 0 1 2 936748722493063523 360287970189639689 2133 2 1224979098644774913 72057594037927936 1710 2 1 1224979098644774913 1730 3 1224979098644774913 1 0 1780 2 1 1 1970 1 1 1971 1 288230376151711755 3 0 1700 1 1224979098644774914 30 2 1224979098644774914 0 1729 2 1224979098644774914 288230376151711755 2105 2 144115188075856340 1 5 0 31 2 144115188075856340 1 4 0 31 2 144115188075856342 0 2133 2 144115188075856342 1 1122 1 216172782113783889 600 1 1152921504606846977 3 0 1700 1 1224979098644774914 1710 2 1 1224979098644774914 1780 2 2 2 710 3 1224979098644774915 1 2 2147483680 2 1224979098644774915 200 1811 3 1224979098644774916 1080863910568919201 0 1850 2 1 1224979098644774916 725 2 1 -90 1860 3 1224979098644774916 1 150 2105 2 144115188075856340 1 5 0 31 2 144115188075856340 2 1811 3 1224979098644774917 1080863910568919058 0 1850 2 1 1224979098644774917 1700 1 1224979098644774914 1710 2 2 1224979098644774914 714 2 2 1 1811 3 1224979098644774916 1080863910568919201 0 1850 2 1 1224979098644774916 725 2 1 90 1860 3 1224979098644774916 1 150 2105 2 144115188075856340 1 5 0 31 2 144115188075856340 3 1700 1 1224979098644774914 1754 2 1224979098644774914 0 1 2 936748722493063523 360287970189639687 2133 2 1224979098644774913 72057594037927936 1780 2 1 4 1730 3 1224979098644774913 1 0 2105 2 144115188075856340 1 5 0 31 2 144115188075856340 4 1 2 936748722493063523 360287970189639687 2133 2 1224979098644774913 72057594037927936 1780 2 1 4 1710 2 2 1224979098644774913 710 3 1224979098644774915 1 2 2147483680 2 1224979098644774915 250 1735 1 1224979098644774913 2105 2 144115188075856340 1 2370 1 144115188075856324 5 0 31 2 144115188075856340 5 4 0 31 2 144115188075856343 0 2133 2 144115188075856343 1 600 1 1152921504606846977 3 0 1 2 936748722493063523 360287970189639687 2133 2 1224979098644774913 72057594037927936 2370 1 1224979098644774912 2106 2 1224979098644774912 144115188075856324 2121 3 72057594037927939 20 1224979098644774912 1122 1 216172782113783890 32 2 1224979098644774912 20 1780 2 1 4 1730 3 1224979098644774913 1 0 2105 2 144115188075856340 1 5 0 31 2 144115188075856340 6 4 0 31 2 144115188075856344 0 2133 2 144115188075856344 1 1122 1 216172782113783891 600 1 1152921504606846977 3 0 1 2 936748722493063523 360287970189639687 2133 2 1224979098644774913 72057594037927936 1780 2 1 4 1710 2 2 1224979098644774913 710 3 1224979098644774915 1 2 2147483680 2 1224979098644774915 250 1780 2 1 3 1730 3 1224979098644774913 1 0 2105 2 144115188075856340 1 5 0 31 2 144115188075856340 7 1 2 936748722493063523 360287970189639687 2133 2 1224979098644774913 72057594037927936 1780 2 1 3 1710 2 2 1224979098644774913 710 3 1224979098644774915 1 2 2147483680 2 1224979098644774915 250 1780 2 1 7 1730 3 1224979098644774913 1 0 1711 2 1224979098644774913 1 1811 3 1224979098644774916 1080863910568919201 1 1850 2 1 1224979098644774916 725 2 1 -90 1860 3 1224979098644774916 1 150 1811 3 1224979098644774916 1080863910568919201 3 1850 2 1 1224979098644774916 725 2 1 -90 1860 3 1224979098644774916 1 150 2105 2 144115188075856340 1 5 0 31 2 144115188075856340 8 1811 3 1224979098644774917 1080863910568919058 1 1850 2 1 1224979098644774917 1700 1 1224979098644774914 1710 2 2 1224979098644774914 714 2 2 1 1811 3 1224979098644774916 1080863910568919201 1 1850 2 1 1224979098644774916 725 2 1 90 1860 3 1224979098644774916 1 150 2105 2 144115188075856340 1 5 0 31 2 144115188075856340 9 1 2 936748722493063523 360287970189639689 2133 2 1224979098644774913 72057594037927936 1780 2 1 6 1730 3 1224979098644774913 1 0 2105 2 144115188075856340 1 5 0 31 2 144115188075856340 10 1 2 936748722493063523 360287970189639689 2133 2 1224979098644774913 72057594037927936 1780 2 1 6 1710 2 2 1224979098644774913 710 3 1224979098644774915 1 2 2147483680 2 1224979098644774915 250 1735 1 1224979098644774913 2105 2 144115188075856340 1 2370 1 144115188075856324 5 0 31 2 144115188075856340 11 4 0 31 2 144115188075856345 0 2133 2 144115188075856345 1 600 1 1152921504606846977 3 0 1 2 936748722493063523 360287970189639689 2133 2 1224979098644774913 72057594037927936 2370 1 1224979098644774912 2106 2 1224979098644774912 144115188075856324 2121 3 72057594037927939 20 1224979098644774912 1122 1 216172782113783892 32 2 1224979098644774912 20 1780 2 1 6 1730 3 1224979098644774913 1 0 2105 2 144115188075856340 1 5 0 31 2 144115188075856340 12 4 0 31 2 144115188075856346 0 2133 2 144115188075856346 1 1122 1 216172782113783893 600 1 1152921504606846977 3 0 1 2 936748722493063523 360287970189639689 2133 2 1224979098644774913 72057594037927936 1780 2 1 6 1710 2 2 1224979098644774913 710 3 1224979098644774915 1 2 2147483680 2 1224979098644774915 250 1780 2 1 5 1730 3 1224979098644774913 1 0 2105 2 144115188075856340 1 5 0 31 2 144115188075856340 13 1 2 936748722493063523 360287970189639689 2133 2 1224979098644774913 72057594037927936 1780 2 1 5 1710 2 2 1224979098644774913 710 3 1224979098644774915 1 2 2147483680 2 1224979098644774915 250 1780 2 1 7 1730 3 1224979098644774913 1 0 1711 2 1224979098644774913 1 2105 2 144115188075856340 1 5 0 32 2 144115188075856340 30 1122 1 216172782113783872 3 0  0 


mst_tutorial_3_2 tutorial_3_2 1  -1
You_enter_the_training_ground. 

3 0 5632 511 0 1 3  12 507 680 
4 8208 0 16 1 0  
6 8208 0 16 1 0  
6
-21.000000 0.000000 0.000000  0  6 4 0 2147483678 2 144115188075856340 5 1121 1 216172782113783950 5 0 1907 1 0 3 0 
-8.000000 0.000000 0.000000  0  3 2071 1 1224979098644774912 31 2 1224979098644774912 0 1907 1 0 
-22.000000 0.000000 0.000000  1 1106 1 216172782113783926  0 
0.000000 0.000000 100000000.000000  4 2370 1 1224979098644774912 32 2 1224979098644774912 2 1006 0 2133 2 144115188075856340 100  0 
0.000000 0.000000 100000000.000000  9 1124 2 17 17 1123 2 500 650 1125 1 0 2133 2 144115188075856340 0 2133 2 144115188075856341 0 2133 2 144115188075856342 0 2133 2 144115188075856343 0 2133 2 144115188075856344 0 2133 2 144115188075856345 0  0 
0.000000 0.000000 0.000000  103 4 0 31 2 144115188075856340 0 4 0 31 2 144115188075856341 0 2370 1 1224979098644774912 32 2 1224979098644774912 0 2133 2 144115188075856341 1 1122 1 216172782113783894 600 1 1152921504606846977 1 2 936748722493063523 360287970189639687 2133 2 1224979098644774913 72057594037927936 1710 2 1 1224979098644774913 1730 3 1224979098644774913 1 0 1 2 936748722493063523 360287970189639689 2133 2 1224979098644774913 72057594037927936 1710 2 1 1224979098644774913 1730 3 1224979098644774913 1 0 3 0 1700 1 1224979098644774914 1710 2 1 1224979098644774914 1780 2 2 2 710 3 1224979098644774915 1 2 2147483680 2 1224979098644774915 200 1811 3 1224979098644774916 1080863910568919201 0 1850 2 1 1224979098644774916 725 2 1 -90 1860 3 1224979098644774916 1 150 2105 2 144115188075856340 1 5 0 31 2 144115188075856340 1 4 0 31 2 144115188075856342 0 2133 2 144115188075856342 1 1122 1 216172782113783895 600 1 1152921504606846977 3 0 1811 3 1224979098644774917 1080863910568919058 0 1850 2 1 1224979098644774917 1700 1 1224979098644774914 1710 2 2 1224979098644774914 714 2 2 1 1811 3 1224979098644774916 1080863910568919201 0 1850 2 1 1224979098644774916 725 2 1 90 1860 3 1224979098644774916 1 150 1 2 936748722493063523 360287970189639687 1735 1 72057594037927936 2105 2 144115188075856340 1 5 0 31 2 144115188075856340 2 1 2 936748722493063523 360287970189639687 2147485350 1 72057594037927936 1811 3 1224979098644774916 1080863910568919201 1 1850 2 1 1224979098644774916 725 2 1 -90 1860 3 1224979098644774916 1 150 1811 3 1224979098644774916 1080863910568919201 3 1850 2 1 1224979098644774916 725 2 1 -90 1860 3 1224979098644774916 1 150 2105 2 144115188075856340 1 5 0 31 2 144115188075856340 3 4 0 31 2 144115188075856343 0 2133 2 144115188075856343 1 1122 1 216172782113783896 600 1 1152921504606846977 3 0 1811 3 1224979098644774917 1080863910568919058 1 1850 2 1 1224979098644774917 1700 1 1224979098644774914 1710 2 2 1224979098644774914 714 2 2 1 1811 3 1224979098644774916 1080863910568919201 1 1850 2 1 1224979098644774916 725 2 1 90 1860 3 1224979098644774916 1 150 1 2 936748722493063523 360287970189639689 1735 1 72057594037927936 2105 2 144115188075856340 1 5 0 31 2 144115188075856340 4 4 0 31 2 144115188075856344 0 2133 2 144115188075856344 1 1122 1 216172782113783897 600 1 1152921504606846977 3 0 1 2 936748722493063523 360287970189639689 2147485350 1 72057594037927936 2105 2 144115188075856340 1 5 0 31 2 144115188075856340 5 31 2 144115188075856345 0 2133 2 144115188075856345 1 1122 1 216172782113783898 600 1 1152921504606846978 2133 2 144115188075856347 1 5 0 32 2 144115188075856340 30 1122 1 216172782113783872 3 0  0 


mst_tutorial_4 tutorial_4 1  -1
You_enter_the_training_ground. 

1 0 5632 511 0 1 5  13 6 4 507 680 
6
-21.000000 0.000000 0.000000  0  6 4 0 2147483678 2 144115188075856348 11 1121 1 216172782113783950 5 0 1907 1 0 3 0 
-8.000000 0.000000 0.000000  0  3 2071 1 1224979098644774912 31 2 1224979098644774912 0 1907 1 0 
-22.000000 0.000000 0.000000  1 1106 1 216172782113783926  0 
-19.000000 0.000000 0.000000  0  1 1266 1 13 
0.000000 0.000000 100000000.000000  11 1124 2 17 17 1123 2 500 650 1125 1 0 2133 2 144115188075856348 0 2133 2 144115188075856349 0 2133 2 144115188075856350 0 2133 2 144115188075856351 0 2133 2 144115188075856352 0 2133 2 144115188075856353 0 2133 2 144115188075856354 0 2133 2 144115188075856355 0  0 
0.000000 0.000000 0.000000  169 4 0 31 2 144115188075856348 0 4 0 31 2 144115188075856349 0 2370 1 1224979098644774912 32 2 1224979098644774912 0 2133 2 144115188075856349 1 1122 1 216172782113783899 1780 2 1 1 1970 1 1 1973 1 288230376151711753 2133 2 144115188075856323 0 3 0 1700 1 1224979098644774913 1714 2 1224979098644774914 1224979098644774913 30 2 1224979098644774914 0 2105 2 144115188075856348 1 1780 2 1 2 1811 3 1224979098644774915 1080863910568919202 0 1860 3 1224979098644774915 1 1 5 0 31 2 144115188075856348 1 4 0 31 2 144115188075856350 0 2133 2 144115188075856350 1 1122 1 216172782113783900 600 1 1152921504606846977 3 0 1700 1 1224979098644774913 1710 2 1 1224979098644774913 1780 2 2 2 710 3 1224979098644774916 1 2 2147483680 2 1224979098644774916 200 2105 2 144115188075856348 1 1780 2 1 3 1811 3 1224979098644774915 1080863910568919202 0 1860 3 1224979098644774915 1 1 5 0 31 2 144115188075856348 2 1700 1 1224979098644774913 1710 2 1 1224979098644774913 1780 2 2 3 710 3 1224979098644774916 1 2 2147483680 2 1224979098644774916 200 2105 2 144115188075856348 1 1780 2 1 4 1811 3 1224979098644774915 1080863910568919202 0 1860 3 1224979098644774915 1 1 5 0 31 2 144115188075856348 3 1700 1 1224979098644774913 1710 2 1 1224979098644774913 1780 2 2 4 710 3 1224979098644774916 1 2 2147483680 2 1224979098644774916 200 2105 2 144115188075856348 1 1780 2 1 5 1811 3 1224979098644774915 1080863910568919202 0 1860 3 1224979098644774915 1 1 5 0 31 2 144115188075856348 4 1700 1 1224979098644774913 1710 2 1 1224979098644774913 1780 2 2 5 710 3 1224979098644774916 1 2 2147483680 2 1224979098644774916 200 2105 2 144115188075856348 1 1780 2 1 6 1811 3 1224979098644774915 1080863910568919202 0 1860 3 1224979098644774915 1 1 5 0 31 2 144115188075856348 5 1700 1 1224979098644774913 1710 2 1 1224979098644774913 1780 2 2 6 710 3 1224979098644774916 1 2 2147483680 2 1224979098644774916 200 2105 2 144115188075856348 1 1780 2 1 1 1811 3 1224979098644774915 1080863910568919202 0 1860 3 1224979098644774915 1 1 5 0 31 2 144115188075856348 6 1700 1 1224979098644774913 1710 2 1 1224979098644774913 1780 2 2 1 710 3 1224979098644774916 1 2 2147483680 2 1224979098644774916 200 2105 2 144115188075856348 1 1780 2 1 7 1811 3 1224979098644774915 1080863910568919202 0 1860 3 1224979098644774915 1 1 5 0 31 2 144115188075856348 7 4 0 31 2 144115188075856351 0 2133 2 144115188075856351 1 1122 1 216172782113783901 600 1 1152921504606846977 3 0 1700 1 1224979098644774913 1710 2 1 1224979098644774913 1780 2 2 7 710 3 1224979098644774916 1 2 2147483680 2 1224979098644774916 200 2105 2 144115188075856348 1 1780 2 1 20 1811 3 1224979098644774915 1080863910568919202 0 1860 3 1224979098644774915 1 1 5 0 31 2 144115188075856348 8 4 0 31 2 144115188075856352 0 2133 2 144115188075856352 1 1122 1 216172782113783902 600 1 1152921504606846977 3 0 30 2 144115188075856323 2 2105 2 144115188075856348 1 1780 2 1 8 1811 3 1224979098644774915 1080863910568919202 0 1860 3 1224979098644774915 1 1 5 0 31 2 144115188075856348 9 4 0 31 2 144115188075856353 0 2133 2 144115188075856353 1 1122 1 216172782113783903 600 1 1152921504606846977 3 0 1700 1 1224979098644774913 1710 2 1 1224979098644774913 1780 2 2 8 710 3 1224979098644774916 1 2 2147483680 2 1224979098644774916 200 2105 2 144115188075856348 1 1780 2 1 20 1811 3 1224979098644774915 1080863910568919202 0 1860 3 1224979098644774915 1 1 5 0 31 2 144115188075856348 10 4 0 31 2 144115188075856354 0 2133 2 144115188075856354 1 1122 1 216172782113783904 600 1 1152921504606846977 2133 2 144115188075856325 0 2133 2 144115188075856326 0 3 0 4 0 1700 1 1224979098644774913 1727 2 1224979098644774917 1224979098644774913 2147483680 2 1224979098644774917 0 1728 1 1224979098644774913 1122 1 216172782113783871 3 0 32 2 144115188075856325 0 2133 2 144115188075856325 0 2105 2 144115188075856326 1 32 2 144115188075856326 2 2105 2 144115188075856348 1 5 0 31 2 144115188075856348 11 31 2 144115188075856355 0 2133 2 144115188075856355 1 1122 1 216172782113783905 600 1 1152921504606846978 2133 2 144115188075856356 1 3 0  0 


mst_tutorial_5 tutorial_5 1  -1
You_enter_the_training_ground. 

12 0 4112 511 0 1 7  13 10 6 4 9 507 680 
1 4112 0 16 1 0  
2 4112 0 16 1 0  
3 4112 0 16 1 0  
4 4112 0 16 1 0  
8 4112 0 16 1 0  
9 4112 0 16 1 0  
10 4112 0 16 1 0  
13 8208 256 16 1 0  
14 8208 256 16 1 0  
15 8208 256 16 1 0  
16 8208 256 16 1 0  
8
-21.000000 0.000000 0.000000  0  6 4 0 2147483678 2 144115188075856357 5 1121 1 216172782113783950 5 0 1907 1 0 3 0 
-8.000000 0.000000 0.000000  0  3 2071 1 1224979098644774912 31 2 1224979098644774912 0 1907 1 0 
-22.000000 0.000000 0.000000  1 1106 1 216172782113783926  0 
0.000000 0.000000 100000000.000000  4 2370 1 1224979098644774912 32 2 1224979098644774912 2 1006 0 2133 2 144115188075856357 100  0 
0.000000 0.000000 100000000.000000  10 1124 2 17 17 1123 2 500 650 1125 1 0 2133 2 144115188075856357 0 2133 2 144115188075856358 0 2133 2 144115188075856359 0 2133 2 144115188075856360 0 2133 2 144115188075856361 0 2133 2 144115188075856362 0 2133 2 144115188075856363 0  0 
0.000000 0.000000 100000000.000000  5 1107 1 0 1790 3 0 9 11 1107 1 1 2370 1 1224979098644774912 32 2 1224979098644774912 3  0 
0.000000 0.000000 0.000000  1 1 2 936748722493063525 0  0 
0.000000 0.000000 0.000000  135 4 0 31 2 144115188075856357 0 4 0 31 2 144115188075856358 0 2370 1 1224979098644774912 32 2 1224979098644774912 0 2133 2 144115188075856358 1 1122 1 216172782113783906 1780 2 1 5 1811 3 1224979098644774913 1080863910568919202 0 1860 3 1224979098644774913 1 1 3 0 1 3 936748722493063524 0 0 1780 2 2 5 710 3 1224979098644774914 1 2 2147483680 2 1224979098644774914 1000 2105 2 144115188075856357 1 1780 2 1 6 1811 3 1224979098644774913 1080863910568919203 0 1860 3 1224979098644774913 1 1 5 0 31 2 144115188075856357 1 4 0 31 2 144115188075856359 0 2133 2 144115188075856359 1 1122 1 216172782113783907 600 1 1152921504606846977 3 0 1 3 936748722493063524 0 0 1780 2 2 5 710 3 1224979098644774914 1 2 2147483680 2 1224979098644774914 1000 1700 1 1224979098644774915 1710 2 1 1224979098644774915 1780 2 2 6 710 3 1224979098644774914 1 2 2147483680 2 1224979098644774914 500 2105 2 144115188075856357 1 1780 2 1 7 1811 3 1224979098644774913 1080863910568919202 0 1860 3 1224979098644774913 1 1 1780 2 1 30 1811 3 1224979098644774913 1080863910568919203 0 1860 3 1224979098644774913 1 1 5 0 31 2 144115188075856357 2 4 0 31 2 144115188075856360 0 2133 2 144115188075856360 1 1122 1 216172782113783908 600 1 1152921504606846977 3 0 1700 1 1224979098644774915 1710 2 1 1224979098644774915 1780 2 2 7 710 3 1224979098644774914 1 2 2147483680 2 1224979098644774914 500 2105 2 144115188075856357 1 1261 1 720575940379279427 1262 0 1263 2 5 360287970189639791 1263 2 6 360287970189639791 1263 2 7 360287970189639791 1780 2 1 11 1811 3 1224979098644774913 1080863910568919202 0 1860 3 1224979098644774913 1 1 1780 2 1 12 1811 3 1224979098644774913 1080863910568919203 0 1860 3 1224979098644774913 1 1 1107 1 0 1790 3 0 1 11 1107 1 1 5 0 31 2 144115188075856357 3 4 0 31 2 144115188075856361 0 2133 2 144115188075856361 1 1122 1 216172782113783909 600 1 1152921504606846977 3 0 1 3 936748722493063524 0 1 1780 2 2 11 710 3 1224979098644774914 1 2 2147483680 2 1224979098644774914 1000 1 3 936748722493063524 0 0 1780 2 2 12 710 3 1224979098644774914 1 2 2147483680 2 1224979098644774914 1000 2105 2 144115188075856357 1 1780 2 1 30 1811 3 1224979098644774913 1080863910568919202 0 1860 3 1224979098644774913 1 1 1811 3 1224979098644774913 1080863910568919203 0 1860 3 1224979098644774913 1 1 1261 1 720575940379279427 1262 0 1263 2 8 360287970189639890 1263 2 9 360287970189639890 1263 2 10 360287970189639890 1263 2 11 360287970189639890 1790 3 1 9 2 5 0 31 2 144115188075856357 4 4 0 31 2 144115188075856362 0 2133 2 144115188075856362 1 1122 1 216172782113783910 600 1 1152921504606846977 3 0 2133 2 1224979098644774916 0 12 1 1224979098644774917 1704 1 1224979098644774917 1702 1 1224979098644774917 1770 2 1224979098644774918 1224979098644774917 31 2 1224979098644774918 1 2105 2 1224979098644774916 1 3 0 31 2 1224979098644774916 0 2105 2 144115188075856357 1 5 0 31 2 144115188075856357 5 31 2 144115188075856363 0 2133 2 144115188075856363 1 1122 1 216172782113783911 600 1 1152921504606846978 2133 2 144115188075856364 1 5 0 32 2 144115188075856357 30 1122 1 216172782113783872 1780 2 1 30 1811 3 1224979098644774913 1080863910568919202 0 1860 3 1224979098644774913 1 1 1811 3 1224979098644774913 1080863910568919203 0 1860 3 1224979098644774913 1 1 3 0  0 


mst_quick_battle_battle quick_battle_battle 2  -1
You_lead_your_men_to_battle. 

32 0 4112 0 16 1 0  
1 4112 0 16 1 0  
2 4112 0 16 1 0  
3 4112 0 16 1 0  
4 4112 0 16 1 0  
5 4112 0 16 1 0  
6 4112 0 16 1 0  
7 4112 0 16 1 0  
8 4112 0 16 1 0  
9 4112 0 16 1 0  
10 4112 0 16 1 0  
11 4112 0 16 1 0  
12 4112 0 16 1 0  
13 4112 0 16 1 0  
14 4112 0 16 1 0  
15 4112 0 16 1 0  
16 8208 0 16 1 0  
17 8208 0 16 1 0  
18 8208 0 16 1 0  
19 8208 0 16 1 0  
20 8208 0 16 1 0  
21 8208 0 16 1 0  
22 8208 0 16 1 0  
23 8208 0 16 1 0  
24 8208 0 16 1 0  
25 8208 0 16 1 0  
26 8208 0 16 1 0  
27 8208 0 16 1 0  
28 8208 0 16 1 0  
29 8208 0 16 1 0  
30 8208 0 16 1 0  
31 8208 0 16 1 0  
57
-21.000000 0.000000 0.000000  0  7 4 0 2147483679 2 144115188075856168 0 1 1 936748722493063695 1907 0 5 0 1121 1 216172782113783949 3 0 
-8.000000 0.000000 0.000000  0  5 2071 1 1224979098644774912 31 2 1224979098644774912 0 2133 2 144115188075856168 -1 1 1 936748722493063695 1907 0 
-22.000000 0.000000 0.000000  1 1106 1 216172782113783923  0 
-19.000000 0.000000 0.000000  0  1 1266 1 15 
-25.000000 0.000000 0.000000  0  3 2071 1 1224979098644774912 1718 2 1224979098644774913 1224979098644774912 1 4 936748722493063611 1729382256910270468 1224979098644774912 1224979098644774913 
0.000000 0.000000 100000000.000000  0  3 2133 2 144115188075856168 0 1 1 936748722493063692 1 1 936748722493063893 
10.000000 0.000000 0.000000  3 2370 1 1224979098644774912 30 2 1224979098644774912 5 1 1 936748722493064054  0 
3.000000 0.000000 0.000000  13 2133 2 1224979098644774912 0 4 0 31 2 144115188075857330 0 32 2 144115188075857315 150 2133 2 1224979098644774912 1 5 0 31 2 144115188075857330 1 2133 2 1224979098644774912 1 3 0 31 2 1224979098644774912 1 2370 1 1224979098644774913 30 2 1224979098644774913 30 1 1 936748722493064021  0 
0.500000 0.000000 0.000000  23 2133 2 1224979098644774912 0 4 0 31 2 144115188075857330 0 2147483680 2 144115188075857315 150 2133 2 1224979098644774912 1 5 0 31 2 144115188075857330 2 2133 2 1224979098644774912 1 3 0 31 2 1224979098644774912 1 2365 1 1224979098644774913 30 2 1224979098644774913 30000 2123 3 1224979098644774914 1224979098644774913 1000 2123 3 1224979098644774915 1224979098644774913 100 12 1 1224979098644774916 1712 1 1224979098644774916 1704 1 1224979098644774916 1702 1 1224979098644774916 2119 3 1224979098644774917 1224979098644774915 50 2119 3 1224979098644774918 1224979098644774916 50 31 2 1224979098644774918 1224979098644774917 1 3 936748722493064020 1224979098644774916 1224979098644774914 3 0  0 
30.000000 0.000000 0.000000  0  1 1 1 936748722493063692 
1.000000 60.000000 100000000.000000  9 2370 1 72057594037927937 30 2 72057594037927937 10 1003 1 2 1073741855 2 144115188075857105 0 2147484654 1 0 1906 1 1 1106 1 216172782113783831 2133 2 144115188075856297 1 2133 2 144115188075856168 1  2 1 1 936748722493063695 1907 1 1 
10.000000 0.000000 0.000000  1 31 2 144115188075856297 1  1 1106 1 216172782113783831 
1.000000 4.000000 0.000000  6 1006 0 4 0 1 1 936748722493063889 5 0 2133 2 144115188075856168 -1 3 0  2 1 1 936748722493063695 1907 0 
-71.000000 0.000000 0.000000  3 2071 1 1224979098644774912 1073741855 2 1224979098644774912 10 31 2 1224979098644774912 9  3 2071 1 1224979098644774912 2072 1 1224979098644774913 1 3 936748722493063563 1224979098644774912 1224979098644774913 
-57.000000 0.000000 0.000000  2 2072 1 1224979098644774912 31 2 1224979098644774912 0  3 2071 1 1224979098644774912 1774 2 1224979098644774912 0 1732 1 1224979098644774912 
-56.000000 0.000000 0.000000  5 2071 1 1224979098644774912 32 2 1224979098644774912 -1 1702 1 1224979098644774912 1707 1 1224979098644774912 1 5 936748722493064105 1224979098644774912 0 0 0  0 
0.000000 0.300000 0.000000  5 31 2 144115188075857329 1 1541 3 1224979098644774912 360287970189639680 5 30 2 1224979098644774912 0 2700 2 1224979098644774913 1224979098644774912 30 2 1224979098644774913 800  15 1700 1 1224979098644774912 1541 3 1224979098644774913 360287970189639680 5 30 2 1224979098644774913 0 2700 2 1224979098644774914 1224979098644774913 30 2 1224979098644774914 800 4 0 33 3 1224979098644774914 800 2100 2133 2 1224979098644774915 1152921504606847156 5 0 30 2 1224979098644774914 2100 2133 2 1224979098644774915 1152921504606847157 3 0 1768 2 1224979098644774916 1224979098644774912 33 3 1224979098644774916 1801439850948198426 1801439850948198522 1750 2 1224979098644774912 1224979098644774915 
1.000000 0.000000 0.000000  1 31 2 144115188075857104 0  26 12 1 1224979098644774912 1702 1 1224979098644774912 1704 1 1224979098644774912 1714 2 1224979098644774913 1224979098644774912 4 0 30 2 1224979098644774913 0 1720 2 1224979098644774914 1224979098644774913 2121 3 1224979098644774915 100 1224979098644774914 4 0 2147483680 2 1224979098644774915 15 2108 2 1224979098644774915 2 2120 3 1224979098644774916 100 1224979098644774915 5 0 2107 2 1224979098644774915 2 2108 2 1224979098644774915 3 2121 3 1224979098644774916 115 1224979098644774915 3 0 1718 2 1224979098644774917 1224979098644774912 2170 3 1224979098644774918 24 1224979098644774917 2122 3 1224979098644774919 1224979098644774918 2 2105 2 1224979098644774919 100 2107 2 1224979098644774916 1224979098644774919 2108 2 1224979098644774916 100 1734 2 1224979098644774912 1224979098644774916 3 0 3 0 
1.000000 0.000000 0.000000  0  116 1700 1 1224979098644774912 12 1 1224979098644774913 1712 1 1224979098644774913 1702 1 1224979098644774913 1704 1 1224979098644774913 1718 2 1224979098644774914 1224979098644774913 2147483679 2 1224979098644774913 1224979098644774912 1770 2 1224979098644774915 1224979098644774913 1773 2 1224979098644774916 1224979098644774913 1787 3 1224979098644774917 1224979098644774915 1224979098644774916 31 2 1224979098644774917 0 1727 2 1224979098644774918 1224979098644774913 2170 3 1224979098644774919 1369094286720630807 1224979098644774914 4 0 32 2 1224979098644774918 0 2133 2 1224979098644774920 0 1726 3 1224979098644774921 1224979098644774913 0 1714 2 1224979098644774922 1224979098644774913 4 0 30 2 1224979098644774922 0 2124 1 10 1689 2 1 1224979098644774913 727 2 1224979098644774923 1 4 0 30 2 1224979098644774923 80 32 2 1224979098644774919 0 2133 2 1224979098644774920 1 5 0 2147483680 2 1224979098644774923 40 1 3 936748722493064063 1224979098644774913 200 2133 2 1224979098644774924 72057594037927936 30 2 1224979098644774924 1 2133 2 1224979098644774920 -1 3 0 3 0 4 0 31 2 1224979098644774920 -1 4 0 32 2 1224979098644774921 0 33 3 1224979098644774921 288230376151713209 288230376151713233 6 3 1224979098644774925 0 4 1804 3 1224979098644774926 1224979098644774913 1224979098644774925 32 2 1224979098644774926 0 1570 2 1224979098644774927 1224979098644774926 2147483679 2 1224979098644774927 7 2147483681 3 1224979098644774926 288230376151713209 288230376151713233 1747 2 1224979098644774913 1224979098644774926 3 0 3 0 5 0 31 2 1224979098644774920 1 4 0 32 2 1224979098644774921 0 2147483681 3 1224979098644774921 288230376151713209 288230376151713233 6 3 1224979098644774925 0 4 1804 3 1224979098644774926 1224979098644774913 1224979098644774925 32 2 1224979098644774926 0 33 3 1224979098644774926 288230376151713209 288230376151713233 2147483681 3 1224979098644774926 288230376151713225 288230376151713231 1747 2 1224979098644774913 1224979098644774926 3 0 3 0 3 0 5 0 2133 2 1224979098644774928 0 1726 3 1224979098644774921 1224979098644774913 0 1714 2 1224979098644774922 1224979098644774913 4 0 30 2 1224979098644774922 0 2124 1 10 1689 2 1 1224979098644774913 727 2 1224979098644774923 1 4 0 30 2 1224979098644774923 80 2133 2 1224979098644774928 1 5 0 2147483680 2 1224979098644774923 40 1 3 936748722493064063 1224979098644774913 200 2133 2 1224979098644774924 72057594037927936 30 2 1224979098644774924 1 2133 2 1224979098644774928 -1 3 0 5 0 2133 2 1224979098644774928 -1 3 0 4 0 31 2 1224979098644774928 -1 4 0 32 2 1224979098644774921 0 2723 2 1224979098644774921 2147483648 2147486371 2 1224979098644774921 562949953421312 6 3 1224979098644774925 0 4 1804 3 1224979098644774926 1224979098644774913 1224979098644774925 32 2 1224979098644774926 0 1570 2 1224979098644774927 1224979098644774926 2147483679 2 1224979098644774927 7 2147486371 2 1224979098644774926 2147483648 1747 2 1224979098644774913 1224979098644774926 3 0 3 0 5 0 31 2 1224979098644774928 1 4 0 32 2 1224979098644774921 0 2147486371 2 1224979098644774921 2147483648 6 3 1224979098644774925 0 4 1804 3 1224979098644774926 1224979098644774913 1224979098644774925 32 2 1224979098644774926 0 2723 2 1224979098644774926 2147483648 2147486371 2 1224979098644774921 562949953421312 1747 2 1224979098644774913 1224979098644774926 3 0 3 0 3 0 3 0 3 0 
0.050000 0.000000 0.000000  2 2147483679 2 144115188075857204 0 2147484551 1 144115188075857203  3 900 1 144115188075857204 2133 2 144115188075857203 144115188075857204 2133 2 144115188075857204 0 
-25.000000 0.000000 0.000000  0  2 2071 1 1224979098644774912 505 3 1224979098644774912 10 0 
0.000000 0.000000 0.000000  1 73 1 22  7 4 0 903 1 1513209474796486719 902 1 0 5 0 902 1 0 2133 2 144115188075857204 1513209474796486719 3 0 
-20.000000 0.000000 100000000.000000  0  13 1700 1 144115188075857205 4 0 31 2 144115188075857205 -1 2133 2 144115188075857206 -1 5 0 1765 2 144115188075857206 144115188075857205 3 0 2124 1 100 1799 2 2 3 726 2 144115188075857207 3 727 2 144115188075857208 3 726 2 144115188075857209 2 727 2 144115188075857210 2 
-19.000000 0.000000 100000000.000000  0  4 2133 2 144115188075857211 0 2133 2 144115188075857212 0 2133 2 144115188075857213 0 2133 2 144115188075857214 0 
0.050000 0.000000 0.000000  2 2147483679 2 144115188075857204 0 2147484551 1 144115188075857203  3 900 1 144115188075857204 2133 2 144115188075857203 144115188075857204 2133 2 144115188075857204 0 
0.000000 0.000000 0.100000  13 1073741897 1 30 1073741897 1 31 1073741897 1 32 1073741897 1 33 1073741897 1 34 1073741897 1 35 1073741897 1 36 1073741897 1 37 1073741897 1 38 1073741897 1 39 1073741897 1 40 73 1 29 2147484654 0  21 2133 2 144115188075857211 0 4 0 903 1 1513209474796486719 2133 2 144115188075857214 1 3 0 4 0 902 1 0 2133 2 144115188075857204 1513209474796486717 3 0 2133 2 144115188075857213 1 4 0 31 2 144115188075857218 2 6 3 1224979098644774912 0 9 1775 2 144115188075857206 1224979098644774912 2120 3 1224979098644774913 194 1224979098644774912 529 3 1224979098644774914 144115188075857206 1224979098644774913 1107 1 0 1 4 936748722493064110 144115188075857206 1224979098644774912 1224979098644774914 1107 1 1 3 0 3 0 
0.000000 0.000000 0.000000  3 1073742830 0 70 1 1 903 1 1513209474796486717  2 902 1 0 2133 2 144115188075857213 0 
0.000000 0.000000 0.000000  3 1073742830 0 70 1 1 2147483679 2 144115188075857211 0  1 2133 2 144115188075857211 0 
0.100000 0.000000 0.000000  5 2147483679 2 144115188075857215 0 2367 1 72057594037927936 2106 2 72057594037927936 144115188075857215 30 2 72057594037927936 250 31 2 144115188075857211 23  18 2133 2 144115188075857215 0 4 0 72 1 23 2133 2 144115188075857212 2 2133 2 144115188075857211 0 2117 3 72057594037927936 144115188075857302 512 4 0 31 2 72057594037927936 0 2114 2 144115188075857302 512 31 2 144115188075857037 0 1120 2 216172782113787550 1585267068834414924 3 0 5 0 31 2 144115188075857212 1 2133 2 144115188075857212 0 2133 2 144115188075857211 0 1 2 936748722493064098 0 3 0 
0.000000 0.000000 0.000000  2 73 1 23 2147484654 0  25 2367 1 144115188075857215 4 0 2147483679 2 144115188075857211 23 2147483679 2 144115188075857211 24 2147483679 2 144115188075857211 25 2133 2 144115188075857211 23 2133 2 144115188075857213 0 4 0 903 1 1513209474796486719 2133 2 144115188075857214 1 3 0 902 1 0 2133 2 144115188075857212 0 5 0 31 2 144115188075857211 23 2133 2 144115188075857212 1 5 0 31 2 144115188075857211 24 2133 2 144115188075857211 0 902 1 0 1 2 936748722493064098 5 5 0 31 2 144115188075857211 25 2133 2 144115188075857211 0 3 0 
0.000000 0.000000 0.000000  2 73 1 24 2147484654 0  25 4 0 2147483679 2 144115188075857211 23 2147483679 2 144115188075857211 24 2147483679 2 144115188075857211 25 2133 2 144115188075857211 24 2133 2 144115188075857213 0 4 0 903 1 1513209474796486719 2133 2 144115188075857214 1 3 0 902 1 0 2133 2 144115188075857204 1513209474796486717 5 0 31 2 144115188075857211 23 2133 2 144115188075857211 0 1 2 936748722493064098 1 5 0 31 2 144115188075857211 24 2133 2 144115188075857211 0 902 1 0 1 2 936748722493064098 6 5 0 31 2 144115188075857211 25 2133 2 144115188075857211 0 3 0 
0.000000 0.000000 0.000000  2 73 1 25 2147484654 0  24 4 0 2147483679 2 144115188075857211 23 2147483679 2 144115188075857211 24 2147483679 2 144115188075857211 25 2133 2 144115188075857211 25 2133 2 144115188075857213 0 4 0 903 1 1513209474796486719 2133 2 144115188075857214 1 3 0 902 1 0 5 0 31 2 144115188075857211 23 2133 2 144115188075857211 0 1 2 936748722493064098 2 5 0 31 2 144115188075857211 24 2133 2 144115188075857211 0 902 1 0 1 2 936748722493064098 8 5 0 31 2 144115188075857211 25 2133 2 144115188075857211 0 3 0 
0.000000 0.000000 0.000000  2 73 1 26 2147484654 0  55 4 0 31 2 144115188075857211 0 4 0 31 2 144115188075857331 0 2133 2 144115188075857211 26 4 0 903 1 1513209474796486719 2133 2 144115188075857214 1 3 0 902 1 0 2133 2 144115188075857204 1513209474796486717 2117 3 72057594037927936 144115188075857302 1024 4 0 31 2 72057594037927936 0 2114 2 144115188075857302 1024 31 2 144115188075857037 0 1120 2 216172782113787551 1585267068834414925 3 0 5 0 1106 1 1585267068834414926 31 2 144115188075857213 1 4 0 903 1 1513209474796486719 2133 2 144115188075857214 1 3 0 902 1 0 2133 2 144115188075857204 1513209474796486717 3 0 5 0 31 2 144115188075857211 23 2133 2 144115188075857211 0 1 2 936748722493064098 11 5 0 31 2 144115188075857211 24 2133 2 144115188075857211 0 902 1 0 1 2 936748722493064098 7 5 0 31 2 144115188075857211 25 2133 2 144115188075857211 0 5 0 31 2 144115188075857211 26 2133 2 144115188075857211 0 1 1 936748722493064079 6 3 1224979098644774912 0 9 1775 2 144115188075857206 1224979098644774912 2120 3 1224979098644774913 293 1224979098644774912 509 3 144115188075857206 1224979098644774913 -1 2120 3 1224979098644774913 14 1224979098644774912 569 3 144115188075857206 1224979098644774913 1 2120 3 1224979098644774913 221 1224979098644774912 509 3 144115188075857206 1224979098644774913 1 1 4 936748722493064096 1224979098644774912 2 1 3 0 3 0 
0.000000 0.000000 0.000000  2 73 1 27 2147484654 0  32 4 0 31 2 144115188075857211 0 31 2 144115188075857213 1 4 0 903 1 1513209474796486719 2133 2 144115188075857214 1 3 0 902 1 0 2133 2 144115188075857204 1513209474796486717 5 0 31 2 144115188075857211 23 2133 2 144115188075857211 0 1 2 936748722493064098 14 5 0 31 2 144115188075857211 24 2133 2 144115188075857211 0 902 1 0 5 0 31 2 144115188075857211 26 2133 2 144115188075857211 0 1 1 936748722493064079 6 3 1224979098644774912 0 9 1775 2 144115188075857206 1224979098644774912 2120 3 1224979098644774913 293 1224979098644774912 509 3 144115188075857206 1224979098644774913 -1 2120 3 1224979098644774913 14 1224979098644774912 569 3 144115188075857206 1224979098644774913 1 2120 3 1224979098644774913 221 1224979098644774912 509 3 144115188075857206 1224979098644774913 1 1 4 936748722493064096 1224979098644774912 3 1 3 0 3 0 
0.000000 0.000000 0.000000  2 73 1 28 2147484654 0  29 4 0 31 2 144115188075857211 0 31 2 144115188075857213 1 4 0 903 1 1513209474796486719 2133 2 144115188075857214 1 3 0 902 1 0 2133 2 144115188075857204 1513209474796486717 5 0 31 2 144115188075857211 24 2133 2 144115188075857211 0 902 1 0 1 2 936748722493064098 4 5 0 31 2 144115188075857211 26 2133 2 144115188075857211 0 1 1 936748722493064079 6 3 1224979098644774912 0 9 1775 2 144115188075857206 1224979098644774912 2120 3 1224979098644774913 293 1224979098644774912 509 3 144115188075857206 1224979098644774913 -1 2120 3 1224979098644774913 14 1224979098644774912 569 3 144115188075857206 1224979098644774913 1 2120 3 1224979098644774913 221 1224979098644774912 509 3 144115188075857206 1224979098644774913 1 1 4 936748722493064096 1224979098644774912 4 1 3 0 3 0 
0.000000 0.000000 0.000000  2 71 1 65 2147484654 0  27 4 0 31 2 144115188075857211 0 31 2 144115188075857213 1 4 0 903 1 1513209474796486719 2133 2 144115188075857214 1 3 0 902 1 0 2133 2 144115188075857204 1513209474796486717 5 0 31 2 144115188075857211 24 1 1 936748722493064099 5 0 31 2 144115188075857211 26 2133 2 144115188075857211 0 1 1 936748722493064079 6 3 1224979098644774912 0 9 1775 2 144115188075857206 1224979098644774912 2120 3 1224979098644774913 293 1224979098644774912 509 3 144115188075857206 1224979098644774913 -1 2120 3 1224979098644774913 14 1224979098644774912 569 3 144115188075857206 1224979098644774913 1 2120 3 1224979098644774913 221 1224979098644774912 509 3 144115188075857206 1224979098644774913 1 1 4 936748722493064096 1224979098644774912 5 1 3 0 3 0 
0.000000 0.000000 0.000000  2 71 1 66 2147484654 0  17 4 0 31 2 144115188075857211 0 31 2 144115188075857213 1 4 0 903 1 1513209474796486719 2133 2 144115188075857214 1 3 0 902 1 0 2133 2 144115188075857204 1513209474796486717 5 0 31 2 144115188075857211 24 1 1 936748722493064100 5 0 31 2 144115188075857211 26 2133 2 144115188075857211 0 1 2 936748722493064098 2 3 0 
0.700000 0.000000 0.000000  3 31 2 144115188075857214 1 2147484551 1 1513209474796486717 31 2 144115188075857211 0  3 902 1 0 2133 2 144115188075857204 1513209474796486719 2133 2 144115188075857214 0 
-19.000000 0.000000 0.000000  0  8 2133 2 144115188075857216 -2 6 3 1224979098644774912 0 4 509 3 1224979098644774912 5 0 6 3 1224979098644774913 0 9 2120 3 1224979098644774914 185 1224979098644774913 509 3 1224979098644774912 1224979098644774914 -1 3 0 3 0 
0.000000 0.200000 100000000.000000  1 1943 0  62 12 1 1224979098644774912 1704 1 1224979098644774912 4 0 415 1 1224979098644774913 401 1 1224979098644774913 406 2 1224979098644774914 1224979098644774913 31 2 1224979098644774912 1224979098644774914 2133 2 144115188075857205 1224979098644774914 402 2 144115188075857206 1224979098644774913 5 0 1707 1 1224979098644774912 1765 2 1224979098644774915 1224979098644774912 32 2 1224979098644774915 -1 1 2 936748722493064112 1224979098644774912 3 0 3 0 4 0 2147484067 0 2124 1 100 1 1 936748722493064114 2121 3 1224979098644774916 432345564227567635 432345564227567630 2122 3 1224979098644774917 4 1224979098644774916 6 3 1224979098644774918 0 1224979098644774917 509 3 7 1224979098644774918 0 3 0 12 1 1224979098644774919 1704 1 1224979098644774919 1765 2 1224979098644774920 1224979098644774919 1718 2 1224979098644774921 1224979098644774919 2173 2 1224979098644774922 1224979098644774921 33 3 1224979098644774922 432345564227567630 432345564227567635 2122 3 1224979098644774918 1224979098644774920 1224979098644774916 2106 2 1224979098644774922 432345564227567630 2105 2 1224979098644774918 1224979098644774922 529 3 1224979098644774923 7 1224979098644774918 2105 2 1224979098644774923 1 509 3 7 1224979098644774918 1224979098644774923 3 0 6 3 1224979098644774915 0 4 569 3 1224979098644774915 5 1 1792 2 1224979098644774924 1224979098644774915 4 0 30 2 1224979098644774924 0 1718 2 1224979098644774925 1224979098644774924 2173 2 1224979098644774926 1224979098644774925 5 0 2133 2 1224979098644774926 0 2133 2 1224979098644774927 0 2122 3 1224979098644774928 1224979098644774915 1224979098644774916 2120 3 1224979098644774917 1224979098644774928 1224979098644774916 6 3 1224979098644774918 1224979098644774928 1224979098644774917 529 3 1224979098644774923 7 1224979098644774918 32 2 1224979098644774923 1224979098644774927 2133 2 1224979098644774927 1224979098644774923 2121 3 1224979098644774926 1224979098644774928 1224979098644774918 2105 2 1224979098644774926 432345564227567630 3 0 3 0 509 3 1224979098644774915 1 1224979098644774926 3 0 3 0 2105 2 144115188075857216 1 
-25.000000 0.000000 0.000000  1 1 1 936748722493064115  2 2071 1 1224979098644774912 1 2 936748722493064112 1224979098644774912 
0.500000 0.000000 0.000000  2 2147483679 2 144115188075857216 -2 2147484654 0  13 2124 1 100 2367 1 144115188075857216 4 0 6 3 1224979098644774912 0 4 6 3 1224979098644774913 0 9 2120 3 1224979098644774914 185 1224979098644774913 1073742373 3 1224979098644774912 1224979098644774914 4 549 3 1224979098644774912 1224979098644774914 5 509 3 1224979098644774912 1224979098644774914 -1 3 0 3 0 3 0 1 1 936748722493064114 
-19.000000 0.000000 100000000.000000  0  25 2133 2 144115188075857217 1 6 3 1224979098644774912 0 4 6 3 72057594037927936 293 302 509 3 1224979098644774912 72057594037927936 -1 3 0 4 0 31 2 0 1 6 3 72057594037927936 194 203 509 3 1224979098644774912 72057594037927936 -1 3 0 6 3 72057594037927936 311 320 509 3 1224979098644774912 72057594037927936 2 3 0 6 3 72057594037927936 203 212 509 3 1224979098644774912 72057594037927936 1 3 0 5 0 6 3 72057594037927936 194 203 509 3 1224979098644774912 72057594037927936 0 3 0 3 0 6 3 72057594037927936 212 221 509 3 1224979098644774912 72057594037927936 2 3 0 3 0 
1.000000 0.000000 0.000000  2 31 2 144115188075856168 0 1 1 936748722493064115  8 2124 1 100 1 4 936748722493064120 38 144115188075857206 9 2133 2 1224979098644774912 72057594037927936 4 0 32 2 1224979098644774912 0 1 1 936748722493064102 3 0 2105 2 144115188075857216 500 
-21.000000 0.000000 0.000000  2 1073742830 0 31 2 144115188075856297 1  1 2133 2 144115188075857217 0 
-8.000000 0.000000 0.000000  2 2071 1 1224979098644774912 31 2 1224979098644774912 0  1 2133 2 144115188075857217 0 
-20.000000 0.000000 0.000000  2 1073741855 2 144115188075857037 1 2147483679 2 144115188075857173 0  2 2133 2 144115188075857218 1 2133 2 144115188075857173 0 
0.000000 0.000000 100000000.000000  2 31 2 144115188075857218 1 1 1 936748722493064115  89 4 0 31 2 144115188075857217 1 32 2 144115188075857206 -1 2124 1 100 1 1 936748722493064079 1 2 936748722493064078 144115188075857206 700 2 37 2 7 3 1224979098644774912 0 9 2120 3 1224979098644774913 14 1224979098644774912 569 3 144115188075857206 1224979098644774913 1 2120 3 1224979098644774913 218 1224979098644774912 522 3 1224979098644774914 432345564227567629 1224979098644774913 2120 3 1224979098644774913 203 1224979098644774912 529 3 1224979098644774915 144115188075857206 1224979098644774913 4 0 2147483679 2 1224979098644774914 0 2120 3 1224979098644774913 200 1224979098644774912 522 3 1224979098644774916 432345564227567629 1224979098644774913 2120 3 1224979098644774913 194 1224979098644774912 509 3 144115188075857206 1224979098644774913 1224979098644774916 2120 3 1224979098644774913 209 1224979098644774912 522 3 1224979098644774917 432345564227567629 1224979098644774913 1107 1 0 4 0 30 2 1224979098644774917 1224979098644774915 6 3 72057594037927936 1224979098644774915 1224979098644774917 1790 3 144115188075857206 1224979098644774912 8 3 0 5 0 6 3 72057594037927936 1224979098644774917 1224979098644774915 1790 3 144115188075857206 1224979098644774912 7 3 0 3 0 1107 1 1 2120 3 1224979098644774913 203 1224979098644774912 509 3 144115188075857206 1224979098644774913 1224979098644774917 4 0 32 2 1224979098644774916 0 2133 2 72057594037927937 1224979098644774912 2346 2 2 72057594037927937 2105 2 72057594037927937 1 1106 1 1585267068834414927 1 4 936748722493064096 1224979098644774912 1224979098644774916 0 5 0 1 4 936748722493064110 144115188075857206 1224979098644774912 1224979098644774916 1 4 936748722493064080 144115188075857206 1224979098644774912 144115188075857205 31 2 0 0 2133 2 72057594037927936 1224979098644774917 2133 2 72057594037927937 1224979098644774912 2346 2 2 72057594037927937 2105 2 72057594037927937 1 4 0 30 2 72057594037927936 0 1106 1 1585267068834414928 5 0 2107 2 72057594037927936 -1 2105 2 72057594037927936 1 1106 1 1585267068834414929 3 0 3 0 5 0 1795 2 144115188075857206 1224979098644774912 2120 3 1224979098644774913 185 1224979098644774912 31 2 144115188075857331 0 549 3 144115188075857206 1224979098644774913 2 1 4 936748722493064096 1224979098644774912 4 2 5 0 31 2 144115188075857331 0 2147484197 3 144115188075857206 1224979098644774913 1 2147484197 3 144115188075857206 1224979098644774913 5 1 2 936748722493064085 144115188075857206 2133 2 1224979098644774916 72057594037927936 32 2 1224979098644774916 0 1 4 936748722493064096 1224979098644774912 1224979098644774916 2 5 0 1 3 936748722493064089 144115188075857206 1224979098644774912 2133 2 1224979098644774916 72057594037927936 2133 2 1224979098644774918 72057594037927937 2120 3 1224979098644774913 194 1224979098644774912 509 3 144115188075857206 1224979098644774913 1224979098644774916 2120 3 1224979098644774913 311 1224979098644774912 509 3 144115188075857206 1224979098644774913 1224979098644774918 700 2 1 37 1 4 936748722493064081 144115188075857206 1224979098644774912 144115188075857205 1 4 936748722493064110 144115188075857206 1224979098644774912 1224979098644774916 3 0 3 0 3 0 2133 2 144115188075857218 2 
0.000000 0.000000 100000000.000000  1 31 2 144115188075857218 2  5 2133 2 144115188075857218 3 1700 1 1224979098644774912 32 2 1224979098644774912 -1 1770 2 72057594037927936 1224979098644774912 1795 2 72057594037927936 9 
-19.000000 0.000000 0.000000  0  8 6 3 1224979098644774912 0 4 6 3 1224979098644774913 0 9 2120 3 1224979098644774914 248 1224979098644774913 509 3 1224979098644774912 1224979098644774914 10 2120 3 1224979098644774914 221 1224979098644774913 509 3 1224979098644774912 1224979098644774914 1 3 0 3 0 
-28.000000 0.000000 0.000000  6 2070 2 1224979098644774912 5 2147483680 2 1224979098644774912 0 2070 2 1224979098644774913 1 1712 1 1224979098644774913 1704 1 1224979098644774913 1702 1 1224979098644774913  52 2070 2 1224979098644774912 1 2070 2 1224979098644774913 2 2070 2 1224979098644774914 3 4 0 2147483679 2 1224979098644774912 144115188075857205 2147483679 2 1224979098644774913 144115188075857205 1770 2 1224979098644774915 1224979098644774912 1773 2 1224979098644774916 1224979098644774912 2120 3 1224979098644774917 194 1224979098644774916 529 3 1224979098644774918 1224979098644774915 1224979098644774917 1770 2 1224979098644774919 1224979098644774913 1773 2 1224979098644774920 1224979098644774913 2120 3 1224979098644774917 194 1224979098644774920 529 3 1224979098644774921 1224979098644774919 1224979098644774917 4 0 31 2 1224979098644774918 0 2147483679 2 1224979098644774921 0 2120 3 1224979098644774917 257 1224979098644774920 569 3 1224979098644774919 1224979098644774917 80 2120 3 1224979098644774917 203 1224979098644774920 529 3 1224979098644774922 1224979098644774919 1224979098644774917 4 0 31 2 1224979098644774922 0 2107 2 1224979098644774914 6 5 0 31 2 1224979098644774922 1 2107 2 1224979098644774914 5 5 0 2107 2 1224979098644774914 4 3 0 2108 2 1224979098644774914 2 5 0 2147483679 2 1224979098644774918 0 31 2 1224979098644774921 0 2120 3 1224979098644774917 257 1224979098644774916 569 3 1224979098644774915 1224979098644774917 80 2120 3 1224979098644774917 203 1224979098644774916 529 3 1224979098644774922 1224979098644774915 1224979098644774917 2107 2 1224979098644774914 2 4 0 31 2 1224979098644774922 0 2108 2 1224979098644774914 6 5 0 31 2 1224979098644774922 1 2108 2 1224979098644774914 5 5 0 2108 2 1224979098644774914 4 3 0 2111 2 1224979098644774914 1 3 0 3 0 2075 1 1224979098644774914 
2.000000 0.000000 100000000.000000  1 31 2 144115188075856297 1  5 6 3 1224979098644774912 0 9 2120 3 1224979098644774913 14 1224979098644774912 569 3 144115188075857206 1224979098644774913 1 1 3 936748722493064092 144115188075857206 1224979098644774912 3 0 
-19.000000 0.000000 0.000000  0  13 2133 2 144115188075857219 0 2133 2 144115188075857220 0 2133 2 144115188075857221 0 701 1 56 701 1 57 701 1 58 701 1 59 4 0 31 2 144115188075857173 0 2133 2 144115188075857218 3 5 0 2133 2 144115188075857218 0 3 0 
0.000000 0.000000 100000000.000000  1 1 1 936748722493064115  18 2124 1 100 6 3 1224979098644774912 0 4 1 4 936748722493064116 0 1224979098644774912 9 726 2 72057594037927936 0 509 3 1224979098644774912 2 72057594037927936 727 2 72057594037927936 0 509 3 1224979098644774912 3 72057594037927936 2147483679 2 1224979098644774912 144115188075857206 2120 3 1224979098644774913 194 1 509 3 1224979098644774912 1224979098644774913 0 1 2 936748722493064078 1224979098644774912 700 2 1 2 1792 2 1224979098644774914 1224979098644774912 1 1 936748722493064079 6 3 1224979098644774915 0 9 1 4 936748722493064081 1224979098644774912 1224979098644774915 1224979098644774914 3 0 3 0 
0.000000 0.000000 100000000.000000  2 1 1 936748722493064115 30 2 144115188075857218 3  1 1 2 936748722493064073 1 
0.100000 0.000000 0.000000  5 32 2 144115188075857216 0 30 2 144115188075857218 3 2367 1 72057594037927936 2106 2 72057594037927936 144115188075857216 30 2 72057594037927936 250  58 2105 2 144115188075857216 500 4 0 31 2 144115188075857220 0 1 1 936748722493064076 1 1 936748722493064075 2133 2 144115188075857218 6 3 0 2124 1 100 1 1 936748722493064114 4 0 30 2 144115188075857218 6 31 2 144115188075857220 0 1 2 936748722493064073 1 2133 2 144115188075857219 0 2133 2 144115188075857220 1 5 0 30 2 144115188075857218 4 2122 3 1224979098644774912 5 4 2108 2 1224979098644774912 2 2119 3 72057594037927936 144115188075857219 1224979098644774912 1 2 936748722493064073 1 4 0 2147484197 3 0 4 144115188075856298 509 3 0 4 144115188075856298 6 3 1224979098644774913 0 9 2120 3 1224979098644774914 185 1224979098644774913 509 3 0 1224979098644774914 -1 509 3 2 1224979098644774914 -1 3 0 3 0 4 0 2147484197 3 1 4 144115188075856299 509 3 1 4 144115188075856299 6 3 1224979098644774913 0 9 2120 3 1224979098644774914 185 1224979098644774913 509 3 1 1224979098644774914 -1 509 3 3 1224979098644774914 -1 3 0 3 0 5 0 1 2 936748722493064073 0 3 0 4 0 31 2 144115188075857218 3 2133 2 1224979098644774915 0 6 3 1224979098644774916 0 4 2147483679 2 1224979098644774916 144115188075857206 569 3 1224979098644774916 5 1 1 4 936748722493064116 1 1224979098644774916 1 1794 3 0 1224979098644774916 1 710 3 72057594037927936 0 1 32 2 72057594037927936 500 2133 2 1224979098644774915 1 3 0 31 2 1224979098644774915 0 2133 2 144115188075857218 4 3 0 2105 2 144115188075857219 1 
0.000000 0.000000 100000000.000000  2 1006 0 31 2 1 1  10 1107 1 0 1795 2 144115188075857206 9 1790 3 144115188075857206 9 10 1790 3 144115188075857206 9 13 1 2 936748722493064098 14 1107 1 1 12 1 1224979098644774912 1702 1 1224979098644774912 1 2 936748722493064112 1224979098644774912 3 0 


mst_quick_battle_siege quick_battle_siege 2  -1
You_lead_your_men_to_battle. 

48 0 4112 256 16 1 0  
1 4112 256 16 1 0  
2 4112 256 16 1 0  
3 4112 256 16 1 0  
4 4112 256 16 1 0  
5 4112 256 16 1 0  
6 4112 256 16 1 0  
7 4112 256 16 1 0  
8 4112 256 16 1 0  
9 4112 256 16 1 0  
10 4112 256 16 1 0  
11 4112 256 16 1 0  
12 4112 256 16 1 0  
13 4112 256 16 1 0  
14 4112 256 16 1 0  
15 4112 256 16 1 0  
16 8208 256 16 1 0  
17 8208 256 16 1 0  
18 8208 256 16 1 0  
19 8208 256 16 1 0  
20 8208 256 16 1 0  
21 8208 256 16 1 0  
22 8208 256 16 1 0  
23 8208 256 16 1 0  
24 8208 256 16 1 0  
25 8208 256 16 1 0  
26 8208 256 16 1 0  
27 8208 256 16 1 0  
28 8208 256 16 1 0  
29 8208 256 16 1 0  
30 8208 256 16 1 0  
31 8208 256 16 1 0  
32 4112 256 16 1 0  
33 4112 256 16 1 0  
34 4112 256 16 1 0  
35 4112 256 16 1 0  
36 4112 256 16 1 0  
37 4112 256 16 1 0  
38 4112 256 16 1 0  
39 4112 256 16 1 0  
40 4112 256 16 1 0  
41 4112 256 16 1 0  
42 4112 256 16 1 0  
43 4112 256 16 1 0  
44 4112 256 16 1 0  
45 4112 256 16 1 0  
46 4112 256 16 1 0  
47 4112 256 16 1 0  
17
-19.000000 0.000000 0.000000  0  3 1796 3 0 2 1 1796 3 1 3 1 1 1 936748722493063528 
-25.000000 0.000000 0.000000  0  3 2071 1 1224979098644774912 1718 2 1224979098644774913 1224979098644774912 1 4 936748722493063611 1729382256910270468 1224979098644774912 1224979098644774913 
0.000000 0.000000 100000000.000000  4 2133 2 144115188075856302 0 2133 2 144115188075856303 1 2133 2 144115188075856304 2 2133 2 144115188075856305 3  1 1 1 936748722493063893 
-19.000000 0.000000 0.000000  0  1 1266 1 15 
-21.000000 0.000000 0.000000  0  7 4 0 2147483679 2 144115188075856168 0 1 1 936748722493063695 1907 0 5 0 1121 1 216172782113783949 3 0 
-8.000000 0.000000 0.000000  0  5 2071 1 1224979098644774912 31 2 1224979098644774912 0 2133 2 144115188075856168 -1 1 1 936748722493063695 1907 0 
-22.000000 0.000000 0.000000  1 1106 1 216172782113783923  0 
0.000000 0.000000 100000000.000000  0  2 2133 2 144115188075856168 0 1 2 936748722493063691 262144 
30.000000 0.000000 0.000000  0  1 1 1 936748722493063692 
1.000000 60.000000 100000000.000000  9 2370 1 72057594037927937 30 2 72057594037927937 10 1003 1 2 1073741855 2 144115188075857105 0 2147484654 1 0 1906 1 1 1106 1 216172782113783831 2133 2 144115188075856297 1 2133 2 144115188075856168 1  2 1 1 936748722493063695 1907 1 1 
10.000000 0.000000 0.000000  1 31 2 144115188075856297 1  1 1106 1 216172782113783831 
1.000000 4.000000 0.000000  6 1006 0 4 0 1 1 936748722493063889 5 0 2133 2 144115188075856168 -1 3 0  2 1 1 936748722493063695 1907 0 
120.000000 0.000000 0.000000  0  10 1700 1 1224979098644774912 12 1 1224979098644774913 2147483679 2 1224979098644774913 1224979098644774912 1702 1 1224979098644774913 1704 1 1224979098644774913 1770 2 1224979098644774914 1224979098644774913 1073741855 2 1224979098644774914 144115188075856302 31 2 1224979098644774914 144115188075856304 1728 1 1224979098644774913 3 0 
0.000000 0.000000 100000000.000000  1 1 1 936748722493063548  0 
0.000000 0.000000 100000000.000000  1 1 1 936748722493064055  1 1 1 936748722493064057 
4.000000 0.000000 100000000.000000  1 1 1 936748722493064058  12 12 1 1224979098644774912 1712 1 1224979098644774912 1702 1 1224979098644774912 1704 1 1224979098644774912 1735 1 1224979098644774912 1737 2 1224979098644774912 0 1736 2 1224979098644774912 100 3 0 1107 1 0 1790 3 144115188075856303 9 2 1790 3 144115188075856303 9 15 1107 1 1 
0.000000 1.000000 100000000.000000  31 4 0 31 2 144115188075857104 0 12 1 1224979098644774912 1712 1 1224979098644774912 1770 2 1224979098644774913 1224979098644774912 1073741855 2 1224979098644774913 144115188075856302 31 2 1224979098644774913 144115188075856304 1718 2 1224979098644774914 1224979098644774912 2147485155 1 1224979098644774914 153 1 1224979098644774914 154 1 1224979098644774914 152 1 1224979098644774914 2133 2 1224979098644774915 4 6 3 1224979098644774916 0 1224979098644774915 1804 3 1224979098644774917 1224979098644774912 1224979098644774916 32 2 1224979098644774917 -1 1570 2 1224979098644774918 1224979098644774917 33 3 1224979098644774918 8 10 2133 2 1224979098644774915 0 2325 2 2 1224979098644774917 3 0 2332 2 1 1224979098644774912 1106 1 1585267068834414930 4 0 31 2 1224979098644774915 0 1783 2 1224979098644774912 1 5 0 1783 2 1224979098644774912 0 3 0 3 0 3 0  16 1107 1 0 1780 2 10 10 6 3 1224979098644774912 0 9 2147483679 2 1224979098644774912 1 1790 3 144115188075856302 1224979098644774912 0 1790 3 144115188075856302 1224979098644774912 7 1790 3 144115188075856302 1224979098644774912 7 1790 3 144115188075856304 1224979098644774912 0 1790 3 144115188075856304 1224979098644774912 7 1790 3 144115188075856304 1224979098644774912 7 3 0 1790 3 144115188075856302 1 11 1791 3 144115188075856302 9 10 1790 3 144115188075856304 1 11 1791 3 144115188075856304 9 10 1107 1 1 


mst_multiplayer_dm multiplayer_dm 2  -1
You_lead_your_men_to_battle. 

64 0 4112 0 16 1 0  
1 4112 0 16 1 0  
2 4112 0 16 1 0  
3 4112 0 16 1 0  
4 4112 0 16 1 0  
5 4112 0 16 1 0  
6 4112 0 16 1 0  
7 4112 0 16 1 0  
8 4112 0 16 1 0  
9 4112 0 16 1 0  
10 4112 0 16 1 0  
11 4112 0 16 1 0  
12 4112 0 16 1 0  
13 4112 0 16 1 0  
14 4112 0 16 1 0  
15 4112 0 16 1 0  
16 4112 0 16 1 0  
17 4112 0 16 1 0  
18 4112 0 16 1 0  
19 4112 0 16 1 0  
20 4112 0 16 1 0  
21 4112 0 16 1 0  
22 4112 0 16 1 0  
23 4112 0 16 1 0  
24 4112 0 16 1 0  
25 4112 0 16 1 0  
26 4112 0 16 1 0  
27 4112 0 16 1 0  
28 4112 0 16 1 0  
29 4112 0 16 1 0  
30 4112 0 16 1 0  
31 4112 0 16 1 0  
32 8208 0 16 1 0  
33 8208 0 16 1 0  
34 8208 0 16 1 0  
35 8208 0 16 1 0  
36 8208 0 16 1 0  
37 8208 0 16 1 0  
38 8208 0 16 1 0  
39 8208 0 16 1 0  
40 8208 0 16 1 0  
41 8208 0 16 1 0  
42 8208 0 16 1 0  
43 8208 0 16 1 0  
44 8208 0 16 1 0  
45 8208 0 16 1 0  
46 8208 0 16 1 0  
47 8208 0 16 1 0  
48 8208 0 16 1 0  
49 8208 0 16 1 0  
50 8208 0 16 1 0  
51 8208 0 16 1 0  
52 8208 0 16 1 0  
53 8208 0 16 1 0  
54 8208 0 16 1 0  
55 8208 0 16 1 0  
56 8208 0 16 1 0  
57 8208 0 16 1 0  
58 8208 0 16 1 0  
59 8208 0 16 1 0  
60 8208 0 16 1 0  
61 8208 0 16 1 0  
62 8208 0 16 1 0  
63 8208 0 16 1 0  
14
1.000000 5.000000 0.000000  8 417 0 31 2 144115188075856365 1 31 2 144115188075856800 0 2370 1 1224979098644774912 2120 3 1224979098644774913 144115188075856803 144115188075856802 1073741855 2 1224979098644774913 144115188075856801 32 2 1224979098644774912 144115188075856808 1 1 936748722493063271  8 2133 2 144115188075856365 0 4 0 1073741855 2 144115188075856804 0 31 2 144115188075856804 3 1 2 936748722493063279 144115188075856367 470 3 72057594037927936 144115188075856805 1 1 1 936748722493063174 3 0 
-25.000000 0.000000 0.000000  0  2 2071 1 1224979098644774912 1 2 936748722493063245 1224979098644774912 
-15.000000 0.000000 0.000000  0  2 2071 1 1224979098644774912 1 2 936748722493063246 1224979098644774912 
-19.000000 0.000000 0.000000  0  6 2133 2 144115188075856367 0 1 1 936748722493063247 420 0 1 1 936748722493063290 1 1 936748722493063289 1 1 936748722493063288 
-20.000000 0.000000 0.000000  0  5 426 2 0 -1 426 2 1 -1 1 1 936748722493063234 1 1 936748722493063250 2133 2 144115188075856366 1 
-16.000000 0.000000 0.000000  0  31 4 0 415 1 1224979098644774912 33 3 1224979098644774912 0 1000 402 2 1224979098644774913 1224979098644774912 2147483678 2 1224979098644774913 2 433 2 1224979098644774914 1224979098644774912 435 2 1224979098644774915 1224979098644774912 2122 3 1224979098644774916 1224979098644774914 1000 2106 2 1224979098644774916 1224979098644774915 2133 2 1224979098644774917 1 400 1 1224979098644774918 2133 2 1224979098644774919 1224979098644774918 6 3 1224979098644774920 0 1224979098644774919 401 1 1224979098644774920 402 2 1224979098644774921 1224979098644774920 1073741855 2 1224979098644774921 0 31 2 1224979098644774921 1 433 2 1224979098644774914 1224979098644774920 435 2 1224979098644774915 1224979098644774920 2122 3 1224979098644774922 1224979098644774914 1000 2106 2 1224979098644774922 1224979098644774915 32 2 1224979098644774922 1224979098644774916 2133 2 1224979098644774917 0 2133 2 1224979098644774919 0 3 0 31 2 1224979098644774917 1 372 1 68 3 0 1 1 936748722493063291 2133 2 144115188075856371 0 900 1 1513209474796486674 
-26.000000 0.000000 0.000000  0  3 2071 1 1224979098644774912 2072 1 1224979098644774913 1 3 936748722493063248 1224979098644774912 1224979098644774913 
1.000000 0.000000 0.000000  0  39 417 0 400 1 1224979098644774912 6 3 1224979098644774913 0 1224979098644774912 401 1 1224979098644774913 2147484086 1 1224979098644774913 402 2 1224979098644774914 1224979098644774913 2147483678 2 1224979098644774914 2 404 2 1224979098644774915 1224979098644774913 30 2 1224979098644774915 0 406 2 1224979098644774916 1224979098644774913 2133 2 1224979098644774917 0 4 0 528 3 1224979098644774918 1224979098644774913 24 31 2 1224979098644774918 1 2133 2 1224979098644774917 1 508 3 1224979098644774913 24 0 5 0 4 0 2147483678 2 1224979098644774916 0 2133 2 1224979098644774917 1 5 0 2147485350 1 1224979098644774916 1760 2 1224979098644774919 1224979098644774916 32 2 1224979098644774919 144115188075856760 2133 2 1224979098644774917 1 3 0 3 0 31 2 1224979098644774917 1 1 2 936748722493063308 1224979098644774913 1541 3 1224979098644774920 1224979098644774915 8 4 0 30 2 1224979098644774920 0 2133 2 1224979098644774921 1 5 0 2133 2 1224979098644774921 0 3 0 1 4 936748722493063306 1224979098644774914 0 1224979098644774921 409 2 1224979098644774913 72057594037927936 3 0 
1.000000 0.000000 0.000000  0  31 417 0 2370 1 1224979098644774912 30 2 1224979098644774912 2 2133 2 1224979098644774913 0 2133 2 1224979098644774914 0 12 1 1224979098644774915 1707 1 1224979098644774915 1704 1 1224979098644774915 2133 2 1224979098644774916 0 4 0 1702 1 1224979098644774915 2133 2 1224979098644774916 1 5 0 1760 2 1224979098644774917 1224979098644774915 2147483680 2 1224979098644774917 144115188075856760 2133 2 1224979098644774916 1 3 0 31 2 1224979098644774916 1 1770 2 1224979098644774918 1224979098644774915 4 0 31 2 1224979098644774918 0 2105 2 1224979098644774913 1 5 0 31 2 1224979098644774918 1 2105 2 1224979098644774914 1 3 0 3 0 2121 3 144115188075856369 144115188075856770 1224979098644774913 2121 3 144115188075856370 144115188075856771 1224979098644774914 2111 2 144115188075856369 0 2111 2 144115188075856370 0 
0.000000 0.000000 0.000000  0  45 417 0 31 2 144115188075856366 1 2120 3 1224979098644774912 144115188075856369 144115188075856370 4 0 32 2 1224979098644774912 0 2136 3 1224979098644774913 0 1224979098644774912 2106 2 1224979098644774913 144115188075856369 4 0 2147483678 2 1224979098644774913 0 2133 2 1224979098644774914 0 2106 2 144115188075856369 1 5 0 2133 2 1224979098644774914 1 2106 2 144115188075856370 1 3 0 458 2 1224979098644774915 1224979098644774914 2133 2 1224979098644774916 0 6 3 1224979098644774917 360287970189641354 360287970189641370 2173 2 1224979098644774918 1224979098644774917 31 2 1224979098644774918 1224979098644774915 2105 2 1224979098644774916 1 3 0 2136 3 1224979098644774919 0 1224979098644774916 2133 2 1224979098644774920 360287970189641370 6 3 1224979098644774917 360287970189641354 1224979098644774920 2173 2 1224979098644774918 1224979098644774917 31 2 1224979098644774918 1224979098644774915 2106 2 1224979098644774919 1 2147483678 2 1224979098644774919 0 2133 2 1224979098644774920 0 2133 2 1224979098644774921 1224979098644774917 3 0 1541 3 1224979098644774922 1224979098644774921 8 4 0 30 2 1224979098644774922 0 2133 2 1224979098644774923 1 5 0 2133 2 1224979098644774923 0 3 0 1 4 936748722493063306 1224979098644774914 0 1224979098644774923 2211 1 1224979098644774924 1261 1 1224979098644774924 1265 5 72057594037927936 1224979098644774921 1 1224979098644774914 -1 2133 2 144115188075856366 0 3 0 
1.000000 0.000000 0.000000  0  14 417 0 2133 2 1224979098644774912 0 4 0 2370 1 1224979098644774913 2122 3 1224979098644774914 144115188075856762 60 32 2 1224979098644774913 1224979098644774914 2133 2 1224979098644774912 1 3 0 4 0 31 2 1224979098644774912 1 1 2 936748722493063279 144115188075856367 470 3 72057594037927936 144115188075856466 0 1 1 936748722493063174 3 0 
-21.000000 0.000000 0.000000  0  5 4 0 31 2 144115188075856368 0 2133 2 144115188075856371 1 900 1 1513209474796486674 3 0 
0.000000 0.000000 100000000.000000  0  1 900 1 1513209474796486660 
-23.000000 0.000000 0.000000  0  4 2147484551 1 1513209474796486675 2147484551 1 1513209474796486674 31 2 144115188075856383 0 900 1 1513209474796486675 


mst_multiplayer_tdm multiplayer_tdm 2  -1
You_lead_your_men_to_battle. 

64 0 4112 0 16 1 0  
1 4112 0 16 1 0  
2 4112 0 16 1 0  
3 4112 0 16 1 0  
4 4112 0 16 1 0  
5 4112 0 16 1 0  
6 4112 0 16 1 0  
7 4112 0 16 1 0  
8 4112 0 16 1 0  
9 4112 0 16 1 0  
10 4112 0 16 1 0  
11 4112 0 16 1 0  
12 4112 0 16 1 0  
13 4112 0 16 1 0  
14 4112 0 16 1 0  
15 4112 0 16 1 0  
16 4112 0 16 1 0  
17 4112 0 16 1 0  
18 4112 0 16 1 0  
19 4112 0 16 1 0  
20 4112 0 16 1 0  
21 4112 0 16 1 0  
22 4112 0 16 1 0  
23 4112 0 16 1 0  
24 4112 0 16 1 0  
25 4112 0 16 1 0  
26 4112 0 16 1 0  
27 4112 0 16 1 0  
28 4112 0 16 1 0  
29 4112 0 16 1 0  
30 4112 0 16 1 0  
31 4112 0 16 1 0  
32 8208 0 16 1 0  
33 8208 0 16 1 0  
34 8208 0 16 1 0  
35 8208 0 16 1 0  
36 8208 0 16 1 0  
37 8208 0 16 1 0  
38 8208 0 16 1 0  
39 8208 0 16 1 0  
40 8208 0 16 1 0  
41 8208 0 16 1 0  
42 8208 0 16 1 0  
43 8208 0 16 1 0  
44 8208 0 16 1 0  
45 8208 0 16 1 0  
46 8208 0 16 1 0  
47 8208 0 16 1 0  
48 8208 0 16 1 0  
49 8208 0 16 1 0  
50 8208 0 16 1 0  
51 8208 0 16 1 0  
52 8208 0 16 1 0  
53 8208 0 16 1 0  
54 8208 0 16 1 0  
55 8208 0 16 1 0  
56 8208 0 16 1 0  
57 8208 0 16 1 0  
58 8208 0 16 1 0  
59 8208 0 16 1 0  
60 8208 0 16 1 0  
61 8208 0 16 1 0  
62 8208 0 16 1 0  
63 8208 0 16 1 0  
18
-25.000000 0.000000 0.000000  0  3 2071 1 1224979098644774912 1718 2 1224979098644774913 1224979098644774912 1 4 936748722493063611 1729382256910270468 1224979098644774912 1224979098644774913 
1.000000 5.000000 0.000000  8 417 0 31 2 144115188075856365 1 31 2 144115188075856800 0 2370 1 1224979098644774912 2120 3 1224979098644774913 144115188075856803 144115188075856802 1073741855 2 1224979098644774913 144115188075856801 32 2 1224979098644774912 144115188075856808 1 1 936748722493063271  8 2133 2 144115188075856365 0 4 0 1073741855 2 144115188075856804 0 31 2 144115188075856804 3 1 2 936748722493063279 144115188075856367 470 3 72057594037927936 144115188075856805 1 1 1 936748722493063174 3 0 
-25.000000 0.000000 0.000000  0  2 2071 1 1224979098644774912 1 2 936748722493063245 1224979098644774912 
-15.000000 0.000000 0.000000  0  2 2071 1 1224979098644774912 1 2 936748722493063246 1224979098644774912 
-19.000000 0.000000 0.000000  0  5 2133 2 144115188075856367 1 1 1 936748722493063247 1 1 936748722493063290 1 1 936748722493063289 1 1 936748722493063288 
-20.000000 0.000000 0.000000  0  5 426 2 0 -1 426 2 1 -1 1 1 936748722493063234 1 1 936748722493063250 2133 2 144115188075856366 1 
-16.000000 0.000000 0.000000  0  23 4 0 415 1 1224979098644774912 33 3 1224979098644774912 0 1000 402 2 1224979098644774913 1224979098644774912 2147483678 2 1224979098644774913 2 455 2 1224979098644774914 0 455 2 1224979098644774915 1 2133 2 1224979098644774916 0 4 0 31 2 1224979098644774913 0 32 2 1224979098644774914 1224979098644774915 2133 2 1224979098644774916 1 5 0 31 2 1224979098644774913 1 32 2 1224979098644774915 1224979098644774914 2133 2 1224979098644774916 1 3 0 31 2 1224979098644774916 1 372 1 67 3 0 1 1 936748722493063291 2133 2 144115188075856371 0 900 1 1513209474796486673 
-26.000000 0.000000 0.000000  0  15 2071 1 1224979098644774912 2072 1 1224979098644774913 1 3 936748722493063248 1224979098644774912 1224979098644774913 4 0 30 2 1224979098644774913 0 1704 1 1224979098644774912 1704 1 1224979098644774913 1770 2 1224979098644774914 1224979098644774913 2147483680 2 1224979098644774914 1 1770 2 1224979098644774915 1224979098644774912 2147483679 2 1224979098644774914 1224979098644774915 455 2 1224979098644774916 1224979098644774914 2105 2 1224979098644774916 1 456 2 1224979098644774914 1224979098644774916 3 0 
1.000000 0.000000 0.000000  0  39 417 0 400 1 1224979098644774912 6 3 1224979098644774913 0 1224979098644774912 401 1 1224979098644774913 2147484086 1 1224979098644774913 402 2 1224979098644774914 1224979098644774913 2147483678 2 1224979098644774914 2 404 2 1224979098644774915 1224979098644774913 30 2 1224979098644774915 0 406 2 1224979098644774916 1224979098644774913 2133 2 1224979098644774917 0 4 0 528 3 1224979098644774918 1224979098644774913 24 31 2 1224979098644774918 1 2133 2 1224979098644774917 1 508 3 1224979098644774913 24 0 5 0 4 0 2147483678 2 1224979098644774916 0 2133 2 1224979098644774917 1 5 0 2147485350 1 1224979098644774916 1760 2 1224979098644774919 1224979098644774916 32 2 1224979098644774919 144115188075856760 2133 2 1224979098644774917 1 3 0 3 0 31 2 1224979098644774917 1 1 2 936748722493063308 1224979098644774913 1541 3 1224979098644774920 1224979098644774915 8 4 0 30 2 1224979098644774920 0 2133 2 1224979098644774921 1 5 0 2133 2 1224979098644774921 0 3 0 1 4 936748722493063306 1224979098644774914 1 1224979098644774921 409 2 1224979098644774913 72057594037927936 3 0 
1.000000 0.000000 0.000000  0  31 417 0 2370 1 1224979098644774912 30 2 1224979098644774912 2 2133 2 1224979098644774913 0 2133 2 1224979098644774914 0 12 1 1224979098644774915 1707 1 1224979098644774915 1704 1 1224979098644774915 2133 2 1224979098644774916 0 4 0 1702 1 1224979098644774915 2133 2 1224979098644774916 1 5 0 1760 2 1224979098644774917 1224979098644774915 2147483680 2 1224979098644774917 144115188075856760 2133 2 1224979098644774916 1 3 0 31 2 1224979098644774916 1 1770 2 1224979098644774918 1224979098644774915 4 0 31 2 1224979098644774918 0 2105 2 1224979098644774913 1 5 0 31 2 1224979098644774918 1 2105 2 1224979098644774914 1 3 0 3 0 2121 3 144115188075856369 144115188075856770 1224979098644774913 2121 3 144115188075856370 144115188075856771 1224979098644774914 2111 2 144115188075856369 0 2111 2 144115188075856370 0 
0.000000 0.000000 0.000000  0  119 417 0 31 2 144115188075856366 1 2120 3 1224979098644774912 144115188075856369 144115188075856370 4 0 32 2 1224979098644774912 0 4 0 1073741855 2 144115188075856367 2 1073741855 2 144115188075856367 3 31 2 144115188075856367 6 455 2 1224979098644774913 0 455 2 1224979098644774914 1 2120 3 1224979098644774915 1224979098644774913 1224979098644774914 31 2 1224979098644774915 0 2370 1 1224979098644774916 2106 2 1224979098644774916 144115188075856385 2147483678 2 1224979098644774916 20 2133 2 1224979098644774917 0 5 0 2133 2 1224979098644774917 1 3 0 31 2 1224979098644774917 1 2136 3 1224979098644774918 0 1224979098644774912 2106 2 1224979098644774918 144115188075856369 4 0 2147483678 2 1224979098644774918 0 2133 2 1224979098644774919 0 5 0 2133 2 1224979098644774919 1 3 0 4 0 1073741855 2 144115188075856367 2 31 2 144115188075856367 3 2370 1 1224979098644774916 2106 2 1224979098644774916 144115188075856385 4 0 2147483680 2 1224979098644774916 20 2133 2 1224979098644774920 0 5 0 2133 2 1224979098644774920 1 3 0 5 0 2133 2 1224979098644774920 1 3 0 1 3 936748722493063304 1224979098644774919 1224979098644774920 2133 2 1224979098644774921 72057594037927936 2133 2 1224979098644774922 72057594037927937 458 2 1224979098644774923 1224979098644774919 2133 2 1224979098644774924 0 6 3 1224979098644774925 360287970189641354 360287970189641370 2173 2 1224979098644774926 1224979098644774925 31 2 1224979098644774926 1224979098644774923 2105 2 1224979098644774924 1 3 0 2133 2 1224979098644774927 0 400 1 1224979098644774928 6 3 1224979098644774929 0 1224979098644774928 401 1 1224979098644774929 402 2 1224979098644774930 1224979098644774929 31 2 1224979098644774919 1224979098644774930 2133 2 1224979098644774931 0 2120 3 1224979098644774932 35 1224979098644774924 6 3 1224979098644774933 35 1224979098644774932 568 3 1224979098644774929 1224979098644774933 1 2133 2 1224979098644774931 1 2133 2 1224979098644774932 0 3 0 30 2 1224979098644774931 1 2105 2 1224979098644774927 1 3 0 4 0 1073741854 2 1224979098644774922 0 31 2 1224979098644774927 0 1541 3 1224979098644774934 1224979098644774921 8 4 0 30 2 1224979098644774934 0 2133 2 1224979098644774935 1 5 0 2133 2 1224979098644774935 0 3 0 4 0 31 2 144115188075856367 6 2370 1 1224979098644774916 2106 2 1224979098644774916 144115188075856385 4 0 2147483678 2 1224979098644774916 20 4 0 31 2 1224979098644774919 0 1 4 936748722493063306 1224979098644774919 1 1224979098644774935 5 0 2133 2 72057594037927936 32 3 0 5 0 1 4 936748722493063306 1224979098644774919 0 1224979098644774935 3 0 5 0 1073741855 2 144115188075856367 2 31 2 144115188075856367 3 4 0 31 2 1224979098644774919 0 2133 2 72057594037927936 0 5 0 2133 2 72057594037927936 32 3 0 5 0 1 4 936748722493063306 1224979098644774919 0 1224979098644774935 3 0 2211 1 1224979098644774936 1261 1 1224979098644774936 1265 5 72057594037927936 1224979098644774921 1 1224979098644774919 1224979098644774922 2133 2 144115188075856366 0 4 0 31 2 1224979098644774919 0 2106 2 144115188075856369 1 5 0 31 2 1224979098644774919 1 2106 2 144115188075856370 1 3 0 3 0 3 0 
3.000000 0.000000 0.000000  0  16 417 0 12 1 1224979098644774912 1707 1 1224979098644774912 1704 1 1224979098644774912 1702 1 1224979098644774912 1765 2 1224979098644774913 1224979098644774912 4 0 2147484049 1 1224979098644774913 1 2 936748722493063305 1224979098644774912 5 0 402 2 1224979098644774914 1224979098644774913 1770 2 1224979098644774915 1224979098644774912 2147483679 2 1224979098644774914 1224979098644774915 1 2 936748722493063305 1224979098644774912 3 0 3 0 
20.000000 0.000000 0.000000  0  2 417 0 1 1 936748722493063211 
1.000000 0.000000 0.000000  0  68 417 0 2133 2 1224979098644774912 0 4 0 1073741855 2 144115188075856367 2 1073741855 2 144115188075856367 3 31 2 144115188075856367 6 4 0 31 2 144115188075856384 1 2370 1 1224979098644774913 2106 2 1224979098644774913 144115188075856389 2121 3 1224979098644774914 144115188075856760 1 30 2 1224979098644774913 1224979098644774914 2370 1 1224979098644774915 4 0 1073741855 2 144115188075856367 2 31 2 144115188075856367 3 2133 2 1224979098644774916 90 5 0 2133 2 1224979098644774916 120 3 0 2122 3 1224979098644774917 144115188075856762 60 2121 3 1224979098644774918 1224979098644774917 1224979098644774916 32 2 1224979098644774915 1224979098644774918 2133 2 1224979098644774912 1 3 0 31 2 1224979098644774912 1 5 0 2147483679 2 144115188075856367 2 2147483679 2 144115188075856367 3 2147483679 2 144115188075856367 6 2147483679 2 144115188075856367 5 2370 1 1224979098644774915 2122 3 1224979098644774917 144115188075856762 60 32 2 1224979098644774915 1224979098644774917 2133 2 1224979098644774912 1 5 0 455 2 1224979098644774919 0 455 2 1224979098644774920 1 4 0 2147483679 2 144115188075856367 5 4 0 1073741854 2 1224979098644774919 144115188075856763 30 2 1224979098644774920 144115188075856763 2133 2 1224979098644774912 1 3 0 5 0 2133 2 1224979098644774921 0 400 1 1224979098644774922 6 3 1224979098644774923 0 1224979098644774922 401 1 1224979098644774923 406 2 1224979098644774924 1224979098644774923 30 2 1224979098644774924 0 2147485355 1 1224979098644774924 2133 2 1224979098644774921 1 2133 2 1224979098644774922 0 3 0 31 2 1224979098644774921 1 3221225504 2 1224979098644774919 0 2147483680 2 1224979098644774920 0 2133 2 1224979098644774912 1 3 0 3 0 4 0 31 2 1224979098644774912 1 1 2 936748722493063279 144115188075856367 470 3 72057594037927936 144115188075856466 0 1 1 936748722493063174 3 0 
-21.000000 0.000000 0.000000  0  5 4 0 31 2 144115188075856368 0 2133 2 144115188075856371 1 900 1 1513209474796486673 3 0 
0.000000 0.000000 100000000.000000  0  1 900 1 1513209474796486660 
-24.000000 0.000000 0.000000  0  1 900 1 1513209474796486668 
-23.000000 0.000000 0.000000  0  4 2147484551 1 1513209474796486675 2147484551 1 1513209474796486673 31 2 144115188075856383 0 900 1 1513209474796486675 


mst_multiplayer_hq multiplayer_hq 2  -1
You_lead_your_men_to_battle. 

64 0 4112 0 16 1 0  
1 4112 0 16 1 0  
2 4112 0 16 1 0  
3 4112 0 16 1 0  
4 4112 0 16 1 0  
5 4112 0 16 1 0  
6 4112 0 16 1 0  
7 4112 0 16 1 0  
8 4112 0 16 1 0  
9 4112 0 16 1 0  
10 4112 0 16 1 0  
11 4112 0 16 1 0  
12 4112 0 16 1 0  
13 4112 0 16 1 0  
14 4112 0 16 1 0  
15 4112 0 16 1 0  
16 4112 0 16 1 0  
17 4112 0 16 1 0  
18 4112 0 16 1 0  
19 4112 0 16 1 0  
20 4112 0 16 1 0  
21 4112 0 16 1 0  
22 4112 0 16 1 0  
23 4112 0 16 1 0  
24 4112 0 16 1 0  
25 4112 0 16 1 0  
26 4112 0 16 1 0  
27 4112 0 16 1 0  
28 4112 0 16 1 0  
29 4112 0 16 1 0  
30 4112 0 16 1 0  
31 4112 0 16 1 0  
32 8208 0 16 1 0  
33 8208 0 16 1 0  
34 8208 0 16 1 0  
35 8208 0 16 1 0  
36 8208 0 16 1 0  
37 8208 0 16 1 0  
38 8208 0 16 1 0  
39 8208 0 16 1 0  
40 8208 0 16 1 0  
41 8208 0 16 1 0  
42 8208 0 16 1 0  
43 8208 0 16 1 0  
44 8208 0 16 1 0  
45 8208 0 16 1 0  
46 8208 0 16 1 0  
47 8208 0 16 1 0  
48 8208 0 16 1 0  
49 8208 0 16 1 0  
50 8208 0 16 1 0  
51 8208 0 16 1 0  
52 8208 0 16 1 0  
53 8208 0 16 1 0  
54 8208 0 16 1 0  
55 8208 0 16 1 0  
56 8208 0 16 1 0  
57 8208 0 16 1 0  
58 8208 0 16 1 0  
59 8208 0 16 1 0  
60 8208 0 16 1 0  
61 8208 0 16 1 0  
62 8208 0 16 1 0  
63 8208 0 16 1 0  
21
-25.000000 0.000000 0.000000  0  3 2071 1 1224979098644774912 1718 2 1224979098644774913 1224979098644774912 1 4 936748722493063611 1729382256910270468 1224979098644774912 1224979098644774913 
1.000000 5.000000 0.000000  8 417 0 31 2 144115188075856365 1 31 2 144115188075856800 0 2370 1 1224979098644774912 2120 3 1224979098644774913 144115188075856803 144115188075856802 1073741855 2 1224979098644774913 144115188075856801 32 2 1224979098644774912 144115188075856808 1 1 936748722493063271  8 2133 2 144115188075856365 0 4 0 1073741855 2 144115188075856804 0 31 2 144115188075856804 3 1 2 936748722493063279 144115188075856367 470 3 72057594037927936 144115188075856805 1 1 1 936748722493063174 3 0 
-25.000000 0.000000 0.000000  0  2 2071 1 1224979098644774912 1 2 936748722493063245 1224979098644774912 
-15.000000 0.000000 0.000000  0  2 2071 1 1224979098644774912 1 2 936748722493063246 1224979098644774912 
-19.000000 0.000000 0.000000  0  21 2133 2 144115188075856367 5 1 1 936748722493063247 2122 3 1224979098644774912 144115188075856763 10000 2133 2 144115188075856372 1224979098644774912 2133 2 144115188075856373 1224979098644774912 6 3 1224979098644774913 146 156 500 3 360287970189641341 1224979098644774913 -1 3 0 4 0 417 0 6 3 1224979098644774913 176 186 500 3 360287970189641341 1224979098644774913 -1 3 0 3 0 1 1 936748722493063290 1 1 936748722493063289 4 0 417 0 456 2 0 144115188075856763 456 2 1 144115188075856763 3 0 
-20.000000 0.000000 0.000000  0  188 1 2 936748722493063237 0 1 2 936748722493063237 1 426 2 0 144115188075856795 426 2 1 144115188075856796 4 0 417 0 2133 2 144115188075856366 1 2133 2 144115188075856374 0 1780 2 1 64 1780 2 3 64 1970 1 3 1974 2 1080863910568919943 0 1970 1 3 1974 2 144115188075856795 0 1970 1 3 1974 2 144115188075856796 0 1970 1 3 1974 2 1080863910568919942 0 2120 3 1224979098644774912 146 144115188075856374 500 3 360287970189641341 1224979098644774912 1 2105 2 144115188075856374 1 1780 2 2 65 1780 2 3 65 1970 1 3 1974 2 1080863910568919943 0 1970 1 3 1974 2 144115188075856795 0 1970 1 3 1974 2 144115188075856796 0 1970 1 3 1974 2 1080863910568919942 0 2120 3 1224979098644774912 146 144115188075856374 500 3 360287970189641341 1224979098644774912 2 2105 2 144115188075856374 1 1810 2 1224979098644774913 1080863910568919937 1810 2 1224979098644774914 1080863910568919938 1810 2 1224979098644774915 1080863910568919939 2120 3 1224979098644774916 1080863910568919939 1 6 3 1224979098644774917 1080863910568919937 1224979098644774916 4 0 31 2 1224979098644774917 1080863910568919937 2133 2 1224979098644774918 1224979098644774913 5 0 31 2 1224979098644774917 1080863910568919938 2133 2 1224979098644774918 1224979098644774914 5 0 31 2 1224979098644774917 1080863910568919939 2133 2 1224979098644774918 1224979098644774915 3 0 32 2 1224979098644774918 0 6 3 1224979098644774919 0 1224979098644774918 1811 3 1224979098644774920 1224979098644774917 1224979098644774919 1850 2 0 1224979098644774920 1970 1 0 1974 2 1080863910568919943 0 6 3 1224979098644774921 1080863910568919937 1224979098644774916 1970 1 0 4 0 31 2 1224979098644774921 1080863910568919937 1974 1 144115188075856795 5 0 31 2 1224979098644774921 1080863910568919938 1974 1 144115188075856796 5 0 31 2 1224979098644774921 1080863910568919939 1974 1 1080863910568919942 3 0 3 0 2120 3 1224979098644774912 146 144115188075856374 4 0 31 2 1224979098644774917 1080863910568919937 500 3 360287970189641341 1224979098644774912 1 5 0 31 2 1224979098644774917 1080863910568919938 500 3 360287970189641341 1224979098644774912 2 5 0 31 2 1224979098644774917 1080863910568919939 500 3 360287970189641341 1224979098644774912 0 3 0 2105 2 144115188075856374 1 3 0 3 0 2133 2 144115188075856375 0 2133 2 144115188075856376 0 6 3 1224979098644774922 0 144115188075856374 2120 3 1224979098644774912 146 1224979098644774922 520 3 1224979098644774923 360287970189641341 1224979098644774912 4 0 31 2 1224979098644774922 0 1780 2 0 64 1811 3 1224979098644774920 144115188075856795 1224979098644774922 2133 2 144115188075856377 1224979098644774920 5 0 31 2 1224979098644774922 1 1780 2 0 65 1811 3 1224979098644774920 144115188075856796 1224979098644774922 2133 2 144115188075856378 1224979098644774920 5 0 2133 2 1224979098644774924 2 1810 2 1224979098644774925 1080863910568919937 2120 3 1224979098644774926 1224979098644774924 1224979098644774925 1810 2 1224979098644774927 1080863910568919938 2120 3 1224979098644774928 1224979098644774926 1224979098644774927 1810 2 1224979098644774929 1080863910568919939 4 0 30 2 1224979098644774922 1224979098644774924 32 2 1224979098644774925 0 2121 3 1224979098644774930 1224979098644774922 1224979098644774924 1811 3 1224979098644774920 1080863910568919937 1224979098644774930 5 0 30 2 1224979098644774922 1224979098644774926 32 2 1224979098644774927 0 2121 3 1224979098644774930 1224979098644774922 1224979098644774926 1811 3 1224979098644774920 1080863910568919938 1224979098644774930 5 0 30 2 1224979098644774922 1224979098644774928 32 2 1224979098644774929 0 2121 3 1224979098644774930 1224979098644774922 1224979098644774928 1811 3 1224979098644774920 1080863910568919939 1224979098644774930 3 0 1850 2 0 1224979098644774920 3 0 1811 3 1224979098644774931 1080863910568919943 1224979098644774922 1855 2 1224979098644774931 0 722 2 0 900 4 0 31 2 1224979098644774923 0 1811 3 1224979098644774920 144115188075856795 1224979098644774922 1855 2 1224979098644774920 0 1813 2 1224979098644774920 0 1811 3 1224979098644774920 144115188075856796 1224979098644774922 1855 2 1224979098644774920 0 1813 2 1224979098644774920 0 1811 3 1224979098644774920 1080863910568919942 1224979098644774922 1855 2 1224979098644774920 0 1813 2 1224979098644774920 1 5 0 31 2 1224979098644774923 1 1811 3 1224979098644774920 144115188075856795 1224979098644774922 1855 2 1224979098644774920 0 1813 2 1224979098644774920 1 1811 3 1224979098644774920 144115188075856796 1224979098644774922 1855 2 1224979098644774920 0 1813 2 1224979098644774920 0 1811 3 1224979098644774920 1080863910568919942 1224979098644774922 1855 2 1224979098644774920 0 1813 2 1224979098644774920 0 2105 2 144115188075856375 1 5 0 1811 3 1224979098644774920 144115188075856795 1224979098644774922 1855 2 1224979098644774920 0 1813 2 1224979098644774920 0 1811 3 1224979098644774920 144115188075856796 1224979098644774922 1855 2 1224979098644774920 0 1813 2 1224979098644774920 1 1811 3 1224979098644774920 1080863910568919942 1224979098644774922 1855 2 1224979098644774920 0 1813 2 1224979098644774920 0 2105 2 144115188075856376 1 3 0 3 0 5 0 1810 2 1224979098644774913 1080863910568919937 1810 2 1224979098644774914 1080863910568919938 1810 2 1224979098644774915 1080863910568919939 2133 2 144115188075856374 2 2105 2 144115188075856374 1224979098644774913 2105 2 144115188075856374 1224979098644774914 2105 2 144115188075856374 1224979098644774915 3 0 6 3 1224979098644774930 0 1224979098644774913 1811 3 1224979098644774920 1080863910568919937 1224979098644774930 1813 2 1224979098644774920 0 3 0 6 3 1224979098644774930 0 1224979098644774914 1811 3 1224979098644774920 1080863910568919938 1224979098644774930 1813 2 1224979098644774920 0 3 0 6 3 1224979098644774930 0 1224979098644774915 1811 3 1224979098644774920 1080863910568919939 1224979098644774930 1813 2 1224979098644774920 0 3 0 6 3 1224979098644774930 0 144115188075856374 2120 3 1224979098644774932 166 1224979098644774930 500 3 360287970189641341 1224979098644774932 0 3 0 1 1 936748722493063234 1 1 936748722493063250 
-16.000000 0.000000 0.000000  0  24 4 0 415 1 1224979098644774912 33 3 1224979098644774912 0 1000 402 2 1224979098644774913 1224979098644774912 2147483678 2 1224979098644774913 2 1 1 936748722493063264 2133 2 1224979098644774914 72057594037927936 2133 2 1224979098644774915 72057594037927937 2133 2 1224979098644774916 0 4 0 31 2 1224979098644774913 0 32 2 1224979098644774914 1224979098644774915 2133 2 1224979098644774916 1 5 0 31 2 1224979098644774913 1 32 2 1224979098644774915 1224979098644774914 2133 2 1224979098644774916 1 3 0 31 2 1224979098644774916 1 372 1 61 3 0 1 1 936748722493063291 2133 2 144115188075856371 0 900 1 1513209474796486673 
-26.000000 0.000000 0.000000  0  27 2071 1 1224979098644774912 2072 1 1224979098644774913 1 3 936748722493063248 1224979098644774912 1224979098644774913 4 0 417 0 30 2 1224979098644774913 0 1704 1 1224979098644774912 1704 1 1224979098644774913 1770 2 1224979098644774914 1224979098644774913 2147483680 2 1224979098644774914 1 1770 2 1224979098644774915 1224979098644774912 2147483679 2 1224979098644774914 1224979098644774915 455 2 1224979098644774916 1224979098644774915 4 0 31 2 1224979098644774914 0 2105 2 144115188075856373 -10000 5 0 2105 2 144115188075856372 -10000 3 0 2106 2 1224979098644774916 1 400 1 1224979098644774917 1 3 936748722493063252 1224979098644774915 1224979098644774916 6 3 1224979098644774918 1 1224979098644774917 401 1 1224979098644774918 396 4 1224979098644774918 72 1224979098644774915 1224979098644774916 3 0 3 0 
1.000000 0.000000 0.000000  0  16 417 0 6 3 1224979098644774912 0 144115188075856374 2120 3 1224979098644774913 166 1224979098644774912 520 3 1224979098644774914 360287970189641341 1224979098644774913 2105 2 1224979098644774914 1 500 3 360287970189641341 1224979098644774913 1224979098644774914 2120 3 1224979098644774915 176 1224979098644774912 520 3 1224979098644774916 360287970189641341 1224979098644774915 2119 3 1224979098644774917 1224979098644774916 100 4 0 30 2 1224979098644774916 100 2147483678 2 1224979098644774917 25 2105 2 1224979098644774916 1 500 3 360287970189641341 1224979098644774915 1224979098644774916 3 0 3 0 
0.000000 0.000000 0.000000  0  260 417 0 6 3 1224979098644774912 0 144115188075856374 2120 3 1224979098644774913 156 1224979098644774912 520 3 1224979098644774914 360287970189641341 1224979098644774913 2123 3 1224979098644774915 1224979098644774914 100 2119 3 1224979098644774916 1224979098644774914 100 2133 2 1224979098644774917 0 2133 2 1224979098644774918 0 1811 3 1224979098644774919 1080863910568919943 1224979098644774912 1850 2 0 1224979098644774919 400 1 1224979098644774920 6 3 1224979098644774921 0 1224979098644774920 401 1 1224979098644774921 406 2 1224979098644774922 1224979098644774921 30 2 1224979098644774922 0 1702 1 1224979098644774922 1770 2 1224979098644774923 1224979098644774922 1710 2 1 1224979098644774922 712 3 1224979098644774924 0 1 715 3 1224979098644774925 0 1 2105 2 1224979098644774924 1224979098644774925 2147483678 2 1224979098644774924 1600 4 0 31 2 1224979098644774923 0 2105 2 1224979098644774917 1 5 0 31 2 1224979098644774923 1 2105 2 1224979098644774918 1 3 0 3 0 4 0 3221225503 2 1224979098644774915 1224979098644774917 2147483679 2 1224979098644774916 1224979098644774918 2120 3 1224979098644774926 146 1224979098644774912 520 3 1224979098644774927 360287970189641341 1224979098644774926 2120 3 1224979098644774928 176 1224979098644774912 520 3 1224979098644774929 360287970189641341 1224979098644774928 2119 3 1224979098644774930 1224979098644774929 100 2123 3 1224979098644774931 1224979098644774929 100 4 0 2133 2 1224979098644774932 0 4 0 2147483679 2 1224979098644774927 1 31 2 1224979098644774915 0 32 2 1224979098644774917 0 31 2 1224979098644774918 0 2133 2 1224979098644774933 1 2133 2 1224979098644774932 1 5 0 2147483679 2 1224979098644774927 2 31 2 1224979098644774916 0 31 2 1224979098644774917 0 32 2 1224979098644774918 0 2133 2 1224979098644774933 2 2133 2 1224979098644774932 1 3 0 31 2 1224979098644774932 1 2122 3 1224979098644774934 1224979098644774933 100 500 3 360287970189641341 1224979098644774928 1224979098644774934 3221225503 2 1224979098644774931 1224979098644774933 30 2 1224979098644774930 25 2122 3 1224979098644774935 1224979098644774933 100 2105 2 1224979098644774935 1224979098644774912 1 3 936748722493063263 10 1224979098644774935 6 3 1224979098644774921 1 1224979098644774920 401 1 1224979098644774921 396 4 1224979098644774921 68 10 1224979098644774935 3 0 3 0 4 0 2122 3 1224979098644774914 1224979098644774917 100 2105 2 1224979098644774914 1224979098644774918 500 3 360287970189641341 1224979098644774913 1224979098644774914 1 3 936748722493063242 1224979098644774912 1224979098644774914 400 1 1224979098644774920 6 3 1224979098644774921 1 1224979098644774920 401 1 1224979098644774921 396 4 1224979098644774921 73 1224979098644774912 1224979098644774914 3 0 3 0 3 0 3 0 6 3 1224979098644774912 0 144115188075856374 2133 2 1224979098644774936 -1 1811 3 1224979098644774919 1080863910568919943 1224979098644774912 1850 2 0 1224979098644774919 2120 3 1224979098644774926 146 1224979098644774912 520 3 1224979098644774927 360287970189641341 1224979098644774926 4 0 4 0 1811 3 1224979098644774937 144115188075856795 1224979098644774912 1812 2 1224979098644774938 1224979098644774937 2133 2 1224979098644774939 1 31 2 1224979098644774938 0 1811 3 1224979098644774937 144115188075856796 1224979098644774912 1812 2 1224979098644774938 1224979098644774937 2133 2 1224979098644774939 2 31 2 1224979098644774938 0 1811 3 1224979098644774937 1080863910568919942 1224979098644774912 1812 2 1224979098644774938 1224979098644774937 2133 2 1224979098644774939 0 3 0 1850 2 1 1224979098644774937 4 0 712 3 1224979098644774924 0 1 2147483678 2 1224979098644774924 400 2120 3 1224979098644774940 156 1224979098644774912 520 3 1224979098644774941 360287970189641341 1224979098644774940 2123 3 1224979098644774917 1224979098644774941 100 2119 3 1224979098644774918 1224979098644774941 100 4 0 32 2 1224979098644774917 0 31 2 1224979098644774918 0 2133 2 1224979098644774936 0 2133 2 1224979098644774942 1 5 0 31 2 1224979098644774917 0 32 2 1224979098644774918 0 2133 2 1224979098644774936 0 2133 2 1224979098644774942 2 5 0 31 2 1224979098644774917 0 31 2 1224979098644774918 0 2147483679 2 1224979098644774939 0 2133 2 1224979098644774936 0 2133 2 1224979098644774942 0 3 0 5 0 2147483679 2 1224979098644774927 1224979098644774939 712 3 1224979098644774924 0 1 30 2 1224979098644774924 8100 2120 3 1224979098644774940 156 1224979098644774912 520 3 1224979098644774941 360287970189641341 1224979098644774940 2123 3 1224979098644774917 1224979098644774941 100 2119 3 1224979098644774918 1224979098644774941 100 4 0 31 2 1224979098644774939 1 2133 2 1224979098644774936 1 2133 2 1224979098644774942 1 5 0 31 2 1224979098644774939 2 2133 2 1224979098644774936 2 2133 2 1224979098644774942 2 3 0 3 0 3 0 4 0 30 2 1224979098644774936 0 3221225503 2 1224979098644774936 1224979098644774927 2147483679 2 1224979098644774939 1224979098644774942 4 0 2147483679 2 1224979098644774927 0 31 2 1224979098644774936 0 4 0 31 2 1224979098644774927 1 2133 2 1224979098644774943 2 5 0 31 2 1224979098644774927 2 2133 2 1224979098644774943 1 3 0 2122 3 1224979098644774935 1224979098644774943 100 2105 2 1224979098644774935 1224979098644774912 1 3 936748722493063263 8 1224979098644774935 400 1 1224979098644774920 6 3 1224979098644774921 1 1224979098644774920 401 1 1224979098644774921 396 4 1224979098644774921 68 8 1224979098644774935 3 0 3 0 4 0 2147483679 2 1224979098644774927 1224979098644774936 2147483679 2 1224979098644774936 0 2122 3 1224979098644774935 1224979098644774936 100 2105 2 1224979098644774935 1224979098644774912 1 3 936748722493063263 9 1224979098644774935 400 1 1224979098644774920 6 3 1224979098644774921 1 1224979098644774920 401 1 1224979098644774921 396 4 1224979098644774921 68 9 1224979098644774935 3 0 3 0 1 3 936748722493063242 1224979098644774912 1224979098644774941 2133 2 1224979098644774944 0 400 1 1224979098644774920 6 3 1224979098644774921 1 1224979098644774920 401 1 1224979098644774921 396 4 1224979098644774921 73 1224979098644774912 1224979098644774941 2105 2 1224979098644774944 1 3 0 2122 3 1224979098644774945 1224979098644774936 100 2105 2 1224979098644774945 1224979098644774942 1 3 936748722493063243 1224979098644774912 1224979098644774945 6 3 1224979098644774921 1 1224979098644774920 401 1 1224979098644774921 396 4 1224979098644774921 75 1224979098644774912 1224979098644774945 3 0 4 0 2147483679 2 1224979098644774936 0 4 0 31 2 1224979098644774936 1 2133 2 1224979098644774946 1224979098644774917 5 0 2133 2 1224979098644774946 1224979098644774918 3 0 2120 3 1224979098644774947 166 1224979098644774912 520 3 1224979098644774948 360287970189641341 1224979098644774947 500 3 360287970189641341 1224979098644774947 0 2110 2 1224979098644774948 360 1811 3 1224979098644774949 144115188075856795 1224979098644774912 1811 3 1224979098644774950 144115188075856796 1224979098644774912 4 0 1073741855 2 144115188075856377 1224979098644774949 31 2 144115188075856378 1224979098644774950 2133 2 1224979098644774951 2 5 0 2133 2 1224979098644774951 1 3 0 4 0 2147483680 2 1224979098644774946 1 2133 2 1224979098644774952 3 5 0 31 2 1224979098644774946 2 2133 2 1224979098644774952 2 5 0 2147483680 2 1224979098644774946 6 2133 2 1224979098644774952 1 5 0 2133 2 1224979098644774952 0 3 0 2122 3 1224979098644774953 1224979098644774948 1224979098644774944 2107 2 1224979098644774953 1224979098644774951 2108 2 1224979098644774953 2 4 0 32 2 1224979098644774946 0 2123 3 1224979098644774954 1224979098644774953 1224979098644774946 3 0 400 1 1224979098644774920 6 3 1224979098644774921 0 1224979098644774920 401 1 1224979098644774921 406 2 1224979098644774922 1224979098644774921 30 2 1224979098644774922 0 1770 2 1224979098644774923 1224979098644774922 2105 2 1224979098644774923 1 31 2 1224979098644774923 1224979098644774936 1710 2 1 1224979098644774922 1850 2 0 1224979098644774919 712 3 1224979098644774924 0 1 715 3 1224979098644774925 0 1 2105 2 1224979098644774924 1224979098644774925 2147483678 2 1224979098644774924 1600 431 2 1224979098644774955 1224979098644774921 2105 2 1224979098644774955 1224979098644774952 432 2 1224979098644774921 1224979098644774955 407 2 1224979098644774956 1224979098644774921 2105 2 1224979098644774956 1224979098644774954 408 3 1224979098644774921 1224979098644774956 15000 3 0 3 0 3 0 3 0 
1.000000 0.000000 0.000000  0  126 417 0 2133 2 1224979098644774912 0 2133 2 1224979098644774913 0 2133 2 1224979098644774914 0 2133 2 1224979098644774915 0 6 3 1224979098644774916 0 144115188075856374 2120 3 1224979098644774917 146 1224979098644774916 520 3 1224979098644774918 360287970189641341 1224979098644774917 1811 3 1224979098644774919 144115188075856795 1224979098644774916 1811 3 1224979098644774920 144115188075856796 1224979098644774916 4 0 1073741855 2 144115188075856377 1224979098644774919 31 2 144115188075856378 1224979098644774920 2133 2 1224979098644774921 2 5 0 2133 2 1224979098644774921 1 3 0 4 0 31 2 1224979098644774918 1 2105 2 1224979098644774912 1224979098644774921 2105 2 1224979098644774914 1224979098644774921 5 0 31 2 1224979098644774918 2 2105 2 1224979098644774913 1224979098644774921 2105 2 1224979098644774914 1224979098644774921 5 0 2105 2 1224979098644774915 1224979098644774921 3 0 3 0 2120 3 1224979098644774922 1224979098644774914 1224979098644774915 2121 3 1224979098644774923 1224979098644774912 1224979098644774913 2122 3 1224979098644774924 1224979098644774923 2 2121 3 1224979098644774925 144115188075856375 144115188075856376 2133 2 1224979098644774926 0 400 1 1224979098644774927 6 3 1224979098644774928 0 1224979098644774927 401 1 1224979098644774928 2105 2 1224979098644774926 1 2133 2 1224979098644774927 0 3 0 4 0 30 2 1224979098644774924 1224979098644774925 2121 3 1224979098644774929 1224979098644774924 1224979098644774925 2122 3 1224979098644774930 1224979098644774929 125 2105 2 1224979098644774930 500 2123 3 1224979098644774931 250000 1224979098644774930 4 0 2147483678 2 1224979098644774914 1224979098644774922 2107 2 1224979098644774931 1224979098644774914 2108 2 1224979098644774931 1224979098644774922 2107 2 1224979098644774930 1224979098644774914 2108 2 1224979098644774930 1224979098644774922 3 0 1 1 936748722493063276 2107 2 1224979098644774930 72057594037927936 2108 2 1224979098644774930 100 2107 2 1224979098644774931 72057594037927936 2108 2 1224979098644774931 100 2107 2 1224979098644774930 144115188075856766 2108 2 1224979098644774930 100 2107 2 1224979098644774931 144115188075856766 2108 2 1224979098644774931 100 4 0 30 2 1224979098644774926 1 2106 2 144115188075856373 1224979098644774930 4 0 30 2 1224979098644774913 1 2106 2 144115188075856372 1224979098644774931 5 0 2106 2 144115188075856373 1224979098644774931 3 0 3 0 5 0 2121 3 1224979098644774929 1224979098644774925 1224979098644774924 2122 3 1224979098644774930 1224979098644774929 125 2105 2 1224979098644774930 500 2123 3 1224979098644774931 250000 1224979098644774930 4 0 2147483678 2 1224979098644774914 1224979098644774922 2107 2 1224979098644774931 1224979098644774914 2108 2 1224979098644774931 1224979098644774922 2107 2 1224979098644774930 1224979098644774914 2108 2 1224979098644774930 1224979098644774922 3 0 1 1 936748722493063276 2107 2 1224979098644774930 72057594037927936 2108 2 1224979098644774930 100 2107 2 1224979098644774931 72057594037927936 2108 2 1224979098644774931 100 2107 2 1224979098644774930 144115188075856766 2108 2 1224979098644774930 100 2107 2 1224979098644774931 144115188075856766 2108 2 1224979098644774931 100 4 0 30 2 1224979098644774926 1 4 0 30 2 1224979098644774912 1 2106 2 144115188075856373 1224979098644774931 5 0 2106 2 144115188075856372 1224979098644774931 3 0 2106 2 144115188075856372 1224979098644774930 3 0 3 0 455 2 1224979098644774932 0 4 0 2123 3 1224979098644774933 144115188075856372 10000 2147483679 2 1224979098644774933 1224979098644774932 400 1 1224979098644774934 1 3 936748722493063252 0 1224979098644774933 6 3 1224979098644774928 1 1224979098644774934 401 1 1224979098644774928 396 4 1224979098644774928 72 0 1224979098644774933 3 0 3 0 455 2 1224979098644774935 1 4 0 2123 3 1224979098644774936 144115188075856373 10000 2147483679 2 1224979098644774936 1224979098644774935 400 1 1224979098644774934 1 3 936748722493063252 1 1224979098644774936 6 3 1224979098644774928 1 1224979098644774934 401 1 1224979098644774928 396 4 1224979098644774928 72 1 1224979098644774936 3 0 3 0 
1.000000 0.000000 0.000000  0  39 417 0 400 1 1224979098644774912 6 3 1224979098644774913 0 1224979098644774912 401 1 1224979098644774913 2147484086 1 1224979098644774913 402 2 1224979098644774914 1224979098644774913 2147483678 2 1224979098644774914 2 404 2 1224979098644774915 1224979098644774913 30 2 1224979098644774915 0 406 2 1224979098644774916 1224979098644774913 2133 2 1224979098644774917 0 4 0 528 3 1224979098644774918 1224979098644774913 24 31 2 1224979098644774918 1 2133 2 1224979098644774917 1 508 3 1224979098644774913 24 0 5 0 4 0 2147483678 2 1224979098644774916 0 2133 2 1224979098644774917 1 5 0 2147485350 1 1224979098644774916 1760 2 1224979098644774919 1224979098644774916 32 2 1224979098644774919 144115188075856760 2133 2 1224979098644774917 1 3 0 3 0 31 2 1224979098644774917 1 1 2 936748722493063308 1224979098644774913 1541 3 1224979098644774920 1224979098644774915 8 4 0 30 2 1224979098644774920 0 2133 2 1224979098644774921 1 5 0 2133 2 1224979098644774921 0 3 0 1 4 936748722493063306 1224979098644774914 0 1224979098644774921 409 2 1224979098644774913 72057594037927936 3 0 
1.000000 0.000000 0.000000  0  31 417 0 2370 1 1224979098644774912 30 2 1224979098644774912 2 2133 2 1224979098644774913 0 2133 2 1224979098644774914 0 12 1 1224979098644774915 1707 1 1224979098644774915 1704 1 1224979098644774915 2133 2 1224979098644774916 0 4 0 1702 1 1224979098644774915 2133 2 1224979098644774916 1 5 0 1760 2 1224979098644774917 1224979098644774915 2147483680 2 1224979098644774917 144115188075856760 2133 2 1224979098644774916 1 3 0 31 2 1224979098644774916 1 1770 2 1224979098644774918 1224979098644774915 4 0 31 2 1224979098644774918 0 2105 2 1224979098644774913 1 5 0 31 2 1224979098644774918 1 2105 2 1224979098644774914 1 3 0 3 0 2121 3 144115188075856369 144115188075856770 1224979098644774913 2121 3 144115188075856370 144115188075856771 1224979098644774914 2111 2 144115188075856369 0 2111 2 144115188075856370 0 
0.000000 0.000000 0.000000  0  119 417 0 31 2 144115188075856366 1 2120 3 1224979098644774912 144115188075856369 144115188075856370 4 0 32 2 1224979098644774912 0 4 0 1073741855 2 144115188075856367 2 1073741855 2 144115188075856367 3 31 2 144115188075856367 6 455 2 1224979098644774913 0 455 2 1224979098644774914 1 2120 3 1224979098644774915 1224979098644774913 1224979098644774914 31 2 1224979098644774915 0 2370 1 1224979098644774916 2106 2 1224979098644774916 144115188075856385 2147483678 2 1224979098644774916 20 2133 2 1224979098644774917 0 5 0 2133 2 1224979098644774917 1 3 0 31 2 1224979098644774917 1 2136 3 1224979098644774918 0 1224979098644774912 2106 2 1224979098644774918 144115188075856369 4 0 2147483678 2 1224979098644774918 0 2133 2 1224979098644774919 0 5 0 2133 2 1224979098644774919 1 3 0 4 0 1073741855 2 144115188075856367 2 31 2 144115188075856367 3 2370 1 1224979098644774916 2106 2 1224979098644774916 144115188075856385 4 0 2147483680 2 1224979098644774916 20 2133 2 1224979098644774920 0 5 0 2133 2 1224979098644774920 1 3 0 5 0 2133 2 1224979098644774920 1 3 0 1 3 936748722493063304 1224979098644774919 1224979098644774920 2133 2 1224979098644774921 72057594037927936 2133 2 1224979098644774922 72057594037927937 458 2 1224979098644774923 1224979098644774919 2133 2 1224979098644774924 0 6 3 1224979098644774925 360287970189641354 360287970189641370 2173 2 1224979098644774926 1224979098644774925 31 2 1224979098644774926 1224979098644774923 2105 2 1224979098644774924 1 3 0 2133 2 1224979098644774927 0 400 1 1224979098644774928 6 3 1224979098644774929 0 1224979098644774928 401 1 1224979098644774929 402 2 1224979098644774930 1224979098644774929 31 2 1224979098644774919 1224979098644774930 2133 2 1224979098644774931 0 2120 3 1224979098644774932 35 1224979098644774924 6 3 1224979098644774933 35 1224979098644774932 568 3 1224979098644774929 1224979098644774933 1 2133 2 1224979098644774931 1 2133 2 1224979098644774932 0 3 0 30 2 1224979098644774931 1 2105 2 1224979098644774927 1 3 0 4 0 1073741854 2 1224979098644774922 0 31 2 1224979098644774927 0 1541 3 1224979098644774934 1224979098644774921 8 4 0 30 2 1224979098644774934 0 2133 2 1224979098644774935 1 5 0 2133 2 1224979098644774935 0 3 0 4 0 31 2 144115188075856367 6 2370 1 1224979098644774916 2106 2 1224979098644774916 144115188075856385 4 0 2147483678 2 1224979098644774916 20 4 0 31 2 1224979098644774919 0 1 4 936748722493063306 1224979098644774919 1 1224979098644774935 5 0 2133 2 72057594037927936 32 3 0 5 0 1 4 936748722493063306 1224979098644774919 0 1224979098644774935 3 0 5 0 1073741855 2 144115188075856367 2 31 2 144115188075856367 3 4 0 31 2 1224979098644774919 0 2133 2 72057594037927936 0 5 0 2133 2 72057594037927936 32 3 0 5 0 1 4 936748722493063306 1224979098644774919 0 1224979098644774935 3 0 2211 1 1224979098644774936 1261 1 1224979098644774936 1265 5 72057594037927936 1224979098644774921 1 1224979098644774919 1224979098644774922 2133 2 144115188075856366 0 4 0 31 2 1224979098644774919 0 2106 2 144115188075856369 1 5 0 31 2 1224979098644774919 1 2106 2 144115188075856370 1 3 0 3 0 3 0 
3.000000 0.000000 0.000000  0  16 417 0 12 1 1224979098644774912 1707 1 1224979098644774912 1704 1 1224979098644774912 1702 1 1224979098644774912 1765 2 1224979098644774913 1224979098644774912 4 0 2147484049 1 1224979098644774913 1 2 936748722493063305 1224979098644774912 5 0 402 2 1224979098644774914 1224979098644774913 1770 2 1224979098644774915 1224979098644774912 2147483679 2 1224979098644774914 1224979098644774915 1 2 936748722493063305 1224979098644774912 3 0 3 0 
20.000000 0.000000 0.000000  0  2 417 0 1 1 936748722493063211 
1.000000 0.000000 0.000000  0  68 417 0 2133 2 1224979098644774912 0 4 0 1073741855 2 144115188075856367 2 1073741855 2 144115188075856367 3 31 2 144115188075856367 6 4 0 31 2 144115188075856384 1 2370 1 1224979098644774913 2106 2 1224979098644774913 144115188075856389 2121 3 1224979098644774914 144115188075856760 1 30 2 1224979098644774913 1224979098644774914 2370 1 1224979098644774915 4 0 1073741855 2 144115188075856367 2 31 2 144115188075856367 3 2133 2 1224979098644774916 90 5 0 2133 2 1224979098644774916 120 3 0 2122 3 1224979098644774917 144115188075856762 60 2121 3 1224979098644774918 1224979098644774917 1224979098644774916 32 2 1224979098644774915 1224979098644774918 2133 2 1224979098644774912 1 3 0 31 2 1224979098644774912 1 5 0 2147483679 2 144115188075856367 2 2147483679 2 144115188075856367 3 2147483679 2 144115188075856367 6 2147483679 2 144115188075856367 5 2370 1 1224979098644774915 2122 3 1224979098644774917 144115188075856762 60 32 2 1224979098644774915 1224979098644774917 2133 2 1224979098644774912 1 5 0 455 2 1224979098644774919 0 455 2 1224979098644774920 1 4 0 2147483679 2 144115188075856367 5 4 0 1073741854 2 1224979098644774919 144115188075856763 30 2 1224979098644774920 144115188075856763 2133 2 1224979098644774912 1 3 0 5 0 2133 2 1224979098644774921 0 400 1 1224979098644774922 6 3 1224979098644774923 0 1224979098644774922 401 1 1224979098644774923 406 2 1224979098644774924 1224979098644774923 30 2 1224979098644774924 0 2147485355 1 1224979098644774924 2133 2 1224979098644774921 1 2133 2 1224979098644774922 0 3 0 31 2 1224979098644774921 1 3221225504 2 1224979098644774919 0 2147483680 2 1224979098644774920 0 2133 2 1224979098644774912 1 3 0 3 0 4 0 31 2 1224979098644774912 1 1 2 936748722493063279 144115188075856367 470 3 72057594037927936 144115188075856466 0 1 1 936748722493063174 3 0 
-21.000000 0.000000 0.000000  0  5 4 0 31 2 144115188075856368 0 2133 2 144115188075856371 1 900 1 1513209474796486673 3 0 
0.000000 0.000000 100000000.000000  0  1 900 1 1513209474796486660 
-24.000000 0.000000 0.000000  0  1 900 1 1513209474796486668 
-23.000000 0.000000 0.000000  0  4 2147484551 1 1513209474796486675 2147484551 1 1513209474796486673 31 2 144115188075856383 0 900 1 1513209474796486675 


mst_multiplayer_cf multiplayer_cf 2  -1
You_lead_your_men_to_battle. 

66 0 4112 0 16 1 0  
1 4112 0 16 1 0  
2 4112 0 16 1 0  
3 4112 0 16 1 0  
4 4112 0 16 1 0  
5 4112 0 16 1 0  
6 4112 0 16 1 0  
7 4112 0 16 1 0  
8 4112 0 16 1 0  
9 4112 0 16 1 0  
10 4112 0 16 1 0  
11 4112 0 16 1 0  
12 4112 0 16 1 0  
13 4112 0 16 1 0  
14 4112 0 16 1 0  
15 4112 0 16 1 0  
16 4112 0 16 1 0  
17 4112 0 16 1 0  
18 4112 0 16 1 0  
19 4112 0 16 1 0  
20 4112 0 16 1 0  
21 4112 0 16 1 0  
22 4112 0 16 1 0  
23 4112 0 16 1 0  
24 4112 0 16 1 0  
25 4112 0 16 1 0  
26 4112 0 16 1 0  
27 4112 0 16 1 0  
28 4112 0 16 1 0  
29 4112 0 16 1 0  
30 4112 0 16 1 0  
31 4112 0 16 1 0  
32 8208 0 16 1 0  
33 8208 0 16 1 0  
34 8208 0 16 1 0  
35 8208 0 16 1 0  
36 8208 0 16 1 0  
37 8208 0 16 1 0  
38 8208 0 16 1 0  
39 8208 0 16 1 0  
40 8208 0 16 1 0  
41 8208 0 16 1 0  
42 8208 0 16 1 0  
43 8208 0 16 1 0  
44 8208 0 16 1 0  
45 8208 0 16 1 0  
46 8208 0 16 1 0  
47 8208 0 16 1 0  
48 8208 0 16 1 0  
49 8208 0 16 1 0  
50 8208 0 16 1 0  
51 8208 0 16 1 0  
52 8208 0 16 1 0  
53 8208 0 16 1 0  
54 8208 0 16 1 0  
55 8208 0 16 1 0  
56 8208 0 16 1 0  
57 8208 0 16 1 0  
58 8208 0 16 1 0  
59 8208 0 16 1 0  
60 8208 0 16 1 0  
61 8208 0 16 1 0  
62 8208 0 16 1 0  
63 8208 0 16 1 0  
64 4112 0 16 1 0  
65 8208 0 16 1 0  
20
-25.000000 0.000000 0.000000  0  3 2071 1 1224979098644774912 1718 2 1224979098644774913 1224979098644774912 1 4 936748722493063611 1729382256910270468 1224979098644774912 1224979098644774913 
1.000000 5.000000 0.000000  8 417 0 31 2 144115188075856365 1 31 2 144115188075856800 0 2370 1 1224979098644774912 2120 3 1224979098644774913 144115188075856803 144115188075856802 1073741855 2 1224979098644774913 144115188075856801 32 2 1224979098644774912 144115188075856808 1 1 936748722493063271  8 2133 2 144115188075856365 0 4 0 1073741855 2 144115188075856804 0 31 2 144115188075856804 3 1 2 936748722493063279 144115188075856367 470 3 72057594037927936 144115188075856805 1 1 1 936748722493063174 3 0 
-25.000000 0.000000 0.000000  0  2 2071 1 1224979098644774912 1 2 936748722493063245 1224979098644774912 
-15.000000 0.000000 0.000000  0  2 2071 1 1224979098644774912 1 2 936748722493063246 1224979098644774912 
-19.000000 0.000000 0.000000  0  19 4 0 417 0 2211 1 1224979098644774912 1073741855 2 1224979098644774912 720575940379280619 1073741855 2 1224979098644774912 720575940379280620 1073741855 2 1224979098644774912 720575940379280621 31 2 1224979098644774912 720575940379280622 1780 2 0 0 1781 2 64 0 1780 2 1 32 1781 2 65 1 3 0 2133 2 144115188075856367 4 1 1 936748722493063247 2133 2 144115188075856379 0 2133 2 144115188075856380 0 1 1 936748722493063290 1 1 936748722493063289 1 1 936748722493063288 
-20.000000 0.000000 0.000000  0  16 1 2 936748722493063237 0 1 2 936748722493063237 1 426 2 0 -1 426 2 1 -1 4 0 417 0 2133 2 144115188075856366 1 1780 2 0 64 1970 1 0 1974 2 144115188075856795 0 1780 2 0 65 1970 1 0 1974 2 144115188075856796 0 3 0 1 1 936748722493063234 1 1 936748722493063250 
-16.000000 0.000000 0.000000  0  3 1 1 936748722493063291 2133 2 144115188075856371 0 900 1 1513209474796486673 
-26.000000 0.000000 0.000000  0  41 2071 1 1224979098644774912 2072 1 1224979098644774913 1 3 936748722493063248 1224979098644774912 1224979098644774913 4 0 1704 1 1224979098644774912 1756 2 1224979098644774914 1224979098644774912 4 0 4 0 417 0 30 2 1224979098644774914 0 415 1 1224979098644774915 400 1 1224979098644774916 1 3 936748722493063256 1224979098644774912 -1 1734 2 1224979098644774912 100 6 3 1224979098644774917 1 1224979098644774916 401 1 1224979098644774917 2147483679 2 1224979098644774915 1224979098644774917 396 4 1224979098644774917 70 1224979098644774912 -1 3 0 1850 2 0 1224979098644774914 791 1 0 1855 2 1224979098644774914 0 1770 2 1224979098644774918 1224979098644774912 4 0 31 2 1224979098644774918 0 2133 2 1224979098644774919 1 5 0 2133 2 1224979098644774919 0 3 0 509 3 1224979098644774919 0 2 415 1 1224979098644774915 400 1 1224979098644774916 1 3 936748722493063257 1224979098644774919 2 6 3 1224979098644774917 1 1224979098644774916 401 1 1224979098644774917 2147483679 2 1224979098644774915 1224979098644774917 396 4 1224979098644774917 71 1224979098644774919 2 3 0 3 0 3 0 3 0 
1.000000 0.000000 0.000000  0  65 417 0 6 3 1224979098644774912 0 2 4 0 549 3 1224979098644774912 0 2 2133 2 1224979098644774913 -1 4 0 31 2 1224979098644774912 0 2105 2 144115188075856379 1 30 2 144115188075856379 60 2133 2 1224979098644774913 0 5 0 2105 2 144115188075856380 1 30 2 144115188075856380 60 2133 2 1224979098644774913 1 3 0 4 0 30 2 1224979098644774913 0 4 0 31 2 1224979098644774913 0 2133 2 144115188075856379 0 5 0 31 2 1224979098644774913 1 2133 2 144115188075856380 0 3 0 509 3 1224979098644774913 0 0 1 3 936748722493063257 1224979098644774913 0 415 1 1224979098644774914 400 1 1224979098644774915 6 3 1224979098644774916 1 1224979098644774915 401 1 1224979098644774916 2147483679 2 1224979098644774914 1224979098644774916 396 4 1224979098644774916 71 1224979098644774913 0 3 0 1811 3 1224979098644774917 144115188075856795 0 1811 3 1224979098644774918 144115188075856796 0 2133 2 1224979098644774919 1224979098644774917 2133 2 1224979098644774920 64 2133 2 1224979098644774921 1224979098644774918 2133 2 1224979098644774922 65 4 0 31 2 1224979098644774913 0 1780 2 5 1224979098644774920 1855 2 1224979098644774919 5 5 0 1780 2 5 1224979098644774922 1855 2 1224979098644774921 5 3 0 2122 3 1224979098644774923 1224979098644774913 -1 2106 2 1224979098644774923 1 1 3 936748722493063263 5 1224979098644774923 6 3 1224979098644774916 0 1224979098644774915 401 1 1224979098644774916 2147483679 2 1224979098644774914 1224979098644774916 396 4 1224979098644774916 68 5 1224979098644774923 3 0 3 0 5 0 4 0 31 2 1224979098644774912 0 2133 2 144115188075856379 0 5 0 2133 2 144115188075856380 0 3 0 3 0 3 0 
1.000000 0.000000 0.000000  0  39 417 0 400 1 1224979098644774912 6 3 1224979098644774913 0 1224979098644774912 401 1 1224979098644774913 2147484086 1 1224979098644774913 402 2 1224979098644774914 1224979098644774913 2147483678 2 1224979098644774914 2 404 2 1224979098644774915 1224979098644774913 30 2 1224979098644774915 0 406 2 1224979098644774916 1224979098644774913 2133 2 1224979098644774917 0 4 0 528 3 1224979098644774918 1224979098644774913 24 31 2 1224979098644774918 1 2133 2 1224979098644774917 1 508 3 1224979098644774913 24 0 5 0 4 0 2147483678 2 1224979098644774916 0 2133 2 1224979098644774917 1 5 0 2147485350 1 1224979098644774916 1760 2 1224979098644774919 1224979098644774916 32 2 1224979098644774919 144115188075856760 2133 2 1224979098644774917 1 3 0 3 0 31 2 1224979098644774917 1 1 2 936748722493063308 1224979098644774913 1541 3 1224979098644774920 1224979098644774915 8 4 0 30 2 1224979098644774920 0 2133 2 1224979098644774921 1 5 0 2133 2 1224979098644774921 0 3 0 1 4 936748722493063306 1224979098644774914 0 1224979098644774921 409 2 1224979098644774913 72057594037927936 3 0 
1.000000 0.000000 0.000000  0  31 417 0 2370 1 1224979098644774912 30 2 1224979098644774912 2 2133 2 1224979098644774913 0 2133 2 1224979098644774914 0 12 1 1224979098644774915 1707 1 1224979098644774915 1704 1 1224979098644774915 2133 2 1224979098644774916 0 4 0 1702 1 1224979098644774915 2133 2 1224979098644774916 1 5 0 1760 2 1224979098644774917 1224979098644774915 2147483680 2 1224979098644774917 144115188075856760 2133 2 1224979098644774916 1 3 0 31 2 1224979098644774916 1 1770 2 1224979098644774918 1224979098644774915 4 0 31 2 1224979098644774918 0 2105 2 1224979098644774913 1 5 0 31 2 1224979098644774918 1 2105 2 1224979098644774914 1 3 0 3 0 2121 3 144115188075856369 144115188075856770 1224979098644774913 2121 3 144115188075856370 144115188075856771 1224979098644774914 2111 2 144115188075856369 0 2111 2 144115188075856370 0 
0.000000 0.000000 0.000000  0  119 417 0 31 2 144115188075856366 1 2120 3 1224979098644774912 144115188075856369 144115188075856370 4 0 32 2 1224979098644774912 0 4 0 1073741855 2 144115188075856367 2 1073741855 2 144115188075856367 3 31 2 144115188075856367 6 455 2 1224979098644774913 0 455 2 1224979098644774914 1 2120 3 1224979098644774915 1224979098644774913 1224979098644774914 31 2 1224979098644774915 0 2370 1 1224979098644774916 2106 2 1224979098644774916 144115188075856385 2147483678 2 1224979098644774916 20 2133 2 1224979098644774917 0 5 0 2133 2 1224979098644774917 1 3 0 31 2 1224979098644774917 1 2136 3 1224979098644774918 0 1224979098644774912 2106 2 1224979098644774918 144115188075856369 4 0 2147483678 2 1224979098644774918 0 2133 2 1224979098644774919 0 5 0 2133 2 1224979098644774919 1 3 0 4 0 1073741855 2 144115188075856367 2 31 2 144115188075856367 3 2370 1 1224979098644774916 2106 2 1224979098644774916 144115188075856385 4 0 2147483680 2 1224979098644774916 20 2133 2 1224979098644774920 0 5 0 2133 2 1224979098644774920 1 3 0 5 0 2133 2 1224979098644774920 1 3 0 1 3 936748722493063304 1224979098644774919 1224979098644774920 2133 2 1224979098644774921 72057594037927936 2133 2 1224979098644774922 72057594037927937 458 2 1224979098644774923 1224979098644774919 2133 2 1224979098644774924 0 6 3 1224979098644774925 360287970189641354 360287970189641370 2173 2 1224979098644774926 1224979098644774925 31 2 1224979098644774926 1224979098644774923 2105 2 1224979098644774924 1 3 0 2133 2 1224979098644774927 0 400 1 1224979098644774928 6 3 1224979098644774929 0 1224979098644774928 401 1 1224979098644774929 402 2 1224979098644774930 1224979098644774929 31 2 1224979098644774919 1224979098644774930 2133 2 1224979098644774931 0 2120 3 1224979098644774932 35 1224979098644774924 6 3 1224979098644774933 35 1224979098644774932 568 3 1224979098644774929 1224979098644774933 1 2133 2 1224979098644774931 1 2133 2 1224979098644774932 0 3 0 30 2 1224979098644774931 1 2105 2 1224979098644774927 1 3 0 4 0 1073741854 2 1224979098644774922 0 31 2 1224979098644774927 0 1541 3 1224979098644774934 1224979098644774921 8 4 0 30 2 1224979098644774934 0 2133 2 1224979098644774935 1 5 0 2133 2 1224979098644774935 0 3 0 4 0 31 2 144115188075856367 6 2370 1 1224979098644774916 2106 2 1224979098644774916 144115188075856385 4 0 2147483678 2 1224979098644774916 20 4 0 31 2 1224979098644774919 0 1 4 936748722493063306 1224979098644774919 1 1224979098644774935 5 0 2133 2 72057594037927936 32 3 0 5 0 1 4 936748722493063306 1224979098644774919 0 1224979098644774935 3 0 5 0 1073741855 2 144115188075856367 2 31 2 144115188075856367 3 4 0 31 2 1224979098644774919 0 2133 2 72057594037927936 0 5 0 2133 2 72057594037927936 32 3 0 5 0 1 4 936748722493063306 1224979098644774919 0 1224979098644774935 3 0 2211 1 1224979098644774936 1261 1 1224979098644774936 1265 5 72057594037927936 1224979098644774921 1 1224979098644774919 1224979098644774922 2133 2 144115188075856366 0 4 0 31 2 1224979098644774919 0 2106 2 144115188075856369 1 5 0 31 2 1224979098644774919 1 2106 2 144115188075856370 1 3 0 3 0 3 0 
3.000000 0.000000 0.000000  0  16 417 0 12 1 1224979098644774912 1707 1 1224979098644774912 1704 1 1224979098644774912 1702 1 1224979098644774912 1765 2 1224979098644774913 1224979098644774912 4 0 2147484049 1 1224979098644774913 1 2 936748722493063305 1224979098644774912 5 0 402 2 1224979098644774914 1224979098644774913 1770 2 1224979098644774915 1224979098644774912 2147483679 2 1224979098644774914 1224979098644774915 1 2 936748722493063305 1224979098644774912 3 0 3 0 
0.000000 0.000000 0.000000  0  160 417 0 1811 3 1224979098644774912 144115188075856795 0 1850 2 1 1224979098644774912 1811 3 1224979098644774913 144115188075856796 0 1850 2 2 1224979098644774913 415 1 1224979098644774914 400 1 1224979098644774915 12 1 1224979098644774916 1704 1 1224979098644774916 1702 1 1224979098644774916 2147485355 1 1224979098644774916 1714 2 1224979098644774917 1224979098644774916 31 2 1224979098644774917 -1 1756 2 1224979098644774918 1224979098644774916 1770 2 1224979098644774919 1224979098644774916 4 0 31 2 1224979098644774919 0 2133 2 1224979098644774920 1 5 0 2133 2 1224979098644774920 0 3 0 4 0 31 2 1224979098644774919 0 2133 2 1224979098644774921 1224979098644774912 2133 2 1224979098644774922 64 5 0 2133 2 1224979098644774921 1224979098644774913 2133 2 1224979098644774922 65 3 0 1710 2 3 1224979098644774916 1850 2 4 1224979098644774921 710 3 1224979098644774923 3 4 529 3 1224979098644774924 1224979098644774919 0 4 0 31 2 1224979098644774924 2 2147483678 2 1224979098644774923 100 509 3 1224979098644774919 0 0 1 3 936748722493063257 1224979098644774919 0 6 3 1224979098644774925 1 1224979098644774915 401 1 1224979098644774925 2147483679 2 1224979098644774914 1224979098644774925 396 4 1224979098644774925 71 1224979098644774919 0 3 0 1780 2 5 1224979098644774922 1855 2 1224979098644774921 5 4 0 417 0 2147485355 1 1224979098644774916 1724 2 1224979098644774926 1224979098644774916 431 2 1224979098644774927 1224979098644774926 2105 2 1224979098644774927 1 432 2 1224979098644774926 1224979098644774927 3 0 1 3 936748722493063263 5 1224979098644774916 6 3 1224979098644774925 0 1224979098644774915 401 1 1224979098644774925 2147483679 2 1224979098644774914 1224979098644774925 396 4 1224979098644774925 68 5 1224979098644774916 3 0 3 0 4 0 2147483679 2 1224979098644774918 -1 4 0 31 2 1224979098644774919 0 2133 2 1224979098644774928 1224979098644774913 2133 2 1224979098644774929 65 5 0 2133 2 1224979098644774928 1224979098644774912 2133 2 1224979098644774929 64 3 0 31 2 1224979098644774918 1224979098644774928 31 2 1224979098644774924 0 2147483678 2 1224979098644774923 100 455 2 1224979098644774930 1224979098644774919 2105 2 1224979098644774930 1 456 2 1224979098644774919 1224979098644774930 4 0 417 0 2147485355 1 1224979098644774916 1724 2 1224979098644774926 1224979098644774916 431 2 1224979098644774927 1224979098644774926 2105 2 1224979098644774927 144115188075856767 432 2 1224979098644774926 1224979098644774927 3 0 1 3 936748722493063252 1224979098644774919 1224979098644774930 6 3 1224979098644774925 1 1224979098644774915 401 1 1224979098644774925 2147483679 2 1224979098644774914 1224979098644774925 396 4 1224979098644774925 72 1224979098644774919 1224979098644774930 3 0 1757 2 1224979098644774916 -1 509 3 1224979098644774920 0 0 1 3 936748722493063256 1224979098644774916 -1 1734 2 1224979098644774916 100 6 3 1224979098644774925 1 1224979098644774915 401 1 1224979098644774925 2147483679 2 1224979098644774914 1224979098644774925 396 4 1224979098644774925 70 1224979098644774916 -1 3 0 1 3 936748722493063257 1224979098644774920 0 6 3 1224979098644774925 1 1224979098644774915 401 1 1224979098644774925 2147483679 2 1224979098644774914 1224979098644774925 396 4 1224979098644774925 71 1224979098644774920 0 3 0 1780 2 5 1224979098644774929 1855 2 1224979098644774928 5 1 3 936748722493063263 4 1224979098644774916 6 3 1224979098644774925 0 1224979098644774915 401 1 1224979098644774925 2147483679 2 1224979098644774914 1224979098644774925 396 4 1224979098644774925 68 4 1224979098644774916 3 0 3 0 31 2 1224979098644774918 -1 1710 2 3 1224979098644774916 1770 2 1224979098644774919 1224979098644774916 4 0 31 2 1224979098644774919 0 710 3 1224979098644774923 2 3 2133 2 1224979098644774928 1224979098644774913 5 0 710 3 1224979098644774923 1 3 2133 2 1224979098644774928 1224979098644774912 3 0 4 0 2147483680 2 1224979098644774923 100 2147484197 3 1224979098644774920 0 1 1757 2 1224979098644774916 1224979098644774928 1758 2 1224979098644774916 20 1759 2 1224979098644774916 50 4 0 31 2 1224979098644774919 0 2133 2 144115188075856379 0 5 0 31 2 1224979098644774919 1 2133 2 144115188075856380 0 3 0 509 3 1224979098644774920 0 1 1 3 936748722493063256 1224979098644774916 1224979098644774928 1734 2 1224979098644774916 75 6 3 1224979098644774925 1 1224979098644774915 401 1 1224979098644774925 2147483679 2 1224979098644774914 1224979098644774925 396 4 1224979098644774925 70 1224979098644774916 1224979098644774928 3 0 1 3 936748722493063257 1224979098644774920 1 6 3 1224979098644774925 1 1224979098644774915 401 1 1224979098644774925 2147483679 2 1224979098644774914 1224979098644774925 396 4 1224979098644774925 71 1224979098644774920 1 3 0 1 3 936748722493063263 6 1224979098644774916 6 3 1224979098644774925 0 1224979098644774915 401 1 1224979098644774925 2147483679 2 1224979098644774914 1224979098644774925 396 4 1224979098644774925 68 6 1224979098644774916 3 0 3 0 3 0 
20.000000 0.000000 0.000000  0  2 417 0 1 1 936748722493063211 
1.000000 0.000000 0.000000  0  68 417 0 2133 2 1224979098644774912 0 4 0 1073741855 2 144115188075856367 2 1073741855 2 144115188075856367 3 31 2 144115188075856367 6 4 0 31 2 144115188075856384 1 2370 1 1224979098644774913 2106 2 1224979098644774913 144115188075856389 2121 3 1224979098644774914 144115188075856760 1 30 2 1224979098644774913 1224979098644774914 2370 1 1224979098644774915 4 0 1073741855 2 144115188075856367 2 31 2 144115188075856367 3 2133 2 1224979098644774916 90 5 0 2133 2 1224979098644774916 120 3 0 2122 3 1224979098644774917 144115188075856762 60 2121 3 1224979098644774918 1224979098644774917 1224979098644774916 32 2 1224979098644774915 1224979098644774918 2133 2 1224979098644774912 1 3 0 31 2 1224979098644774912 1 5 0 2147483679 2 144115188075856367 2 2147483679 2 144115188075856367 3 2147483679 2 144115188075856367 6 2147483679 2 144115188075856367 5 2370 1 1224979098644774915 2122 3 1224979098644774917 144115188075856762 60 32 2 1224979098644774915 1224979098644774917 2133 2 1224979098644774912 1 5 0 455 2 1224979098644774919 0 455 2 1224979098644774920 1 4 0 2147483679 2 144115188075856367 5 4 0 1073741854 2 1224979098644774919 144115188075856763 30 2 1224979098644774920 144115188075856763 2133 2 1224979098644774912 1 3 0 5 0 2133 2 1224979098644774921 0 400 1 1224979098644774922 6 3 1224979098644774923 0 1224979098644774922 401 1 1224979098644774923 406 2 1224979098644774924 1224979098644774923 30 2 1224979098644774924 0 2147485355 1 1224979098644774924 2133 2 1224979098644774921 1 2133 2 1224979098644774922 0 3 0 31 2 1224979098644774921 1 3221225504 2 1224979098644774919 0 2147483680 2 1224979098644774920 0 2133 2 1224979098644774912 1 3 0 3 0 4 0 31 2 1224979098644774912 1 1 2 936748722493063279 144115188075856367 470 3 72057594037927936 144115188075856466 0 1 1 936748722493063174 3 0 
-21.000000 0.000000 0.000000  0  5 4 0 31 2 144115188075856368 0 2133 2 144115188075856371 1 900 1 1513209474796486673 3 0 
0.000000 0.000000 100000000.000000  0  1 900 1 1513209474796486660 
-24.000000 0.000000 0.000000  0  2 900 1 1513209474796486668 900 1 1513209474796486669 
-23.000000 0.000000 0.000000  0  4 2147484551 1 1513209474796486675 2147484551 1 1513209474796486673 31 2 144115188075856383 0 900 1 1513209474796486675 


mst_multiplayer_sg multiplayer_sg 2  -1
You_lead_your_men_to_battle. 

64 0 528400 0 16 1 0  
1 528400 0 16 1 0  
2 16 0 16 1 0  
3 16 0 16 1 0  
4 16 0 16 1 0  
5 16 0 16 1 0  
6 16 0 16 1 0  
7 16 0 16 1 0  
8 16 0 16 1 0  
9 16 0 16 1 0  
10 16 0 16 1 0  
11 16 0 16 1 0  
12 16 0 16 1 0  
13 16 0 16 1 0  
14 16 0 16 1 0  
15 16 0 16 1 0  
16 16 0 16 1 0  
17 16 0 16 1 0  
18 16 0 16 1 0  
19 16 0 16 1 0  
20 16 0 16 1 0  
21 16 0 16 1 0  
22 16 0 16 1 0  
23 16 0 16 1 0  
24 16 0 16 1 0  
25 16 0 16 1 0  
26 16 0 16 1 0  
27 16 0 16 1 0  
28 16 0 16 1 0  
29 16 0 16 1 0  
30 16 0 16 1 0  
31 16 0 16 1 0  
32 532496 0 16 1 0  
33 532496 0 16 1 0  
34 16 0 16 1 0  
35 16 0 16 1 0  
36 16 0 16 1 0  
37 16 0 16 1 0  
38 16 0 16 1 0  
39 16 0 16 1 0  
40 16 0 16 1 0  
41 16 0 16 1 0  
42 16 0 16 1 0  
43 16 0 16 1 0  
44 16 0 16 1 0  
45 16 0 16 1 0  
46 16 0 16 1 0  
47 16 0 16 1 0  
48 16 0 16 1 0  
49 16 0 16 1 0  
50 16 0 16 1 0  
51 16 0 16 1 0  
52 16 0 16 1 0  
53 16 0 16 1 0  
54 16 0 16 1 0  
55 16 0 16 1 0  
56 16 0 16 1 0  
57 16 0 16 1 0  
58 16 0 16 1 0  
59 16 0 16 1 0  
60 16 0 16 1 0  
61 16 0 16 1 0  
62 16 0 16 1 0  
63 16 0 16 1 0  
24
0.000000 0.000000 0.000000  0  232 417 0 2124 1 100 6 3 1224979098644774912 0 2 4 0 31 2 1224979098644774912 0 2133 2 1224979098644774913 1080863910568919713 5 0 2133 2 1224979098644774913 1080863910568919714 3 0 1810 2 1224979098644774914 1224979098644774913 6 3 1224979098644774915 0 1224979098644774914 1811 3 1224979098644774916 1224979098644774913 1224979098644774915 1850 2 1 1224979098644774916 1851 2 11 1224979098644774916 2120 3 1224979098644774917 11 1224979098644774915 4 0 31 2 1224979098644774912 1 1810 2 1224979098644774918 1080863910568919713 2105 2 1224979098644774917 1224979098644774918 3 0 2107 2 1224979098644774917 10 2120 3 1224979098644774919 1224979098644774917 10 6 3 1224979098644774920 1224979098644774917 1224979098644774919 1782 1 1224979098644774920 2133 2 1224979098644774919 1224979098644774920 3 0 2133 2 1224979098644774921 1224979098644774919 2106 2 1224979098644774919 1 2133 2 72057594037927936 1224979098644774919 2147485430 1 1224979098644774919 4 0 712 3 1224979098644774922 1 11 30 2 1224979098644774922 4 2133 2 1224979098644774923 -1 2133 2 1224979098644774924 -1 6 3 1224979098644774920 1224979098644774917 1224979098644774921 1780 2 4 1224979098644774920 712 3 1224979098644774925 11 4 2147483678 2 1224979098644774925 1224979098644774922 32 2 1224979098644774925 1224979098644774923 2133 2 1224979098644774923 1224979098644774925 2133 2 1224979098644774924 1224979098644774920 3 0 4 0 30 2 1224979098644774924 0 1780 2 5 1224979098644774924 5 0 700 2 5 11 3 0 710 3 1224979098644774926 1 5 4 0 31 2 1224979098644774912 0 1811 3 1224979098644774927 1080863910568919717 1224979098644774915 1811 3 1224979098644774928 1080863910568919718 1224979098644774915 5 0 1811 3 1224979098644774927 1080863910568919715 1224979098644774915 3 0 2122 3 1224979098644774929 1224979098644774915 3 4 0 31 2 1224979098644774913 1080863910568919714 1810 2 1224979098644774918 1080863910568919713 2122 3 1224979098644774930 1224979098644774918 3 2105 2 1224979098644774929 1224979098644774930 3 0 1811 3 1224979098644774931 1080863910568919720 1224979098644774929 2105 2 1224979098644774929 1 1811 3 1224979098644774932 1080863910568919720 1224979098644774929 2105 2 1224979098644774929 1 1811 3 1224979098644774933 1080863910568919720 1224979098644774929 701 1 17 721 2 17 -225 716 3 18 1 17 721 2 17 -225 716 3 19 1 17 2133 2 1224979098644774934 0 400 1 1224979098644774935 6 3 1224979098644774936 0 1224979098644774935 401 1 1224979098644774936 406 2 1224979098644774937 1224979098644774936 30 2 1224979098644774937 0 1770 2 1224979098644774938 1224979098644774937 31 2 1224979098644774938 1 1714 2 1224979098644774939 1224979098644774937 31 2 1224979098644774939 -1 1710 2 2 1224979098644774937 713 3 1224979098644774940 18 2 2147483678 2 1224979098644774940 36 2147485449 2 1224979098644774916 1224979098644774937 2147485449 2 1224979098644774927 1224979098644774937 1073741855 2 1224979098644774912 1 2147485449 2 1224979098644774928 1224979098644774937 2147485449 2 1224979098644774931 1224979098644774937 2147485449 2 1224979098644774932 1224979098644774937 2147485449 2 1224979098644774933 1224979098644774937 2147484362 2 2 19 714 2 2 1 2105 2 1224979098644774934 1 3 0 2110 2 1224979098644774934 16 4 0 530 3 1224979098644774941 1224979098644774916 3 530 3 1224979098644774942 1224979098644774916 4 3221225503 2 1224979098644774941 1224979098644774934 2147483679 2 1224979098644774942 1224979098644774924 4 0 31 2 1224979098644774942 1224979098644774924 1862 2 1224979098644774943 1224979098644774916 31 2 1224979098644774943 1 2122 3 1224979098644774944 144115188075856381 100 2125 2 1224979098644774944 1224979098644774944 2110 2 1224979098644774944 300 2133 2 1224979098644774945 1224979098644774926 2107 2 1224979098644774945 1224979098644774944 2108 2 1224979098644774945 100 2107 2 1224979098644774945 4 3 0 4 0 30 2 1224979098644774924 0 701 1 9 730 2 9 -500 729 2 9 -300 716 3 10 5 9 792 2 1224979098644774946 10 701 1 9 730 2 9 -500 729 2 9 300 716 3 10 5 9 792 2 1224979098644774947 10 2120 3 1224979098644774948 1224979098644774946 1224979098644774947 2107 2 1224979098644774948 100 2123 3 1224979098644774949 1224979098644774948 24 701 1 20 738 2 20 1224979098644774949 716 3 23 5 20 701 1 9 729 2 9 -300 716 3 10 5 9 792 2 1224979098644774950 10 701 1 9 729 2 9 300 716 3 10 5 9 792 2 1224979098644774951 10 2121 3 1224979098644774946 1224979098644774950 1224979098644774951 701 1 9 729 2 9 -300 730 2 9 -500 716 3 10 5 9 792 2 1224979098644774950 10 701 1 9 729 2 9 300 730 2 9 -500 716 3 10 5 9 792 2 1224979098644774951 10 2121 3 1224979098644774947 1224979098644774950 1224979098644774951 2120 3 1224979098644774948 1224979098644774946 1224979098644774947 2107 2 1224979098644774948 100 2123 3 1224979098644774949 1224979098644774948 24 2107 2 1224979098644774949 -1 701 1 20 739 2 20 1224979098644774949 716 3 22 23 20 5 0 700 2 22 5 3 0 4 0 30 2 1224979098644774934 1 2122 3 1224979098644774944 1224979098644774934 100 2125 2 1224979098644774944 1224979098644774944 2110 2 1224979098644774944 300 2107 2 1224979098644774926 100 2107 2 1224979098644774926 3 2108 2 1224979098644774926 1224979098644774944 1850 2 6 1224979098644774927 717 3 7 1 6 716 3 8 22 7 1860 3 1224979098644774927 8 1224979098644774926 4 0 31 2 1224979098644774912 0 1850 2 6 1224979098644774928 717 3 7 1 6 716 3 8 22 7 1860 3 1224979098644774928 8 1224979098644774926 3 0 2122 3 1224979098644774952 1224979098644774926 -25 2133 2 144115188075856381 1224979098644774934 1850 2 13 1224979098644774931 1850 2 20 1224979098644774916 717 3 7 20 13 716 3 21 22 7 1865 4 1224979098644774931 21 1224979098644774926 1224979098644774952 1850 2 13 1224979098644774932 1850 2 20 1224979098644774916 717 3 7 20 13 716 3 21 22 7 1865 4 1224979098644774932 21 1224979098644774926 1224979098644774952 1850 2 13 1224979098644774933 1850 2 20 1224979098644774916 717 3 7 20 13 716 3 21 22 7 1865 4 1224979098644774933 21 1224979098644774926 1224979098644774952 1860 3 1224979098644774916 22 1224979098644774926 5 0 1862 2 1224979098644774943 1224979098644774916 31 2 1224979098644774943 1 1861 1 1224979098644774927 4 0 31 2 1224979098644774912 0 1861 1 1224979098644774928 3 0 1861 1 1224979098644774931 1861 1 1224979098644774932 1861 1 1224979098644774933 1861 1 1224979098644774916 3 0 510 3 1224979098644774916 3 1224979098644774934 510 3 1224979098644774916 4 1224979098644774924 3 0 5 0 2147483680 2 1224979098644774922 4 550 3 1224979098644774916 5 0 510 3 1224979098644774916 5 1 4 0 31 2 1224979098644774912 0 1811 3 1224979098644774927 1080863910568919717 1224979098644774915 5 0 1811 3 1224979098644774927 1080863910568919715 1224979098644774915 3 0 1851 2 0 1224979098644774927 1860 3 1224979098644774927 0 400 3 0 3 0 3 0 
-25.000000 0.000000 0.000000  0  3 2071 1 1224979098644774912 1718 2 1224979098644774913 1224979098644774912 1 4 936748722493063611 1729382256910270468 1224979098644774912 1224979098644774913 
1.000000 5.000000 0.000000  8 417 0 31 2 144115188075856365 1 31 2 144115188075856800 0 2370 1 1224979098644774912 2120 3 1224979098644774913 144115188075856803 144115188075856802 1073741855 2 1224979098644774913 144115188075856801 32 2 1224979098644774912 144115188075856808 1 1 936748722493063271  8 2133 2 144115188075856365 0 4 0 1073741855 2 144115188075856804 0 31 2 144115188075856804 3 1 2 936748722493063279 144115188075856367 470 3 72057594037927936 144115188075856805 1 1 1 936748722493063174 3 0 
-15.000000 0.000000 0.000000  0  26 2071 1 1224979098644774912 1 2 936748722493063246 1224979098644774912 4 0 417 0 1073742225 1 1224979098644774912 31 2 1224979098644774912 0 2370 1 1224979098644774913 2106 2 1224979098644774913 144115188075856385 4 0 2147483678 2 1224979098644774913 25 2133 2 1224979098644774914 0 5 0 2147483678 2 1224979098644774913 60 2133 2 1224979098644774914 1 5 0 2147483678 2 1224979098644774913 105 2133 2 1224979098644774914 2 5 0 2147483678 2 1224979098644774913 160 2133 2 1224979098644774914 3 5 0 2133 2 1224979098644774914 144115188075856772 3 0 508 3 1224979098644774912 39 1224979098644774914 395 3 1224979098644774912 89 1224979098644774914 3 0 
-19.000000 0.000000 0.000000  0  23 2133 2 144115188075856367 6 1 1 936748722493063247 4 0 417 0 6 3 1224979098644774912 176 186 500 3 360287970189641341 1224979098644774912 -1 3 0 2133 2 144115188075856382 0 5 0 2133 2 144115188075856382 0 3 0 2133 2 144115188075856383 0 2133 2 144115188075856384 0 4 0 417 0 2133 2 144115188075856385 0 3 0 2133 2 144115188075856386 -1 2133 2 144115188075856387 0 1 1 936748722493063285 1 1 936748722493063290 1 1 936748722493063289 1 1 936748722493063288 
-20.000000 0.000000 0.000000  0  56 1 2 936748722493063237 0 426 2 0 -1 426 2 1 -1 1 1 936748722493063234 1 1 936748722493063250 2133 2 144115188075856374 0 4 0 417 0 2133 2 144115188075856366 1 1780 2 1 66 1970 1 1 1974 2 1080863910568919943 0 722 2 1 900 1970 1 1 1974 2 144115188075856795 0 2120 3 1224979098644774912 146 144115188075856374 500 3 360287970189641341 1224979098644774912 1 3 0 2105 2 144115188075856374 1 4 0 417 0 1810 2 1224979098644774913 1080863910568919713 6 3 1224979098644774914 0 1224979098644774913 1811 3 1224979098644774915 1080863910568919713 1224979098644774914 510 3 1224979098644774915 5 1 3 0 1810 2 1224979098644774913 1080863910568919714 6 3 1224979098644774914 0 1224979098644774913 1811 3 1224979098644774915 1080863910568919714 1224979098644774914 510 3 1224979098644774915 5 1 3 0 1 2 936748722493063251 1080863910568919713 1 2 936748722493063251 1080863910568919714 1810 2 1224979098644774913 1080863910568919713 6 3 1224979098644774914 0 1224979098644774913 1811 3 1224979098644774915 1080863910568919713 1224979098644774914 510 3 1224979098644774915 3 0 510 3 1224979098644774915 4 0 3 0 1810 2 1224979098644774913 1080863910568919714 6 3 1224979098644774914 0 1224979098644774913 1811 3 1224979098644774915 1080863910568919714 1224979098644774914 510 3 1224979098644774915 3 0 510 3 1224979098644774915 4 0 3 0 1810 2 1224979098644774913 1080863910568919713 6 3 1224979098644774914 0 1224979098644774913 1811 3 1224979098644774915 1080863910568919713 1224979098644774914 510 3 1224979098644774915 5 0 3 0 1810 2 1224979098644774913 1080863910568919714 6 3 1224979098644774914 0 1224979098644774913 1811 3 1224979098644774915 1080863910568919714 1224979098644774914 510 3 1224979098644774915 5 0 3 0 3 0 
-25.000000 0.000000 0.000000  0  37 2071 1 1224979098644774912 1 2 936748722493063245 1224979098644774912 4 0 2147483678 2 144115188075856386 0 415 1 1224979098644774913 30 2 1224979098644774913 0 406 2 1224979098644774914 1224979098644774913 31 2 1224979098644774914 1224979098644774912 30 2 1224979098644774914 0 1770 2 144115188075856386 1224979098644774914 3 0 4 0 2147484065 0 4 0 31 2 144115188075856384 1 2133 2 144115188075856384 0 2133 2 144115188075856382 0 1 1 936748722493063234 1 1 936748722493063285 1 1 936748722493063262 3 0 3 0 4 0 415 1 1224979098644774913 30 2 1224979098644774913 0 406 2 1224979098644774914 1224979098644774913 31 2 1224979098644774914 1224979098644774912 2105 2 144115188075856382 1 4 0 30 2 144115188075856382 144115188075856772 32 2 144115188075856772 0 415 1 1224979098644774913 402 2 1224979098644774915 1224979098644774913 31 2 1224979098644774915 0 2133 2 144115188075856382 999 3 0 3 0 
-26.000000 0.000000 0.000000  0  18 2071 1 1224979098644774912 2072 1 1224979098644774913 1 3 936748722493063248 1224979098644774912 1224979098644774913 4 0 2147483678 2 144115188075856386 0 415 1 1224979098644774914 30 2 1224979098644774914 0 406 2 1224979098644774915 1224979098644774914 30 2 1224979098644774915 0 1770 2 144115188075856386 1224979098644774915 3 0 4 0 417 0 1704 1 1224979098644774912 2147485355 1 1224979098644774912 1724 2 1224979098644774916 1224979098644774912 508 3 1224979098644774916 0 0 3 0 
-16.000000 0.000000 0.000000  0  3 1 1 936748722493063291 2133 2 144115188075856371 0 900 1 1513209474796486673 
0.000000 0.000000 0.000000  0  88 417 0 31 2 144115188075856384 0 6 3 1224979098644774912 0 144115188075856374 2120 3 1224979098644774913 156 1224979098644774912 520 3 1224979098644774914 360287970189641341 1224979098644774913 2123 3 1224979098644774915 1224979098644774914 100 2119 3 1224979098644774916 1224979098644774914 100 2133 2 1224979098644774917 0 2133 2 1224979098644774918 0 1811 3 1224979098644774919 1080863910568919943 1224979098644774912 1850 2 0 1224979098644774919 400 1 1224979098644774920 6 3 1224979098644774921 0 1224979098644774920 401 1 1224979098644774921 406 2 1224979098644774922 1224979098644774921 30 2 1224979098644774922 0 1702 1 1224979098644774922 1770 2 1224979098644774923 1224979098644774922 1710 2 1 1224979098644774922 712 3 1224979098644774924 0 1 715 3 1224979098644774925 0 1 2105 2 1224979098644774924 1224979098644774925 2147483678 2 1224979098644774924 1600 4 0 31 2 1224979098644774923 0 2105 2 1224979098644774917 1 5 0 31 2 1224979098644774923 1 2105 2 1224979098644774918 1 3 0 3 0 4 0 3221225503 2 1224979098644774915 1224979098644774917 2147483679 2 1224979098644774916 1224979098644774918 2120 3 1224979098644774926 176 1224979098644774912 520 3 1224979098644774927 360287970189641341 1224979098644774926 2119 3 1224979098644774928 1224979098644774927 100 2123 3 1224979098644774929 1224979098644774927 100 4 0 31 2 1224979098644774916 0 32 2 1224979098644774918 0 31 2 1224979098644774917 0 2133 2 1224979098644774930 2 2122 3 1224979098644774931 1224979098644774930 100 500 3 360287970189641341 1224979098644774926 1224979098644774931 3221225503 2 1224979098644774929 1224979098644774930 30 2 1224979098644774928 25 2122 3 1224979098644774932 1224979098644774930 100 2105 2 1224979098644774932 1224979098644774912 3 0 4 0 2122 3 1224979098644774914 1224979098644774917 100 2105 2 1224979098644774914 1224979098644774918 500 3 360287970189641341 1224979098644774913 1224979098644774914 400 1 1224979098644774920 1 3 936748722493063242 1224979098644774912 1224979098644774914 6 3 1224979098644774921 1 1224979098644774920 401 1 1224979098644774921 396 4 1224979098644774921 73 1224979098644774912 1224979098644774914 3 0 3 0 3 0 3 0 6 3 1224979098644774912 0 144115188075856374 31 2 144115188075856384 0 31 2 144115188075856387 0 1811 3 1224979098644774919 1080863910568919943 1224979098644774912 1850 2 0 1224979098644774919 4 0 1811 3 1224979098644774933 144115188075856795 1224979098644774912 1850 2 1 1224979098644774933 4 0 712 3 1224979098644774924 0 1 2147483678 2 1224979098644774924 400 1862 2 1224979098644774934 1224979098644774933 31 2 1224979098644774934 1 2133 2 144115188075856388 1 1861 1 1224979098644774933 400 1 1224979098644774920 1 2 936748722493063265 144115188075856388 6 3 1224979098644774921 1 1224979098644774920 401 1 1224979098644774921 395 3 1224979098644774921 69 144115188075856388 3 0 2133 2 144115188075856387 1 3 0 3 0 3 0 
0.000000 0.000000 0.000000  0  22 2133 2 1224979098644774912 144115188075856770 2133 2 1224979098644774913 144115188075856771 400 1 1224979098644774914 6 3 1224979098644774915 0 1224979098644774914 401 1 1224979098644774915 402 2 1224979098644774916 1224979098644774915 4 0 31 2 1224979098644774916 0 2105 2 1224979098644774912 1 5 0 31 2 1224979098644774916 1 2105 2 1224979098644774913 1 3 0 3 0 4 0 1073741855 2 1224979098644774912 0 31 2 1224979098644774913 0 2370 1 1224979098644774917 2106 2 1224979098644774917 144115188075856385 2147483680 2 1224979098644774917 2 2370 1 144115188075856385 3 0 
1.000000 0.000000 0.000000  6 417 0 31 2 144115188075856384 0 31 2 144115188075856387 0 2370 1 1224979098644774912 2121 3 1224979098644774913 1224979098644774912 144115188075856385 30 2 1224979098644774913 144115188075856761  17 2133 2 1224979098644774912 0 2120 3 1224979098644774913 156 1224979098644774912 520 3 1224979098644774914 360287970189641341 1224979098644774913 2119 3 1224979098644774915 1224979098644774914 100 4 0 31 2 1224979098644774915 0 2370 1 144115188075856389 2133 2 144115188075856384 1 2133 2 144115188075856387 1 2133 2 144115188075856388 0 400 1 1224979098644774916 1 2 936748722493063265 144115188075856388 6 3 1224979098644774917 1 1224979098644774916 401 1 1224979098644774917 395 3 1224979098644774917 69 144115188075856388 3 0 3 0 
1.000000 0.000000 0.000000  0  12 417 0 6 3 1224979098644774912 0 144115188075856374 2120 3 1224979098644774913 176 1224979098644774912 520 3 1224979098644774914 360287970189641341 1224979098644774913 2119 3 1224979098644774915 1224979098644774914 100 4 0 30 2 1224979098644774914 100 2147483678 2 1224979098644774915 25 2105 2 1224979098644774914 1 500 3 360287970189641341 1224979098644774913 1224979098644774914 3 0 3 0 
10.000000 0.000000 0.000000  1 417 0  40 2133 2 1224979098644774912 0 2133 2 1224979098644774913 0 400 1 1224979098644774914 6 3 1224979098644774915 0 1224979098644774914 401 1 1224979098644774915 402 2 1224979098644774916 1224979098644774915 4 0 31 2 1224979098644774916 0 2105 2 1224979098644774912 1 5 0 31 2 1224979098644774916 1 2105 2 1224979098644774913 1 3 0 3 0 2121 3 1224979098644774917 1224979098644774912 1224979098644774913 2133 2 1224979098644774918 0 4 0 4 0 2122 3 1224979098644774919 144115188075856779 -1 2147483680 2 1224979098644774917 1224979098644774919 2123 3 1224979098644774918 1224979098644774917 -2 5 0 30 2 1224979098644774917 144115188075856779 2123 3 1224979098644774918 1224979098644774917 2 3 0 3 0 4 0 32 2 1224979098644774918 0 4 0 31 2 144115188075856390 0 2133 2 144115188075856390 1 1 3 936748722493063263 3 0 400 1 1224979098644774914 6 3 1224979098644774920 1 1224979098644774914 401 1 1224979098644774920 395 3 1224979098644774920 68 3 3 0 1 1 936748722493063210 3 0 3 0 
1.000000 0.000000 3.000000  5 417 0 31 2 144115188075856384 1 2370 1 1224979098644774912 2106 2 1224979098644774912 144115188075856389 30 2 1224979098644774912 144115188075856760  177 2133 2 1224979098644774912 0 2133 2 1224979098644774913 0 400 1 1224979098644774914 6 3 1224979098644774915 0 1224979098644774914 401 1 1224979098644774915 402 2 1224979098644774916 1224979098644774915 4 0 31 2 1224979098644774916 0 2105 2 1224979098644774912 1 5 0 31 2 1224979098644774916 1 2105 2 1224979098644774913 1 3 0 3 0 2121 3 1224979098644774917 1224979098644774912 1224979098644774913 2133 2 1224979098644774918 0 4 0 4 0 2122 3 1224979098644774919 144115188075856779 -1 2147483680 2 1224979098644774917 1224979098644774919 2123 3 1224979098644774918 1224979098644774917 -2 2133 2 1224979098644774920 1 2133 2 1224979098644774921 0 5 0 30 2 1224979098644774917 144115188075856779 2123 3 1224979098644774918 1224979098644774917 2 2133 2 1224979098644774920 0 2133 2 1224979098644774921 1 3 0 3 0 4 0 32 2 1224979098644774918 0 4 0 6 3 1224979098644774922 0 1224979098644774918 2133 2 1224979098644774923 0 2133 2 1224979098644774924 -1 400 1 1224979098644774914 6 3 1224979098644774925 0 1224979098644774914 401 1 1224979098644774925 402 2 1224979098644774916 1224979098644774925 31 2 1224979098644774916 1224979098644774920 528 3 1224979098644774926 1224979098644774925 21 4 0 32 2 1224979098644774926 1224979098644774923 2133 2 1224979098644774923 1224979098644774926 2133 2 1224979098644774924 1224979098644774925 3 0 3 0 4 0 30 2 1224979098644774924 0 4 0 406 2 1224979098644774927 1224979098644774924 30 2 1224979098644774927 0 1702 1 1224979098644774927 433 2 1224979098644774928 1224979098644774924 2105 2 1224979098644774928 1 434 2 1224979098644774924 1224979098644774928 435 2 1224979098644774929 1224979098644774924 2106 2 1224979098644774929 1 436 2 1224979098644774924 1224979098644774929 431 2 1224979098644774930 1224979098644774924 2105 2 1224979098644774930 1 432 2 1224979098644774924 1224979098644774930 6 3 1224979098644774925 1 1224979098644774914 401 1 1224979098644774925 398 6 1224979098644774925 86 1224979098644774924 1224979098644774930 1224979098644774928 1224979098644774929 3 0 460 2 1224979098644774931 1224979098644774924 407 2 1224979098644774932 1224979098644774924 2105 2 1224979098644774932 1224979098644774931 408 3 1224979098644774924 1224979098644774932 15000 3 0 405 2 1224979098644774924 -1 403 2 1224979098644774924 1224979098644774921 394 2 1224979098644774924 79 3 0 3 0 1 3 936748722493063263 2 0 415 1 1224979098644774933 400 1 1224979098644774914 6 3 1224979098644774925 0 1224979098644774914 401 1 1224979098644774925 2147483679 2 1224979098644774933 1224979098644774925 395 3 1224979098644774925 68 2 3 0 2133 2 144115188075856390 0 3 0 3 0 2133 2 144115188075856390 0 400 1 1224979098644774914 6 3 1224979098644774925 0 1224979098644774914 401 1 1224979098644774925 508 3 1224979098644774925 0 0 508 3 1224979098644774925 25 0 406 2 1224979098644774934 1224979098644774925 30 2 1224979098644774934 0 1702 1 1224979098644774934 459 1 1224979098644774925 460 2 1224979098644774931 1224979098644774925 508 3 1224979098644774925 1 1224979098644774931 3 0 2133 2 1224979098644774935 500 2107 2 1224979098644774935 144115188075856785 2108 2 1224979098644774935 100 400 1 1224979098644774914 6 3 1224979098644774925 0 1224979098644774914 401 1 1224979098644774925 407 2 1224979098644774932 1224979098644774925 402 2 1224979098644774916 1224979098644774925 4 0 1073741855 2 1224979098644774916 0 31 2 1224979098644774916 1 2105 2 1224979098644774932 1224979098644774935 3 0 4 0 528 3 1224979098644774931 1224979098644774925 1 2120 3 1224979098644774936 1224979098644774932 1224979098644774931 2122 3 1224979098644774937 144115188075856783 10 2147483678 2 1224979098644774936 1224979098644774937 2121 3 1224979098644774938 1224979098644774937 1224979098644774936 2105 2 1224979098644774932 1224979098644774938 3 0 408 3 1224979098644774925 1224979098644774932 15000 3 0 2133 2 144115188075856386 -1 416 0 2133 2 144115188075856382 0 400 1 1224979098644774914 6 3 1224979098644774925 0 1224979098644774914 401 1 1224979098644774925 508 3 1224979098644774925 39 0 3 0 1 1 936748722493063261 1 1 936748722493063285 1 1 936748722493063249 1 1 936748722493063250 1 2 936748722493063251 1080863910568919713 1 2 936748722493063251 1080863910568919714 1810 2 1224979098644774939 1080863910568919713 6 3 1224979098644774940 0 1224979098644774939 1811 3 1224979098644774941 1080863910568919713 1224979098644774940 510 3 1224979098644774941 3 0 510 3 1224979098644774941 4 0 3 0 1810 2 1224979098644774939 1080863910568919713 6 3 1224979098644774940 0 1224979098644774939 1811 3 1224979098644774941 1080863910568919713 1224979098644774940 510 3 1224979098644774941 5 0 3 0 1810 2 1224979098644774939 1080863910568919714 6 3 1224979098644774940 0 1224979098644774939 1811 3 1224979098644774941 1080863910568919714 1224979098644774940 510 3 1224979098644774941 3 0 510 3 1224979098644774941 4 0 3 0 1810 2 1224979098644774939 1080863910568919714 6 3 1224979098644774940 0 1224979098644774939 1811 3 1224979098644774941 1080863910568919714 1224979098644774940 510 3 1224979098644774941 5 0 3 0 6 3 1224979098644774942 0 144115188075856374 1811 3 1224979098644774943 1080863910568919943 1224979098644774942 1850 2 1 1224979098644774943 722 2 1 900 1811 3 1224979098644774944 144115188075856795 1224979098644774942 1861 1 1224979098644774944 1855 2 1224979098644774944 1 3 0 2133 2 144115188075856384 0 2370 1 144115188075856385 1 1 936748722493063234 400 1 1224979098644774914 6 3 1224979098644774925 0 1224979098644774914 401 1 1224979098644774925 395 3 1224979098644774925 78 -9999 3 0 2133 2 144115188075856387 0 
1.000000 0.000000 0.000000  0  114 417 0 400 1 1224979098644774912 6 3 1224979098644774913 0 1224979098644774912 401 1 1224979098644774913 2147484086 1 1224979098644774913 548 3 1224979098644774913 0 0 402 2 1224979098644774914 1224979098644774913 2147483678 2 1224979098644774914 2 404 2 1224979098644774915 1224979098644774913 30 2 1224979098644774915 0 406 2 1224979098644774916 1224979098644774913 2133 2 1224979098644774917 0 2133 2 1224979098644774918 0 2133 2 1224979098644774919 0 4 0 2133 2 1224979098644774920 0 400 1 1224979098644774912 6 3 1224979098644774921 0 1224979098644774912 401 1 1224979098644774921 402 2 1224979098644774922 1224979098644774921 4 0 31 2 1224979098644774922 0 2105 2 1224979098644774918 1 5 0 31 2 1224979098644774922 1 2105 2 1224979098644774919 1 3 0 2105 2 1224979098644774920 1 3 0 2370 1 1224979098644774923 2106 2 1224979098644774923 144115188075856385 31 2 144115188075856384 0 4 0 2147483678 2 1224979098644774916 0 4 0 31 2 1224979098644774914 0 528 3 1224979098644774924 1224979098644774913 28 2370 1 1224979098644774925 2121 3 1224979098644774926 1224979098644774925 1224979098644774924 2133 2 1224979098644774927 144115188075856760 2105 2 1224979098644774927 27 2147483678 2 1224979098644774926 1224979098644774927 2121 3 1224979098644774923 1224979098644774925 144115188075856385 30 2 1224979098644774923 30 32 2 1224979098644774920 2 2122 3 1224979098644774928 1224979098644774918 1224979098644774919 2147483679 2 1224979098644774928 0 2133 2 1224979098644774917 0 5 0 2133 2 1224979098644774917 1 3 0 5 0 1760 2 1224979098644774926 1224979098644774916 2133 2 1224979098644774927 144115188075856760 4 0 31 2 1224979098644774914 0 2105 2 1224979098644774927 27 3 0 1073741856 2 1224979098644774926 1224979098644774927 548 3 1224979098644774913 25 0 2133 2 1224979098644774917 1 3 0 3 0 528 3 1224979098644774929 1224979098644774913 39 4 0 32 2 144115188075856772 0 4 0 31 2 1224979098644774917 1 31 2 1224979098644774914 0 30 2 1224979098644774929 144115188075856772 2133 2 1224979098644774917 0 5 0 31 2 1224979098644774917 1 31 2 1224979098644774914 1 30 2 1224979098644774929 999 2133 2 1224979098644774917 0 3 0 3 0 31 2 1224979098644774917 1 1 2 936748722493063308 1224979098644774913 528 3 1224979098644774929 1224979098644774913 39 2105 2 1224979098644774929 1 508 3 1224979098644774913 39 1224979098644774929 4 0 30 2 1224979098644774929 144115188075856772 32 2 144115188075856772 0 31 2 1224979098644774914 0 2133 2 1224979098644774929 999 508 3 1224979098644774913 39 1224979098644774929 3 0 2133 2 1224979098644774930 0 422 3 1224979098644774931 1224979098644774913 8 4 0 33 3 1224979098644774931 288230376151711899 288230376151711952 2133 2 1224979098644774930 1 3 0 4 0 2147483678 2 1224979098644774923 20 4 0 31 2 1224979098644774914 0 1 4 936748722493063306 1224979098644774914 1 1224979098644774930 2133 2 1224979098644774932 72057594037927936 5 0 31 2 1224979098644774914 1 2133 2 1224979098644774932 32 3 0 5 0 1 4 936748722493063306 1224979098644774914 0 1224979098644774930 2133 2 1224979098644774932 72057594037927936 3 0 409 2 1224979098644774913 1224979098644774932 508 3 1224979098644774913 0 1 508 3 1224979098644774913 25 1 3 0 
1.000000 0.000000 0.000000  0  31 417 0 2370 1 1224979098644774912 30 2 1224979098644774912 2 2133 2 1224979098644774913 0 2133 2 1224979098644774914 0 12 1 1224979098644774915 1707 1 1224979098644774915 1704 1 1224979098644774915 2133 2 1224979098644774916 0 4 0 1702 1 1224979098644774915 2133 2 1224979098644774916 1 5 0 1760 2 1224979098644774917 1224979098644774915 2147483680 2 1224979098644774917 144115188075856760 2133 2 1224979098644774916 1 3 0 31 2 1224979098644774916 1 1770 2 1224979098644774918 1224979098644774915 4 0 31 2 1224979098644774918 0 2105 2 1224979098644774913 1 5 0 31 2 1224979098644774918 1 2105 2 1224979098644774914 1 3 0 3 0 2121 3 144115188075856369 144115188075856770 1224979098644774913 2121 3 144115188075856370 144115188075856771 1224979098644774914 2111 2 144115188075856369 0 2111 2 144115188075856370 0 
0.000000 0.000000 0.000000  0  119 417 0 31 2 144115188075856366 1 2120 3 1224979098644774912 144115188075856369 144115188075856370 4 0 32 2 1224979098644774912 0 4 0 1073741855 2 144115188075856367 2 1073741855 2 144115188075856367 3 31 2 144115188075856367 6 455 2 1224979098644774913 0 455 2 1224979098644774914 1 2120 3 1224979098644774915 1224979098644774913 1224979098644774914 31 2 1224979098644774915 0 2370 1 1224979098644774916 2106 2 1224979098644774916 144115188075856385 2147483678 2 1224979098644774916 20 2133 2 1224979098644774917 0 5 0 2133 2 1224979098644774917 1 3 0 31 2 1224979098644774917 1 2136 3 1224979098644774918 0 1224979098644774912 2106 2 1224979098644774918 144115188075856369 4 0 2147483678 2 1224979098644774918 0 2133 2 1224979098644774919 0 5 0 2133 2 1224979098644774919 1 3 0 4 0 1073741855 2 144115188075856367 2 31 2 144115188075856367 3 2370 1 1224979098644774916 2106 2 1224979098644774916 144115188075856385 4 0 2147483680 2 1224979098644774916 20 2133 2 1224979098644774920 0 5 0 2133 2 1224979098644774920 1 3 0 5 0 2133 2 1224979098644774920 1 3 0 1 3 936748722493063304 1224979098644774919 1224979098644774920 2133 2 1224979098644774921 72057594037927936 2133 2 1224979098644774922 72057594037927937 458 2 1224979098644774923 1224979098644774919 2133 2 1224979098644774924 0 6 3 1224979098644774925 360287970189641354 360287970189641370 2173 2 1224979098644774926 1224979098644774925 31 2 1224979098644774926 1224979098644774923 2105 2 1224979098644774924 1 3 0 2133 2 1224979098644774927 0 400 1 1224979098644774928 6 3 1224979098644774929 0 1224979098644774928 401 1 1224979098644774929 402 2 1224979098644774930 1224979098644774929 31 2 1224979098644774919 1224979098644774930 2133 2 1224979098644774931 0 2120 3 1224979098644774932 35 1224979098644774924 6 3 1224979098644774933 35 1224979098644774932 568 3 1224979098644774929 1224979098644774933 1 2133 2 1224979098644774931 1 2133 2 1224979098644774932 0 3 0 30 2 1224979098644774931 1 2105 2 1224979098644774927 1 3 0 4 0 1073741854 2 1224979098644774922 0 31 2 1224979098644774927 0 1541 3 1224979098644774934 1224979098644774921 8 4 0 30 2 1224979098644774934 0 2133 2 1224979098644774935 1 5 0 2133 2 1224979098644774935 0 3 0 4 0 31 2 144115188075856367 6 2370 1 1224979098644774916 2106 2 1224979098644774916 144115188075856385 4 0 2147483678 2 1224979098644774916 20 4 0 31 2 1224979098644774919 0 1 4 936748722493063306 1224979098644774919 1 1224979098644774935 5 0 2133 2 72057594037927936 32 3 0 5 0 1 4 936748722493063306 1224979098644774919 0 1224979098644774935 3 0 5 0 1073741855 2 144115188075856367 2 31 2 144115188075856367 3 4 0 31 2 1224979098644774919 0 2133 2 72057594037927936 0 5 0 2133 2 72057594037927936 32 3 0 5 0 1 4 936748722493063306 1224979098644774919 0 1224979098644774935 3 0 2211 1 1224979098644774936 1261 1 1224979098644774936 1265 5 72057594037927936 1224979098644774921 1 1224979098644774919 1224979098644774922 2133 2 144115188075856366 0 4 0 31 2 1224979098644774919 0 2106 2 144115188075856369 1 5 0 31 2 1224979098644774919 1 2106 2 144115188075856370 1 3 0 3 0 3 0 
3.000000 0.000000 0.000000  0  16 417 0 12 1 1224979098644774912 1707 1 1224979098644774912 1704 1 1224979098644774912 1702 1 1224979098644774912 1765 2 1224979098644774913 1224979098644774912 4 0 2147484049 1 1224979098644774913 1 2 936748722493063305 1224979098644774912 5 0 402 2 1224979098644774914 1224979098644774913 1770 2 1224979098644774915 1224979098644774912 2147483679 2 1224979098644774914 1224979098644774915 1 2 936748722493063305 1224979098644774912 3 0 3 0 
1.000000 0.000000 0.000000  0  68 417 0 2133 2 1224979098644774912 0 4 0 1073741855 2 144115188075856367 2 1073741855 2 144115188075856367 3 31 2 144115188075856367 6 4 0 31 2 144115188075856384 1 2370 1 1224979098644774913 2106 2 1224979098644774913 144115188075856389 2121 3 1224979098644774914 144115188075856760 1 30 2 1224979098644774913 1224979098644774914 2370 1 1224979098644774915 4 0 1073741855 2 144115188075856367 2 31 2 144115188075856367 3 2133 2 1224979098644774916 90 5 0 2133 2 1224979098644774916 120 3 0 2122 3 1224979098644774917 144115188075856762 60 2121 3 1224979098644774918 1224979098644774917 1224979098644774916 32 2 1224979098644774915 1224979098644774918 2133 2 1224979098644774912 1 3 0 31 2 1224979098644774912 1 5 0 2147483679 2 144115188075856367 2 2147483679 2 144115188075856367 3 2147483679 2 144115188075856367 6 2147483679 2 144115188075856367 5 2370 1 1224979098644774915 2122 3 1224979098644774917 144115188075856762 60 32 2 1224979098644774915 1224979098644774917 2133 2 1224979098644774912 1 5 0 455 2 1224979098644774919 0 455 2 1224979098644774920 1 4 0 2147483679 2 144115188075856367 5 4 0 1073741854 2 1224979098644774919 144115188075856763 30 2 1224979098644774920 144115188075856763 2133 2 1224979098644774912 1 3 0 5 0 2133 2 1224979098644774921 0 400 1 1224979098644774922 6 3 1224979098644774923 0 1224979098644774922 401 1 1224979098644774923 406 2 1224979098644774924 1224979098644774923 30 2 1224979098644774924 0 2147485355 1 1224979098644774924 2133 2 1224979098644774921 1 2133 2 1224979098644774922 0 3 0 31 2 1224979098644774921 1 3221225504 2 1224979098644774919 0 2147483680 2 1224979098644774920 0 2133 2 1224979098644774912 1 3 0 3 0 4 0 31 2 1224979098644774912 1 1 2 936748722493063279 144115188075856367 470 3 72057594037927936 144115188075856466 0 1 1 936748722493063174 3 0 
-21.000000 0.000000 0.000000  0  5 4 0 31 2 144115188075856368 0 2133 2 144115188075856371 1 900 1 1513209474796486673 3 0 
0.000000 0.000000 100000000.000000  0  1 900 1 1513209474796486660 
-24.000000 0.000000 0.000000  0  2 900 1 1513209474796486667 900 1 1513209474796486668 
-23.000000 0.000000 0.000000  0  4 2147484551 1 1513209474796486675 2147484551 1 1513209474796486673 31 2 144115188075856383 0 900 1 1513209474796486675 


mst_multiplayer_bt multiplayer_bt 2  -1
You_lead_your_men_to_battle. 

64 0 528400 0 16 1 0  
1 528400 0 16 1 0  
2 4112 0 16 1 0  
3 4112 0 16 1 0  
4 4112 0 16 1 0  
5 4112 0 16 1 0  
6 4112 0 16 1 0  
7 4112 0 16 1 0  
8 4112 0 16 1 0  
9 4112 0 16 1 0  
10 4112 0 16 1 0  
11 4112 0 16 1 0  
12 4112 0 16 1 0  
13 4112 0 16 1 0  
14 4112 0 16 1 0  
15 4112 0 16 1 0  
16 8208 0 16 1 0  
17 8208 0 16 1 0  
18 8208 0 16 1 0  
19 8208 0 16 1 0  
20 8208 0 16 1 0  
21 8208 0 16 1 0  
22 8208 0 16 1 0  
23 8208 0 16 1 0  
24 8208 0 16 1 0  
25 8208 0 16 1 0  
26 8208 0 16 1 0  
27 8208 0 16 1 0  
28 8208 0 16 1 0  
29 8208 0 16 1 0  
30 8208 0 16 1 0  
31 8208 0 16 1 0  
32 528400 0 16 1 0  
33 528400 0 16 1 0  
34 4112 0 16 1 0  
35 4112 0 16 1 0  
36 4112 0 16 1 0  
37 4112 0 16 1 0  
38 4112 0 16 1 0  
39 4112 0 16 1 0  
40 4112 0 16 1 0  
41 4112 0 16 1 0  
42 4112 0 16 1 0  
43 4112 0 16 1 0  
44 4112 0 16 1 0  
45 4112 0 16 1 0  
46 4112 0 16 1 0  
47 4112 0 16 1 0  
48 8208 0 16 1 0  
49 8208 0 16 1 0  
50 8208 0 16 1 0  
51 8208 0 16 1 0  
52 8208 0 16 1 0  
53 8208 0 16 1 0  
54 8208 0 16 1 0  
55 8208 0 16 1 0  
56 8208 0 16 1 0  
57 8208 0 16 1 0  
58 8208 0 16 1 0  
59 8208 0 16 1 0  
60 8208 0 16 1 0  
61 8208 0 16 1 0  
62 8208 0 16 1 0  
63 8208 0 16 1 0  
25
-25.000000 0.000000 0.000000  0  3 2071 1 1224979098644774912 1718 2 1224979098644774913 1224979098644774912 1 4 936748722493063611 1729382256910270468 1224979098644774912 1224979098644774913 
1.000000 5.000000 0.000000  8 417 0 31 2 144115188075856365 1 31 2 144115188075856800 0 2370 1 1224979098644774912 2120 3 1224979098644774913 144115188075856803 144115188075856802 1073741855 2 1224979098644774913 144115188075856801 32 2 1224979098644774912 144115188075856808 1 1 936748722493063271  8 2133 2 144115188075856365 0 4 0 1073741855 2 144115188075856804 0 31 2 144115188075856804 3 1 2 936748722493063279 144115188075856367 470 3 72057594037927936 144115188075856805 1 1 1 936748722493063174 3 0 
-15.000000 0.000000 0.000000  0  2 2071 1 1224979098644774912 1 2 936748722493063246 1224979098644774912 
-19.000000 0.000000 0.000000  0  15 2133 2 144115188075856367 2 1 1 936748722493063247 2133 2 144115188075856383 0 2133 2 144115188075856384 0 2133 2 144115188075856391 0 2133 2 144115188075856392 0 4 0 417 0 2133 2 144115188075857059 0 2133 2 144115188075856385 0 3 0 2133 2 144115188075856386 -1 1 1 936748722493063290 1 1 936748722493063289 1 1 936748722493063288 
-20.000000 0.000000 0.000000  0  32 1 2 936748722493063237 0 1 2 936748722493063237 1 426 2 0 -1 426 2 1 -1 4 0 417 0 2133 2 144115188075856366 1 1780 2 0 67 791 1 0 722 2 0 -2000 720 2 0 100 1970 1 0 1974 2 1080863910568919943 0 720 2 0 -200 1970 1 0 1974 2 1080863910568919943 0 1811 3 1224979098644774912 1080863910568919943 0 1850 2 0 1224979098644774912 1974 2 144115188075856795 0 722 2 0 100 1855 2 72057594037927936 0 1811 3 1224979098644774913 1080863910568919943 1 1850 2 0 1224979098644774913 1974 2 144115188075856796 0 722 2 0 100 1855 2 72057594037927936 0 2133 2 144115188075856369 144115188075856770 2133 2 144115188075856370 144115188075856771 3 0 1 1 936748722493063234 1 1 936748722493063285 1 1 936748722493063250 
-25.000000 0.000000 0.000000  0  37 2071 1 1224979098644774912 1 2 936748722493063245 1224979098644774912 4 0 2147483678 2 144115188075856386 0 415 1 1224979098644774913 30 2 1224979098644774913 0 406 2 1224979098644774914 1224979098644774913 31 2 1224979098644774914 1224979098644774912 30 2 1224979098644774914 0 1770 2 144115188075856386 1224979098644774914 3 0 505 3 1224979098644774912 26 -1 4 0 417 0 2147485352 1 1224979098644774912 1715 2 1224979098644774915 1224979098644774912 1712 1 1224979098644774915 2147485355 1 1224979098644774915 1724 2 1224979098644774916 1224979098644774915 2147484109 2 1224979098644774916 8 505 3 1224979098644774915 26 1224979098644774912 3 0 1 1 936748722493063259 4 0 2147484065 0 4 0 31 2 144115188075856384 1 2133 2 144115188075856384 0 1 1 936748722493063234 1 1 936748722493063285 1 1 936748722493063262 4 0 31 2 144115188075856390 1 2133 2 144115188075856390 0 3 0 3 0 3 0 
-26.000000 0.000000 0.000000  0  80 2071 1 1224979098644774912 2072 1 1224979098644774913 1 3 936748722493063248 1224979098644774912 1224979098644774913 4 0 2147483678 2 144115188075856386 0 415 1 1224979098644774914 30 2 1224979098644774914 0 406 2 1224979098644774915 1224979098644774914 30 2 1224979098644774915 0 1770 2 144115188075856386 1224979098644774915 3 0 4 0 1704 1 1224979098644774912 2133 2 1224979098644774916 0 2133 2 1224979098644774917 0 12 1 1224979098644774918 1704 1 1224979098644774918 4 0 1702 1 1224979098644774918 1770 2 1224979098644774919 1224979098644774918 4 0 31 2 1224979098644774919 0 2105 2 1224979098644774916 1 5 0 31 2 1224979098644774919 1 2105 2 1224979098644774917 1 3 0 3 0 3 0 4 0 31 2 144115188075856384 0 4 0 1073741855 2 1224979098644774916 0 31 2 1224979098644774917 0 2133 2 144115188075856388 -1 2133 2 72057594037927936 144115188075856760 4 0 31 2 1224979098644774916 0 4 0 2147483679 2 1224979098644774917 0 455 2 1224979098644774920 1 2105 2 1224979098644774920 1 456 2 1 1224979098644774920 2133 2 144115188075856388 1 3 0 1 3 936748722493063263 12 144115188075856388 1 2 936748722493063266 144115188075856388 5 0 4 0 2147483679 2 1224979098644774916 0 455 2 1224979098644774921 0 2105 2 1224979098644774921 1 456 2 0 1224979098644774921 2133 2 144115188075856388 0 3 0 1 3 936748722493063263 12 144115188075856388 1 2 936748722493063266 144115188075856388 3 0 2370 1 144115188075856389 2133 2 144115188075856384 1 3 0 3 0 3 0 4 0 417 0 1704 1 1224979098644774912 2147485355 1 1224979098644774912 30 2 1224979098644774912 0 1724 2 1224979098644774922 1224979098644774912 30 2 1224979098644774922 0 2124 1 100 1724 2 1224979098644774922 1224979098644774912 1710 2 0 1224979098644774912 726 2 1224979098644774923 0 727 2 1224979098644774924 0 728 2 1224979098644774925 0 508 3 1224979098644774922 29 1224979098644774923 508 3 1224979098644774922 30 1224979098644774924 508 3 1224979098644774922 31 1224979098644774925 3 0 
-16.000000 0.000000 0.000000  0  3 1 1 936748722493063291 2133 2 144115188075856371 0 900 1 1513209474796486673 
1.000000 0.000000 0.000000  42 417 0 31 2 144115188075856384 0 2370 1 1224979098644774912 2121 3 1224979098644774913 1224979098644774912 144115188075856385 30 2 1224979098644774913 144115188075856761 2133 2 1224979098644774914 0 4 0 31 2 144115188075856391 2 1811 3 1224979098644774915 1080863910568919943 0 1811 3 1224979098644774916 1080863910568919943 1 1811 3 1224979098644774917 144115188075856795 0 1811 3 1224979098644774918 144115188075856796 0 1850 2 1 1224979098644774915 1850 2 2 1224979098644774916 1850 2 3 1224979098644774917 1850 2 4 1224979098644774918 710 3 1224979098644774919 1 3 710 3 1224979098644774920 2 4 2120 3 1224979098644774921 1224979098644774919 50 2120 3 1224979098644774922 1224979098644774920 50 4 0 2147483680 2 1224979098644774919 1224979098644774922 1862 2 1224979098644774923 1224979098644774917 31 2 1224979098644774923 1 1863 2 5 1224979098644774917 728 2 1224979098644774924 5 728 2 1224979098644774925 3 30 2 1224979098644774924 1224979098644774925 2133 2 1224979098644774914 1 3 0 4 0 2147483680 2 1224979098644774920 1224979098644774921 1862 2 1224979098644774923 1224979098644774918 31 2 1224979098644774923 1 1863 2 5 1224979098644774918 728 2 1224979098644774924 5 728 2 1224979098644774926 4 30 2 1224979098644774924 1224979098644774926 2133 2 1224979098644774914 1 3 0 3 0 31 2 1224979098644774914 0  34 2370 1 144115188075856389 2133 2 144115188075856384 1 2133 2 144115188075856388 -1 4 0 31 2 144115188075856391 2 1811 3 1224979098644774912 1080863910568919943 0 1811 3 1224979098644774913 1080863910568919943 1 1811 3 1224979098644774914 144115188075856795 0 1811 3 1224979098644774915 144115188075856796 0 1850 2 1 1224979098644774912 1850 2 2 1224979098644774913 1850 2 3 1224979098644774914 1850 2 4 1224979098644774915 710 3 1224979098644774916 1 3 710 3 1224979098644774917 2 4 4 0 30 2 1224979098644774916 1224979098644774917 2121 3 1224979098644774918 1224979098644774916 1224979098644774917 30 2 1224979098644774918 50 2133 2 144115188075856388 0 5 0 2121 3 1224979098644774918 1224979098644774917 1224979098644774916 30 2 1224979098644774918 50 2133 2 144115188075856388 1 3 0 3 0 415 1 1224979098644774919 1 2 936748722493063265 144115188075856388 400 1 1224979098644774920 6 3 1224979098644774921 1 1224979098644774920 401 1 1224979098644774921 2147483679 2 1224979098644774921 1224979098644774919 395 3 1224979098644774921 69 144115188075856388 3 0 
10.000000 0.000000 0.000000  1 417 0  40 2133 2 1224979098644774912 0 2133 2 1224979098644774913 0 400 1 1224979098644774914 6 3 1224979098644774915 0 1224979098644774914 401 1 1224979098644774915 402 2 1224979098644774916 1224979098644774915 4 0 31 2 1224979098644774916 0 2105 2 1224979098644774912 1 5 0 31 2 1224979098644774916 1 2105 2 1224979098644774913 1 3 0 3 0 2121 3 1224979098644774917 1224979098644774912 1224979098644774913 2133 2 1224979098644774918 0 4 0 4 0 2122 3 1224979098644774919 144115188075856779 -1 2147483680 2 1224979098644774917 1224979098644774919 2123 3 1224979098644774918 1224979098644774917 -2 5 0 30 2 1224979098644774917 144115188075856779 2123 3 1224979098644774918 1224979098644774917 2 3 0 3 0 4 0 32 2 1224979098644774918 0 4 0 31 2 144115188075856390 0 2133 2 144115188075856390 1 1 3 936748722493063263 3 0 400 1 1224979098644774914 6 3 1224979098644774920 1 1224979098644774914 401 1 1224979098644774920 395 3 1224979098644774920 68 3 3 0 1 1 936748722493063210 3 0 3 0 
1.000000 0.000000 0.000000  7 417 0 31 2 144115188075856384 0 31 2 144115188075856391 0 2370 1 1224979098644774912 2106 2 1224979098644774912 144115188075856385 2123 3 144115188075856393 144115188075856761 2 30 2 1224979098644774912 144115188075856393  2 1 1 936748722493063259 2133 2 144115188075856391 1 
1.000000 0.000000 0.000000  11 417 0 31 2 144115188075856384 0 31 2 144115188075856391 1 2370 1 1224979098644774912 2106 2 1224979098644774912 144115188075856798 2120 3 1224979098644774913 144115188075856797 144115188075856392 30 2 1224979098644774912 1224979098644774913 2370 1 1224979098644774914 2121 3 1224979098644774915 1224979098644774914 144115188075856385 2121 3 1224979098644774916 144115188075856761 15 2147483678 2 1224979098644774915 1224979098644774916  26 2133 2 144115188075856391 2 1 1 936748722493063258 400 1 1224979098644774912 6 3 1224979098644774913 1 1224979098644774912 401 1 1224979098644774913 395 2 1224979098644774913 80 3 0 1811 3 1224979098644774914 1080863910568919943 0 1811 3 1224979098644774915 1080863910568919943 1 1811 3 1224979098644774916 144115188075856795 0 1811 3 1224979098644774917 144115188075856796 0 2136 3 144115188075856394 0 3 2105 2 144115188075856394 67 1780 2 0 144115188075856394 791 1 0 720 2 0 100 1855 2 1224979098644774914 0 720 2 0 -200 1855 2 1224979098644774915 0 1850 2 0 1224979098644774914 722 2 0 100 1855 2 1224979098644774916 0 1850 2 0 1224979098644774915 722 2 0 100 1855 2 1224979098644774917 0 900 1 1513209474796486670 
3.000000 0.000000 0.000000  8 417 0 31 2 144115188075856384 0 31 2 144115188075856391 1 2370 1 1224979098644774912 2106 2 1224979098644774912 144115188075856798 2120 3 1224979098644774913 144115188075856797 144115188075856392 2106 2 1224979098644774913 20 30 2 1224979098644774912 1224979098644774913  21 2133 2 1224979098644774912 0 12 1 1224979098644774913 31 2 1224979098644774912 0 1704 1 1224979098644774913 12 1 1224979098644774914 1704 1 1224979098644774914 2147483679 2 1224979098644774913 1224979098644774914 1770 2 1224979098644774915 1224979098644774913 1770 2 1224979098644774916 1224979098644774914 2147483679 2 1224979098644774915 1224979098644774916 1710 2 1 1224979098644774913 1710 2 2 1224979098644774914 713 3 1224979098644774917 1 2 2147483680 2 1224979098644774917 49 2133 2 1224979098644774912 1 3 0 3 0 4 0 31 2 1224979098644774912 1 2105 2 144115188075856392 3 3 0 
3.000000 0.000000 0.000000  11 417 0 31 2 144115188075856384 0 31 2 144115188075856391 1 2370 1 1224979098644774912 2121 3 1224979098644774913 1224979098644774912 144115188075856385 2121 3 1224979098644774914 144115188075856761 66 30 2 1224979098644774913 1224979098644774914 2370 1 1224979098644774912 2121 3 1224979098644774913 1224979098644774912 144115188075856385 2121 3 1224979098644774915 144115188075856761 24 2147483680 2 1224979098644774913 1224979098644774915  1 2105 2 144115188075856392 1 
0.000000 0.000000 0.000000  3 417 0 31 2 144115188075856384 0 31 2 144115188075856391 2  178 2124 1 100 1811 3 1224979098644774912 1080863910568919943 0 1811 3 1224979098644774913 1080863910568919943 1 1811 3 1224979098644774914 144115188075856795 0 1811 3 1224979098644774915 144115188075856796 0 1850 2 1 1224979098644774912 1850 2 2 1224979098644774913 1850 2 3 1224979098644774914 1850 2 4 1224979098644774915 700 2 7 1 722 2 7 100 700 2 8 2 722 2 8 100 710 3 1224979098644774916 1 3 710 3 1224979098644774917 2 4 2133 2 1224979098644774918 0 2133 2 1224979098644774919 0 400 1 1224979098644774920 6 3 1224979098644774921 0 1224979098644774920 401 1 1224979098644774921 406 2 1224979098644774922 1224979098644774921 30 2 1224979098644774922 0 1704 1 1224979098644774922 1702 1 1224979098644774922 1770 2 1224979098644774923 1224979098644774922 1710 2 0 1224979098644774922 1714 2 1224979098644774924 1224979098644774922 31 2 1224979098644774924 -1 4 0 31 2 1224979098644774923 0 4 0 712 3 1224979098644774925 0 1 2147483678 2 1224979098644774925 1600 4 0 1073741855 2 1224979098644774918 0 31 2 1224979098644774918 1 2133 2 1224979098644774918 1 5 0 2133 2 1224979098644774918 -2 3 0 3 0 4 0 712 3 1224979098644774925 0 2 2147483678 2 1224979098644774925 1600 4 0 31 2 1224979098644774919 0 2133 2 1224979098644774919 -1 5 0 31 2 1224979098644774919 1 2133 2 1224979098644774919 -2 3 0 3 0 5 0 31 2 1224979098644774923 1 4 0 712 3 1224979098644774925 0 2 2147483678 2 1224979098644774925 1600 4 0 1073741855 2 1224979098644774919 0 31 2 1224979098644774919 1 2133 2 1224979098644774919 1 5 0 2133 2 1224979098644774919 -2 3 0 3 0 4 0 712 3 1224979098644774925 0 1 2147483678 2 1224979098644774925 1600 4 0 31 2 1224979098644774918 0 2133 2 1224979098644774918 -1 5 0 31 2 1224979098644774918 1 2133 2 1224979098644774918 -2 3 0 3 0 3 0 3 0 4 0 30 2 1224979098644774916 800 2133 2 144115188075856388 0 400 1 1224979098644774920 1 2 936748722493063265 144115188075856388 6 3 1224979098644774921 1 1224979098644774920 401 1 1224979098644774921 395 3 1224979098644774921 69 144115188075856388 3 0 455 2 1224979098644774926 0 1 3 936748722493063252 0 1224979098644774926 6 3 1224979098644774921 1 1224979098644774920 401 1 1224979098644774921 396 4 1224979098644774921 72 0 1224979098644774926 3 0 2370 1 144115188075856389 2133 2 144115188075856384 1 5 0 30 2 1224979098644774917 800 2133 2 144115188075856388 1 400 1 1224979098644774920 1 2 936748722493063265 144115188075856388 6 3 1224979098644774921 1 1224979098644774920 401 1 1224979098644774921 395 3 1224979098644774921 69 144115188075856388 3 0 455 2 1224979098644774927 1 1 3 936748722493063252 1 1224979098644774927 6 3 1224979098644774921 1 1224979098644774920 401 1 1224979098644774921 396 4 1224979098644774921 72 1 1224979098644774927 3 0 1 3 936748722493063263 12 0 1 2 936748722493063266 144115188075856388 2370 1 144115188075856389 2133 2 144115188075856384 1 3 0 4 0 31 2 144115188075856384 0 728 2 1224979098644774928 3 1862 2 1224979098644774929 1224979098644774914 4 0 31 2 1224979098644774918 -2 31 2 1224979098644774929 1 1861 1 1224979098644774914 5 0 1073741855 2 1224979098644774918 0 31 2 1224979098644774918 -1 1863 2 9 1224979098644774914 728 2 1224979098644774930 9 1073741855 2 1224979098644774929 0 32 2 1224979098644774930 1224979098644774928 710 3 1224979098644774931 3 7 32 2 1224979098644774931 0 2107 2 1224979098644774931 16 1860 3 1224979098644774914 7 1224979098644774931 5 0 31 2 1224979098644774918 1 1863 2 9 1224979098644774914 728 2 1224979098644774930 9 1073741855 2 1224979098644774929 0 2147483678 2 1224979098644774930 1224979098644774928 700 2 5 1 722 2 5 800 710 3 1224979098644774931 3 5 32 2 1224979098644774931 0 2107 2 1224979098644774931 8 1860 3 1224979098644774914 5 1224979098644774931 3 0 728 2 1224979098644774932 4 1862 2 1224979098644774929 1224979098644774915 4 0 31 2 1224979098644774919 -2 31 2 1224979098644774929 1 1861 1 1224979098644774915 5 0 1073741855 2 1224979098644774919 0 31 2 1224979098644774919 -1 1863 2 9 1224979098644774915 728 2 1224979098644774933 9 1073741855 2 1224979098644774929 0 32 2 1224979098644774933 1224979098644774932 710 3 1224979098644774934 4 8 32 2 1224979098644774934 0 2107 2 1224979098644774934 16 1860 3 1224979098644774915 8 1224979098644774934 5 0 31 2 1224979098644774919 1 1863 2 9 1224979098644774915 728 2 1224979098644774933 9 1073741855 2 1224979098644774929 0 2147483678 2 1224979098644774933 1224979098644774932 700 2 6 2 722 2 6 800 710 3 1224979098644774934 4 6 32 2 1224979098644774934 0 2107 2 1224979098644774934 8 1860 3 1224979098644774915 6 1224979098644774934 3 0 3 0 
1.000000 0.000000 3.000000  5 417 0 31 2 144115188075856384 1 2370 1 1224979098644774912 2106 2 1224979098644774912 144115188075856389 30 2 1224979098644774912 144115188075856760  152 2133 2 1224979098644774912 0 2133 2 1224979098644774913 0 400 1 1224979098644774914 6 3 1224979098644774915 0 1224979098644774914 401 1 1224979098644774915 402 2 1224979098644774916 1224979098644774915 4 0 31 2 1224979098644774916 0 2105 2 1224979098644774912 1 5 0 31 2 1224979098644774916 1 2105 2 1224979098644774913 1 3 0 3 0 2121 3 1224979098644774917 1224979098644774912 1224979098644774913 2133 2 1224979098644774918 0 4 0 4 0 2122 3 1224979098644774919 144115188075856779 -1 2147483680 2 1224979098644774917 1224979098644774919 2123 3 1224979098644774918 1224979098644774917 -2 2133 2 1224979098644774920 1 2133 2 1224979098644774921 0 5 0 30 2 1224979098644774917 144115188075856779 2123 3 1224979098644774918 1224979098644774917 2 2133 2 1224979098644774920 0 2133 2 1224979098644774921 1 3 0 3 0 4 0 32 2 1224979098644774918 0 4 0 6 3 1224979098644774922 0 1224979098644774918 2133 2 1224979098644774923 0 2133 2 1224979098644774924 -1 400 1 1224979098644774914 6 3 1224979098644774925 0 1224979098644774914 401 1 1224979098644774925 402 2 1224979098644774916 1224979098644774925 31 2 1224979098644774916 1224979098644774920 528 3 1224979098644774926 1224979098644774925 21 4 0 32 2 1224979098644774926 1224979098644774923 2133 2 1224979098644774923 1224979098644774926 2133 2 1224979098644774924 1224979098644774925 3 0 3 0 4 0 30 2 1224979098644774924 0 4 0 406 2 1224979098644774927 1224979098644774924 30 2 1224979098644774927 0 1702 1 1224979098644774927 433 2 1224979098644774928 1224979098644774924 2105 2 1224979098644774928 1 434 2 1224979098644774924 1224979098644774928 435 2 1224979098644774929 1224979098644774924 2106 2 1224979098644774929 1 436 2 1224979098644774924 1224979098644774929 431 2 1224979098644774930 1224979098644774924 2105 2 1224979098644774930 1 432 2 1224979098644774924 1224979098644774930 6 3 1224979098644774925 1 1224979098644774914 401 1 1224979098644774925 398 6 1224979098644774925 86 1224979098644774924 1224979098644774930 1224979098644774928 1224979098644774929 3 0 460 2 1224979098644774931 1224979098644774924 407 2 1224979098644774932 1224979098644774924 2105 2 1224979098644774932 1224979098644774931 408 3 1224979098644774924 1224979098644774932 15000 3 0 405 2 1224979098644774924 -1 403 2 1224979098644774924 1224979098644774921 394 2 1224979098644774924 79 3 0 3 0 1 3 936748722493063263 2 0 415 1 1224979098644774933 400 1 1224979098644774914 6 3 1224979098644774925 0 1224979098644774914 401 1 1224979098644774925 2147483679 2 1224979098644774933 1224979098644774925 395 3 1224979098644774925 68 2 3 0 2133 2 144115188075856390 0 3 0 3 0 2133 2 144115188075856390 0 400 1 1224979098644774914 6 3 1224979098644774925 0 1224979098644774914 2147483679 2 1224979098644774925 -1 401 1 1224979098644774925 406 2 1224979098644774934 1224979098644774925 30 2 1224979098644774934 0 1702 1 1224979098644774934 459 1 1224979098644774925 2133 2 72057594037927936 0 404 2 1224979098644774935 1224979098644774925 1 4 936748722493063871 1224979098644774925 1224979098644774934 1224979098644774935 2133 2 1224979098644774931 72057594037927936 508 3 1224979098644774925 1 1224979098644774931 3 0 2133 2 1224979098644774936 500 2107 2 1224979098644774936 144115188075856785 2108 2 1224979098644774936 100 400 1 1224979098644774914 6 3 1224979098644774925 0 1224979098644774914 401 1 1224979098644774925 548 3 1224979098644774925 0 1 407 2 1224979098644774932 1224979098644774925 402 2 1224979098644774916 1224979098644774925 4 0 1073741855 2 1224979098644774916 0 31 2 1224979098644774916 1 2105 2 1224979098644774932 1224979098644774936 3 0 4 0 528 3 1224979098644774931 1224979098644774925 1 2120 3 1224979098644774937 1224979098644774932 1224979098644774931 2122 3 1224979098644774938 144115188075856783 10 2147483678 2 1224979098644774937 1224979098644774938 2121 3 1224979098644774939 1224979098644774938 1224979098644774937 2105 2 1224979098644774932 1224979098644774939 3 0 408 3 1224979098644774925 1224979098644774932 15000 3 0 6 3 1224979098644774925 0 1224979098644774914 401 1 1224979098644774925 508 3 1224979098644774925 0 0 3 0 2133 2 144115188075856386 -1 416 0 1 1 936748722493063285 4 0 31 2 144115188075856391 2 1 1 936748722493063239 3 0 2133 2 144115188075856391 0 2133 2 144115188075856392 0 1 1 936748722493063249 1 1 936748722493063250 2133 2 144115188075856384 0 2133 2 144115188075856369 144115188075856770 2133 2 144115188075856370 144115188075856771 2370 1 144115188075856385 1 1 936748722493063234 400 1 1224979098644774914 6 3 1224979098644774925 0 1224979098644774914 401 1 1224979098644774925 395 3 1224979098644774925 78 -9999 3 0 
0.000000 0.000000 0.000000  0  22 2133 2 1224979098644774912 144115188075856770 2133 2 1224979098644774913 144115188075856771 400 1 1224979098644774914 6 3 1224979098644774915 0 1224979098644774914 401 1 1224979098644774915 402 2 1224979098644774916 1224979098644774915 4 0 31 2 1224979098644774916 0 2105 2 1224979098644774912 1 5 0 31 2 1224979098644774916 1 2105 2 1224979098644774913 1 3 0 3 0 4 0 1073741855 2 1224979098644774912 0 31 2 1224979098644774913 0 2370 1 1224979098644774917 2106 2 1224979098644774917 144115188075856385 2147483680 2 1224979098644774917 2 2370 1 144115188075856385 3 0 
1.000000 0.000000 0.000000  0  77 417 0 400 1 1224979098644774912 6 3 1224979098644774913 0 1224979098644774912 401 1 1224979098644774913 2147484086 1 1224979098644774913 4 0 548 3 1224979098644774913 0 0 402 2 1224979098644774914 1224979098644774913 2147483678 2 1224979098644774914 2 404 2 1224979098644774915 1224979098644774913 30 2 1224979098644774915 0 2133 2 1224979098644774916 0 2133 2 1224979098644774917 0 2133 2 1224979098644774918 0 4 0 2133 2 1224979098644774919 0 400 1 1224979098644774912 6 3 1224979098644774920 0 1224979098644774912 401 1 1224979098644774920 2105 2 1224979098644774919 1 402 2 1224979098644774921 1224979098644774920 4 0 31 2 1224979098644774921 0 2105 2 1224979098644774917 1 5 0 31 2 1224979098644774921 1 2105 2 1224979098644774918 1 3 0 3 0 2122 3 1224979098644774922 1224979098644774917 1224979098644774918 2370 1 1224979098644774923 2106 2 1224979098644774923 144115188075856385 3221225502 2 1224979098644774923 30 3221225504 2 1224979098644774919 2 31 2 1224979098644774922 0 31 2 144115188075856384 0 2133 2 1224979098644774916 1 3 0 31 2 1224979098644774916 1 4 0 31 2 1224979098644774914 0 2133 2 1224979098644774924 0 5 0 31 2 1224979098644774914 1 2133 2 1224979098644774924 32 3 0 1 2 936748722493063308 1224979098644774913 409 2 1224979098644774913 1224979098644774924 508 3 1224979098644774913 0 1 5 0 31 2 144115188075856780 1 406 2 1224979098644774925 1224979098644774913 30 2 1224979098644774925 0 2147485350 1 1224979098644774925 1760 2 1224979098644774926 1224979098644774925 32 2 1224979098644774926 144115188075856760 402 2 1224979098644774914 1224979098644774913 2133 2 1224979098644774927 0 12 1 1224979098644774928 31 2 1224979098644774927 0 1702 1 1224979098644774928 1704 1 1224979098644774928 1707 1 1224979098644774928 1770 2 1224979098644774929 1224979098644774928 31 2 1224979098644774929 1224979098644774914 2133 2 1224979098644774927 1 3 0 4 0 31 2 1224979098644774927 1 1 2 936748722493063267 1224979098644774913 421 2 1224979098644774913 72057594037927936 528 3 1224979098644774930 1224979098644774913 0 2105 2 1224979098644774930 1 508 3 1224979098644774913 0 1224979098644774930 3 0 3 0 3 0 
0.000000 0.000000 0.000000  0  119 417 0 31 2 144115188075856366 1 2120 3 1224979098644774912 144115188075856369 144115188075856370 4 0 32 2 1224979098644774912 0 4 0 1073741855 2 144115188075856367 2 1073741855 2 144115188075856367 3 31 2 144115188075856367 6 455 2 1224979098644774913 0 455 2 1224979098644774914 1 2120 3 1224979098644774915 1224979098644774913 1224979098644774914 31 2 1224979098644774915 0 2370 1 1224979098644774916 2106 2 1224979098644774916 144115188075856385 2147483678 2 1224979098644774916 20 2133 2 1224979098644774917 0 5 0 2133 2 1224979098644774917 1 3 0 31 2 1224979098644774917 1 2136 3 1224979098644774918 0 1224979098644774912 2106 2 1224979098644774918 144115188075856369 4 0 2147483678 2 1224979098644774918 0 2133 2 1224979098644774919 0 5 0 2133 2 1224979098644774919 1 3 0 4 0 1073741855 2 144115188075856367 2 31 2 144115188075856367 3 2370 1 1224979098644774916 2106 2 1224979098644774916 144115188075856385 4 0 2147483680 2 1224979098644774916 20 2133 2 1224979098644774920 0 5 0 2133 2 1224979098644774920 1 3 0 5 0 2133 2 1224979098644774920 1 3 0 1 3 936748722493063304 1224979098644774919 1224979098644774920 2133 2 1224979098644774921 72057594037927936 2133 2 1224979098644774922 72057594037927937 458 2 1224979098644774923 1224979098644774919 2133 2 1224979098644774924 0 6 3 1224979098644774925 360287970189641354 360287970189641370 2173 2 1224979098644774926 1224979098644774925 31 2 1224979098644774926 1224979098644774923 2105 2 1224979098644774924 1 3 0 2133 2 1224979098644774927 0 400 1 1224979098644774928 6 3 1224979098644774929 0 1224979098644774928 401 1 1224979098644774929 402 2 1224979098644774930 1224979098644774929 31 2 1224979098644774919 1224979098644774930 2133 2 1224979098644774931 0 2120 3 1224979098644774932 35 1224979098644774924 6 3 1224979098644774933 35 1224979098644774932 568 3 1224979098644774929 1224979098644774933 1 2133 2 1224979098644774931 1 2133 2 1224979098644774932 0 3 0 30 2 1224979098644774931 1 2105 2 1224979098644774927 1 3 0 4 0 1073741854 2 1224979098644774922 0 31 2 1224979098644774927 0 1541 3 1224979098644774934 1224979098644774921 8 4 0 30 2 1224979098644774934 0 2133 2 1224979098644774935 1 5 0 2133 2 1224979098644774935 0 3 0 4 0 31 2 144115188075856367 6 2370 1 1224979098644774916 2106 2 1224979098644774916 144115188075856385 4 0 2147483678 2 1224979098644774916 20 4 0 31 2 1224979098644774919 0 1 4 936748722493063306 1224979098644774919 1 1224979098644774935 5 0 2133 2 72057594037927936 32 3 0 5 0 1 4 936748722493063306 1224979098644774919 0 1224979098644774935 3 0 5 0 1073741855 2 144115188075856367 2 31 2 144115188075856367 3 4 0 31 2 1224979098644774919 0 2133 2 72057594037927936 0 5 0 2133 2 72057594037927936 32 3 0 5 0 1 4 936748722493063306 1224979098644774919 0 1224979098644774935 3 0 2211 1 1224979098644774936 1261 1 1224979098644774936 1265 5 72057594037927936 1224979098644774921 1 1224979098644774919 1224979098644774922 2133 2 144115188075856366 0 4 0 31 2 1224979098644774919 0 2106 2 144115188075856369 1 5 0 31 2 1224979098644774919 1 2106 2 144115188075856370 1 3 0 3 0 3 0 
3.000000 0.000000 0.000000  0  16 417 0 12 1 1224979098644774912 1707 1 1224979098644774912 1704 1 1224979098644774912 1702 1 1224979098644774912 1765 2 1224979098644774913 1224979098644774912 4 0 2147484049 1 1224979098644774913 1 2 936748722493063305 1224979098644774912 5 0 402 2 1224979098644774914 1224979098644774913 1770 2 1224979098644774915 1224979098644774912 2147483679 2 1224979098644774914 1224979098644774915 1 2 936748722493063305 1224979098644774912 3 0 3 0 
1.000000 0.000000 0.000000  0  68 417 0 2133 2 1224979098644774912 0 4 0 1073741855 2 144115188075856367 2 1073741855 2 144115188075856367 3 31 2 144115188075856367 6 4 0 31 2 144115188075856384 1 2370 1 1224979098644774913 2106 2 1224979098644774913 144115188075856389 2121 3 1224979098644774914 144115188075856760 1 30 2 1224979098644774913 1224979098644774914 2370 1 1224979098644774915 4 0 1073741855 2 144115188075856367 2 31 2 144115188075856367 3 2133 2 1224979098644774916 90 5 0 2133 2 1224979098644774916 120 3 0 2122 3 1224979098644774917 144115188075856762 60 2121 3 1224979098644774918 1224979098644774917 1224979098644774916 32 2 1224979098644774915 1224979098644774918 2133 2 1224979098644774912 1 3 0 31 2 1224979098644774912 1 5 0 2147483679 2 144115188075856367 2 2147483679 2 144115188075856367 3 2147483679 2 144115188075856367 6 2147483679 2 144115188075856367 5 2370 1 1224979098644774915 2122 3 1224979098644774917 144115188075856762 60 32 2 1224979098644774915 1224979098644774917 2133 2 1224979098644774912 1 5 0 455 2 1224979098644774919 0 455 2 1224979098644774920 1 4 0 2147483679 2 144115188075856367 5 4 0 1073741854 2 1224979098644774919 144115188075856763 30 2 1224979098644774920 144115188075856763 2133 2 1224979098644774912 1 3 0 5 0 2133 2 1224979098644774921 0 400 1 1224979098644774922 6 3 1224979098644774923 0 1224979098644774922 401 1 1224979098644774923 406 2 1224979098644774924 1224979098644774923 30 2 1224979098644774924 0 2147485355 1 1224979098644774924 2133 2 1224979098644774921 1 2133 2 1224979098644774922 0 3 0 31 2 1224979098644774921 1 3221225504 2 1224979098644774919 0 2147483680 2 1224979098644774920 0 2133 2 1224979098644774912 1 3 0 3 0 4 0 31 2 1224979098644774912 1 1 2 936748722493063279 144115188075856367 470 3 72057594037927936 144115188075856466 0 1 1 936748722493063174 3 0 
-21.000000 0.000000 0.000000  0  5 4 0 31 2 144115188075856368 0 2133 2 144115188075856371 1 900 1 1513209474796486673 3 0 
0.000000 0.000000 100000000.000000  0  1 900 1 1513209474796486660 
-24.000000 0.000000 0.000000  0  6 900 1 1513209474796486667 900 1 1513209474796486668 4 0 31 2 144115188075856391 2 900 1 1513209474796486670 3 0 
-23.000000 0.000000 0.000000  0  4 2147484551 1 1513209474796486675 2147484551 1 1513209474796486673 31 2 144115188075856383 0 900 1 1513209474796486675 


mst_multiplayer_fd multiplayer_fd 2  -1
You_lead_your_men_to_battle. 

64 0 528400 0 16 1 0  
1 528400 0 16 1 0  
2 4112 0 16 1 0  
3 4112 0 16 1 0  
4 4112 0 16 1 0  
5 4112 0 16 1 0  
6 4112 0 16 1 0  
7 4112 0 16 1 0  
8 4112 0 16 1 0  
9 4112 0 16 1 0  
10 4112 0 16 1 0  
11 4112 0 16 1 0  
12 4112 0 16 1 0  
13 4112 0 16 1 0  
14 4112 0 16 1 0  
15 4112 0 16 1 0  
16 8208 0 16 1 0  
17 8208 0 16 1 0  
18 8208 0 16 1 0  
19 8208 0 16 1 0  
20 8208 0 16 1 0  
21 8208 0 16 1 0  
22 8208 0 16 1 0  
23 8208 0 16 1 0  
24 8208 0 16 1 0  
25 8208 0 16 1 0  
26 8208 0 16 1 0  
27 8208 0 16 1 0  
28 8208 0 16 1 0  
29 8208 0 16 1 0  
30 8208 0 16 1 0  
31 8208 0 16 1 0  
32 528400 0 16 1 0  
33 528400 0 16 1 0  
34 4112 0 16 1 0  
35 4112 0 16 1 0  
36 4112 0 16 1 0  
37 4112 0 16 1 0  
38 4112 0 16 1 0  
39 4112 0 16 1 0  
40 4112 0 16 1 0  
41 4112 0 16 1 0  
42 4112 0 16 1 0  
43 4112 0 16 1 0  
44 4112 0 16 1 0  
45 4112 0 16 1 0  
46 4112 0 16 1 0  
47 4112 0 16 1 0  
48 8208 0 16 1 0  
49 8208 0 16 1 0  
50 8208 0 16 1 0  
51 8208 0 16 1 0  
52 8208 0 16 1 0  
53 8208 0 16 1 0  
54 8208 0 16 1 0  
55 8208 0 16 1 0  
56 8208 0 16 1 0  
57 8208 0 16 1 0  
58 8208 0 16 1 0  
59 8208 0 16 1 0  
60 8208 0 16 1 0  
61 8208 0 16 1 0  
62 8208 0 16 1 0  
63 8208 0 16 1 0  
22
-25.000000 0.000000 0.000000  0  3 2071 1 1224979098644774912 1718 2 1224979098644774913 1224979098644774912 1 4 936748722493063611 1729382256910270468 1224979098644774912 1224979098644774913 
1.000000 5.000000 0.000000  8 417 0 31 2 144115188075856365 1 31 2 144115188075856800 0 2370 1 1224979098644774912 2120 3 1224979098644774913 144115188075856803 144115188075856802 1073741855 2 1224979098644774913 144115188075856801 32 2 1224979098644774912 144115188075856808 1 1 936748722493063271  8 2133 2 144115188075856365 0 4 0 1073741855 2 144115188075856804 0 31 2 144115188075856804 3 1 2 936748722493063279 144115188075856367 470 3 72057594037927936 144115188075856805 1 1 1 936748722493063174 3 0 
-15.000000 0.000000 0.000000  0  2 2071 1 1224979098644774912 1 2 936748722493063246 1224979098644774912 
-19.000000 0.000000 0.000000  0  12 2133 2 144115188075856367 3 1 1 936748722493063247 2133 2 144115188075856383 0 2133 2 144115188075856384 0 2133 2 144115188075856392 0 4 0 417 0 2133 2 144115188075856385 0 3 0 2133 2 144115188075856386 -1 1 1 936748722493063290 1 1 936748722493063288 
-20.000000 0.000000 0.000000  0  39 1 2 936748722493063237 0 1 2 936748722493063237 1 426 2 0 -1 426 2 1 -1 1 1 936748722493063234 1 1 936748722493063285 1 1 936748722493063250 2133 2 144115188075856395 1080863910568919104 2133 2 144115188075856396 1080863910568919725 1810 2 1224979098644774912 144115188075856395 6 3 1224979098644774913 0 1224979098644774912 1811 3 1224979098644774914 144115188075856395 1224979098644774913 30 2 1224979098644774914 0 1818 2 1224979098644774914 0 3 0 1810 2 1224979098644774915 144115188075856396 6 3 1224979098644774916 0 1224979098644774915 1811 3 1224979098644774917 144115188075856396 1224979098644774916 30 2 1224979098644774917 0 1818 2 1224979098644774917 0 3 0 4 0 1810 2 1224979098644774918 1080863910568919104 30 2 1224979098644774918 1 1811 3 1224979098644774919 1080863910568919104 0 1817 2 144115188075856397 1224979098644774919 5 0 1810 2 1224979098644774920 1080863910568919725 30 2 1224979098644774920 1 1811 3 1224979098644774921 1080863910568919725 0 1817 2 144115188075856397 1224979098644774921 3 0 2133 2 144115188075856398 0 4 0 2133 2 144115188075856369 144115188075856770 2133 2 144115188075856370 144115188075856771 3 0 900 1 1513209474796486671 2133 2 144115188075856366 1 
-25.000000 0.000000 0.000000  0  26 2071 1 1224979098644774912 1 2 936748722493063245 1224979098644774912 4 0 2147483678 2 144115188075856386 0 415 1 1224979098644774913 30 2 1224979098644774913 0 406 2 1224979098644774914 1224979098644774913 31 2 1224979098644774914 1224979098644774912 30 2 1224979098644774914 0 1770 2 144115188075856386 1224979098644774914 3 0 4 0 2147484065 0 4 0 31 2 144115188075856384 1 2133 2 144115188075856384 0 1 1 936748722493063234 1 1 936748722493063285 1 1 936748722493063262 900 1 1513209474796486671 4 0 31 2 144115188075856390 1 2133 2 144115188075856390 0 3 0 3 0 3 0 
-26.000000 0.000000 0.000000  0  116 2071 1 1224979098644774912 2072 1 1224979098644774913 1 3 936748722493063248 1224979098644774912 1224979098644774913 4 0 2147483678 2 144115188075856386 0 415 1 1224979098644774914 30 2 1224979098644774914 0 406 2 1224979098644774915 1224979098644774914 30 2 1224979098644774915 0 1770 2 144115188075856386 1224979098644774915 3 0 4 0 1704 1 1224979098644774912 2133 2 1224979098644774916 0 2133 2 1224979098644774917 0 12 1 1224979098644774918 1704 1 1224979098644774918 4 0 1702 1 1224979098644774918 1770 2 1224979098644774919 1224979098644774918 4 0 31 2 1224979098644774919 0 2105 2 1224979098644774916 1 5 0 31 2 1224979098644774919 1 2105 2 1224979098644774917 1 3 0 3 0 3 0 4 0 31 2 144115188075856384 0 4 0 1073741855 2 1224979098644774916 0 31 2 1224979098644774917 0 2133 2 144115188075856388 -1 2133 2 72057594037927936 144115188075856760 4 0 31 2 1224979098644774916 0 4 0 2147483679 2 1224979098644774917 0 2133 2 144115188075856388 1 3 0 4 0 31 2 144115188075856388 -1 5 0 31 2 144115188075856397 1 4 0 2147484065 0 1 1 936748722493063260 3 0 2121 3 1224979098644774920 2 144115188075856398 1 3 936748722493063263 16 1224979098644774920 5 0 1 3 936748722493063263 17 0 3 0 5 0 4 0 2147483679 2 1224979098644774916 0 2133 2 144115188075856388 0 3 0 4 0 31 2 144115188075856388 -1 5 0 31 2 144115188075856397 0 4 0 2147484065 0 1 1 936748722493063260 3 0 2121 3 1224979098644774920 2 144115188075856398 1 3 936748722493063263 16 1224979098644774920 5 0 1 3 936748722493063263 17 0 3 0 3 0 2370 1 144115188075856389 2133 2 144115188075856384 1 4 0 417 0 30 2 144115188075856388 0 2147483678 2 144115188075856388 2 2147483679 2 144115188075856388 -1 455 2 1224979098644774921 144115188075856388 2121 3 1224979098644774922 2 144115188075856398 2105 2 1224979098644774921 1224979098644774922 1 3 936748722493063252 144115188075856388 1224979098644774921 400 1 1224979098644774923 6 3 1224979098644774924 1 1224979098644774923 401 1 1224979098644774924 396 4 1224979098644774924 72 144115188075856388 1224979098644774921 3 0 3 0 4 0 2147483679 2 144115188075856397 144115188075856388 2147483679 2 144115188075856388 -1 2133 2 144115188075856398 2 3 0 3 0 3 0 3 0 4 0 417 0 1704 1 1224979098644774912 2147485355 1 1224979098644774912 30 2 1224979098644774912 0 1724 2 1224979098644774925 1224979098644774912 30 2 1224979098644774925 0 2124 1 100 1724 2 1224979098644774925 1224979098644774912 1710 2 0 1224979098644774912 726 2 1224979098644774926 0 727 2 1224979098644774927 0 728 2 1224979098644774928 0 508 3 1224979098644774925 29 1224979098644774926 508 3 1224979098644774925 30 1224979098644774927 508 3 1224979098644774925 31 1224979098644774928 3 0 
-16.000000 0.000000 0.000000  0  3 1 1 936748722493063291 2133 2 144115188075856371 0 900 1 1513209474796486673 
1.000000 0.000000 0.000000  3 417 0 31 2 144115188075856384 0 31 2 144115188075856398 2  10 2370 1 144115188075856389 2133 2 144115188075856384 1 415 1 1224979098644774912 1 2 936748722493063265 -9 400 1 1224979098644774913 6 3 1224979098644774914 1 1224979098644774913 401 1 1224979098644774914 2147483679 2 1224979098644774914 1224979098644774912 395 3 1224979098644774914 69 -9 3 0 
1.000000 0.000000 0.000000  5 417 0 31 2 144115188075856384 0 2370 1 1224979098644774912 2121 3 1224979098644774913 1224979098644774912 144115188075856385 30 2 1224979098644774913 144115188075856761  30 2370 1 144115188075856389 2133 2 144115188075856384 1 2133 2 144115188075856388 -9 415 1 1224979098644774912 2121 3 1224979098644774913 2 144115188075856398 1 3 936748722493063263 16 1224979098644774913 400 1 1224979098644774914 6 3 1224979098644774915 1 1224979098644774914 401 1 1224979098644774915 396 4 1224979098644774915 68 16 1224979098644774913 3 0 1 2 936748722493063265 144115188075856388 400 1 1224979098644774914 6 3 1224979098644774915 1 1224979098644774914 401 1 1224979098644774915 2147483679 2 1224979098644774915 1224979098644774912 395 3 1224979098644774915 69 144115188075856388 3 0 4 0 417 0 2133 2 144115188075856388 144115188075856397 455 2 1224979098644774916 144115188075856388 2121 3 1224979098644774917 2 144115188075856398 2105 2 1224979098644774916 1224979098644774917 1 3 936748722493063252 144115188075856388 1224979098644774916 6 3 1224979098644774915 1 1224979098644774914 401 1 1224979098644774915 396 4 1224979098644774915 72 144115188075856388 1224979098644774916 3 0 3 0 
10.000000 0.000000 0.000000  1 417 0  40 2133 2 1224979098644774912 0 2133 2 1224979098644774913 0 400 1 1224979098644774914 6 3 1224979098644774915 0 1224979098644774914 401 1 1224979098644774915 402 2 1224979098644774916 1224979098644774915 4 0 31 2 1224979098644774916 0 2105 2 1224979098644774912 1 5 0 31 2 1224979098644774916 1 2105 2 1224979098644774913 1 3 0 3 0 2121 3 1224979098644774917 1224979098644774912 1224979098644774913 2133 2 1224979098644774918 0 4 0 4 0 2122 3 1224979098644774919 144115188075856779 -1 2147483680 2 1224979098644774917 1224979098644774919 2123 3 1224979098644774918 1224979098644774917 -2 5 0 30 2 1224979098644774917 144115188075856779 2123 3 1224979098644774918 1224979098644774917 2 3 0 3 0 4 0 32 2 1224979098644774918 0 4 0 31 2 144115188075856390 0 2133 2 144115188075856390 1 1 3 936748722493063263 3 0 400 1 1224979098644774914 6 3 1224979098644774920 1 1224979098644774914 401 1 1224979098644774920 395 3 1224979098644774920 68 3 3 0 1 1 936748722493063210 3 0 3 0 
0.000000 0.000000 0.000000  3 417 0 31 2 144115188075856384 0 31 2 144115188075856391 2  177 2124 1 100 1811 3 1224979098644774912 1080863910568919943 0 1811 3 1224979098644774913 1080863910568919943 1 1811 3 1224979098644774914 144115188075856795 0 1811 3 1224979098644774915 144115188075856796 0 1850 2 1 1224979098644774912 1850 2 2 1224979098644774913 1850 2 3 1224979098644774914 1850 2 4 1224979098644774915 700 2 7 1 722 2 7 100 700 2 8 2 722 2 8 100 710 3 1224979098644774916 1 3 710 3 1224979098644774917 2 4 2133 2 1224979098644774918 0 2133 2 1224979098644774919 0 400 1 1224979098644774920 6 3 1224979098644774921 0 1224979098644774920 401 1 1224979098644774921 406 2 1224979098644774922 1224979098644774921 30 2 1224979098644774922 0 1704 1 1224979098644774922 1702 1 1224979098644774922 1770 2 1224979098644774923 1224979098644774922 1710 2 0 1224979098644774922 1714 2 1224979098644774924 1224979098644774922 31 2 1224979098644774924 -1 4 0 31 2 1224979098644774923 0 4 0 712 3 1224979098644774925 0 1 2147483678 2 1224979098644774925 1600 4 0 31 2 1224979098644774918 0 2133 2 1224979098644774918 1 5 0 31 2 1224979098644774918 -1 2133 2 1224979098644774918 -2 3 0 3 0 4 0 712 3 1224979098644774925 0 2 2147483678 2 1224979098644774925 1600 4 0 31 2 1224979098644774919 0 2133 2 1224979098644774919 -1 5 0 31 2 1224979098644774919 1 2133 2 1224979098644774919 -2 3 0 3 0 5 0 31 2 1224979098644774923 1 4 0 712 3 1224979098644774925 0 2 2147483678 2 1224979098644774925 1600 4 0 31 2 1224979098644774919 0 2133 2 1224979098644774919 1 5 0 2133 2 1224979098644774919 -2 3 0 3 0 4 0 712 3 1224979098644774925 0 1 2147483678 2 1224979098644774925 1600 4 0 31 2 1224979098644774918 0 2133 2 1224979098644774918 -1 5 0 31 2 1224979098644774918 1 2133 2 1224979098644774918 -2 3 0 3 0 3 0 3 0 4 0 30 2 1224979098644774916 800 2133 2 144115188075856388 0 400 1 1224979098644774920 1 2 936748722493063265 144115188075856388 6 3 1224979098644774921 1 1224979098644774920 401 1 1224979098644774921 395 3 1224979098644774921 69 144115188075856388 3 0 455 2 1224979098644774926 0 1 3 936748722493063252 0 1224979098644774926 6 3 1224979098644774921 1 1224979098644774920 401 1 1224979098644774921 396 4 1224979098644774921 72 0 1224979098644774926 3 0 2370 1 144115188075856389 2133 2 144115188075856384 1 5 0 30 2 1224979098644774917 800 2133 2 144115188075856388 1 400 1 1224979098644774920 1 2 936748722493063265 144115188075856388 6 3 1224979098644774921 1 1224979098644774920 401 1 1224979098644774921 395 3 1224979098644774921 69 144115188075856388 3 0 455 2 1224979098644774927 1 1 3 936748722493063252 1 1224979098644774927 6 3 1224979098644774921 1 1224979098644774920 401 1 1224979098644774921 396 4 1224979098644774921 72 1 1224979098644774927 3 0 1 3 936748722493063263 12 0 1 2 936748722493063266 144115188075856388 2370 1 144115188075856389 2133 2 144115188075856384 1 3 0 4 0 31 2 144115188075856384 0 728 2 1224979098644774928 3 1862 2 1224979098644774929 1224979098644774914 4 0 31 2 1224979098644774918 -2 31 2 1224979098644774929 1 1861 1 1224979098644774914 5 0 1073741855 2 1224979098644774918 0 31 2 1224979098644774918 -1 1863 2 9 1224979098644774914 728 2 1224979098644774930 9 1073741855 2 1224979098644774929 0 32 2 1224979098644774930 1224979098644774928 710 3 1224979098644774931 3 7 32 2 1224979098644774931 0 2107 2 1224979098644774931 16 1860 3 1224979098644774914 7 1224979098644774931 5 0 31 2 1224979098644774918 1 1863 2 9 1224979098644774914 728 2 1224979098644774930 9 1073741855 2 1224979098644774929 0 2147483678 2 1224979098644774930 1224979098644774928 700 2 5 1 722 2 5 800 710 3 1224979098644774931 3 5 32 2 1224979098644774931 0 2107 2 1224979098644774931 8 1860 3 1224979098644774914 5 1224979098644774931 3 0 728 2 1224979098644774932 4 1862 2 1224979098644774929 1224979098644774915 4 0 31 2 1224979098644774919 -2 31 2 1224979098644774929 1 1861 1 1224979098644774915 5 0 1073741855 2 1224979098644774919 0 31 2 1224979098644774919 -1 1863 2 9 1224979098644774915 728 2 1224979098644774933 9 1073741855 2 1224979098644774929 0 32 2 1224979098644774933 1224979098644774932 710 3 1224979098644774934 4 8 32 2 1224979098644774934 0 2107 2 1224979098644774934 16 1860 3 1224979098644774915 8 1224979098644774934 5 0 31 2 1224979098644774919 1 1863 2 9 1224979098644774915 728 2 1224979098644774933 9 1073741855 2 1224979098644774929 0 2147483678 2 1224979098644774933 1224979098644774932 700 2 6 2 722 2 6 800 710 3 1224979098644774934 4 6 32 2 1224979098644774934 0 2107 2 1224979098644774934 8 1860 3 1224979098644774915 6 1224979098644774934 3 0 3 0 
1.000000 0.000000 3.000000  5 417 0 31 2 144115188075856384 1 2370 1 1224979098644774912 2106 2 1224979098644774912 144115188075856389 30 2 1224979098644774912 144115188075856760  161 2133 2 1224979098644774912 0 2133 2 1224979098644774913 0 400 1 1224979098644774914 6 3 1224979098644774915 0 1224979098644774914 401 1 1224979098644774915 402 2 1224979098644774916 1224979098644774915 4 0 31 2 1224979098644774916 0 2105 2 1224979098644774912 1 5 0 31 2 1224979098644774916 1 2105 2 1224979098644774913 1 3 0 3 0 2121 3 1224979098644774917 1224979098644774912 1224979098644774913 2133 2 1224979098644774918 0 4 0 4 0 2122 3 1224979098644774919 144115188075856779 -1 2147483680 2 1224979098644774917 1224979098644774919 2123 3 1224979098644774918 1224979098644774917 -2 2133 2 1224979098644774920 1 2133 2 1224979098644774921 0 5 0 30 2 1224979098644774917 144115188075856779 2123 3 1224979098644774918 1224979098644774917 2 2133 2 1224979098644774920 0 2133 2 1224979098644774921 1 3 0 3 0 4 0 32 2 1224979098644774918 0 4 0 6 3 1224979098644774922 0 1224979098644774918 2133 2 1224979098644774923 0 2133 2 1224979098644774924 -1 400 1 1224979098644774914 6 3 1224979098644774925 0 1224979098644774914 401 1 1224979098644774925 402 2 1224979098644774916 1224979098644774925 31 2 1224979098644774916 1224979098644774920 528 3 1224979098644774926 1224979098644774925 21 4 0 32 2 1224979098644774926 1224979098644774923 2133 2 1224979098644774923 1224979098644774926 2133 2 1224979098644774924 1224979098644774925 3 0 3 0 4 0 30 2 1224979098644774924 0 4 0 406 2 1224979098644774927 1224979098644774924 30 2 1224979098644774927 0 1702 1 1224979098644774927 433 2 1224979098644774928 1224979098644774924 2105 2 1224979098644774928 1 434 2 1224979098644774924 1224979098644774928 435 2 1224979098644774929 1224979098644774924 2106 2 1224979098644774929 1 436 2 1224979098644774924 1224979098644774929 431 2 1224979098644774930 1224979098644774924 2105 2 1224979098644774930 1 432 2 1224979098644774924 1224979098644774930 6 3 1224979098644774925 1 1224979098644774914 401 1 1224979098644774925 398 6 1224979098644774925 86 1224979098644774924 1224979098644774930 1224979098644774928 1224979098644774929 3 0 460 2 1224979098644774931 1224979098644774924 407 2 1224979098644774932 1224979098644774924 2105 2 1224979098644774932 1224979098644774931 408 3 1224979098644774924 1224979098644774932 15000 3 0 405 2 1224979098644774924 -1 403 2 1224979098644774924 1224979098644774921 394 2 1224979098644774924 79 3 0 3 0 1 3 936748722493063263 2 0 415 1 1224979098644774933 400 1 1224979098644774914 6 3 1224979098644774925 0 1224979098644774914 401 1 1224979098644774925 2147483679 2 1224979098644774933 1224979098644774925 395 3 1224979098644774925 68 2 3 0 2133 2 144115188075856390 0 3 0 3 0 2133 2 144115188075856390 0 400 1 1224979098644774914 6 3 1224979098644774925 0 1224979098644774914 401 1 1224979098644774925 406 2 1224979098644774934 1224979098644774925 30 2 1224979098644774934 0 1702 1 1224979098644774934 459 1 1224979098644774925 460 2 1224979098644774931 1224979098644774925 508 3 1224979098644774925 1 1224979098644774931 3 0 2133 2 1224979098644774935 500 2107 2 1224979098644774935 144115188075856785 2108 2 1224979098644774935 100 2121 3 1224979098644774936 2 144115188075856398 2122 3 1224979098644774937 1224979098644774936 100 2122 3 1224979098644774938 144115188075856398 100 2105 2 1224979098644774937 100 2106 2 1224979098644774938 100 400 1 1224979098644774914 2107 2 1224979098644774937 144115188075856785 2108 2 1224979098644774937 100 2107 2 1224979098644774938 144115188075856785 2108 2 1224979098644774938 100 6 3 1224979098644774925 0 1224979098644774914 401 1 1224979098644774925 548 3 1224979098644774925 0 1 407 2 1224979098644774932 1224979098644774925 402 2 1224979098644774916 1224979098644774925 2105 2 1224979098644774932 1224979098644774935 4 0 31 2 1224979098644774916 144115188075856397 2105 2 1224979098644774932 1224979098644774937 5 0 2105 2 1224979098644774932 1224979098644774938 3 0 4 0 528 3 1224979098644774931 1224979098644774925 1 2120 3 1224979098644774939 1224979098644774932 1224979098644774931 2122 3 1224979098644774940 144115188075856783 10 2147483678 2 1224979098644774939 1224979098644774940 2121 3 1224979098644774941 1224979098644774940 1224979098644774939 2105 2 1224979098644774932 1224979098644774941 3 0 408 3 1224979098644774925 1224979098644774932 15000 3 0 6 3 1224979098644774925 0 1224979098644774914 401 1 1224979098644774925 508 3 1224979098644774925 0 0 3 0 2133 2 144115188075856386 -1 416 0 400 1 1224979098644774914 6 3 1224979098644774925 1 1224979098644774914 401 1 1224979098644774925 508 3 1224979098644774925 32 0 508 3 1224979098644774925 33 0 3 0 1 1 936748722493063285 1 1 936748722493063249 1 1 936748722493063250 2133 2 144115188075856384 0 2133 2 144115188075856369 144115188075856770 2133 2 144115188075856370 144115188075856771 900 1 1513209474796486671 1 1 936748722493063261 2370 1 144115188075856385 1 1 936748722493063234 400 1 1224979098644774914 6 3 1224979098644774925 0 1224979098644774914 401 1 1224979098644774925 395 3 1224979098644774925 78 -9999 3 0 
0.000000 0.000000 0.000000  0  22 2133 2 1224979098644774912 144115188075856770 2133 2 1224979098644774913 144115188075856771 400 1 1224979098644774914 6 3 1224979098644774915 0 1224979098644774914 401 1 1224979098644774915 402 2 1224979098644774916 1224979098644774915 4 0 31 2 1224979098644774916 0 2105 2 1224979098644774912 1 5 0 31 2 1224979098644774916 1 2105 2 1224979098644774913 1 3 0 3 0 4 0 1073741855 2 1224979098644774912 0 31 2 1224979098644774913 0 2370 1 1224979098644774917 2106 2 1224979098644774917 144115188075856385 2147483680 2 1224979098644774917 2 2370 1 144115188075856385 3 0 
1.000000 0.000000 0.000000  0  77 417 0 400 1 1224979098644774912 6 3 1224979098644774913 0 1224979098644774912 401 1 1224979098644774913 2147484086 1 1224979098644774913 4 0 548 3 1224979098644774913 0 0 402 2 1224979098644774914 1224979098644774913 2147483678 2 1224979098644774914 2 404 2 1224979098644774915 1224979098644774913 30 2 1224979098644774915 0 2133 2 1224979098644774916 0 2133 2 1224979098644774917 0 2133 2 1224979098644774918 0 4 0 2133 2 1224979098644774919 0 400 1 1224979098644774912 6 3 1224979098644774920 0 1224979098644774912 401 1 1224979098644774920 2105 2 1224979098644774919 1 402 2 1224979098644774921 1224979098644774920 4 0 31 2 1224979098644774921 0 2105 2 1224979098644774917 1 5 0 31 2 1224979098644774921 1 2105 2 1224979098644774918 1 3 0 3 0 2122 3 1224979098644774922 1224979098644774917 1224979098644774918 2370 1 1224979098644774923 2106 2 1224979098644774923 144115188075856385 3221225502 2 1224979098644774923 30 3221225504 2 1224979098644774919 2 31 2 1224979098644774922 0 31 2 144115188075856384 0 2133 2 1224979098644774916 1 3 0 31 2 1224979098644774916 1 4 0 31 2 1224979098644774914 0 2133 2 1224979098644774924 0 5 0 31 2 1224979098644774914 1 2133 2 1224979098644774924 32 3 0 1 2 936748722493063308 1224979098644774913 409 2 1224979098644774913 1224979098644774924 508 3 1224979098644774913 0 1 5 0 31 2 144115188075856780 1 406 2 1224979098644774925 1224979098644774913 30 2 1224979098644774925 0 2147485350 1 1224979098644774925 1760 2 1224979098644774926 1224979098644774925 32 2 1224979098644774926 144115188075856760 402 2 1224979098644774914 1224979098644774913 2133 2 1224979098644774927 0 12 1 1224979098644774928 31 2 1224979098644774927 0 1702 1 1224979098644774928 1704 1 1224979098644774928 1707 1 1224979098644774928 1770 2 1224979098644774929 1224979098644774928 31 2 1224979098644774929 1224979098644774914 2133 2 1224979098644774927 1 3 0 4 0 31 2 1224979098644774927 1 1 2 936748722493063267 1224979098644774913 421 2 1224979098644774913 72057594037927936 528 3 1224979098644774930 1224979098644774913 0 2105 2 1224979098644774930 1 508 3 1224979098644774913 0 1224979098644774930 3 0 3 0 3 0 
0.000000 0.000000 0.000000  0  119 417 0 31 2 144115188075856366 1 2120 3 1224979098644774912 144115188075856369 144115188075856370 4 0 32 2 1224979098644774912 0 4 0 1073741855 2 144115188075856367 2 1073741855 2 144115188075856367 3 31 2 144115188075856367 6 455 2 1224979098644774913 0 455 2 1224979098644774914 1 2120 3 1224979098644774915 1224979098644774913 1224979098644774914 31 2 1224979098644774915 0 2370 1 1224979098644774916 2106 2 1224979098644774916 144115188075856385 2147483678 2 1224979098644774916 20 2133 2 1224979098644774917 0 5 0 2133 2 1224979098644774917 1 3 0 31 2 1224979098644774917 1 2136 3 1224979098644774918 0 1224979098644774912 2106 2 1224979098644774918 144115188075856369 4 0 2147483678 2 1224979098644774918 0 2133 2 1224979098644774919 0 5 0 2133 2 1224979098644774919 1 3 0 4 0 1073741855 2 144115188075856367 2 31 2 144115188075856367 3 2370 1 1224979098644774916 2106 2 1224979098644774916 144115188075856385 4 0 2147483680 2 1224979098644774916 20 2133 2 1224979098644774920 0 5 0 2133 2 1224979098644774920 1 3 0 5 0 2133 2 1224979098644774920 1 3 0 1 3 936748722493063304 1224979098644774919 1224979098644774920 2133 2 1224979098644774921 72057594037927936 2133 2 1224979098644774922 72057594037927937 458 2 1224979098644774923 1224979098644774919 2133 2 1224979098644774924 0 6 3 1224979098644774925 360287970189641354 360287970189641370 2173 2 1224979098644774926 1224979098644774925 31 2 1224979098644774926 1224979098644774923 2105 2 1224979098644774924 1 3 0 2133 2 1224979098644774927 0 400 1 1224979098644774928 6 3 1224979098644774929 0 1224979098644774928 401 1 1224979098644774929 402 2 1224979098644774930 1224979098644774929 31 2 1224979098644774919 1224979098644774930 2133 2 1224979098644774931 0 2120 3 1224979098644774932 35 1224979098644774924 6 3 1224979098644774933 35 1224979098644774932 568 3 1224979098644774929 1224979098644774933 1 2133 2 1224979098644774931 1 2133 2 1224979098644774932 0 3 0 30 2 1224979098644774931 1 2105 2 1224979098644774927 1 3 0 4 0 1073741854 2 1224979098644774922 0 31 2 1224979098644774927 0 1541 3 1224979098644774934 1224979098644774921 8 4 0 30 2 1224979098644774934 0 2133 2 1224979098644774935 1 5 0 2133 2 1224979098644774935 0 3 0 4 0 31 2 144115188075856367 6 2370 1 1224979098644774916 2106 2 1224979098644774916 144115188075856385 4 0 2147483678 2 1224979098644774916 20 4 0 31 2 1224979098644774919 0 1 4 936748722493063306 1224979098644774919 1 1224979098644774935 5 0 2133 2 72057594037927936 32 3 0 5 0 1 4 936748722493063306 1224979098644774919 0 1224979098644774935 3 0 5 0 1073741855 2 144115188075856367 2 31 2 144115188075856367 3 4 0 31 2 1224979098644774919 0 2133 2 72057594037927936 0 5 0 2133 2 72057594037927936 32 3 0 5 0 1 4 936748722493063306 1224979098644774919 0 1224979098644774935 3 0 2211 1 1224979098644774936 1261 1 1224979098644774936 1265 5 72057594037927936 1224979098644774921 1 1224979098644774919 1224979098644774922 2133 2 144115188075856366 0 4 0 31 2 1224979098644774919 0 2106 2 144115188075856369 1 5 0 31 2 1224979098644774919 1 2106 2 144115188075856370 1 3 0 3 0 3 0 
3.000000 0.000000 0.000000  0  16 417 0 12 1 1224979098644774912 1707 1 1224979098644774912 1704 1 1224979098644774912 1702 1 1224979098644774912 1765 2 1224979098644774913 1224979098644774912 4 0 2147484049 1 1224979098644774913 1 2 936748722493063305 1224979098644774912 5 0 402 2 1224979098644774914 1224979098644774913 1770 2 1224979098644774915 1224979098644774912 2147483679 2 1224979098644774914 1224979098644774915 1 2 936748722493063305 1224979098644774912 3 0 3 0 
1.000000 0.000000 0.000000  0  68 417 0 2133 2 1224979098644774912 0 4 0 1073741855 2 144115188075856367 2 1073741855 2 144115188075856367 3 31 2 144115188075856367 6 4 0 31 2 144115188075856384 1 2370 1 1224979098644774913 2106 2 1224979098644774913 144115188075856389 2121 3 1224979098644774914 144115188075856760 1 30 2 1224979098644774913 1224979098644774914 2370 1 1224979098644774915 4 0 1073741855 2 144115188075856367 2 31 2 144115188075856367 3 2133 2 1224979098644774916 90 5 0 2133 2 1224979098644774916 120 3 0 2122 3 1224979098644774917 144115188075856762 60 2121 3 1224979098644774918 1224979098644774917 1224979098644774916 32 2 1224979098644774915 1224979098644774918 2133 2 1224979098644774912 1 3 0 31 2 1224979098644774912 1 5 0 2147483679 2 144115188075856367 2 2147483679 2 144115188075856367 3 2147483679 2 144115188075856367 6 2147483679 2 144115188075856367 5 2370 1 1224979098644774915 2122 3 1224979098644774917 144115188075856762 60 32 2 1224979098644774915 1224979098644774917 2133 2 1224979098644774912 1 5 0 455 2 1224979098644774919 0 455 2 1224979098644774920 1 4 0 2147483679 2 144115188075856367 5 4 0 1073741854 2 1224979098644774919 144115188075856763 30 2 1224979098644774920 144115188075856763 2133 2 1224979098644774912 1 3 0 5 0 2133 2 1224979098644774921 0 400 1 1224979098644774922 6 3 1224979098644774923 0 1224979098644774922 401 1 1224979098644774923 406 2 1224979098644774924 1224979098644774923 30 2 1224979098644774924 0 2147485355 1 1224979098644774924 2133 2 1224979098644774921 1 2133 2 1224979098644774922 0 3 0 31 2 1224979098644774921 1 3221225504 2 1224979098644774919 0 2147483680 2 1224979098644774920 0 2133 2 1224979098644774912 1 3 0 3 0 4 0 31 2 1224979098644774912 1 1 2 936748722493063279 144115188075856367 470 3 72057594037927936 144115188075856466 0 1 1 936748722493063174 3 0 
-21.000000 0.000000 0.000000  0  5 4 0 31 2 144115188075856368 0 2133 2 144115188075856371 1 900 1 1513209474796486673 3 0 
0.000000 0.000000 100000000.000000  0  1 900 1 1513209474796486660 
-24.000000 0.000000 0.000000  0  2 900 1 1513209474796486667 900 1 1513209474796486668 
-23.000000 0.000000 0.000000  0  4 2147484551 1 1513209474796486675 2147484551 1 1513209474796486673 31 2 144115188075856383 0 900 1 1513209474796486675 


mst_bandit_lair bandit_lair 65538  8
Ambushing_a_bandit_lair 

11 0 33558528 256 16 7 0  
1 8208 256 16 20 0  
2 8208 256 16 20 0  
3 8208 256 16 20 0  
4 8208 256 16 20 0  
5 8208 256 16 20 0  
6 8208 256 16 20 0  
7 8208 256 16 20 0  
8 8208 256 16 20 0  
9 8208 256 16 20 0  
10 8208 256 16 20 0  
14
-25.000000 0.000000 0.000000  0  3 2071 1 1224979098644774912 1718 2 1224979098644774913 1224979098644774912 1 4 936748722493063611 1729382256910270468 1224979098644774912 1224979098644774913 
-22.000000 0.000000 0.000000  1 1106 1 216172782113783923  0 
-25.000000 0.000000 0.000000  0  16 2071 1 1224979098644774912 2133 2 144115188075857026 0 4 0 1704 1 1224979098644774912 1702 1 1224979098644774912 1770 2 1224979098644774913 1224979098644774912 31 2 1224979098644774913 1 1710 2 4 1224979098644774912 1730 3 1224979098644774912 4 1 3 0 4 0 1718 2 1224979098644774914 1224979098644774912 33 3 1224979098644774914 360287970189641425 360287970189641426 1771 2 1224979098644774912 7 1796 3 0 7 0 3 0 
0.000000 0.000000 0.000000  4 1609 2 1224979098644774912 144115188075856273 31 2 1224979098644774912 576460752303423504 200 1 504403158265495640 31 2 144115188075857026 0  11 1700 1 1224979098644774912 1710 2 0 1224979098644774912 12 1 1224979098644774913 1718 2 1224979098644774914 1224979098644774913 33 3 1224979098644774914 360287970189641425 360287970189641426 1730 2 1224979098644774913 0 1710 2 1 1224979098644774913 710 3 1224979098644774915 0 1 2147483680 2 1224979098644774915 200 1920 1 360287970189641425 3 0 
-21.000000 0.000000 0.000000  1 1106 1 216172782113786879  0 
1.000000 0.000000 100000000.000000  0  2 2133 2 144115188075856298 0 2133 2 144115188075856945 0 
1.000000 0.000000 0.000000  0  54 12 1 1224979098644774912 1702 1 1224979098644774912 1770 2 1224979098644774913 1224979098644774912 31 2 1224979098644774913 1 1693 1 1224979098644774912 1704 1 1224979098644774912 1710 2 0 1224979098644774912 12 1 1224979098644774914 1702 1 1224979098644774914 1770 2 1224979098644774915 1224979098644774914 31 2 1224979098644774915 0 1704 1 1224979098644774914 1720 2 1224979098644774916 1224979098644774912 2133 2 1224979098644774917 0 4 0 2147483678 2 1224979098644774916 100 12 1 1224979098644774918 1702 1 1224979098644774918 1770 2 1224979098644774919 1224979098644774918 31 2 1224979098644774919 1 2147483679 2 1224979098644774912 1224979098644774918 1693 1 1224979098644774918 1704 1 1224979098644774918 1710 2 1 1224979098644774912 1710 2 2 1224979098644774918 710 3 1224979098644774920 1 2 2147483680 2 1224979098644774920 1000 1735 1 1224979098644774918 3 0 2133 2 1224979098644774917 1 5 0 1710 2 1 1224979098644774912 1710 2 2 1224979098644774914 710 3 1224979098644774920 1 2 2147483680 2 1224979098644774920 4000 12 1 1224979098644774918 1702 1 1224979098644774918 1770 2 1224979098644774919 1224979098644774918 31 2 1224979098644774919 1 2147483679 2 1224979098644774912 1224979098644774918 1693 1 1224979098644774918 1704 1 1224979098644774918 1710 2 1 1224979098644774912 1710 2 2 1224979098644774918 710 3 1224979098644774920 1 2 2147483680 2 1224979098644774920 1000 1735 1 1224979098644774918 3 0 2133 2 1224979098644774917 1 3 0 31 2 1224979098644774917 1 1735 1 1224979098644774912 3 0 3 0 
30.000000 0.000000 0.000000  1 2147483680 2 144115188075856298 1  36 2171 2 1224979098644774912 360287970189639680 2120 3 1224979098644774913 5 1224979098644774912 2108 2 1224979098644774913 3 2147483678 2 144115188075856945 1224979098644774913 2105 2 144115188075856945 1 1609 2 1224979098644774914 144115188075856273 2136 3 1224979098644774915 0 2 4 0 31 2 1224979098644774914 576460752303423505 31 2 1224979098644774915 0 2133 2 1224979098644774916 360287970189639874 5 0 31 2 1224979098644774914 576460752303423506 31 2 1224979098644774915 0 2133 2 1224979098644774916 360287970189639877 5 0 31 2 1224979098644774914 576460752303423507 31 2 1224979098644774915 0 2133 2 1224979098644774916 360287970189639881 5 0 31 2 1224979098644774914 576460752303423508 31 2 1224979098644774915 0 2133 2 1224979098644774916 360287970189639883 5 0 31 2 1224979098644774914 576460752303423509 31 2 1224979098644774915 0 2133 2 1224979098644774916 360287970189639886 5 0 1073741855 2 1224979098644774914 576460752303423504 2147483679 2 1224979098644774915 0 2133 2 1224979098644774916 360287970189639889 3 0 2211 1 1224979098644774917 1261 1 1224979098644774917 2136 3 1224979098644774918 2 11 1265 3 1224979098644774918 1224979098644774916 1 
-26.000000 0.000000 0.000000  0  72 2071 1 1224979098644774912 2073 1 1224979098644774913 4 0 30 2 1224979098644774912 0 1704 1 1224979098644774912 1718 2 1224979098644774914 1224979098644774912 2322 2 6 1224979098644774914 4 0 2147485354 1 1224979098644774912 1610 3 648518346341351442 1224979098644774914 1 4 0 31 2 1224979098644774913 1 1618 3 648518346341351442 1224979098644774914 1 3 0 3 0 1610 3 648518346341351428 1224979098644774914 1 31 2 1224979098644774913 1 1618 3 648518346341351428 1224979098644774914 1 3 0 2133 2 1224979098644774915 0 12 1 1224979098644774916 1707 1 1224979098644774916 1704 1 1224979098644774916 1702 1 1224979098644774916 2147485354 1 1224979098644774916 2105 2 1224979098644774915 1 3 0 4 0 2147483680 2 1224979098644774915 2 2147483680 2 144115188075856298 1 2105 2 144115188075856298 1 2171 2 1224979098644774917 360287970189639680 2120 3 1224979098644774918 5 1224979098644774917 2108 2 1224979098644774918 3 4 0 30 2 144115188075856298 2 2106 2 1224979098644774918 144115188075856945 3 0 1609 2 1224979098644774919 144115188075856273 2136 3 1224979098644774920 0 2 4 0 31 2 1224979098644774919 576460752303423505 31 2 1224979098644774920 0 2133 2 1224979098644774921 360287970189639874 5 0 31 2 1224979098644774919 576460752303423506 31 2 1224979098644774920 0 2133 2 1224979098644774921 360287970189639877 5 0 31 2 1224979098644774919 576460752303423507 31 2 1224979098644774920 0 2133 2 1224979098644774921 360287970189639881 5 0 31 2 1224979098644774919 576460752303423508 31 2 1224979098644774920 0 2133 2 1224979098644774921 360287970189639883 5 0 31 2 1224979098644774919 576460752303423509 31 2 1224979098644774920 0 2133 2 1224979098644774921 360287970189639886 5 0 1073741855 2 1224979098644774919 576460752303423504 2147483679 2 1224979098644774920 0 2133 2 1224979098644774921 360287970189639889 3 0 2211 1 1224979098644774922 1261 1 1224979098644774922 6 3 1224979098644774923 0 1224979098644774918 2136 3 1224979098644774924 2 11 1265 3 1224979098644774924 1224979098644774921 1 3 0 3 0 
0.000000 0.000000 100000000.000000  0  2 1 2 936748722493063691 4096 1020 0 
2.000000 0.000000 100000000.000000  2 2147484654 0 1005 1 1  31 1609 2 1224979098644774912 144115188075856273 4 0 31 2 1224979098644774912 576460752303423504 200 1 504403158265495640 2204 2 1224979098644774913 144115188075857016 4 0 31 2 1224979098644774913 432345564227567631 2133 2 1224979098644774914 360287970189641425 5 0 31 2 1224979098644774913 432345564227567632 2133 2 1224979098644774914 360287970189641425 5 0 31 2 1224979098644774913 432345564227567633 2133 2 1224979098644774914 360287970189641425 5 0 31 2 1224979098644774913 432345564227567634 2133 2 1224979098644774914 360287970189641425 3 0 1700 1 1224979098644774915 1710 2 0 1224979098644774915 2133 2 1224979098644774916 100000 6 3 1224979098644774917 1 10 1780 2 1 1224979098644774917 710 3 1224979098644774918 0 1 2147483680 2 1224979098644774918 1224979098644774916 30 2 1224979098644774918 1000 2133 2 1224979098644774919 1224979098644774917 2133 2 1224979098644774916 1224979098644774918 3 0 1265 4 1224979098644774919 1224979098644774914 1 0 3 0 
0.000000 0.000000 0.000000  2 73 1 22 2147484551 1 1513209474796486719  1 900 1 1513209474796486719 
0.100000 0.000000 0.000000  1 903 1 1513209474796486719  1 1 1 936748722493063562 
1.000000 4.000000 100000000.000000  18 2133 2 1224979098644774912 0 1609 2 1224979098644774913 144115188075856273 4 0 31 2 1224979098644774913 576460752303423504 200 1 504403158265495640 1073742830 0 31 2 144115188075857026 1 2133 2 1224979098644774912 1 5 0 3221225503 2 1224979098644774913 576460752303423504 2147483848 1 504403158265495640 2370 1 1224979098644774914 30 2 1224979098644774914 5 1073742830 0 1005 1 1 2133 2 1224979098644774912 1 3 0 31 2 1224979098644774912 1  6 4 0 1006 0 5 0 501 3 144115188075856273 8 2 3 0 1907 0 


mst_dac_bandit_lair dac_bandit_lair 65538  8
Ambushing_a_bandit_lair 

12 0 8320 256 16 12 0  
0 8320 256 16 0 0  
10 4160 256 16 0 0  
11 4160 256 16 7 0  
15 4160 256 16 0 0  
40 135232 256 16 1 0  
41 135232 256 16 1 0  
42 135232 256 16 1 0  
43 135232 256 16 1 0  
44 135232 256 16 1 0  
45 135232 256 16 1 0  
46 135232 256 16 1 0  
40
-25.000000 0.000000 0.000000  0  3 2071 1 1224979098644774912 1718 2 1224979098644774913 1224979098644774912 1 4 936748722493063611 1729382256910270468 1224979098644774912 1224979098644774913 
-22.000000 0.000000 0.000000  1 1106 1 216172782113783923  0 
0.000000 0.000000 100000000.000000  0  6 2133 2 144115188075856297 0 2133 2 144115188075856298 0 2133 2 144115188075856299 0 1 2 936748722493063691 262144 1 1 936748722493063893 2133 2 144115188075857222 0 
0.000000 0.000000 100000000.000000  4 2133 2 144115188075856302 0 2133 2 144115188075856303 1 2133 2 144115188075856304 2 2133 2 144115188075856305 3  0 
0.000000 1.000000 100000000.000000  31 4 0 31 2 144115188075857104 0 12 1 1224979098644774912 1712 1 1224979098644774912 1770 2 1224979098644774913 1224979098644774912 1073741855 2 1224979098644774913 144115188075856302 31 2 1224979098644774913 144115188075856304 1718 2 1224979098644774914 1224979098644774912 2147485155 1 1224979098644774914 153 1 1224979098644774914 154 1 1224979098644774914 152 1 1224979098644774914 2133 2 1224979098644774915 4 6 3 1224979098644774916 0 1224979098644774915 1804 3 1224979098644774917 1224979098644774912 1224979098644774916 32 2 1224979098644774917 -1 1570 2 1224979098644774918 1224979098644774917 33 3 1224979098644774918 8 10 2133 2 1224979098644774915 0 2325 2 2 1224979098644774917 3 0 2332 2 1 1224979098644774912 1106 1 1585267068834414930 4 0 31 2 1224979098644774915 0 1783 2 1224979098644774912 1 5 0 1783 2 1224979098644774912 0 3 0 3 0 3 0  16 1107 1 0 1780 2 10 10 6 3 1224979098644774912 0 9 2147483679 2 1224979098644774912 1 1790 3 144115188075856302 1224979098644774912 0 1790 3 144115188075856302 1224979098644774912 7 1790 3 144115188075856302 1224979098644774912 7 1790 3 144115188075856304 1224979098644774912 0 1790 3 144115188075856304 1224979098644774912 7 1790 3 144115188075856304 1224979098644774912 7 3 0 1790 3 144115188075856302 1 11 1791 3 144115188075856302 9 10 1790 3 144115188075856304 1 11 1791 3 144115188075856304 9 10 1107 1 1 
0.000000 2.000000 100000000.000000  0  3 12 1 1224979098644774912 505 3 1224979098644774912 5 1 3 0 
3.000000 0.000000 5.000000  0  25 2147483678 2 144115188075856298 7 2370 1 1224979098644774912 30 2 1224979098644774912 10 2385 2 1224979098644774913 0 2147483678 2 1224979098644774913 8 1930 2 4 7 2105 2 144115188075856298 1 4 0 1700 1 1224979098644774914 1770 2 1224979098644774915 1224979098644774914 2147483679 2 1224979098644774915 144115188075856302 2147483679 2 1224979098644774915 144115188075856304 30 2 144115188075856298 2 1107 1 0 1790 3 144115188075856302 0 2 1790 3 144115188075856304 0 2 1790 3 144115188075856302 2 2 1790 3 144115188075856304 2 2 1107 1 1 30 2 144115188075856298 4 1107 1 0 1790 3 144115188075856302 9 2 1790 3 144115188075856304 9 2 1107 1 1 3 0 
2.000000 0.000000 0.000000  1 32 2 144115188075856298 0  1 1 1 936748722493063552 
1.000000 0.000000 5.000000  5 2147483678 2 144115188075856299 5 2370 1 1224979098644774912 30 2 1224979098644774912 10 2385 2 1224979098644774913 1 2147483678 2 1224979098644774913 6  2 1930 2 1 8 2105 2 144115188075856299 1 
0.100000 0.000000 0.000000  1 903 1 1513209474796486719  1 1 1 936748722493063562 
-21.000000 0.000000 0.000000  0  19 4 0 31 2 144115188075856297 1 501 3 144115188075856273 8 2 1907 1 0 5 0 31 2 144115188075857105 0 1073742830 0 31 2 144115188075856292 1 1121 1 216172782113783948 1 3 936748722493063508 5 20 2320 2 5 216172782113784204 1906 1 -1 1907 1 0 5 0 1 1 936748722493063406 1121 1 216172782113783948 5 0 1106 1 216172782113783952 3 0 
-8.000000 0.000000 0.000000  0  11 2071 1 1224979098644774912 31 2 1224979098644774912 0 2133 2 144115188075856292 0 4 0 2370 1 1224979098644774913 32 2 1224979098644774913 20 2320 2 5 216172782113784204 1 4 936748722493063508 10 20 1 3 0 1 1 936748722493063624 1907 1 0 
0.000000 0.000000 100000000.000000  0  2 1 2 936748722493063691 4096 1020 0 
1.000000 60.000000 100000000.000000  10 2370 1 72057594037927937 30 2 72057594037927937 10 1003 1 5 1073741855 2 144115188075857105 0 2147484654 0 1906 1 1 1106 1 216172782113783831 2133 2 144115188075856297 1 2133 2 144115188075856168 1 1 1 936748722493063693  3 1 1 936748722493063624 1907 1 1 501 3 144115188075856273 8 2 
1.000000 4.000000 0.000000  1 1006 0  20 4 0 1 1 936748722493063889 5 0 2133 2 144115188075856292 1 1700 1 1224979098644774912 1770 2 1224979098644774913 1224979098644774912 4 0 2147483679 2 144115188075856303 1224979098644774913 2147483679 2 144115188075856305 1224979098644774913 2320 2 5 216172782113784205 1 4 936748722493063508 8 15 0 5 0 2320 2 5 216172782113784204 1 4 936748722493063508 5 20 0 3 0 2133 2 144115188075856168 -1 1906 1 -1 1 1 936748722493063624 1907 1 0 3 0 
0.000000 1.500000 0.000000  20 73 1 5 1003 1 2 1700 1 72057594037927946 1702 1 72057594037927946 4 0 1714 2 72057594037927948 72057594037927946 30 2 72057594037927948 0 1740 2 72057594037927946 1801439850948198897 1740 2 72057594037927948 1801439850948198970 5 0 1740 2 72057594037927946 1801439850948198896 3 0 1718 2 72057594037927947 72057594037927946 4 0 31 2 144115188075857201 0 1 2 936748722493063959 72057594037927947 32 2 72057594037927937 -1 1750 2 72057594037927946 72057594037927937 3 0 2133 2 144115188075857201 1  1 2133 2 144115188075857201 2 
0.000000 0.000000 0.000000  2 31 2 144115188075857201 2 2147483720 1 5  9 1700 1 72057594037927946 1714 2 72057594037927948 72057594037927946 4 0 30 2 72057594037927948 0 1740 2 72057594037927946 1801439850948198899 5 0 1740 2 72057594037927946 1801439850948198898 3 0 2133 2 144115188075857201 0 
-20.000000 0.000000 0.000000  0  2 2008 1 4278190080 2009 2 0 2500 
-25.000000 0.000000 0.000000  1 30 2 144115188075856199 4  21 2071 1 1224979098644774912 1704 1 1224979098644774912 1718 2 1224979098644774913 1224979098644774912 2147485155 1 1224979098644774913 2173 2 1224979098644774914 1224979098644774913 4 0 1716 2 1224979098644774915 1224979098644774912 132 1 1224979098644774915 2204 2 1224979098644774916 1224979098644774915 1 3 936748722493063852 360287970189639680 1224979098644774916 30 2 72057594037927936 60 2133 2 1224979098644774914 432345564227567630 3 0 522 3 1224979098644774917 1224979098644774914 40 2136 3 1224979098644774918 -100 1224979098644774917 4 0 2147483680 2 1224979098644774918 0 1505 2 1224979098644774913 0 5 0 1505 2 1224979098644774913 1 3 0 
1.000000 0.000000 0.000000  1 31 2 144115188075857104 0  26 12 1 1224979098644774912 1702 1 1224979098644774912 1704 1 1224979098644774912 1714 2 1224979098644774913 1224979098644774912 4 0 30 2 1224979098644774913 0 1720 2 1224979098644774914 1224979098644774913 2121 3 1224979098644774915 100 1224979098644774914 4 0 2147483680 2 1224979098644774915 15 2108 2 1224979098644774915 2 2120 3 1224979098644774916 100 1224979098644774915 5 0 2107 2 1224979098644774915 2 2108 2 1224979098644774915 3 2121 3 1224979098644774916 115 1224979098644774915 3 0 1718 2 1224979098644774917 1224979098644774912 2170 3 1224979098644774918 24 1224979098644774917 2122 3 1224979098644774919 1224979098644774918 2 2105 2 1224979098644774919 100 2107 2 1224979098644774916 1224979098644774919 2108 2 1224979098644774916 100 1734 2 1224979098644774912 1224979098644774916 3 0 3 0 
0.000000 0.000000 0.000000  11 31 2 144115188075857110 2 1073741896 1 0 1073741896 1 1 1073741896 1 2 1073741896 1 3 1073741894 1 144115188075857228 1073741894 1 144115188075857229 1073741894 1 144115188075857227 1073741894 1 144115188075857226 1073741895 1 199 72 1 19  65 2124 1 10000 2010 1 47 2133 2 1224979098644774912 0 2133 2 1224979098644774913 0 2133 2 1224979098644774914 0 4 0 72 1 0 2105 2 1224979098644774913 10 5 0 72 1 1 2105 2 1224979098644774913 -10 3 0 4 0 72 1 3 2105 2 1224979098644774912 10 5 0 72 1 2 2105 2 1224979098644774912 -10 3 0 4 0 70 1 144115188075857226 2105 2 1224979098644774914 10 5 0 70 1 144115188075857227 2105 2 1224979098644774914 -10 3 0 4 0 72 1 19 2107 2 1224979098644774912 4 2107 2 1224979098644774913 4 2107 2 1224979098644774914 2 3 0 720 2 47 1224979098644774912 721 2 47 1224979098644774913 722 2 47 1224979098644774914 2011 1 47 4 0 70 1 144115188075857228 30 2 144115188075857188 4 30 2 144115188075857189 3 2106 2 144115188075857188 4 2106 2 144115188075857189 3 2119 3 72057594037927942 144115188075857188 100 2119 3 72057594037927943 144115188075857189 75 4 0 31 2 72057594037927942 0 31 2 72057594037927943 0 2133 2 72057594037927944 144115188075857188 2133 2 72057594037927945 144115188075857189 1106 1 1585267068834414919 3 0 5 0 70 1 144115188075857229 2105 2 144115188075857188 4 2105 2 144115188075857189 3 2119 3 72057594037927942 144115188075857188 100 2119 3 72057594037927943 144115188075857189 75 4 0 31 2 72057594037927942 0 31 2 72057594037927943 0 2133 2 72057594037927944 144115188075857188 2133 2 72057594037927945 144115188075857189 1106 1 1585267068834414920 3 0 3 0 
0.000000 0.000000 0.000000  1 31 2 144115188075857110 2  138 2124 1 10000 4 0 1073742727 1 1513209474796486719 1073741895 1 1 1073741895 1 16 71 1 15 31 2 144115188075857190 0 2133 2 144115188075857190 1 2133 2 144115188075857191 144115188075857194 2133 2 144115188075857192 144115188075857195 3 0 2133 2 1224979098644774912 0 4 0 2147484551 1 1513209474796486719 75 1 1 726 2 72057594037927937 1 727 2 72057594037927938 1 2010 1 47 4 0 2147483679 2 144115188075857190 1 4 0 31 2 72057594037927937 144115188075857196 31 2 72057594037927938 144115188075857197 3221225503 2 72057594037927937 144115188075857194 2147483679 2 72057594037927938 144115188075857195 2105 2 144115188075857193 1 4 0 30 2 144115188075857193 15 2133 2 144115188075857193 0 2133 2 144115188075857194 72057594037927937 2133 2 144115188075857195 72057594037927938 3 0 5 0 2133 2 1224979098644774912 1 2133 2 144115188075857193 0 3 0 2133 2 144115188075857196 72057594037927937 2133 2 144115188075857197 72057594037927938 5 0 4 0 2147483679 2 72057594037927937 144115188075857196 2147483679 2 72057594037927938 144115188075857197 2121 3 1224979098644774913 72057594037927937 144115188075857191 2121 3 1224979098644774914 72057594037927938 144115188075857192 33 3 1224979098644774913 -10 11 33 3 1224979098644774914 -10 11 2133 2 144115188075857190 0 2133 2 144115188075857194 144115188075857191 2133 2 144115188075857195 144115188075857192 5 0 2133 2 144115188075857194 72057594037927937 2133 2 144115188075857195 72057594037927938 3 0 2133 2 144115188075857196 72057594037927937 2133 2 144115188075857197 72057594037927938 3 0 3 0 2133 2 1224979098644774915 0 2133 2 1224979098644774916 0 2133 2 1224979098644774917 0 2133 2 1224979098644774918 0 4 0 70 1 144115188075857232 4 0 30 2 144115188075857198 0 2133 2 144115188075857198 -20 3 0 2105 2 144115188075857198 -1 2133 2 1224979098644774912 2 2133 2 1224979098644774917 -1 5 0 70 1 144115188075857233 4 0 2147483680 2 144115188075857198 0 2133 2 144115188075857198 20 3 0 2105 2 144115188075857198 1 2133 2 1224979098644774912 2 2133 2 1224979098644774917 1 5 0 2133 2 144115188075857198 0 2133 2 1224979098644774917 0 3 0 4 0 70 1 144115188075857230 4 0 2147483680 2 144115188075857199 0 2133 2 144115188075857199 15 3 0 2105 2 144115188075857199 1 2133 2 1224979098644774912 2 2133 2 1224979098644774918 1 5 0 70 1 144115188075857231 4 0 30 2 144115188075857199 0 2133 2 144115188075857199 -15 3 0 2105 2 144115188075857199 -1 2133 2 1224979098644774912 2 2133 2 1224979098644774918 -1 5 0 2133 2 144115188075857199 0 2133 2 1224979098644774918 0 3 0 4 0 31 2 1224979098644774912 1 2121 3 1224979098644774915 72057594037927937 144115188075857194 2121 3 1224979098644774916 72057594037927938 144115188075857195 5 0 31 2 1224979098644774912 2 4 0 2147483679 2 1224979098644774917 0 2112 3 144115188075857198 -80 80 2133 2 1224979098644774915 144115188075857198 3 0 4 0 2147483679 2 1224979098644774918 0 2112 3 144115188075857199 -45 45 2133 2 1224979098644774916 144115188075857199 3 0 3 0 4 0 30 2 1224979098644774912 1 2107 2 1224979098644774915 144115188075857188 2107 2 1224979098644774916 144115188075857189 2112 3 1224979098644774915 -80000 80001 2112 3 1224979098644774916 -60000 60001 2122 3 1224979098644774919 144115188075857200 -1 738 2 47 1224979098644774919 724 2 47 90 738 2 47 1224979098644774915 724 2 47 -90 738 2 47 144115188075857200 738 2 47 1224979098644774916 2105 2 144115188075857200 1224979098644774916 2011 1 47 3 0 
0.000000 0.000000 0.000000  4 1073741855 2 144115188075857110 3 2147484654 0 1073741855 2 144115188075857174 1 31 2 144115188075857243 0  87 4 0 1006 0 32 2 144115188075857306 -1 2133 2 1224979098644774912 144115188075857306 2133 2 1224979098644774913 500 5 0 2133 2 1224979098644774912 144115188075857307 2133 2 1224979098644774913 0 3 0 30 2 1224979098644774912 0 2133 2 1224979098644774914 0 4 0 70 1 144115188075857226 2105 2 144115188075857117 5 2133 2 1224979098644774914 1 4 0 70 1 29 2105 2 144115188075857113 5 3 0 5 0 70 1 144115188075857227 2106 2 144115188075857117 5 2133 2 1224979098644774914 1 4 0 70 1 29 2106 2 144115188075857113 5 3 0 5 0 70 1 144115188075857230 2105 2 144115188075857116 5 2133 2 1224979098644774914 1 4 0 70 1 29 2105 2 144115188075857112 5 3 0 5 0 70 1 144115188075857231 2106 2 144115188075857116 5 2133 2 1224979098644774914 1 4 0 70 1 29 2106 2 144115188075857112 5 3 0 3 0 4 0 70 1 29 4 0 70 1 144115188075857232 2106 2 144115188075857113 5 5 0 70 1 144115188075857233 2105 2 144115188075857113 5 3 0 3 0 4 0 31 2 1224979098644774914 1 62 1 0 2133 2 1224979098644774913 0 2001 1 1 3 0 1709 2 47 1224979098644774912 722 2 47 144115188075857117 721 2 47 144115188075857116 725 2 47 144115188075857114 723 2 47 144115188075857112 724 2 47 144115188075857113 1714 2 1224979098644774915 1224979098644774912 4 0 30 2 1224979098644774915 0 722 2 47 90 2108 2 1224979098644774913 2 3 0 793 2 1224979098644774916 47 4 0 2147483680 2 1224979098644774916 0 791 1 47 722 2 47 15 3 0 4 0 1 1 936748722493063894 2147484654 0 5 0 32 2 1224979098644774913 0 2012 3 47 1224979098644774913 0 5 0 2011 1 47 3 0 
0.000000 0.500000 1.000000  4 1073741895 1 238 71 1 144115188075857228 1006 0 31 2 144115188075857110 3  1 1 1 936748722493063896 
0.000000 0.500000 1.000000  4 1073741895 1 239 71 1 144115188075857229 1006 0 31 2 144115188075857110 3  1 1 1 936748722493063897 
0.000000 0.000000 0.000000  4 31 2 144115188075857105 0 31 2 144115188075857110 1 1073741855 2 144115188075857174 1 31 2 144115188075857243 0  61 2010 1 47 2133 2 1224979098644774912 0 2133 2 1224979098644774913 0 2133 2 1224979098644774914 0 2133 2 1224979098644774915 0 2133 2 1224979098644774916 0 2133 2 1224979098644774917 0 4 0 72 1 2 2106 2 1224979098644774915 10 5 0 72 1 3 2105 2 1224979098644774915 10 3 0 720 2 47 1224979098644774915 4 0 72 1 0 2105 2 1224979098644774916 10 5 0 72 1 1 2106 2 1224979098644774916 10 3 0 721 2 47 1224979098644774916 4 0 70 1 144115188075857226 2105 2 1224979098644774917 10 5 0 70 1 144115188075857227 2106 2 1224979098644774917 10 3 0 722 2 47 1224979098644774917 4 0 70 1 144115188075857232 2105 2 1224979098644774914 1 5 0 70 1 144115188075857233 2106 2 1224979098644774914 1 3 0 725 2 47 1224979098644774914 4 0 70 1 144115188075857228 2105 2 1224979098644774913 1 5 0 70 1 144115188075857229 2106 2 1224979098644774913 1 3 0 724 2 47 1224979098644774913 4 0 70 1 144115188075857230 2105 2 1224979098644774912 1 5 0 70 1 144115188075857231 2106 2 1224979098644774912 1 3 0 723 2 47 1224979098644774912 4 0 1 1 936748722493063894 5 0 2001 1 1 2011 1 47 3 0 
0.000000 0.000000 1.000000  6 2147484654 0 73 1 9 1700 1 1224979098644774912 1726 3 1224979098644774913 1224979098644774912 0 32 2 1224979098644774913 0 567 3 1224979098644774913 5 1  12 1700 1 1224979098644774912 1726 3 1224979098644774913 1224979098644774912 0 527 3 1224979098644774914 1224979098644774913 5 32 2 1224979098644774914 1 6 3 1224979098644774915 0 4 1804 3 1224979098644774916 1224979098644774912 1224979098644774915 31 2 1224979098644774916 1224979098644774913 1542 3 1224979098644774917 360287970189639680 1224979098644774915 1774 3 1224979098644774912 1224979098644774913 1224979098644774915 1779 4 1224979098644774912 1224979098644774914 1224979098644774915 1224979098644774917 1747 2 1224979098644774912 1224979098644774914 3 0 
0.000000 0.000000 1.000000  6 2147484654 0 71 1 35 1700 1 1224979098644774912 1804 3 1224979098644774913 1224979098644774912 4 32 2 1224979098644774913 0 567 3 1224979098644774913 5 1  9 1700 1 1224979098644774912 1804 3 1224979098644774913 1224979098644774912 4 527 3 1224979098644774914 1224979098644774913 5 32 2 1224979098644774914 1 1542 3 1224979098644774915 360287970189639680 4 1774 3 1224979098644774912 1224979098644774913 4 1779 4 1224979098644774912 1224979098644774914 4 1224979098644774915 1740 3 1224979098644774912 1801439850948198570 1 600 1 1152921504606847167 
-71.000000 0.000000 0.000000  3 2071 1 1224979098644774912 1073741855 2 1224979098644774912 10 31 2 1224979098644774912 9  3 2071 1 1224979098644774912 2072 1 1224979098644774913 1 3 936748722493063563 1224979098644774912 1224979098644774913 
-57.000000 0.000000 0.000000  2 2072 1 1224979098644774912 31 2 1224979098644774912 0  3 2071 1 1224979098644774912 1774 2 1224979098644774912 0 1732 1 1224979098644774912 
3.000000 0.000000 0.000000  1 2147483678 2 144115188075857222 3  13 12 1 1224979098644774912 1712 1 1224979098644774912 1702 1 1224979098644774912 1704 1 1224979098644774912 1707 1 1224979098644774912 6 3 1224979098644774913 0 4 1804 3 1224979098644774914 1224979098644774912 1224979098644774913 32 2 1224979098644774914 0 2723 2 1224979098644774914 2147483648 1774 2 1224979098644774912 1224979098644774914 3 0 3 0 2105 2 144115188075857222 1 
-19.000000 0.000000 0.000000  0  8 2133 2 144115188075857176 0 2133 2 144115188075857174 0 2147483679 2 144115188075857243 0 2133 2 144115188075856012 1 1617 1 648518346341351430 1 3 936748722493063350 648518346341351430 648518346341351424 47 1 360287970189639680 2133 2 144115188075857175 360287970189639680 
5.000000 0.000000 0.000000  3 2147483679 2 144115188075857243 0 1700 1 1224979098644774912 2147485350 1 1224979098644774912  98 2124 1 100 1700 1 1224979098644774912 1770 2 1224979098644774913 1224979098644774912 1765 2 1224979098644774914 1224979098644774912 1710 2 1 1224979098644774912 2133 2 1224979098644774915 0 2133 2 1224979098644774916 -1 2133 2 1224979098644774917 -1 2133 2 1224979098644774918 1000000 12 1 1224979098644774919 31 2 1224979098644774916 -1 1704 1 1224979098644774919 1702 1 1224979098644774919 1770 2 1224979098644774920 1224979098644774919 31 2 1224979098644774920 1224979098644774913 1716 2 1224979098644774921 1224979098644774919 31 2 1224979098644774921 648518346341351424 1718 2 1224979098644774922 1224979098644774919 33 3 1224979098644774922 360287970189639979 360287970189639995 540 3 1224979098644774922 2 5 1710 2 2 1224979098644774919 711 3 1224979098644774923 1 2 2147483678 2 1224979098644774923 1224979098644774918 2133 2 1224979098644774916 1224979098644774922 2133 2 1224979098644774917 1224979098644774919 2133 2 1224979098644774918 1224979098644774923 2322 2 31 1224979098644774916 1106 2 1585267068834414921 5308240 3 0 4 0 31 2 1224979098644774916 -1 31 2 144115188075857243 2 12 1 1224979098644774919 31 2 1224979098644774916 -1 1704 1 1224979098644774919 1702 1 1224979098644774919 1770 2 1224979098644774920 1224979098644774919 31 2 1224979098644774920 1224979098644774913 1718 2 1224979098644774922 1224979098644774919 1716 2 1224979098644774921 1224979098644774919 31 2 1224979098644774921 648518346341351424 1710 2 2 1224979098644774919 711 3 1224979098644774923 1 2 2147483678 2 1224979098644774923 1224979098644774918 2133 2 1224979098644774916 1224979098644774922 2133 2 1224979098644774917 1224979098644774919 2133 2 1224979098644774918 1224979098644774923 2322 2 31 1224979098644774916 1106 2 1585267068834414921 5308240 3 0 3 0 4 0 30 2 1224979098644774916 1 30 2 1224979098644774917 0 1 3 936748722493064062 1224979098644774916 360287970189641434 2133 2 144115188075857175 1224979098644774916 47 1 1224979098644774916 1720 3 1224979098644774924 1224979098644774917 1 1710 2 1 1224979098644774917 731 2 1 -2000 729 2 1 0 730 2 1 0 1710 2 0 1224979098644774917 1970 1 0 1714 2 1224979098644774925 1224979098644774917 4 0 32 2 1224979098644774925 0 1711 2 1224979098644774925 1 1755 1 1224979098644774925 3 0 1711 2 1224979098644774917 1 505 3 1224979098644774917 100 1 525 3 1224979098644774926 1224979098644774917 102 1755 1 1224979098644774917 2133 2 144115188075857202 1 1972 1 1224979098644774916 2133 2 144115188075857202 0 2133 2 1224979098644774912 72057594037927936 505 3 1224979098644774912 102 1224979098644774926 1771 2 1224979098644774912 1224979098644774913 1721 3 1224979098644774912 1224979098644774924 1 1766 2 1224979098644774912 1224979098644774914 505 3 1224979098644774912 100 2 505 3 1224979098644774912 101 1224979098644774916 4 0 1714 2 1224979098644774927 1224979098644774912 32 2 1224979098644774927 0 2147483678 2 1224979098644774925 0 1711 2 1224979098644774927 1 1755 1 1224979098644774927 3 0 47 1 360287970189639680 2133 2 1224979098644774915 1 2133 2 144115188075857176 1 3 0 31 2 1224979098644774916 -1 31 2 1224979098644774915 0 2133 2 144115188075857174 1 
0.000000 0.300000 0.000000  5 31 2 144115188075857329 1 1541 3 1224979098644774912 360287970189639680 5 30 2 1224979098644774912 0 2700 2 1224979098644774913 1224979098644774912 30 2 1224979098644774913 800  15 1700 1 1224979098644774912 1541 3 1224979098644774913 360287970189639680 5 30 2 1224979098644774913 0 2700 2 1224979098644774914 1224979098644774913 30 2 1224979098644774914 800 4 0 33 3 1224979098644774914 800 2100 2133 2 1224979098644774915 1152921504606847156 5 0 30 2 1224979098644774914 2100 2133 2 1224979098644774915 1152921504606847157 3 0 1768 2 1224979098644774916 1224979098644774912 33 3 1224979098644774916 1801439850948198426 1801439850948198522 1750 2 1224979098644774912 1224979098644774915 
-25.000000 0.000000 0.000000  0  10 2071 1 1224979098644774912 1712 1 1224979098644774912 1702 1 1224979098644774912 4 0 1804 3 1224979098644774913 1224979098644774912 6 31 2 1224979098644774913 -1 1804 3 1224979098644774914 1224979098644774912 5 32 2 1224979098644774914 0 1779 2 1224979098644774912 288230376151713382 3 0 
-26.000000 0.000000 0.000000  0  94 2071 1 1224979098644774912 2072 1 1224979098644774913 2073 1 1224979098644774914 30 2 1224979098644774912 0 1704 1 1224979098644774912 1718 2 1224979098644774915 1224979098644774912 2147485155 1 1224979098644774915 4 0 2147485354 1 1224979098644774912 1610 3 648518346341351442 1224979098644774915 1 3 0 4 0 1073741855 2 1224979098644774915 360287970189641349 31 2 1224979098644774915 360287970189641350 2133 2 1224979098644774914 1 5 0 32 2 1224979098644774913 -1 1726 3 1224979098644774916 1224979098644774913 0 4 0 2147483678 2 1224979098644774916 0 2133 2 1224979098644774916 0 3 0 4 0 1770 2 1224979098644774917 1224979098644774912 1792 2 1224979098644774918 1224979098644774917 4 0 32 2 1224979098644774918 -1 2147485355 1 1224979098644774918 1685 3 1224979098644774919 648518346341351424 1369094286720630794 2107 2 1224979098644774919 3 2105 2 1224979098644774919 25 5 0 32 2 1224979098644774918 -1 1718 2 1224979098644774920 1224979098644774918 1507 1 1224979098644774920 2170 3 1224979098644774919 1369094286720630794 1224979098644774920 2107 2 1224979098644774919 3 2105 2 1224979098644774919 25 5 0 2133 2 1224979098644774919 20 4 0 31 2 144115188075857183 12 2105 2 1224979098644774919 10 3 0 3 0 4 0 31 2 144115188075857183 16 33 3 1224979098644774915 360287970189639738 360287970189639747 2106 2 1224979098644774919 25 3 0 4 0 31 2 144115188075857183 20 2105 2 1224979098644774919 10 3 0 3 0 2721 2 1224979098644774921 1224979098644774916 1 3 936748722493063977 0 101 2133 2 1224979098644774922 72057594037927936 4 0 31 2 1224979098644774921 2 2121 3 1224979098644774919 100 1224979098644774919 2108 2 1224979098644774919 8 32 2 1224979098644774922 1224979098644774919 2133 2 1224979098644774914 1 5 0 2147483680 2 1224979098644774922 1224979098644774919 2133 2 1224979098644774914 1 5 0 2133 2 1224979098644774914 0 3 0 3 0 4 0 31 2 1224979098644774916 288230376151713384 2075 1 2 5 0 31 2 1224979098644774914 1 2075 1 2 4 0 2147485354 1 1224979098644774912 1618 3 648518346341351442 1224979098644774915 1 3 0 5 0 31 2 1224979098644774914 0 2075 1 1 4 0 31 2 144115188075857183 21 1718 2 1224979098644774923 1224979098644774913 31 2 1224979098644774923 360287970189639680 1 2 936748722493064146 1 3 0 5 0 2075 1 0 3 0 1 3 936748722493063496 1224979098644774912 1224979098644774913 
0.050000 0.000000 0.000000  2 2147483679 2 144115188075857204 0 2147484551 1 144115188075857203  3 900 1 144115188075857204 2133 2 144115188075857203 144115188075857204 2133 2 144115188075857204 0 
-25.000000 0.000000 0.000000  0  2 2071 1 1224979098644774912 505 3 1224979098644774912 10 0 
0.000000 0.000000 0.000000  1 73 1 22  7 4 0 903 1 1513209474796486719 902 1 0 5 0 902 1 0 2133 2 144115188075857204 1513209474796486719 3 0 
-20.000000 0.000000 100000000.000000  0  13 1700 1 144115188075857205 4 0 31 2 144115188075857205 -1 2133 2 144115188075857206 -1 5 0 1765 2 144115188075857206 144115188075857205 3 0 2124 1 100 1799 2 2 3 726 2 144115188075857207 3 727 2 144115188075857208 3 726 2 144115188075857209 2 727 2 144115188075857210 2 


mst_alley_fight alley_fight 2  8
Alley_fight 

4 0 33558528 256 16 7 0  
1 8208 256 16 20 0  
2 8208 256 16 20 0  
3 8208 256 16 20 0  
10
-25.000000 0.000000 0.000000  0  3 2071 1 1224979098644774912 1718 2 1224979098644774913 1224979098644774912 1 4 936748722493063611 1729382256910270468 1224979098644774912 1224979098644774913 
-22.000000 0.000000 0.000000  1 1106 1 216172782113783923  0 
-25.000000 0.000000 0.000000  0  11 2071 1 1224979098644774912 1700 1 1224979098644774913 2147483679 2 1224979098644774912 1224979098644774913 2133 2 144115188075856009 1224979098644774912 1753 2 1224979098644774912 199 4 0 1718 2 1224979098644774914 1224979098644774912 33 3 1224979098644774914 360287970189641417 360287970189641421 1771 2 1224979098644774912 7 1796 3 0 7 0 3 0 
0.000000 0.000000 0.000000  1 31 2 144115188075857027 0  12 1700 1 1224979098644774912 1710 2 0 1224979098644774912 12 1 1224979098644774913 1718 2 1224979098644774914 1224979098644774913 33 3 1224979098644774914 360287970189641417 360287970189641421 1730 2 1224979098644774913 0 1710 2 1 1224979098644774913 710 3 1224979098644774915 0 1 2147483680 2 1224979098644774915 200 2133 2 144115188075856110 11 1920 1 1224979098644774914 3 0 
1.000000 0.000000 0.000000  0  10 1700 1 1224979098644774912 30 2 144115188075856009 0 30 2 1224979098644774912 0 1712 1 144115188075856009 1712 1 1224979098644774912 1710 2 0 1224979098644774912 1710 2 1 144115188075856009 710 3 1224979098644774913 0 1 30 2 1224979098644774913 5 1730 2 144115188075856009 0 
-21.000000 0.000000 0.000000  0  1 1106 1 216172782113786879 
0.000000 0.000000 100000000.000000  0  2 1 2 936748722493063691 4096 1020 0 
0.000000 0.000000 100000000.000000  2 2147484654 0 1005 1 1  2 1 1 936748722493063883 1265 4 3 72057594037927936 1 0 
1.000000 0.000000 100000000.000000  1 31 2 144115188075857027 1  18 4 0 1006 0 2133 2 144115188075856946 0 5 0 2133 2 144115188075856946 1 3 0 1907 0 2133 2 144115188075856009 0 2133 2 144115188075857027 1 2133 2 144115188075857028 1 2040 0 2075 1 1 1700 1 1224979098644774912 1720 2 1224979098644774913 1224979098644774912 4 0 2147483678 2 1224979098644774913 90 1721 2 1224979098644774912 90 3 0 
1.000000 3.000000 100000000.000000  1 1006 0  18 4 0 1006 0 2133 2 144115188075856946 0 5 0 2133 2 144115188075856946 1 3 0 1907 0 2133 2 144115188075856009 0 2133 2 144115188075857027 1 2133 2 144115188075857028 1 2040 0 2075 1 1 1700 1 1224979098644774912 1720 2 1224979098644774913 1224979098644774912 4 0 2147483678 2 1224979098644774913 90 1721 2 1224979098644774912 90 3 0 


mst_meeting_merchant meeting_merchant 0  -1
Meeting_with_the_merchant 

10 0 4096 256 0 1 0  
1 4112 256 0 1 0  
2 4112 256 0 1 0  
3 4112 256 0 1 0  
4 4112 256 0 1 0  
5 4112 256 0 1 0  
6 4112 256 0 1 0  
7 4112 256 0 1 0  
8 4112 256 0 1 0  
9 4112 256 0 1 0  
6
-25.000000 0.000000 0.000000  0  7 2071 1 1224979098644774912 4 0 1718 2 1224979098644774913 1224979098644774912 33 3 1224979098644774913 360287970189641417 360287970189641421 1771 2 1224979098644774912 7 1796 3 0 7 0 3 0 
1.000000 0.000000 100000000.000000  0  12 2133 2 144115188075857031 0 2211 1 1224979098644774912 503 3 1224979098644774912 0 1 4 0 32 2 144115188075856215 0 1 2 936748722493063691 16384 5 0 31 2 144115188075856110 14 1 2 936748722493063691 512 5 0 1 2 936748722493063691 8192 3 0 
1.000000 0.000000 0.000000  21 2133 2 1224979098644774912 0 4 0 30 2 144115188075857031 6 2133 2 1224979098644774912 1 5 0 30 2 144115188075857031 1 2147483690 0 4 0 31 2 144115188075857031 1 200 1 504403158265495638 1120 2 216172782113786889 1585267068834414933 3 0 2105 2 144115188075857031 1 2133 2 1224979098644774912 0 3 0 4 0 42 0 1122 1 -1 2133 2 1224979098644774912 0 3 0 31 2 1224979098644774912 1  5 1124 2 17 17 1123 2 500 650 1125 1 0 1126 1 1 1122 1 216172782113786880 
-19.000000 0.000000 0.000000  0  0 
-22.000000 0.000000 0.000000  1 2075 1 1  0 
-21.000000 0.000000 0.000000  30 4 0 32 2 144115188075857031 0 2133 2 1224979098644774912 0 1625 2 1 144115188075856213 6 3 1224979098644774913 0 10 1627 3 0 1 2 710 3 1224979098644774914 0 1 30 2 1224979098644774914 1224979098644774912 2133 2 1224979098644774912 1224979098644774914 700 2 2 0 3 0 1626 2 648518346341351424 2 1907 0 2133 2 144115188075857028 2 1122 1 -1 1126 1 0 2052 0 4 0 201 1 504403158265495641 2133 2 144115188075857030 1 5 0 1103 1 50 6 3 1224979098644774913 0 20 1100 2 648518346341351424 576460752303423494 3 0 3 0 2075 1 1 5 0 1106 1 216172782113786879 3 0  0 


mst_town_fight town_fight 0  -1
Town_Fight 

48 0 4100 256 0 1 0  
1 4100 256 0 1 0  
2 4112 256 0 1 0  
3 4112 256 0 1 0  
4 4112 256 0 1 0  
5 4112 256 0 1 0  
6 4112 256 0 1 0  
7 4112 256 0 1 0  
8 4112 256 0 1 0  
9 16 256 0 1 0  
10 16 256 0 1 0  
11 8208 256 0 1 0  
12 8208 256 0 1 0  
13 8208 256 0 1 0  
14 16 256 0 1 0  
15 16 256 0 1 0  
16 16 256 0 1 0  
17 16 256 0 1 0  
18 16 256 0 1 0  
19 16 256 0 1 0  
20 16 256 0 1 0  
21 8208 256 0 1 0  
22 8208 256 0 1 0  
23 4112 256 0 1 0  
24 4112 256 0 1 0  
25 4112 256 0 1 0  
26 4112 256 0 1 0  
27 4112 256 0 1 0  
28 4112 256 0 1 0  
29 16 256 0 1 0  
30 16 256 0 1 0  
31 16 256 0 1 0  
32 4112 256 0 1 0  
33 4112 256 0 1 0  
34 4112 256 0 1 0  
35 4112 256 0 1 0  
36 4112 256 0 1 0  
37 4112 256 0 1 0  
38 4112 256 0 1 0  
39 4112 256 0 1 0  
40 8208 256 16 1 0  
41 8208 256 16 1 0  
42 8208 256 16 1 0  
43 8208 256 16 1 0  
44 8208 256 16 1 0  
45 8208 256 16 1 0  
46 8208 256 16 1 0  
47 8208 256 16 1 0  
13
-25.000000 0.000000 0.000000  0  3 2071 1 1224979098644774912 1718 2 1224979098644774913 1224979098644774912 1 4 936748722493063611 1729382256910270468 1224979098644774912 1224979098644774913 
-25.000000 0.000000 0.000000  0  2 2071 1 1224979098644774912 1771 2 1224979098644774912 0 
-19.000000 0.000000 0.000000  0  6 1936 0 2133 2 144115188075856009 0 1020 0 2133 2 144115188075857032 0 2133 2 144115188075857033 0 2124 1 100 
1.000000 0.000000 100000000.000000  1 1 1 936748722493063542  0 
-26.000000 0.000000 0.000000  0  12 2071 1 1224979098644774912 2072 1 1224979098644774913 4 0 1770 2 1224979098644774914 1224979098644774912 31 2 1224979098644774914 1 1700 1 1224979098644774915 31 2 1224979098644774915 1224979098644774913 2105 2 144115188075857032 1 5 0 31 2 1224979098644774914 0 2105 2 144115188075857033 1 3 0 
1.000000 0.000000 0.000000  38 2147483678 2 144115188075857034 8 2105 2 144115188075857034 1 4 0 31 2 144115188075857034 2 1700 1 1224979098644774912 12 1 1224979098644774913 1718 2 1224979098644774914 1224979098644774913 33 3 1224979098644774914 360287970189641417 360287970189641421 2133 2 144115188075857035 1224979098644774914 2133 2 144115188075857036 1224979098644774913 1710 2 0 1224979098644774912 1710 2 1 1224979098644774913 2133 2 1224979098644774915 -1000 6 3 1224979098644774916 0 64 1780 2 6 1224979098644774916 710 3 1224979098644774917 0 6 710 3 1224979098644774918 1 6 2121 3 1224979098644774919 1224979098644774918 1224979098644774917 30 2 1224979098644774918 15 30 2 1224979098644774919 1224979098644774915 700 2 2 6 2133 2 1224979098644774915 1224979098644774919 3 0 1730 3 1224979098644774913 2 0 1736 2 1224979098644774913 10 3 0 5 0 31 2 144115188075857034 5 1700 1 1224979098644774912 1710 2 0 1224979098644774912 1730 3 144115188075857036 0 0 1736 2 144115188075857036 10 5 0 31 2 144115188075857034 7 1735 1 144115188075857036 2133 2 144115188075856110 0 1920 1 144115188075857035 3 0  0 
1.000000 0.000000 0.000000  0  28 30 2 144115188075857034 8 1700 1 1224979098644774912 12 1 1224979098644774913 2147483679 2 1224979098644774913 1224979098644774912 1702 1 1224979098644774913 1770 2 1224979098644774914 1224979098644774913 31 2 1224979098644774914 0 1710 2 0 1224979098644774913 2133 2 1224979098644774915 10000 12 1 1224979098644774916 1702 1 1224979098644774916 1770 2 1224979098644774917 1224979098644774916 31 2 1224979098644774917 1 1710 2 1 1224979098644774916 710 3 1224979098644774918 0 1 2147483680 2 1224979098644774918 1224979098644774915 2133 2 1224979098644774915 1224979098644774918 700 2 2 1 3 0 2133 2 72057594037927937 1224979098644774918 4 0 2147483680 2 1224979098644774915 500 1735 1 1224979098644774913 5 0 2147483678 2 1224979098644774915 10000 1730 3 1224979098644774913 2 0 3 0 3 0 
3.000000 0.000000 0.000000  2 2147483678 2 144115188075857034 8 1 1 936748722493063545  0 
2.000000 0.000000 0.000000  1 1 1 936748722493063534  0 
-19.000000 0.000000 0.000000  0  1 1 1 936748722493063528 
1.000000 4.000000 100000000.000000  3 1073742830 0 1005 1 1 30 2 144115188075857034 8  12 4 0 1006 0 2133 2 144115188075856946 0 5 0 2133 2 144115188075856946 1 3 0 2133 2 144115188075857028 4 1935 0 1907 0 372 1 6 2040 0 2075 1 1 
-22.000000 0.000000 0.000000  9 4 0 31 2 144115188075856156 0 2075 1 1 5 0 31 2 144115188075856156 1 1106 1 216172782113783925 5 0 1106 1 216172782113783923 3 0  0 
-21.000000 0.000000 0.000000  1 1106 1 216172782113786879  0 


mst_multiplayer_duel multiplayer_duel 2  -1
You_lead_your_men_to_battle. 

64 0 4112 0 16 1 0  
1 4112 0 16 1 0  
2 4112 0 16 1 0  
3 4112 0 16 1 0  
4 4112 0 16 1 0  
5 4112 0 16 1 0  
6 4112 0 16 1 0  
7 4112 0 16 1 0  
8 4112 0 16 1 0  
9 4112 0 16 1 0  
10 4112 0 16 1 0  
11 4112 0 16 1 0  
12 4112 0 16 1 0  
13 4112 0 16 1 0  
14 4112 0 16 1 0  
15 4112 0 16 1 0  
16 4112 0 16 1 0  
17 4112 0 16 1 0  
18 4112 0 16 1 0  
19 4112 0 16 1 0  
20 4112 0 16 1 0  
21 4112 0 16 1 0  
22 4112 0 16 1 0  
23 4112 0 16 1 0  
24 4112 0 16 1 0  
25 4112 0 16 1 0  
26 4112 0 16 1 0  
27 4112 0 16 1 0  
28 4112 0 16 1 0  
29 4112 0 16 1 0  
30 4112 0 16 1 0  
31 4112 0 16 1 0  
32 8208 0 16 1 0  
33 8208 0 16 1 0  
34 8208 0 16 1 0  
35 8208 0 16 1 0  
36 8208 0 16 1 0  
37 8208 0 16 1 0  
38 8208 0 16 1 0  
39 8208 0 16 1 0  
40 8208 0 16 1 0  
41 8208 0 16 1 0  
42 8208 0 16 1 0  
43 8208 0 16 1 0  
44 8208 0 16 1 0  
45 8208 0 16 1 0  
46 8208 0 16 1 0  
47 8208 0 16 1 0  
48 8208 0 16 1 0  
49 8208 0 16 1 0  
50 8208 0 16 1 0  
51 8208 0 16 1 0  
52 8208 0 16 1 0  
53 8208 0 16 1 0  
54 8208 0 16 1 0  
55 8208 0 16 1 0  
56 8208 0 16 1 0  
57 8208 0 16 1 0  
58 8208 0 16 1 0  
59 8208 0 16 1 0  
60 8208 0 16 1 0  
61 8208 0 16 1 0  
62 8208 0 16 1 0  
63 8208 0 16 1 0  
15
1.000000 5.000000 0.000000  8 417 0 31 2 144115188075856365 1 31 2 144115188075856800 0 2370 1 1224979098644774912 2120 3 1224979098644774913 144115188075856803 144115188075856802 1073741855 2 1224979098644774913 144115188075856801 32 2 1224979098644774912 144115188075856808 1 1 936748722493063271  8 2133 2 144115188075856365 0 4 0 1073741855 2 144115188075856804 0 31 2 144115188075856804 3 1 2 936748722493063279 144115188075856367 470 3 72057594037927936 144115188075856805 1 1 1 936748722493063174 3 0 
-25.000000 0.000000 0.000000  0  2 2071 1 1224979098644774912 1 2 936748722493063245 1224979098644774912 
-15.000000 0.000000 0.000000  0  2 2071 1 1224979098644774912 1 2 936748722493063246 1224979098644774912 
-19.000000 0.000000 0.000000  0  9 2133 2 144115188075856367 7 1 1 936748722493063247 1796 3 0 0 1 1796 3 0 1 1 1796 3 1 1 1 2006 1 1 1 1 936748722493063290 1 1 936748722493063289 1 1 936748722493063288 
-20.000000 0.000000 0.000000  0  5 426 2 0 -1 426 2 1 -1 1 1 936748722493063234 1 1 936748722493063250 2133 2 144115188075856366 1 
-16.000000 0.000000 0.000000  0  3 1 1 936748722493063291 2133 2 144115188075856371 0 900 1 1513209474796486674 
-26.000000 0.000000 0.000000  0  30 2071 1 1224979098644774912 2072 1 1224979098644774913 1 3 936748722493063248 1224979098644774912 1224979098644774913 4 0 1700 1 1224979098644774914 1712 1 1224979098644774914 565 3 1224979098644774914 21 0 4 0 31 2 1224979098644774912 1224979098644774914 1106 1 216172782113786995 5 0 545 3 1224979098644774914 21 1224979098644774912 1106 1 216172782113786996 3 0 3 0 4 0 565 3 1224979098644774912 21 0 525 3 1224979098644774915 1224979098644774912 21 505 3 1224979098644774912 21 -1 4 0 1712 1 1224979098644774915 505 3 1224979098644774915 21 -1 1802 1 1224979098644774915 4 0 1724 2 1224979098644774916 1224979098644774915 2147484049 1 1224979098644774916 1732 1 1224979098644774915 3 0 3 0 3 0 
1.000000 0.000000 0.000000  0  39 417 0 400 1 1224979098644774912 6 3 1224979098644774913 0 1224979098644774912 401 1 1224979098644774913 2147484086 1 1224979098644774913 402 2 1224979098644774914 1224979098644774913 2147483678 2 1224979098644774914 2 404 2 1224979098644774915 1224979098644774913 30 2 1224979098644774915 0 406 2 1224979098644774916 1224979098644774913 2133 2 1224979098644774917 0 4 0 528 3 1224979098644774918 1224979098644774913 24 31 2 1224979098644774918 1 2133 2 1224979098644774917 1 508 3 1224979098644774913 24 0 5 0 4 0 2147483678 2 1224979098644774916 0 2133 2 1224979098644774917 1 5 0 2147485350 1 1224979098644774916 1760 2 1224979098644774919 1224979098644774916 32 2 1224979098644774919 144115188075856760 2133 2 1224979098644774917 1 3 0 3 0 31 2 1224979098644774917 1 1 2 936748722493063308 1224979098644774913 1541 3 1224979098644774920 1224979098644774915 8 4 0 30 2 1224979098644774920 0 2133 2 1224979098644774921 1 5 0 2133 2 1224979098644774921 0 3 0 1 4 936748722493063306 1224979098644774914 0 1224979098644774921 409 2 1224979098644774913 72057594037927936 3 0 
1.000000 0.000000 0.000000  0  31 417 0 2370 1 1224979098644774912 30 2 1224979098644774912 2 2133 2 1224979098644774913 0 2133 2 1224979098644774914 0 12 1 1224979098644774915 1707 1 1224979098644774915 1704 1 1224979098644774915 2133 2 1224979098644774916 0 4 0 1702 1 1224979098644774915 2133 2 1224979098644774916 1 5 0 1760 2 1224979098644774917 1224979098644774915 2147483680 2 1224979098644774917 144115188075856760 2133 2 1224979098644774916 1 3 0 31 2 1224979098644774916 1 1770 2 1224979098644774918 1224979098644774915 4 0 31 2 1224979098644774918 0 2105 2 1224979098644774913 1 5 0 31 2 1224979098644774918 1 2105 2 1224979098644774914 1 3 0 3 0 2121 3 144115188075856369 144115188075856770 1224979098644774913 2121 3 144115188075856370 144115188075856771 1224979098644774914 2111 2 144115188075856369 0 2111 2 144115188075856370 0 
0.000000 0.000000 0.000000  0  45 417 0 31 2 144115188075856366 1 2120 3 1224979098644774912 144115188075856369 144115188075856370 4 0 32 2 1224979098644774912 0 2136 3 1224979098644774913 0 1224979098644774912 2106 2 1224979098644774913 144115188075856369 4 0 2147483678 2 1224979098644774913 0 2133 2 1224979098644774914 0 2106 2 144115188075856369 1 5 0 2133 2 1224979098644774914 1 2106 2 144115188075856370 1 3 0 458 2 1224979098644774915 1224979098644774914 2133 2 1224979098644774916 0 6 3 1224979098644774917 360287970189641354 360287970189641370 2173 2 1224979098644774918 1224979098644774917 31 2 1224979098644774918 1224979098644774915 2105 2 1224979098644774916 1 3 0 2136 3 1224979098644774919 0 1224979098644774916 2133 2 1224979098644774920 360287970189641370 6 3 1224979098644774917 360287970189641354 1224979098644774920 2173 2 1224979098644774918 1224979098644774917 31 2 1224979098644774918 1224979098644774915 2106 2 1224979098644774919 1 2147483678 2 1224979098644774919 0 2133 2 1224979098644774920 0 2133 2 1224979098644774921 1224979098644774917 3 0 1541 3 1224979098644774922 1224979098644774921 8 4 0 30 2 1224979098644774922 0 2133 2 1224979098644774923 1 5 0 2133 2 1224979098644774923 0 3 0 1 4 936748722493063306 1224979098644774914 0 1224979098644774923 2211 1 1224979098644774924 1261 1 1224979098644774924 1265 5 72057594037927936 1224979098644774921 1 1224979098644774914 -1 2133 2 144115188075856366 0 3 0 
1.000000 0.000000 0.000000  0  14 417 0 2133 2 1224979098644774912 0 4 0 2370 1 1224979098644774913 2122 3 1224979098644774914 144115188075856762 60 32 2 1224979098644774913 1224979098644774914 2133 2 1224979098644774912 1 3 0 4 0 31 2 1224979098644774912 1 1 2 936748722493063279 144115188075856367 470 3 72057594037927936 144115188075856466 0 1 1 936748722493063174 3 0 
-21.000000 0.000000 0.000000  0  5 4 0 31 2 144115188075856368 0 2133 2 144115188075856371 1 900 1 1513209474796486674 3 0 
0.000000 0.000000 100000000.000000  0  1 900 1 1513209474796486660 
-23.000000 0.000000 0.000000  0  4 2147484551 1 1513209474796486675 2147484551 1 1513209474796486674 31 2 144115188075856383 0 900 1 1513209474796486675 
1.000000 0.000000 0.000000  0  13 2370 1 1224979098644774912 2121 3 1224979098644774913 1224979098644774912 3 12 1 1224979098644774914 565 3 1224979098644774914 21 0 525 3 1224979098644774915 1224979098644774914 22 30 2 1224979098644774915 0 2147483680 2 1224979098644774915 1224979098644774913 505 3 1224979098644774914 22 -1 525 3 1224979098644774916 1224979098644774914 21 1712 1 1224979098644774916 1803 3 1224979098644774914 1224979098644774916 -1 1732 1 1224979098644774914 3 0 


mst_review_troops review_troops 0  -1
You_review_your_troops 

14 1 4160 0 0 0 0  
0 4160 0 0 0 0  
1 8320 0 0 100 0  
4 12416 0 0 100 0  
4 16 479 0 0 1  1637 
4 16 479 0 0 1  1637 
4 16 479 0 0 1  1637 
4 16 479 0 0 1  1637 
4 16 479 0 0 1  1637 
4 16 479 0 0 1  1637 
4 16 479 0 0 1  1637 
4 16 479 0 0 1  1637 
4 16 479 0 0 1  1637 
4 16 479 0 0 1  1637 
11
-25.000000 0.000000 0.000000  0  57 2071 1 1224979098644774912 1700 1 1224979098644774913 1710 2 1 1224979098644774912 4 0 31 2 1224979098644774913 1224979098644774912 1780 2 1 4 721 3 1 700 0 1601 2 1224979098644774914 648518346341351424 720 3 1 1224979098644774914 0 1711 2 1224979098644774912 1 4 0 1714 2 72057594037927948 1224979098644774912 30 2 72057594037927948 0 1711 2 72057594037927948 1 3 0 5 0 2136 3 1224979098644774915 2 6 4 0 1714 2 72057594037927948 1224979098644774912 30 2 72057594037927948 0 1740 2 1224979098644774912 1801439850948198904 2105 2 1224979098644774915 4 2136 3 72057594037927942 50 100 1743 2 1224979098644774912 72057594037927942 5 0 1704 1 1224979098644774912 1740 2 1224979098644774912 1801439850948198903 2136 3 72057594037927942 90 100 1743 2 1224979098644774912 72057594037927942 3 0 700 2 2 1 2136 3 1224979098644774916 -460 -330 721 3 2 1224979098644774916 0 2136 3 1224979098644774917 -50 50 720 3 2 1224979098644774917 0 721 3 1 200 0 1718 2 72057594037927952 1224979098644774912 2322 2 3 72057594037927952 4 0 1729 2 1224979098644774912 1637 2136 3 1224979098644774915 1 2 721 3 2 -600 0 721 3 1 -600 0 1740 2 1224979098644774912 1801439850948198900 1711 2 1224979098644774912 2 1720 3 1224979098644774918 1224979098644774912 1 505 3 1224979098644774912 33 1224979098644774918 505 3 1224979098644774912 32 0 1743 2 1224979098644774912 20 1771 2 1224979098644774912 3 5 0 1771 2 1224979098644774912 2 1711 2 1224979098644774912 2 1730 3 1224979098644774912 1 0 3 0 1736 2 1224979098644774912 1224979098644774915 3 0 
-22.000000 0.000000 0.000000  1 2075 1 1  0 
0.000000 1.500000 0.000000  20 73 1 5 1003 1 2 1700 1 72057594037927946 1702 1 72057594037927946 4 0 1714 2 72057594037927948 72057594037927946 30 2 72057594037927948 0 1740 2 72057594037927946 1801439850948198897 1740 2 72057594037927948 1801439850948198970 5 0 1740 2 72057594037927946 1801439850948198896 3 0 1718 2 72057594037927947 72057594037927946 4 0 31 2 144115188075857201 0 1 2 936748722493063959 72057594037927947 32 2 72057594037927937 -1 1750 2 72057594037927946 72057594037927937 3 0 2133 2 144115188075857201 1  1 2133 2 144115188075857201 2 
0.000000 0.000000 0.000000  2 31 2 144115188075857201 2 2147483720 1 5  9 1700 1 72057594037927946 1714 2 72057594037927948 72057594037927946 4 0 30 2 72057594037927948 0 1740 2 72057594037927946 1801439850948198899 5 0 1740 2 72057594037927946 1801439850948198898 3 0 2133 2 144115188075857201 0 
-19.000000 0.000000 0.000000  0  5 1691 1 0 1796 3 1 2 1 1796 3 2 3 0 2133 2 144115188075856110 22 1515 2 144115188075857223 360287970189639680 
-21.000000 0.000000 0.000000  0  16 2133 2 144115188075856110 0 1 1 936748722493063624 1601 2 72057594037927956 648518346341351437 4 0 32 2 72057594037927956 0 1 3 936748722493064025 648518346341351424 648518346341351437 1515 2 1224979098644774912 360287970189639680 32 2 1224979098644774912 144115188075857223 2121 3 1224979098644774913 144115188075857223 1224979098644774912 1062 2 1224979098644774913 360287970189639680 2122 3 72057594037927946 1224979098644774913 -1 1106 1 1585267068834414934 3 0 1262 0 2060 1 864691128455135503 1907 0 
0.000000 0.000000 0.000000  1 73 1 6  1 1796 3 1 3 -1 
2.000000 2.000000 2.000000  1 2147483720 1 6  2 2147483720 1 6 1796 3 1 3 0 
0.000000 0.500000 0.000000  0  25 12 1 1224979098644774912 1729 2 1224979098644774912 1637 525 3 72057594037927946 1224979098644774912 32 525 3 1224979098644774913 1224979098644774912 33 1720 3 1224979098644774914 1224979098644774912 1 505 3 1224979098644774912 33 1224979098644774914 4 0 2119 3 72057594037927947 72057594037927946 10 1073741855 2 72057594037927947 0 2147483679 2 1224979098644774914 1224979098644774913 4 0 2147483679 2 1224979098644774914 1224979098644774913 1740 2 1224979098644774912 1801439850948198902 2133 2 72057594037927946 6 5 0 31 2 72057594037927946 0 1740 2 1224979098644774912 1801439850948198901 5 0 1740 2 1224979098644774912 1801439850948198900 3 0 3 0 2105 2 72057594037927946 1 505 3 1224979098644774912 32 72057594037927946 505 3 1224979098644774912 33 1224979098644774914 3 0 
0.000000 0.000000 100000000.000000  0  15 1691 1 0 2133 2 1224979098644774912 648518346341351424 1651 2 1224979098644774913 1224979098644774912 2133 2 1224979098644774914 10 2211 1 1224979098644774915 1261 1 1224979098644774915 1262 0 6 3 1224979098644774916 0 1224979098644774913 1656 3 1224979098644774917 1224979098644774912 1224979098644774916 1657 3 1224979098644774918 1224979098644774912 1224979098644774916 2110 2 1224979098644774918 1224979098644774914 2120 3 1224979098644774919 1224979098644774916 4 1265 3 1224979098644774919 1224979098644774917 1224979098644774918 2106 2 1224979098644774914 1224979098644774918 3 0 
0.000000 6.000000 100000000.000000  0  3 12 1 1224979098644774912 1735 1 1224979098644774912 3 0 


mst_custom_lead_charge custom_lead_charge 65538  8
You_lead_your_men_to_battle. 

4 0 4112 0 16 1 0  
1 4112 0 16 1 0  
2 8208 0 16 1 0  
2 8208 0 16 1 0  
82
-25.000000 0.000000 0.000000  0  3 2071 1 1224979098644774912 1718 2 1224979098644774913 1224979098644774912 1 4 936748722493063611 1729382256910270468 1224979098644774912 1224979098644774913 
-26.000000 0.000000 0.000000  0  13 2071 1 1224979098644774912 2072 1 1224979098644774913 2073 1 1224979098644774914 4 0 30 2 1224979098644774912 0 2147485354 1 1224979098644774912 1704 1 1224979098644774912 1718 2 1224979098644774915 1224979098644774912 1610 3 648518346341351442 1224979098644774915 1 31 2 1224979098644774914 1 1618 3 648518346341351442 1224979098644774915 1 3 0 1 3 936748722493063496 1224979098644774912 1224979098644774913 
-21.000000 0.000000 0.000000  0  9 4 0 31 2 144115188075856297 1 2060 1 864691128455135506 1907 0 5 0 1006 0 2060 1 864691128455135506 1907 0 3 0 
-8.000000 0.000000 0.000000  0  11 2071 1 1224979098644774912 31 2 1224979098644774912 0 2133 2 144115188075856292 0 4 0 2370 1 1224979098644774913 32 2 1224979098644774913 20 2320 2 5 216172782113784204 1 4 936748722493063508 10 20 1 3 0 1 1 936748722493063624 1907 1 0 
-19.000000 0.000000 0.000000  0  8 1796 3 0 2 1 1796 3 1 3 1 1 1 936748722493063658 1617 1 648518346341351443 2133 2 144115188075856293 1 2133 2 144115188075856294 1 2133 2 144115188075856295 1 2133 2 144115188075856296 1 
0.000000 0.000000 100000000.000000  0  7 2133 2 144115188075856297 0 2133 2 144115188075856298 0 2133 2 144115188075856299 0 1 1 936748722493063657 1 1 936748722493063692 2133 2 144115188075856300 2 1 1 936748722493063893 
30.000000 0.000000 0.000000  0  1 1 1 936748722493063692 
2.000000 0.000000 0.000000  0  1 1 1 936748722493063507 
1.000000 60.000000 100000000.000000  10 2370 1 72057594037927937 30 2 72057594037927937 10 1003 1 5 1073741855 2 144115188075857105 0 2147484654 0 1906 1 1 1106 1 216172782113783831 2133 2 144115188075856297 1 2133 2 144115188075856168 1 1 1 936748722493063693  2 1 1 936748722493063624 1907 1 1 
10.000000 0.000000 0.000000  1 31 2 144115188075856297 1  1 1106 1 216172782113783831 
1.000000 4.000000 0.000000  1 1006 0  11 4 0 1 1 936748722493063889 5 0 2133 2 144115188075856292 1 2320 2 5 216172782113784204 1 4 936748722493063508 10 20 1 2133 2 144115188075856168 -1 1906 1 -1 1 1 936748722493063624 1907 1 0 3 0 
-22.000000 0.000000 0.000000  0  1 1106 1 216172782113783922 
0.100000 0.000000 0.000000  1 903 1 1513209474796486719  1 1 1 936748722493063562 
10.000000 0.000000 0.000000  3 2370 1 1224979098644774912 30 2 1224979098644774912 5 1 1 936748722493064054  0 
3.000000 0.000000 0.000000  13 2133 2 1224979098644774912 0 4 0 31 2 144115188075857330 0 32 2 144115188075857315 150 2133 2 1224979098644774912 1 5 0 31 2 144115188075857330 1 2133 2 1224979098644774912 1 3 0 31 2 1224979098644774912 1 2370 1 1224979098644774913 30 2 1224979098644774913 30 1 1 936748722493064021  0 
0.500000 0.000000 0.000000  23 2133 2 1224979098644774912 0 4 0 31 2 144115188075857330 0 2147483680 2 144115188075857315 150 2133 2 1224979098644774912 1 5 0 31 2 144115188075857330 2 2133 2 1224979098644774912 1 3 0 31 2 1224979098644774912 1 2365 1 1224979098644774913 30 2 1224979098644774913 30000 2123 3 1224979098644774914 1224979098644774913 1000 2123 3 1224979098644774915 1224979098644774913 100 12 1 1224979098644774916 1712 1 1224979098644774916 1704 1 1224979098644774916 1702 1 1224979098644774916 2119 3 1224979098644774917 1224979098644774915 50 2119 3 1224979098644774918 1224979098644774916 50 31 2 1224979098644774918 1224979098644774917 1 3 936748722493064020 1224979098644774916 1224979098644774914 3 0  0 
-25.000000 0.000000 0.000000  1 30 2 144115188075856199 4  21 2071 1 1224979098644774912 1704 1 1224979098644774912 1718 2 1224979098644774913 1224979098644774912 2147485155 1 1224979098644774913 2173 2 1224979098644774914 1224979098644774913 4 0 1716 2 1224979098644774915 1224979098644774912 132 1 1224979098644774915 2204 2 1224979098644774916 1224979098644774915 1 3 936748722493063852 360287970189639680 1224979098644774916 30 2 72057594037927936 60 2133 2 1224979098644774914 432345564227567630 3 0 522 3 1224979098644774917 1224979098644774914 40 2136 3 1224979098644774918 -100 1224979098644774917 4 0 2147483680 2 1224979098644774918 0 1505 2 1224979098644774913 0 5 0 1505 2 1224979098644774913 1 3 0 
1.000000 0.000000 0.000000  1 31 2 144115188075857104 0  26 12 1 1224979098644774912 1702 1 1224979098644774912 1704 1 1224979098644774912 1714 2 1224979098644774913 1224979098644774912 4 0 30 2 1224979098644774913 0 1720 2 1224979098644774914 1224979098644774913 2121 3 1224979098644774915 100 1224979098644774914 4 0 2147483680 2 1224979098644774915 15 2108 2 1224979098644774915 2 2120 3 1224979098644774916 100 1224979098644774915 5 0 2107 2 1224979098644774915 2 2108 2 1224979098644774915 3 2121 3 1224979098644774916 115 1224979098644774915 3 0 1718 2 1224979098644774917 1224979098644774912 2170 3 1224979098644774918 24 1224979098644774917 2122 3 1224979098644774919 1224979098644774918 2 2105 2 1224979098644774919 100 2107 2 1224979098644774916 1224979098644774919 2108 2 1224979098644774916 100 1734 2 1224979098644774912 1224979098644774916 3 0 3 0 
0.000000 0.000000 0.000000  11 31 2 144115188075857110 2 1073741896 1 0 1073741896 1 1 1073741896 1 2 1073741896 1 3 1073741894 1 144115188075857228 1073741894 1 144115188075857229 1073741894 1 144115188075857227 1073741894 1 144115188075857226 1073741895 1 199 72 1 19  65 2124 1 10000 2010 1 47 2133 2 1224979098644774912 0 2133 2 1224979098644774913 0 2133 2 1224979098644774914 0 4 0 72 1 0 2105 2 1224979098644774913 10 5 0 72 1 1 2105 2 1224979098644774913 -10 3 0 4 0 72 1 3 2105 2 1224979098644774912 10 5 0 72 1 2 2105 2 1224979098644774912 -10 3 0 4 0 70 1 144115188075857226 2105 2 1224979098644774914 10 5 0 70 1 144115188075857227 2105 2 1224979098644774914 -10 3 0 4 0 72 1 19 2107 2 1224979098644774912 4 2107 2 1224979098644774913 4 2107 2 1224979098644774914 2 3 0 720 2 47 1224979098644774912 721 2 47 1224979098644774913 722 2 47 1224979098644774914 2011 1 47 4 0 70 1 144115188075857228 30 2 144115188075857188 4 30 2 144115188075857189 3 2106 2 144115188075857188 4 2106 2 144115188075857189 3 2119 3 72057594037927942 144115188075857188 100 2119 3 72057594037927943 144115188075857189 75 4 0 31 2 72057594037927942 0 31 2 72057594037927943 0 2133 2 72057594037927944 144115188075857188 2133 2 72057594037927945 144115188075857189 1106 1 1585267068834414919 3 0 5 0 70 1 144115188075857229 2105 2 144115188075857188 4 2105 2 144115188075857189 3 2119 3 72057594037927942 144115188075857188 100 2119 3 72057594037927943 144115188075857189 75 4 0 31 2 72057594037927942 0 31 2 72057594037927943 0 2133 2 72057594037927944 144115188075857188 2133 2 72057594037927945 144115188075857189 1106 1 1585267068834414920 3 0 3 0 
0.000000 0.000000 0.000000  1 31 2 144115188075857110 2  138 2124 1 10000 4 0 1073742727 1 1513209474796486719 1073741895 1 1 1073741895 1 16 71 1 15 31 2 144115188075857190 0 2133 2 144115188075857190 1 2133 2 144115188075857191 144115188075857194 2133 2 144115188075857192 144115188075857195 3 0 2133 2 1224979098644774912 0 4 0 2147484551 1 1513209474796486719 75 1 1 726 2 72057594037927937 1 727 2 72057594037927938 1 2010 1 47 4 0 2147483679 2 144115188075857190 1 4 0 31 2 72057594037927937 144115188075857196 31 2 72057594037927938 144115188075857197 3221225503 2 72057594037927937 144115188075857194 2147483679 2 72057594037927938 144115188075857195 2105 2 144115188075857193 1 4 0 30 2 144115188075857193 15 2133 2 144115188075857193 0 2133 2 144115188075857194 72057594037927937 2133 2 144115188075857195 72057594037927938 3 0 5 0 2133 2 1224979098644774912 1 2133 2 144115188075857193 0 3 0 2133 2 144115188075857196 72057594037927937 2133 2 144115188075857197 72057594037927938 5 0 4 0 2147483679 2 72057594037927937 144115188075857196 2147483679 2 72057594037927938 144115188075857197 2121 3 1224979098644774913 72057594037927937 144115188075857191 2121 3 1224979098644774914 72057594037927938 144115188075857192 33 3 1224979098644774913 -10 11 33 3 1224979098644774914 -10 11 2133 2 144115188075857190 0 2133 2 144115188075857194 144115188075857191 2133 2 144115188075857195 144115188075857192 5 0 2133 2 144115188075857194 72057594037927937 2133 2 144115188075857195 72057594037927938 3 0 2133 2 144115188075857196 72057594037927937 2133 2 144115188075857197 72057594037927938 3 0 3 0 2133 2 1224979098644774915 0 2133 2 1224979098644774916 0 2133 2 1224979098644774917 0 2133 2 1224979098644774918 0 4 0 70 1 144115188075857232 4 0 30 2 144115188075857198 0 2133 2 144115188075857198 -20 3 0 2105 2 144115188075857198 -1 2133 2 1224979098644774912 2 2133 2 1224979098644774917 -1 5 0 70 1 144115188075857233 4 0 2147483680 2 144115188075857198 0 2133 2 144115188075857198 20 3 0 2105 2 144115188075857198 1 2133 2 1224979098644774912 2 2133 2 1224979098644774917 1 5 0 2133 2 144115188075857198 0 2133 2 1224979098644774917 0 3 0 4 0 70 1 144115188075857230 4 0 2147483680 2 144115188075857199 0 2133 2 144115188075857199 15 3 0 2105 2 144115188075857199 1 2133 2 1224979098644774912 2 2133 2 1224979098644774918 1 5 0 70 1 144115188075857231 4 0 30 2 144115188075857199 0 2133 2 144115188075857199 -15 3 0 2105 2 144115188075857199 -1 2133 2 1224979098644774912 2 2133 2 1224979098644774918 -1 5 0 2133 2 144115188075857199 0 2133 2 1224979098644774918 0 3 0 4 0 31 2 1224979098644774912 1 2121 3 1224979098644774915 72057594037927937 144115188075857194 2121 3 1224979098644774916 72057594037927938 144115188075857195 5 0 31 2 1224979098644774912 2 4 0 2147483679 2 1224979098644774917 0 2112 3 144115188075857198 -80 80 2133 2 1224979098644774915 144115188075857198 3 0 4 0 2147483679 2 1224979098644774918 0 2112 3 144115188075857199 -45 45 2133 2 1224979098644774916 144115188075857199 3 0 3 0 4 0 30 2 1224979098644774912 1 2107 2 1224979098644774915 144115188075857188 2107 2 1224979098644774916 144115188075857189 2112 3 1224979098644774915 -80000 80001 2112 3 1224979098644774916 -60000 60001 2122 3 1224979098644774919 144115188075857200 -1 738 2 47 1224979098644774919 724 2 47 90 738 2 47 1224979098644774915 724 2 47 -90 738 2 47 144115188075857200 738 2 47 1224979098644774916 2105 2 144115188075857200 1224979098644774916 2011 1 47 3 0 
0.000000 0.000000 0.000000  4 1073741855 2 144115188075857110 3 2147484654 0 1073741855 2 144115188075857174 1 31 2 144115188075857243 0  87 4 0 1006 0 32 2 144115188075857306 -1 2133 2 1224979098644774912 144115188075857306 2133 2 1224979098644774913 500 5 0 2133 2 1224979098644774912 144115188075857307 2133 2 1224979098644774913 0 3 0 30 2 1224979098644774912 0 2133 2 1224979098644774914 0 4 0 70 1 144115188075857226 2105 2 144115188075857117 5 2133 2 1224979098644774914 1 4 0 70 1 29 2105 2 144115188075857113 5 3 0 5 0 70 1 144115188075857227 2106 2 144115188075857117 5 2133 2 1224979098644774914 1 4 0 70 1 29 2106 2 144115188075857113 5 3 0 5 0 70 1 144115188075857230 2105 2 144115188075857116 5 2133 2 1224979098644774914 1 4 0 70 1 29 2105 2 144115188075857112 5 3 0 5 0 70 1 144115188075857231 2106 2 144115188075857116 5 2133 2 1224979098644774914 1 4 0 70 1 29 2106 2 144115188075857112 5 3 0 3 0 4 0 70 1 29 4 0 70 1 144115188075857232 2106 2 144115188075857113 5 5 0 70 1 144115188075857233 2105 2 144115188075857113 5 3 0 3 0 4 0 31 2 1224979098644774914 1 62 1 0 2133 2 1224979098644774913 0 2001 1 1 3 0 1709 2 47 1224979098644774912 722 2 47 144115188075857117 721 2 47 144115188075857116 725 2 47 144115188075857114 723 2 47 144115188075857112 724 2 47 144115188075857113 1714 2 1224979098644774915 1224979098644774912 4 0 30 2 1224979098644774915 0 722 2 47 90 2108 2 1224979098644774913 2 3 0 793 2 1224979098644774916 47 4 0 2147483680 2 1224979098644774916 0 791 1 47 722 2 47 15 3 0 4 0 1 1 936748722493063894 2147484654 0 5 0 32 2 1224979098644774913 0 2012 3 47 1224979098644774913 0 5 0 2011 1 47 3 0 
0.000000 0.500000 1.000000  4 1073741895 1 238 71 1 144115188075857228 1006 0 31 2 144115188075857110 3  1 1 1 936748722493063896 
0.000000 0.500000 1.000000  4 1073741895 1 239 71 1 144115188075857229 1006 0 31 2 144115188075857110 3  1 1 1 936748722493063897 
0.000000 0.000000 0.000000  4 31 2 144115188075857105 0 31 2 144115188075857110 1 1073741855 2 144115188075857174 1 31 2 144115188075857243 0  61 2010 1 47 2133 2 1224979098644774912 0 2133 2 1224979098644774913 0 2133 2 1224979098644774914 0 2133 2 1224979098644774915 0 2133 2 1224979098644774916 0 2133 2 1224979098644774917 0 4 0 72 1 2 2106 2 1224979098644774915 10 5 0 72 1 3 2105 2 1224979098644774915 10 3 0 720 2 47 1224979098644774915 4 0 72 1 0 2105 2 1224979098644774916 10 5 0 72 1 1 2106 2 1224979098644774916 10 3 0 721 2 47 1224979098644774916 4 0 70 1 144115188075857226 2105 2 1224979098644774917 10 5 0 70 1 144115188075857227 2106 2 1224979098644774917 10 3 0 722 2 47 1224979098644774917 4 0 70 1 144115188075857232 2105 2 1224979098644774914 1 5 0 70 1 144115188075857233 2106 2 1224979098644774914 1 3 0 725 2 47 1224979098644774914 4 0 70 1 144115188075857228 2105 2 1224979098644774913 1 5 0 70 1 144115188075857229 2106 2 1224979098644774913 1 3 0 724 2 47 1224979098644774913 4 0 70 1 144115188075857230 2105 2 1224979098644774912 1 5 0 70 1 144115188075857231 2106 2 1224979098644774912 1 3 0 723 2 47 1224979098644774912 4 0 1 1 936748722493063894 5 0 2001 1 1 2011 1 47 3 0 
1.000000 0.000000 0.000000  0  116 1700 1 1224979098644774912 12 1 1224979098644774913 1712 1 1224979098644774913 1702 1 1224979098644774913 1704 1 1224979098644774913 1718 2 1224979098644774914 1224979098644774913 2147483679 2 1224979098644774913 1224979098644774912 1770 2 1224979098644774915 1224979098644774913 1773 2 1224979098644774916 1224979098644774913 1787 3 1224979098644774917 1224979098644774915 1224979098644774916 31 2 1224979098644774917 0 1727 2 1224979098644774918 1224979098644774913 2170 3 1224979098644774919 1369094286720630807 1224979098644774914 4 0 32 2 1224979098644774918 0 2133 2 1224979098644774920 0 1726 3 1224979098644774921 1224979098644774913 0 1714 2 1224979098644774922 1224979098644774913 4 0 30 2 1224979098644774922 0 2124 1 10 1689 2 1 1224979098644774913 727 2 1224979098644774923 1 4 0 30 2 1224979098644774923 80 32 2 1224979098644774919 0 2133 2 1224979098644774920 1 5 0 2147483680 2 1224979098644774923 40 1 3 936748722493064063 1224979098644774913 200 2133 2 1224979098644774924 72057594037927936 30 2 1224979098644774924 1 2133 2 1224979098644774920 -1 3 0 3 0 4 0 31 2 1224979098644774920 -1 4 0 32 2 1224979098644774921 0 33 3 1224979098644774921 288230376151713209 288230376151713233 6 3 1224979098644774925 0 4 1804 3 1224979098644774926 1224979098644774913 1224979098644774925 32 2 1224979098644774926 0 1570 2 1224979098644774927 1224979098644774926 2147483679 2 1224979098644774927 7 2147483681 3 1224979098644774926 288230376151713209 288230376151713233 1747 2 1224979098644774913 1224979098644774926 3 0 3 0 5 0 31 2 1224979098644774920 1 4 0 32 2 1224979098644774921 0 2147483681 3 1224979098644774921 288230376151713209 288230376151713233 6 3 1224979098644774925 0 4 1804 3 1224979098644774926 1224979098644774913 1224979098644774925 32 2 1224979098644774926 0 33 3 1224979098644774926 288230376151713209 288230376151713233 2147483681 3 1224979098644774926 288230376151713225 288230376151713231 1747 2 1224979098644774913 1224979098644774926 3 0 3 0 3 0 5 0 2133 2 1224979098644774928 0 1726 3 1224979098644774921 1224979098644774913 0 1714 2 1224979098644774922 1224979098644774913 4 0 30 2 1224979098644774922 0 2124 1 10 1689 2 1 1224979098644774913 727 2 1224979098644774923 1 4 0 30 2 1224979098644774923 80 2133 2 1224979098644774928 1 5 0 2147483680 2 1224979098644774923 40 1 3 936748722493064063 1224979098644774913 200 2133 2 1224979098644774924 72057594037927936 30 2 1224979098644774924 1 2133 2 1224979098644774928 -1 3 0 5 0 2133 2 1224979098644774928 -1 3 0 4 0 31 2 1224979098644774928 -1 4 0 32 2 1224979098644774921 0 2723 2 1224979098644774921 2147483648 2147486371 2 1224979098644774921 562949953421312 6 3 1224979098644774925 0 4 1804 3 1224979098644774926 1224979098644774913 1224979098644774925 32 2 1224979098644774926 0 1570 2 1224979098644774927 1224979098644774926 2147483679 2 1224979098644774927 7 2147486371 2 1224979098644774926 2147483648 1747 2 1224979098644774913 1224979098644774926 3 0 3 0 5 0 31 2 1224979098644774928 1 4 0 32 2 1224979098644774921 0 2147486371 2 1224979098644774921 2147483648 6 3 1224979098644774925 0 4 1804 3 1224979098644774926 1224979098644774913 1224979098644774925 32 2 1224979098644774926 0 2723 2 1224979098644774926 2147483648 2147486371 2 1224979098644774921 562949953421312 1747 2 1224979098644774913 1224979098644774926 3 0 3 0 3 0 3 0 3 0 
0.000000 1.500000 0.000000  20 73 1 5 1003 1 2 1700 1 72057594037927946 1702 1 72057594037927946 4 0 1714 2 72057594037927948 72057594037927946 30 2 72057594037927948 0 1740 2 72057594037927946 1801439850948198897 1740 2 72057594037927948 1801439850948198970 5 0 1740 2 72057594037927946 1801439850948198896 3 0 1718 2 72057594037927947 72057594037927946 4 0 31 2 144115188075857201 0 1 2 936748722493063959 72057594037927947 32 2 72057594037927937 -1 1750 2 72057594037927946 72057594037927937 3 0 2133 2 144115188075857201 1  1 2133 2 144115188075857201 2 
0.000000 0.000000 0.000000  2 31 2 144115188075857201 2 2147483720 1 5  9 1700 1 72057594037927946 1714 2 72057594037927948 72057594037927946 4 0 30 2 72057594037927948 0 1740 2 72057594037927946 1801439850948198899 5 0 1740 2 72057594037927946 1801439850948198898 3 0 2133 2 144115188075857201 0 
-20.000000 0.000000 0.000000  0  2 2008 1 4278190080 2009 2 0 2500 
0.000000 0.000000 1.000000  6 2147484654 0 73 1 9 1700 1 1224979098644774912 1726 3 1224979098644774913 1224979098644774912 0 32 2 1224979098644774913 0 567 3 1224979098644774913 5 1  12 1700 1 1224979098644774912 1726 3 1224979098644774913 1224979098644774912 0 527 3 1224979098644774914 1224979098644774913 5 32 2 1224979098644774914 1 6 3 1224979098644774915 0 4 1804 3 1224979098644774916 1224979098644774912 1224979098644774915 31 2 1224979098644774916 1224979098644774913 1542 3 1224979098644774917 360287970189639680 1224979098644774915 1774 3 1224979098644774912 1224979098644774913 1224979098644774915 1779 4 1224979098644774912 1224979098644774914 1224979098644774915 1224979098644774917 1747 2 1224979098644774912 1224979098644774914 3 0 
0.000000 0.000000 1.000000  6 2147484654 0 71 1 35 1700 1 1224979098644774912 1804 3 1224979098644774913 1224979098644774912 4 32 2 1224979098644774913 0 567 3 1224979098644774913 5 1  9 1700 1 1224979098644774912 1804 3 1224979098644774913 1224979098644774912 4 527 3 1224979098644774914 1224979098644774913 5 32 2 1224979098644774914 1 1542 3 1224979098644774915 360287970189639680 4 1774 3 1224979098644774912 1224979098644774913 4 1779 4 1224979098644774912 1224979098644774914 4 1224979098644774915 1740 3 1224979098644774912 1801439850948198570 1 600 1 1152921504606847167 
-71.000000 0.000000 0.000000  3 2071 1 1224979098644774912 1073741855 2 1224979098644774912 10 31 2 1224979098644774912 9  3 2071 1 1224979098644774912 2072 1 1224979098644774913 1 3 936748722493063563 1224979098644774912 1224979098644774913 
-57.000000 0.000000 0.000000  2 2072 1 1224979098644774912 31 2 1224979098644774912 0  3 2071 1 1224979098644774912 1774 2 1224979098644774912 0 1732 1 1224979098644774912 
-56.000000 0.000000 0.000000  5 2071 1 1224979098644774912 32 2 1224979098644774912 -1 1702 1 1224979098644774912 1707 1 1224979098644774912 1 5 936748722493064105 1224979098644774912 0 0 0  0 
-19.000000 0.000000 0.000000  0  8 2133 2 144115188075857176 0 2133 2 144115188075857174 0 2147483679 2 144115188075857243 0 2133 2 144115188075856012 1 1617 1 648518346341351430 1 3 936748722493063350 648518346341351430 648518346341351424 47 1 360287970189639680 2133 2 144115188075857175 360287970189639680 
5.000000 0.000000 0.000000  3 2147483679 2 144115188075857243 0 1700 1 1224979098644774912 2147485350 1 1224979098644774912  98 2124 1 100 1700 1 1224979098644774912 1770 2 1224979098644774913 1224979098644774912 1765 2 1224979098644774914 1224979098644774912 1710 2 1 1224979098644774912 2133 2 1224979098644774915 0 2133 2 1224979098644774916 -1 2133 2 1224979098644774917 -1 2133 2 1224979098644774918 1000000 12 1 1224979098644774919 31 2 1224979098644774916 -1 1704 1 1224979098644774919 1702 1 1224979098644774919 1770 2 1224979098644774920 1224979098644774919 31 2 1224979098644774920 1224979098644774913 1716 2 1224979098644774921 1224979098644774919 31 2 1224979098644774921 648518346341351424 1718 2 1224979098644774922 1224979098644774919 33 3 1224979098644774922 360287970189639979 360287970189639995 540 3 1224979098644774922 2 5 1710 2 2 1224979098644774919 711 3 1224979098644774923 1 2 2147483678 2 1224979098644774923 1224979098644774918 2133 2 1224979098644774916 1224979098644774922 2133 2 1224979098644774917 1224979098644774919 2133 2 1224979098644774918 1224979098644774923 2322 2 31 1224979098644774916 1106 2 1585267068834414921 5308240 3 0 4 0 31 2 1224979098644774916 -1 31 2 144115188075857243 2 12 1 1224979098644774919 31 2 1224979098644774916 -1 1704 1 1224979098644774919 1702 1 1224979098644774919 1770 2 1224979098644774920 1224979098644774919 31 2 1224979098644774920 1224979098644774913 1718 2 1224979098644774922 1224979098644774919 1716 2 1224979098644774921 1224979098644774919 31 2 1224979098644774921 648518346341351424 1710 2 2 1224979098644774919 711 3 1224979098644774923 1 2 2147483678 2 1224979098644774923 1224979098644774918 2133 2 1224979098644774916 1224979098644774922 2133 2 1224979098644774917 1224979098644774919 2133 2 1224979098644774918 1224979098644774923 2322 2 31 1224979098644774916 1106 2 1585267068834414921 5308240 3 0 3 0 4 0 30 2 1224979098644774916 1 30 2 1224979098644774917 0 1 3 936748722493064062 1224979098644774916 360287970189641434 2133 2 144115188075857175 1224979098644774916 47 1 1224979098644774916 1720 3 1224979098644774924 1224979098644774917 1 1710 2 1 1224979098644774917 731 2 1 -2000 729 2 1 0 730 2 1 0 1710 2 0 1224979098644774917 1970 1 0 1714 2 1224979098644774925 1224979098644774917 4 0 32 2 1224979098644774925 0 1711 2 1224979098644774925 1 1755 1 1224979098644774925 3 0 1711 2 1224979098644774917 1 505 3 1224979098644774917 100 1 525 3 1224979098644774926 1224979098644774917 102 1755 1 1224979098644774917 2133 2 144115188075857202 1 1972 1 1224979098644774916 2133 2 144115188075857202 0 2133 2 1224979098644774912 72057594037927936 505 3 1224979098644774912 102 1224979098644774926 1771 2 1224979098644774912 1224979098644774913 1721 3 1224979098644774912 1224979098644774924 1 1766 2 1224979098644774912 1224979098644774914 505 3 1224979098644774912 100 2 505 3 1224979098644774912 101 1224979098644774916 4 0 1714 2 1224979098644774927 1224979098644774912 32 2 1224979098644774927 0 2147483678 2 1224979098644774925 0 1711 2 1224979098644774927 1 1755 1 1224979098644774927 3 0 47 1 360287970189639680 2133 2 1224979098644774915 1 2133 2 144115188075857176 1 3 0 31 2 1224979098644774916 -1 31 2 1224979098644774915 0 2133 2 144115188075857174 1 
0.000000 0.300000 0.000000  5 31 2 144115188075857329 1 1541 3 1224979098644774912 360287970189639680 5 30 2 1224979098644774912 0 2700 2 1224979098644774913 1224979098644774912 30 2 1224979098644774913 800  15 1700 1 1224979098644774912 1541 3 1224979098644774913 360287970189639680 5 30 2 1224979098644774913 0 2700 2 1224979098644774914 1224979098644774913 30 2 1224979098644774914 800 4 0 33 3 1224979098644774914 800 2100 2133 2 1224979098644774915 1152921504606847156 5 0 30 2 1224979098644774914 2100 2133 2 1224979098644774915 1152921504606847157 3 0 1768 2 1224979098644774916 1224979098644774912 33 3 1224979098644774916 1801439850948198426 1801439850948198522 1750 2 1224979098644774912 1224979098644774915 
-25.000000 0.000000 0.000000  0  10 2071 1 1224979098644774912 1712 1 1224979098644774912 1702 1 1224979098644774912 4 0 1804 3 1224979098644774913 1224979098644774912 6 31 2 1224979098644774913 -1 1804 3 1224979098644774914 1224979098644774912 5 32 2 1224979098644774914 0 1779 2 1224979098644774912 288230376151713382 3 0 
30.000000 0.000000 100000000.000000  1 31 2 144115188075857183 8  3 1106 2 1585267068834414922 5308240 1106 2 1585267068834414922 5308240 2133 2 144115188075857158 1 
0.500000 0.000000 100000000.000000  3 31 2 144115188075857183 8 31 2 144115188075857158 1 71 1 37  11 1700 1 1224979098644774912 1770 2 1224979098644774913 1224979098644774912 12 1 1224979098644774914 1702 1 1224979098644774914 1704 1 1224979098644774914 1770 2 1224979098644774915 1224979098644774914 31 2 1224979098644774915 1224979098644774913 1728 1 1224979098644774914 3 0 1106 2 1585267068834414923 5308240 2133 2 144115188075857158 0 
-26.000000 0.000000 0.000000  0  94 2071 1 1224979098644774912 2072 1 1224979098644774913 2073 1 1224979098644774914 30 2 1224979098644774912 0 1704 1 1224979098644774912 1718 2 1224979098644774915 1224979098644774912 2147485155 1 1224979098644774915 4 0 2147485354 1 1224979098644774912 1610 3 648518346341351442 1224979098644774915 1 3 0 4 0 1073741855 2 1224979098644774915 360287970189641349 31 2 1224979098644774915 360287970189641350 2133 2 1224979098644774914 1 5 0 32 2 1224979098644774913 -1 1726 3 1224979098644774916 1224979098644774913 0 4 0 2147483678 2 1224979098644774916 0 2133 2 1224979098644774916 0 3 0 4 0 1770 2 1224979098644774917 1224979098644774912 1792 2 1224979098644774918 1224979098644774917 4 0 32 2 1224979098644774918 -1 2147485355 1 1224979098644774918 1685 3 1224979098644774919 648518346341351424 1369094286720630794 2107 2 1224979098644774919 3 2105 2 1224979098644774919 25 5 0 32 2 1224979098644774918 -1 1718 2 1224979098644774920 1224979098644774918 1507 1 1224979098644774920 2170 3 1224979098644774919 1369094286720630794 1224979098644774920 2107 2 1224979098644774919 3 2105 2 1224979098644774919 25 5 0 2133 2 1224979098644774919 20 4 0 31 2 144115188075857183 12 2105 2 1224979098644774919 10 3 0 3 0 4 0 31 2 144115188075857183 16 33 3 1224979098644774915 360287970189639738 360287970189639747 2106 2 1224979098644774919 25 3 0 4 0 31 2 144115188075857183 20 2105 2 1224979098644774919 10 3 0 3 0 2721 2 1224979098644774921 1224979098644774916 1 3 936748722493063977 0 101 2133 2 1224979098644774922 72057594037927936 4 0 31 2 1224979098644774921 2 2121 3 1224979098644774919 100 1224979098644774919 2108 2 1224979098644774919 8 32 2 1224979098644774922 1224979098644774919 2133 2 1224979098644774914 1 5 0 2147483680 2 1224979098644774922 1224979098644774919 2133 2 1224979098644774914 1 5 0 2133 2 1224979098644774914 0 3 0 3 0 4 0 31 2 1224979098644774916 288230376151713384 2075 1 2 5 0 31 2 1224979098644774914 1 2075 1 2 4 0 2147485354 1 1224979098644774912 1618 3 648518346341351442 1224979098644774915 1 3 0 5 0 31 2 1224979098644774914 0 2075 1 1 4 0 31 2 144115188075857183 21 1718 2 1224979098644774923 1224979098644774913 31 2 1224979098644774923 360287970189639680 1 2 936748722493064146 1 3 0 5 0 2075 1 0 3 0 1 3 936748722493063496 1224979098644774912 1224979098644774913 
0.000000 0.000000 0.000000  3 1685 3 1224979098644774912 648518346341351424 1369094286720630799 1073741854 2 1224979098644774912 4 31 2 144115188075857183 2  39 1700 1 1224979098644774912 1709 2 1 1224979098644774912 4 0 1702 1 1224979098644774912 2076 4 2 1224979098644774912 9 1 719 2 1 2 3 0 4 0 31 2 144115188075857341 0 2001 1 0 5 0 31 2 144115188075857341 1 722 2 1 300 721 2 1 -600 5 0 31 2 144115188075857341 2 722 2 1 600 721 2 1 -1200 5 0 31 2 144115188075857341 3 722 2 1 2500 721 2 1 -400 723 2 1 -45 3 0 2011 1 1 4 0 71 1 47 2105 2 144115188075857341 1 2109 2 144115188075857341 4 2147483679 2 144115188075857341 0 2001 1 1 3 0 4 0 1073741897 1 20 1073741897 1 19 73 1 21 2001 1 0 2133 2 144115188075857341 0 3 0 
0.050000 0.000000 0.000000  2 2147483679 2 144115188075857204 0 2147484551 1 144115188075857203  3 900 1 144115188075857204 2133 2 144115188075857203 144115188075857204 2133 2 144115188075857204 0 
-25.000000 0.000000 0.000000  0  2 2071 1 1224979098644774912 505 3 1224979098644774912 10 0 
0.000000 0.000000 0.000000  1 73 1 22  7 4 0 903 1 1513209474796486719 902 1 0 5 0 902 1 0 2133 2 144115188075857204 1513209474796486719 3 0 
-20.000000 0.000000 100000000.000000  0  13 1700 1 144115188075857205 4 0 31 2 144115188075857205 -1 2133 2 144115188075857206 -1 5 0 1765 2 144115188075857206 144115188075857205 3 0 2124 1 100 1799 2 2 3 726 2 144115188075857207 3 727 2 144115188075857208 3 726 2 144115188075857209 2 727 2 144115188075857210 2 
-19.000000 0.000000 100000000.000000  0  4 2133 2 144115188075857211 0 2133 2 144115188075857212 0 2133 2 144115188075857213 0 2133 2 144115188075857214 0 
0.050000 0.000000 0.000000  2 2147483679 2 144115188075857204 0 2147484551 1 144115188075857203  3 900 1 144115188075857204 2133 2 144115188075857203 144115188075857204 2133 2 144115188075857204 0 
0.000000 0.000000 0.100000  13 1073741897 1 30 1073741897 1 31 1073741897 1 32 1073741897 1 33 1073741897 1 34 1073741897 1 35 1073741897 1 36 1073741897 1 37 1073741897 1 38 1073741897 1 39 1073741897 1 40 73 1 29 2147484654 0  21 2133 2 144115188075857211 0 4 0 903 1 1513209474796486719 2133 2 144115188075857214 1 3 0 4 0 902 1 0 2133 2 144115188075857204 1513209474796486717 3 0 2133 2 144115188075857213 1 4 0 31 2 144115188075857218 2 6 3 1224979098644774912 0 9 1775 2 144115188075857206 1224979098644774912 2120 3 1224979098644774913 194 1224979098644774912 529 3 1224979098644774914 144115188075857206 1224979098644774913 1107 1 0 1 4 936748722493064110 144115188075857206 1224979098644774912 1224979098644774914 1107 1 1 3 0 3 0 
0.000000 0.000000 0.000000  3 1073742830 0 70 1 1 903 1 1513209474796486717  2 902 1 0 2133 2 144115188075857213 0 
0.000000 0.000000 0.000000  3 1073742830 0 70 1 1 2147483679 2 144115188075857211 0  1 2133 2 144115188075857211 0 
0.100000 0.000000 0.000000  5 2147483679 2 144115188075857215 0 2367 1 72057594037927936 2106 2 72057594037927936 144115188075857215 30 2 72057594037927936 250 31 2 144115188075857211 23  18 2133 2 144115188075857215 0 4 0 72 1 23 2133 2 144115188075857212 2 2133 2 144115188075857211 0 2117 3 72057594037927936 144115188075857302 512 4 0 31 2 72057594037927936 0 2114 2 144115188075857302 512 31 2 144115188075857037 0 1120 2 216172782113787550 1585267068834414924 3 0 5 0 31 2 144115188075857212 1 2133 2 144115188075857212 0 2133 2 144115188075857211 0 1 2 936748722493064098 0 3 0 
0.000000 0.000000 0.000000  2 73 1 23 2147484654 0  25 2367 1 144115188075857215 4 0 2147483679 2 144115188075857211 23 2147483679 2 144115188075857211 24 2147483679 2 144115188075857211 25 2133 2 144115188075857211 23 2133 2 144115188075857213 0 4 0 903 1 1513209474796486719 2133 2 144115188075857214 1 3 0 902 1 0 2133 2 144115188075857212 0 5 0 31 2 144115188075857211 23 2133 2 144115188075857212 1 5 0 31 2 144115188075857211 24 2133 2 144115188075857211 0 902 1 0 1 2 936748722493064098 5 5 0 31 2 144115188075857211 25 2133 2 144115188075857211 0 3 0 
0.000000 0.000000 0.000000  2 73 1 24 2147484654 0  25 4 0 2147483679 2 144115188075857211 23 2147483679 2 144115188075857211 24 2147483679 2 144115188075857211 25 2133 2 144115188075857211 24 2133 2 144115188075857213 0 4 0 903 1 1513209474796486719 2133 2 144115188075857214 1 3 0 902 1 0 2133 2 144115188075857204 1513209474796486717 5 0 31 2 144115188075857211 23 2133 2 144115188075857211 0 1 2 936748722493064098 1 5 0 31 2 144115188075857211 24 2133 2 144115188075857211 0 902 1 0 1 2 936748722493064098 6 5 0 31 2 144115188075857211 25 2133 2 144115188075857211 0 3 0 
0.000000 0.000000 0.000000  2 73 1 25 2147484654 0  24 4 0 2147483679 2 144115188075857211 23 2147483679 2 144115188075857211 24 2147483679 2 144115188075857211 25 2133 2 144115188075857211 25 2133 2 144115188075857213 0 4 0 903 1 1513209474796486719 2133 2 144115188075857214 1 3 0 902 1 0 5 0 31 2 144115188075857211 23 2133 2 144115188075857211 0 1 2 936748722493064098 2 5 0 31 2 144115188075857211 24 2133 2 144115188075857211 0 902 1 0 1 2 936748722493064098 8 5 0 31 2 144115188075857211 25 2133 2 144115188075857211 0 3 0 
0.000000 0.000000 0.000000  2 73 1 26 2147484654 0  55 4 0 31 2 144115188075857211 0 4 0 31 2 144115188075857331 0 2133 2 144115188075857211 26 4 0 903 1 1513209474796486719 2133 2 144115188075857214 1 3 0 902 1 0 2133 2 144115188075857204 1513209474796486717 2117 3 72057594037927936 144115188075857302 1024 4 0 31 2 72057594037927936 0 2114 2 144115188075857302 1024 31 2 144115188075857037 0 1120 2 216172782113787551 1585267068834414925 3 0 5 0 1106 1 1585267068834414926 31 2 144115188075857213 1 4 0 903 1 1513209474796486719 2133 2 144115188075857214 1 3 0 902 1 0 2133 2 144115188075857204 1513209474796486717 3 0 5 0 31 2 144115188075857211 23 2133 2 144115188075857211 0 1 2 936748722493064098 11 5 0 31 2 144115188075857211 24 2133 2 144115188075857211 0 902 1 0 1 2 936748722493064098 7 5 0 31 2 144115188075857211 25 2133 2 144115188075857211 0 5 0 31 2 144115188075857211 26 2133 2 144115188075857211 0 1 1 936748722493064079 6 3 1224979098644774912 0 9 1775 2 144115188075857206 1224979098644774912 2120 3 1224979098644774913 293 1224979098644774912 509 3 144115188075857206 1224979098644774913 -1 2120 3 1224979098644774913 14 1224979098644774912 569 3 144115188075857206 1224979098644774913 1 2120 3 1224979098644774913 221 1224979098644774912 509 3 144115188075857206 1224979098644774913 1 1 4 936748722493064096 1224979098644774912 2 1 3 0 3 0 
0.000000 0.000000 0.000000  2 73 1 27 2147484654 0  32 4 0 31 2 144115188075857211 0 31 2 144115188075857213 1 4 0 903 1 1513209474796486719 2133 2 144115188075857214 1 3 0 902 1 0 2133 2 144115188075857204 1513209474796486717 5 0 31 2 144115188075857211 23 2133 2 144115188075857211 0 1 2 936748722493064098 14 5 0 31 2 144115188075857211 24 2133 2 144115188075857211 0 902 1 0 5 0 31 2 144115188075857211 26 2133 2 144115188075857211 0 1 1 936748722493064079 6 3 1224979098644774912 0 9 1775 2 144115188075857206 1224979098644774912 2120 3 1224979098644774913 293 1224979098644774912 509 3 144115188075857206 1224979098644774913 -1 2120 3 1224979098644774913 14 1224979098644774912 569 3 144115188075857206 1224979098644774913 1 2120 3 1224979098644774913 221 1224979098644774912 509 3 144115188075857206 1224979098644774913 1 1 4 936748722493064096 1224979098644774912 3 1 3 0 3 0 
0.000000 0.000000 0.000000  2 73 1 28 2147484654 0  29 4 0 31 2 144115188075857211 0 31 2 144115188075857213 1 4 0 903 1 1513209474796486719 2133 2 144115188075857214 1 3 0 902 1 0 2133 2 144115188075857204 1513209474796486717 5 0 31 2 144115188075857211 24 2133 2 144115188075857211 0 902 1 0 1 2 936748722493064098 4 5 0 31 2 144115188075857211 26 2133 2 144115188075857211 0 1 1 936748722493064079 6 3 1224979098644774912 0 9 1775 2 144115188075857206 1224979098644774912 2120 3 1224979098644774913 293 1224979098644774912 509 3 144115188075857206 1224979098644774913 -1 2120 3 1224979098644774913 14 1224979098644774912 569 3 144115188075857206 1224979098644774913 1 2120 3 1224979098644774913 221 1224979098644774912 509 3 144115188075857206 1224979098644774913 1 1 4 936748722493064096 1224979098644774912 4 1 3 0 3 0 
0.000000 0.000000 0.000000  2 71 1 65 2147484654 0  27 4 0 31 2 144115188075857211 0 31 2 144115188075857213 1 4 0 903 1 1513209474796486719 2133 2 144115188075857214 1 3 0 902 1 0 2133 2 144115188075857204 1513209474796486717 5 0 31 2 144115188075857211 24 1 1 936748722493064099 5 0 31 2 144115188075857211 26 2133 2 144115188075857211 0 1 1 936748722493064079 6 3 1224979098644774912 0 9 1775 2 144115188075857206 1224979098644774912 2120 3 1224979098644774913 293 1224979098644774912 509 3 144115188075857206 1224979098644774913 -1 2120 3 1224979098644774913 14 1224979098644774912 569 3 144115188075857206 1224979098644774913 1 2120 3 1224979098644774913 221 1224979098644774912 509 3 144115188075857206 1224979098644774913 1 1 4 936748722493064096 1224979098644774912 5 1 3 0 3 0 
0.000000 0.000000 0.000000  2 71 1 66 2147484654 0  17 4 0 31 2 144115188075857211 0 31 2 144115188075857213 1 4 0 903 1 1513209474796486719 2133 2 144115188075857214 1 3 0 902 1 0 2133 2 144115188075857204 1513209474796486717 5 0 31 2 144115188075857211 24 1 1 936748722493064100 5 0 31 2 144115188075857211 26 2133 2 144115188075857211 0 1 2 936748722493064098 2 3 0 
0.700000 0.000000 0.000000  3 31 2 144115188075857214 1 2147484551 1 1513209474796486717 31 2 144115188075857211 0  3 902 1 0 2133 2 144115188075857204 1513209474796486719 2133 2 144115188075857214 0 
-19.000000 0.000000 0.000000  0  8 2133 2 144115188075857216 -2 6 3 1224979098644774912 0 4 509 3 1224979098644774912 5 0 6 3 1224979098644774913 0 9 2120 3 1224979098644774914 185 1224979098644774913 509 3 1224979098644774912 1224979098644774914 -1 3 0 3 0 
0.000000 0.200000 100000000.000000  1 1943 0  62 12 1 1224979098644774912 1704 1 1224979098644774912 4 0 415 1 1224979098644774913 401 1 1224979098644774913 406 2 1224979098644774914 1224979098644774913 31 2 1224979098644774912 1224979098644774914 2133 2 144115188075857205 1224979098644774914 402 2 144115188075857206 1224979098644774913 5 0 1707 1 1224979098644774912 1765 2 1224979098644774915 1224979098644774912 32 2 1224979098644774915 -1 1 2 936748722493064112 1224979098644774912 3 0 3 0 4 0 2147484067 0 2124 1 100 1 1 936748722493064114 2121 3 1224979098644774916 432345564227567635 432345564227567630 2122 3 1224979098644774917 4 1224979098644774916 6 3 1224979098644774918 0 1224979098644774917 509 3 7 1224979098644774918 0 3 0 12 1 1224979098644774919 1704 1 1224979098644774919 1765 2 1224979098644774920 1224979098644774919 1718 2 1224979098644774921 1224979098644774919 2173 2 1224979098644774922 1224979098644774921 33 3 1224979098644774922 432345564227567630 432345564227567635 2122 3 1224979098644774918 1224979098644774920 1224979098644774916 2106 2 1224979098644774922 432345564227567630 2105 2 1224979098644774918 1224979098644774922 529 3 1224979098644774923 7 1224979098644774918 2105 2 1224979098644774923 1 509 3 7 1224979098644774918 1224979098644774923 3 0 6 3 1224979098644774915 0 4 569 3 1224979098644774915 5 1 1792 2 1224979098644774924 1224979098644774915 4 0 30 2 1224979098644774924 0 1718 2 1224979098644774925 1224979098644774924 2173 2 1224979098644774926 1224979098644774925 5 0 2133 2 1224979098644774926 0 2133 2 1224979098644774927 0 2122 3 1224979098644774928 1224979098644774915 1224979098644774916 2120 3 1224979098644774917 1224979098644774928 1224979098644774916 6 3 1224979098644774918 1224979098644774928 1224979098644774917 529 3 1224979098644774923 7 1224979098644774918 32 2 1224979098644774923 1224979098644774927 2133 2 1224979098644774927 1224979098644774923 2121 3 1224979098644774926 1224979098644774928 1224979098644774918 2105 2 1224979098644774926 432345564227567630 3 0 3 0 509 3 1224979098644774915 1 1224979098644774926 3 0 3 0 2105 2 144115188075857216 1 
-25.000000 0.000000 0.000000  1 1 1 936748722493064115  2 2071 1 1224979098644774912 1 2 936748722493064112 1224979098644774912 
0.500000 0.000000 0.000000  2 2147483679 2 144115188075857216 -2 2147484654 0  13 2124 1 100 2367 1 144115188075857216 4 0 6 3 1224979098644774912 0 4 6 3 1224979098644774913 0 9 2120 3 1224979098644774914 185 1224979098644774913 1073742373 3 1224979098644774912 1224979098644774914 4 549 3 1224979098644774912 1224979098644774914 5 509 3 1224979098644774912 1224979098644774914 -1 3 0 3 0 3 0 1 1 936748722493064114 
-19.000000 0.000000 100000000.000000  0  25 2133 2 144115188075857217 1 6 3 1224979098644774912 0 4 6 3 72057594037927936 293 302 509 3 1224979098644774912 72057594037927936 -1 3 0 4 0 31 2 0 1 6 3 72057594037927936 194 203 509 3 1224979098644774912 72057594037927936 -1 3 0 6 3 72057594037927936 311 320 509 3 1224979098644774912 72057594037927936 2 3 0 6 3 72057594037927936 203 212 509 3 1224979098644774912 72057594037927936 1 3 0 5 0 6 3 72057594037927936 194 203 509 3 1224979098644774912 72057594037927936 0 3 0 3 0 6 3 72057594037927936 212 221 509 3 1224979098644774912 72057594037927936 2 3 0 3 0 
1.000000 0.000000 0.000000  2 31 2 144115188075856168 0 1 1 936748722493064115  8 2124 1 100 1 4 936748722493064120 38 144115188075857206 9 2133 2 1224979098644774912 72057594037927936 4 0 32 2 1224979098644774912 0 1 1 936748722493064102 3 0 2105 2 144115188075857216 500 
-21.000000 0.000000 0.000000  2 1073742830 0 31 2 144115188075856297 1  1 2133 2 144115188075857217 0 
-8.000000 0.000000 0.000000  2 2071 1 1224979098644774912 31 2 1224979098644774912 0  1 2133 2 144115188075857217 0 
-20.000000 0.000000 0.000000  2 1073741855 2 144115188075857037 1 2147483679 2 144115188075857173 0  2 2133 2 144115188075857218 1 2133 2 144115188075857173 0 
0.000000 0.000000 100000000.000000  2 31 2 144115188075857218 1 1 1 936748722493064115  89 4 0 31 2 144115188075857217 1 32 2 144115188075857206 -1 2124 1 100 1 1 936748722493064079 1 2 936748722493064078 144115188075857206 700 2 37 2 7 3 1224979098644774912 0 9 2120 3 1224979098644774913 14 1224979098644774912 569 3 144115188075857206 1224979098644774913 1 2120 3 1224979098644774913 218 1224979098644774912 522 3 1224979098644774914 432345564227567629 1224979098644774913 2120 3 1224979098644774913 203 1224979098644774912 529 3 1224979098644774915 144115188075857206 1224979098644774913 4 0 2147483679 2 1224979098644774914 0 2120 3 1224979098644774913 200 1224979098644774912 522 3 1224979098644774916 432345564227567629 1224979098644774913 2120 3 1224979098644774913 194 1224979098644774912 509 3 144115188075857206 1224979098644774913 1224979098644774916 2120 3 1224979098644774913 209 1224979098644774912 522 3 1224979098644774917 432345564227567629 1224979098644774913 1107 1 0 4 0 30 2 1224979098644774917 1224979098644774915 6 3 72057594037927936 1224979098644774915 1224979098644774917 1790 3 144115188075857206 1224979098644774912 8 3 0 5 0 6 3 72057594037927936 1224979098644774917 1224979098644774915 1790 3 144115188075857206 1224979098644774912 7 3 0 3 0 1107 1 1 2120 3 1224979098644774913 203 1224979098644774912 509 3 144115188075857206 1224979098644774913 1224979098644774917 4 0 32 2 1224979098644774916 0 2133 2 72057594037927937 1224979098644774912 2346 2 2 72057594037927937 2105 2 72057594037927937 1 1106 1 1585267068834414927 1 4 936748722493064096 1224979098644774912 1224979098644774916 0 5 0 1 4 936748722493064110 144115188075857206 1224979098644774912 1224979098644774916 1 4 936748722493064080 144115188075857206 1224979098644774912 144115188075857205 31 2 0 0 2133 2 72057594037927936 1224979098644774917 2133 2 72057594037927937 1224979098644774912 2346 2 2 72057594037927937 2105 2 72057594037927937 1 4 0 30 2 72057594037927936 0 1106 1 1585267068834414928 5 0 2107 2 72057594037927936 -1 2105 2 72057594037927936 1 1106 1 1585267068834414929 3 0 3 0 5 0 1795 2 144115188075857206 1224979098644774912 2120 3 1224979098644774913 185 1224979098644774912 31 2 144115188075857331 0 549 3 144115188075857206 1224979098644774913 2 1 4 936748722493064096 1224979098644774912 4 2 5 0 31 2 144115188075857331 0 2147484197 3 144115188075857206 1224979098644774913 1 2147484197 3 144115188075857206 1224979098644774913 5 1 2 936748722493064085 144115188075857206 2133 2 1224979098644774916 72057594037927936 32 2 1224979098644774916 0 1 4 936748722493064096 1224979098644774912 1224979098644774916 2 5 0 1 3 936748722493064089 144115188075857206 1224979098644774912 2133 2 1224979098644774916 72057594037927936 2133 2 1224979098644774918 72057594037927937 2120 3 1224979098644774913 194 1224979098644774912 509 3 144115188075857206 1224979098644774913 1224979098644774916 2120 3 1224979098644774913 311 1224979098644774912 509 3 144115188075857206 1224979098644774913 1224979098644774918 700 2 1 37 1 4 936748722493064081 144115188075857206 1224979098644774912 144115188075857205 1 4 936748722493064110 144115188075857206 1224979098644774912 1224979098644774916 3 0 3 0 3 0 2133 2 144115188075857218 2 
0.000000 0.000000 100000000.000000  1 31 2 144115188075857218 2  5 2133 2 144115188075857218 3 1700 1 1224979098644774912 32 2 1224979098644774912 -1 1770 2 72057594037927936 1224979098644774912 1795 2 72057594037927936 9 
-19.000000 0.000000 0.000000  0  8 6 3 1224979098644774912 0 4 6 3 1224979098644774913 0 9 2120 3 1224979098644774914 248 1224979098644774913 509 3 1224979098644774912 1224979098644774914 10 2120 3 1224979098644774914 221 1224979098644774913 509 3 1224979098644774912 1224979098644774914 1 3 0 3 0 
-28.000000 0.000000 0.000000  6 2070 2 1224979098644774912 5 2147483680 2 1224979098644774912 0 2070 2 1224979098644774913 1 1712 1 1224979098644774913 1704 1 1224979098644774913 1702 1 1224979098644774913  52 2070 2 1224979098644774912 1 2070 2 1224979098644774913 2 2070 2 1224979098644774914 3 4 0 2147483679 2 1224979098644774912 144115188075857205 2147483679 2 1224979098644774913 144115188075857205 1770 2 1224979098644774915 1224979098644774912 1773 2 1224979098644774916 1224979098644774912 2120 3 1224979098644774917 194 1224979098644774916 529 3 1224979098644774918 1224979098644774915 1224979098644774917 1770 2 1224979098644774919 1224979098644774913 1773 2 1224979098644774920 1224979098644774913 2120 3 1224979098644774917 194 1224979098644774920 529 3 1224979098644774921 1224979098644774919 1224979098644774917 4 0 31 2 1224979098644774918 0 2147483679 2 1224979098644774921 0 2120 3 1224979098644774917 257 1224979098644774920 569 3 1224979098644774919 1224979098644774917 80 2120 3 1224979098644774917 203 1224979098644774920 529 3 1224979098644774922 1224979098644774919 1224979098644774917 4 0 31 2 1224979098644774922 0 2107 2 1224979098644774914 6 5 0 31 2 1224979098644774922 1 2107 2 1224979098644774914 5 5 0 2107 2 1224979098644774914 4 3 0 2108 2 1224979098644774914 2 5 0 2147483679 2 1224979098644774918 0 31 2 1224979098644774921 0 2120 3 1224979098644774917 257 1224979098644774916 569 3 1224979098644774915 1224979098644774917 80 2120 3 1224979098644774917 203 1224979098644774916 529 3 1224979098644774922 1224979098644774915 1224979098644774917 2107 2 1224979098644774914 2 4 0 31 2 1224979098644774922 0 2108 2 1224979098644774914 6 5 0 31 2 1224979098644774922 1 2108 2 1224979098644774914 5 5 0 2108 2 1224979098644774914 4 3 0 2111 2 1224979098644774914 1 3 0 3 0 2075 1 1224979098644774914 
2.000000 0.000000 100000000.000000  1 31 2 144115188075856297 1  5 6 3 1224979098644774912 0 9 2120 3 1224979098644774913 14 1224979098644774912 569 3 144115188075857206 1224979098644774913 1 1 3 936748722493064092 144115188075857206 1224979098644774912 3 0 
-19.000000 0.000000 0.000000  0  13 2133 2 144115188075857219 0 2133 2 144115188075857220 0 2133 2 144115188075857221 0 701 1 56 701 1 57 701 1 58 701 1 59 4 0 31 2 144115188075857173 0 2133 2 144115188075857218 3 5 0 2133 2 144115188075857218 0 3 0 
0.000000 0.000000 100000000.000000  1 1 1 936748722493064115  18 2124 1 100 6 3 1224979098644774912 0 4 1 4 936748722493064116 0 1224979098644774912 9 726 2 72057594037927936 0 509 3 1224979098644774912 2 72057594037927936 727 2 72057594037927936 0 509 3 1224979098644774912 3 72057594037927936 2147483679 2 1224979098644774912 144115188075857206 2120 3 1224979098644774913 194 1 509 3 1224979098644774912 1224979098644774913 0 1 2 936748722493064078 1224979098644774912 700 2 1 2 1792 2 1224979098644774914 1224979098644774912 1 1 936748722493064079 6 3 1224979098644774915 0 9 1 4 936748722493064081 1224979098644774912 1224979098644774915 1224979098644774914 3 0 3 0 
0.000000 0.000000 100000000.000000  2 1 1 936748722493064115 30 2 144115188075857218 3  1 1 2 936748722493064073 1 
0.100000 0.000000 0.000000  5 32 2 144115188075857216 0 30 2 144115188075857218 3 2367 1 72057594037927936 2106 2 72057594037927936 144115188075857216 30 2 72057594037927936 250  58 2105 2 144115188075857216 500 4 0 31 2 144115188075857220 0 1 1 936748722493064076 1 1 936748722493064075 2133 2 144115188075857218 6 3 0 2124 1 100 1 1 936748722493064114 4 0 30 2 144115188075857218 6 31 2 144115188075857220 0 1 2 936748722493064073 1 2133 2 144115188075857219 0 2133 2 144115188075857220 1 5 0 30 2 144115188075857218 4 2122 3 1224979098644774912 5 4 2108 2 1224979098644774912 2 2119 3 72057594037927936 144115188075857219 1224979098644774912 1 2 936748722493064073 1 4 0 2147484197 3 0 4 144115188075856298 509 3 0 4 144115188075856298 6 3 1224979098644774913 0 9 2120 3 1224979098644774914 185 1224979098644774913 509 3 0 1224979098644774914 -1 509 3 2 1224979098644774914 -1 3 0 3 0 4 0 2147484197 3 1 4 144115188075856299 509 3 1 4 144115188075856299 6 3 1224979098644774913 0 9 2120 3 1224979098644774914 185 1224979098644774913 509 3 1 1224979098644774914 -1 509 3 3 1224979098644774914 -1 3 0 3 0 5 0 1 2 936748722493064073 0 3 0 4 0 31 2 144115188075857218 3 2133 2 1224979098644774915 0 6 3 1224979098644774916 0 4 2147483679 2 1224979098644774916 144115188075857206 569 3 1224979098644774916 5 1 1 4 936748722493064116 1 1224979098644774916 1 1794 3 0 1224979098644774916 1 710 3 72057594037927936 0 1 32 2 72057594037927936 500 2133 2 1224979098644774915 1 3 0 31 2 1224979098644774915 0 2133 2 144115188075857218 4 3 0 2105 2 144115188075857219 1 
0.000000 0.000000 100000000.000000  2 1006 0 31 2 1 1  10 1107 1 0 1795 2 144115188075857206 9 1790 3 144115188075857206 9 10 1790 3 144115188075857206 9 13 1 2 936748722493064098 14 1107 1 1 12 1 1224979098644774912 1702 1 1224979098644774912 1 2 936748722493064112 1224979098644774912 3 0 
-25.000000 0.000000 0.000000  4 1073742241 0 2147484067 0 2071 1 1224979098644774912 2147485352 1 1224979098644774912  9 2071 1 1224979098644774912 1715 2 1224979098644774913 1224979098644774912 32 2 1224979098644774913 -1 4 0 1707 1 1224979098644774913 505 3 1224979098644774912 26 0 5 0 505 3 1224979098644774912 26 210 3 0 
-55.000000 0.000000 0.000000  2 1073742241 0 2147484067 0  8 2071 1 1224979098644774912 2072 1 1224979098644774913 4 0 1707 1 1224979098644774912 505 3 1224979098644774913 26 0 5 0 505 3 1224979098644774913 26 210 3 0 
10.000000 0.000000 0.000000  3 1073742241 0 2147484067 0 31 2 144115188075857104 0  38 2124 1 1000 4 0 2147484067 0 2133 2 1224979098644774912 30 5 0 2133 2 1224979098644774912 144115188075857050 3 0 12 1 1224979098644774913 1702 1 1224979098644774913 2147485352 1 1224979098644774913 1715 2 1224979098644774914 1224979098644774913 2147483678 2 1224979098644774914 0 525 3 1224979098644774915 1224979098644774913 26 4 0 2147483680 2 1224979098644774915 -90 1710 2 1 1224979098644774913 2133 2 1224979098644774916 -1 12 3 1224979098644774917 1 5000 2147483679 2 1224979098644774917 1224979098644774913 31 2 1224979098644774916 -1 2147485355 1 1224979098644774917 1702 1 1224979098644774917 1704 1 1224979098644774917 1714 2 1224979098644774918 1224979098644774917 2147483678 2 1224979098644774918 0 2133 2 1224979098644774916 1224979098644774917 3 0 31 2 1224979098644774916 -1 1749 1 1224979098644774913 5 0 2106 2 1224979098644774915 1224979098644774912 505 3 1224979098644774913 26 1224979098644774915 4 0 2147483680 2 1224979098644774915 -60 1751 1 1224979098644774913 3 0 3 0 3 0 


mst_custom_duel_with_lord custom_duel_with_lord 17  -1
You_enter_a_melee_fight_in_the_arena. 

4 0 4112 447 16 1 2  950 843 
16 8208 447 16 1 2  950 843 
23 4112 447 16 1 2  950 843 
24 8208 447 16 1 2  950 843 
5
-22.000000 0.000000 0.000000  1 1106 1 216172782113783923  0 
-21.000000 0.000000 0.000000  1 1106 1 216172782113786879  0 
-19.000000 0.000000 0.000000  0  2 1 1 936748722493063528 1 1 936748722493063530 
0.000000 0.000000 100000000.000000  0  1 1 2 936748722493063691 131072 
1.000000 4.000000 100000000.000000  2 1073742830 0 1005 1 1  10 4 0 2147484654 0 2133 2 144115188075856297 1 2060 1 864691128455135506 1907 0 5 0 1006 0 2060 1 864691128455135506 1907 0 3 0 


mst_player_camp player_camp 0  -1
Player_Camp. 

65 0 4100 256 0 1 0  
1 4100 256 0 1 0  
2 4112 256 0 1 0  
3 4112 256 0 1 0  
4 4112 256 0 1 0  
5 4112 256 0 1 0  
6 4112 256 0 1 0  
7 4112 256 0 1 0  
8 16 256 0 1 0  
9 16 256 0 1 0  
10 16 256 0 1 0  
11 16 256 0 1 0  
12 16 256 0 1 0  
13 16 256 0 1 0  
14 16 256 0 1 0  
15 16 256 0 1 0  
16 16 256 0 1 0  
17 16 256 0 1 0  
18 16 256 0 1 0  
19 16 256 0 1 0  
20 16 256 0 1 0  
21 16 256 0 1 0  
22 16 256 0 1 0  
23 16 256 0 1 0  
24 16 256 0 1 0  
25 16 256 0 1 0  
26 16 256 0 1 0  
27 16 256 0 1 0  
28 16 256 0 1 0  
29 16 256 0 1 0  
30 16 256 0 1 0  
31 16 256 0 1 0  
32 16 256 0 1 0  
33 16 256 0 1 0  
34 16 256 0 1 0  
35 16 256 0 1 0  
36 16 256 0 1 0  
37 16 256 0 1 0  
38 16 256 0 1 0  
39 16 256 0 1 0  
40 16 256 0 1 0  
41 16 256 0 1 0  
42 16 256 0 1 0  
43 16 256 0 1 0  
44 16 256 0 1 0  
45 16 256 0 1 0  
46 16 256 0 1 0  
47 16 256 0 1 0  
48 16 256 0 1 0  
49 16 256 0 1 0  
50 16 256 0 1 0  
51 16 256 0 1 0  
52 16 256 0 1 0  
53 16 256 0 1 0  
54 16 256 0 1 0  
55 16 256 0 1 0  
56 16 256 0 1 0  
57 16 256 0 1 0  
58 16 256 0 1 0  
59 16 256 0 1 0  
60 16 256 0 1 0  
61 16 256 0 1 0  
62 16 256 0 1 0  
63 16 256 0 1 0  
64 16 256 0 1 0  
8
1.000000 0.000000 100000000.000000  0  1 1 1 936748722493063528 
-22.000000 0.000000 0.000000  1 2075 1 1  0 
-21.000000 0.000000 0.000000  2 609 1 1 2075 1 1  0 
0.000000 0.000000 1.000000  1 71 1 37  9 255 0 4 0 31 2 144115188075857224 0 2133 2 144115188075857224 1 1106 2 1585267068834414935 5308240 5 0 2133 2 144115188075857224 0 1106 2 1585267068834414936 16732240 3 0 
-19.000000 0.000000 0.000000  0  1 1 1 936748722493064170 
0.000000 0.300000 0.000000  10 31 2 144115188075857329 1 4 0 1 1 936748722493064068 1541 3 1224979098644774912 360287970189641324 5 5 0 1541 3 1224979098644774912 360287970189639680 5 3 0 30 2 1224979098644774912 0 2700 2 1224979098644774913 1224979098644774912 30 2 1224979098644774913 800  20 1700 1 1224979098644774912 4 0 1 1 936748722493064068 1541 3 1224979098644774913 360287970189641324 5 5 0 1541 3 1224979098644774913 360287970189639680 5 3 0 30 2 1224979098644774913 0 2700 2 1224979098644774914 1224979098644774913 30 2 1224979098644774914 800 4 0 33 3 1224979098644774914 800 2100 2133 2 1224979098644774915 1152921504606847156 5 0 30 2 1224979098644774914 2100 2133 2 1224979098644774915 1152921504606847157 3 0 1768 2 1224979098644774916 1224979098644774912 33 3 1224979098644774916 1801439850948198426 1801439850948198522 1750 2 1224979098644774912 1224979098644774915 
0.000000 0.000000 1.000000  6 2147484654 0 71 1 35 1700 1 1224979098644774912 1804 3 1224979098644774913 1224979098644774912 4 32 2 1224979098644774913 0 567 3 1224979098644774913 5 1  9 1700 1 1224979098644774912 1804 3 1224979098644774913 1224979098644774912 4 527 3 1224979098644774914 1224979098644774913 5 32 2 1224979098644774914 1 1542 3 1224979098644774915 360287970189639680 4 1774 3 1224979098644774912 1224979098644774913 4 1779 4 1224979098644774912 1224979098644774914 4 1224979098644774915 1740 3 1224979098644774912 1801439850948198570 1 600 1 1152921504606847167 
-25.000000 0.000000 0.000000  0  10 2071 1 1224979098644774912 1712 1 1224979098644774912 1702 1 1224979098644774912 4 0 1804 3 1224979098644774913 1224979098644774912 6 31 2 1224979098644774913 -1 1804 3 1224979098644774914 1224979098644774912 5 32 2 1224979098644774914 0 1779 2 1224979098644774912 288230376151713382 3 0 


mst_camp_test camp_test 0  -1
Skybox_Test. 

65 0 4100 256 0 1 0  
1 4100 256 0 1 0  
2 4112 256 0 1 0  
3 4112 256 0 1 0  
4 4112 256 0 1 0  
5 4112 256 0 1 0  
6 4112 256 0 1 0  
7 4112 256 0 1 0  
8 16 256 0 1 0  
9 16 256 0 1 0  
10 16 256 0 1 0  
11 16 256 0 1 0  
12 16 256 0 1 0  
13 16 256 0 1 0  
14 16 256 0 1 0  
15 16 256 0 1 0  
16 16 256 0 1 0  
17 16 256 0 1 0  
18 16 256 0 1 0  
19 16 256 0 1 0  
20 16 256 0 1 0  
21 16 256 0 1 0  
22 16 256 0 1 0  
23 16 256 0 1 0  
24 16 256 0 1 0  
25 16 256 0 1 0  
26 16 256 0 1 0  
27 16 256 0 1 0  
28 16 256 0 1 0  
29 16 256 0 1 0  
30 16 256 0 1 0  
31 16 256 0 1 0  
32 16 256 0 1 0  
33 16 256 0 1 0  
34 16 256 0 1 0  
35 16 256 0 1 0  
36 16 256 0 1 0  
37 16 256 0 1 0  
38 16 256 0 1 0  
39 16 256 0 1 0  
40 16 256 0 1 0  
41 16 256 0 1 0  
42 16 256 0 1 0  
43 16 256 0 1 0  
44 16 256 0 1 0  
45 16 256 0 1 0  
46 16 256 0 1 0  
47 16 256 0 1 0  
48 16 256 0 1 0  
49 16 256 0 1 0  
50 16 256 0 1 0  
51 16 256 0 1 0  
52 16 256 0 1 0  
53 16 256 0 1 0  
54 16 256 0 1 0  
55 16 256 0 1 0  
56 16 256 0 1 0  
57 16 256 0 1 0  
58 16 256 0 1 0  
59 16 256 0 1 0  
60 16 256 0 1 0  
61 16 256 0 1 0  
62 16 256 0 1 0  
63 16 256 0 1 0  
64 16 256 0 1 0  
5
-22.000000 0.000000 0.000000  1 2075 1 1  0 
-21.000000 0.000000 0.000000  2 609 1 1 2075 1 1  0 
0.000000 0.000000 1.000000  1 71 1 36  9 255 0 4 0 30 2 144115188075857225 1 2106 2 144115188075857225 1 5 0 2133 2 144115188075857225 27 3 0 2133 2 72057594037927936 144115188075857225 1106 1 1585267068834414937 
0.000000 0.000000 1.000000  1 71 1 37  9 255 0 4 0 2147483680 2 144115188075857225 27 2105 2 144115188075857225 1 5 0 2133 2 144115188075857225 1 3 0 2133 2 72057594037927936 144115188075857225 1106 1 1585267068834414937 
-19.000000 0.000000 0.000000  0  3 2133 2 1224979098644774912 144115188075857225 2105 2 1224979098644774912 27 2389 2 144115188075857225 1224979098644774912 


